ROC_AUC_score,prediction_threshold,TN,FP,FN,TP,sensitivity,specificity,BA,Accuracy,precision,ROC_ACU_score_discretized,MCC,f1_score,cohen_kappa,PPV_score,NPV_score,FPR_score,FDR_score,PLR_score,NLR_score,DOR_score
0.9349853612500313,0.48452980958180747,12744,1979,0.12280701754385964,450,0.8771929824561403,0.8655844596889221,0.8713887210725312,0.865975321606721,0.18526142445450802,0.8713887210725312,0.36599746920687404,0.30591434398368456,0.2650525399626449,0.18526142445450802,0.9950808151791989,0.1344155403110779,0.814738575545492,6.525978919000379,0.14187756742767157,45.99725691186021
