ROC_AUC_score,prediction_threshold,TN,FP,FN,TP,sensitivity,specificity,BA,Accuracy,precision,ROC_ACU_score_discretized,MCC,f1_score,cohen_kappa,PPV_score,NPV_score,FPR_score,FDR_score,PLR_score,NLR_score,DOR_score
0.9264549356397532,0.48452980958180747,15926,2478,0.14174454828660435,551,0.8582554517133957,0.8653553575309715,0.8618054046221836,0.8651160348629634,0.18190822053482997,0.8618054046221837,0.35709884669124536,0.3001906837374012,0.25897032847720747,0.18190822053482997,0.9943185365549104,0.13464464246902846,0.81809177946517,6.374226526768898,0.16379923814307837,38.914872859182786
