ROC_AUC_score,prediction_threshold,TN,FP,FN,TP,sensitivity,specificity,BA,Accuracy,precision,ROC_ACU_score_discretized,MCC,f1_score,cohen_kappa,PPV_score,NPV_score,FPR_score,FDR_score,PLR_score,NLR_score,DOR_score
0.9396809092773516,0.5468117578792098,13057,1666,0.1189083820662768,452,0.8810916179337231,0.8868437139170006,0.8839676659253619,0.8866500393804148,0.21340887629839472,0.8839676659253619,0.40039135960237404,0.34359559103002657,0.3059721601500367,0.21340887629839472,0.9953499008995274,0.1131562860829994,0.7865911237016053,7.786501735196999,0.13408042499515924,58.07336705173867
