ROC_AUC_score,prediction_threshold,TN,FP,FN,TP,sensitivity,specificity,BA,Accuracy,precision,ROC_ACU_score_discretized,MCC,f1_score,cohen_kappa,PPV_score,NPV_score,FPR_score,FDR_score,PLR_score,NLR_score,DOR_score
0.9318066944677476,0.5468117578792098,16319,2085,0.1526479750778816,544,0.8473520249221184,0.8867094109976092,0.8670307179598638,0.8853827575343904,0.20692278432864206,0.867030717959864,0.38407305782547574,0.3326199938856619,0.2943870417113077,0.20692278432864206,0.9940305780593287,0.11329058900239078,0.7930772156713579,7.47945643485212,0.1721510713483261,43.44705133852103
