ROC_AUC_score,prediction_threshold,TN,FP,FN,TP,sensitivity,specificity,BA,Accuracy,precision,ROC_ACU_score_discretized,MCC,f1_score,cohen_kappa,PPV_score,NPV_score,FPR_score,FDR_score,PLR_score,NLR_score,DOR_score
0.9280061867635194,0.4843041441309013,12714,2009,0.10721247563352826,458,0.8927875243664717,0.8635468314881478,0.8781671779273097,0.8645313730637962,0.18565058775841103,0.8781671779273098,0.37034599177470345,0.30738255033557044,0.26649088505919616,0.18565058775841103,0.9956926932414442,0.1364531685118522,0.814349412241589,6.54281270345822,0.1241536321183292,52.69932576134665
