ROC_AUC_score,prediction_threshold,TN,FP,FN,TP,sensitivity,specificity,BA,Accuracy,precision,ROC_ACU_score_discretized,MCC,f1_score,cohen_kappa,PPV_score,NPV_score,FPR_score,FDR_score,PLR_score,NLR_score,DOR_score
0.9313188552400569,0.4843041441309013,15996,2408,0.1308411214953271,558,0.8691588785046729,0.8691588785046729,0.8691588785046729,0.8691588785046729,0.18813216453135537,0.8691588785046729,0.3674839233664934,0.3093126385809312,0.26878898574424037,0.18813216453135537,0.994776119402985,0.1308411214953271,0.8118678354686446,6.642857142857142,0.15053763440860218,44.12755102040815
