ROC_AUC_score,prediction_threshold,TN,FP,FN,TP,sensitivity,specificity,BA,Accuracy,precision,ROC_ACU_score_discretized,MCC,f1_score,cohen_kappa,PPV_score,NPV_score,FPR_score,FDR_score,PLR_score,NLR_score,DOR_score
0.9223643795581008,0.46751468278121544,12538,2185,0.15009746588693956,436,0.8499025341130604,0.8515927460436052,0.8507476400783328,0.8515358361774744,0.16634872186188476,0.8507476400783329,0.3352775343620055,0.27823867262284613,0.23516497095303768,0.16634872186188476,0.9938961553705906,0.14840725395639476,0.8336512781381152,5.726826091417203,0.1762549840687041,32.491711492169145
