ROC_AUC_score,prediction_threshold,TN,FP,FN,TP,sensitivity,specificity,BA,Accuracy,precision,ROC_ACU_score_discretized,MCC,f1_score,cohen_kappa,PPV_score,NPV_score,FPR_score,FDR_score,PLR_score,NLR_score,DOR_score
0.9259307877672536,0.46751468278121544,15656,2748,0.13395638629283488,556,0.8660436137071651,0.8506846337752663,0.8583641237412156,0.851202352199937,0.1682808716707022,0.8583641237412156,0.34160811117595663,0.2818043588443994,0.2388387602981561,0.1682808716707022,0.9945369076356244,0.14931536622473376,0.8317191283292978,5.800097040271713,0.15746891500596152,36.83328255644697
