{"performances": [0.925787838347481, 0.9254231438242126, 0.9258465754092465, 0.926991440300463, 0.9264840502640292, 0.9269137448787037, 0.9291505774513329, 0.9265482886356143, 0.9261175783945113, 0.9262454626889319], "mean": 0.9265508700194527, "std": 0.0009858884562781221}