ROC_AUC_score,prediction_threshold,TN,FP,FN,TP,sensitivity,specificity,BA,Accuracy,precision,ROC_ACU_score_discretized,MCC,f1_score,cohen_kappa,PPV_score,NPV_score,FPR_score,FDR_score,PLR_score,NLR_score,DOR_score
0.9311546467124743,0.49386785678025164,12815,1908,0.13840155945419103,442,0.8615984405458089,0.8704068464307546,0.8660026434882817,0.8701102651614597,0.18808510638297873,0.8660026434882817,0.3655763241817865,0.30876702759343344,0.2683241911198875,0.18808510638297873,0.9944901443426974,0.1295931535692454,0.8119148936170213,6.648487337607938,0.15900789386219705,41.81230991820946
