ROC_AUC_score,prediction_threshold,TN,FP,FN,TP,sensitivity,specificity,BA,Accuracy,precision,ROC_ACU_score_discretized,MCC,f1_score,cohen_kappa,PPV_score,NPV_score,FPR_score,FDR_score,PLR_score,NLR_score,DOR_score
0.9291292492963403,0.49386785678025164,16003,2401,0.13239875389408098,557,0.867601246105919,0.8695392306020431,0.8685702383539811,0.869473905281949,0.18830290736984448,0.8685702383539811,0.36730240488198196,0.3094444444444444,0.2689491561265084,0.18830290736984448,0.9947165589259075,0.13046076939795698,0.8116970926301555,6.650284603637376,0.15226311733216683,43.676267241590544
