ROC_AUC_score,prediction_threshold,TN,FP,FN,TP,sensitivity,specificity,BA,Accuracy,precision,ROC_ACU_score_discretized,MCC,f1_score,cohen_kappa,PPV_score,NPV_score,FPR_score,FDR_score,PLR_score,NLR_score,DOR_score
0.9343862535431761,0.47197840334476787,12590,2133,0.1111111111111111,456,0.8888888888888888,0.8551246349249474,0.8720067619069181,0.8562614859543187,0.1761297798377752,0.8720067619069181,0.35733691510936505,0.29400386847195353,0.25196114815490867,0.1761297798377752,0.995493002293034,0.14487536507505264,0.8238702201622248,6.1355420117726736,0.1299355749713177,47.21987810595404
