ROC_AUC_score,prediction_threshold,TN,FP,FN,TP,sensitivity,specificity,BA,Accuracy,precision,ROC_ACU_score_discretized,MCC,f1_score,cohen_kappa,PPV_score,NPV_score,FPR_score,FDR_score,PLR_score,NLR_score,DOR_score
0.9253849731976186,0.47197840334476787,15794,2610,0.13707165109034267,554,0.8629283489096573,0.8581830036948489,0.860555676302253,0.8583429591515279,0.17509481668773705,0.8605556763022532,0.34966738517494383,0.29111928533893855,0.24903205629397962,0.17509481668773705,0.994459136128951,0.14181699630515104,0.8249051833122629,6.084802043422731,0.15972310159976366,38.09594218042492
