ROC_AUC_score,prediction_threshold,TN,FP,FN,TP,sensitivity,specificity,BA,Accuracy,precision,ROC_ACU_score_discretized,MCC,f1_score,cohen_kappa,PPV_score,NPV_score,FPR_score,FDR_score,PLR_score,NLR_score,DOR_score
0.9226780339575572,0.4555315410319003,12611,2112,0.12280701754385964,450,0.8771929824561403,0.8565509746654894,0.8668719785608148,0.8572459963244946,0.1756440281030445,0.8668719785608149,0.3538791390930589,0.2926829268292683,0.250639182844555,0.1756440281030445,0.9950291936247436,0.14344902533451062,0.8243559718969555,6.115015284423178,0.14337385768759386,42.650838744588725
