ROC_AUC_score,prediction_threshold,TN,FP,FN,TP,sensitivity,specificity,BA,Accuracy,precision,ROC_ACU_score_discretized,MCC,f1_score,cohen_kappa,PPV_score,NPV_score,FPR_score,FDR_score,PLR_score,NLR_score,DOR_score
0.9261119078136203,0.4555315410319003,15676,2728,0.1308411214953271,558,0.8691588785046729,0.8517713540534666,0.8604651162790697,0.8523574503832826,0.16981132075471697,0.8604651162790697,0.34435387818145935,0.28411405295315684,0.2413270441014198,0.16981132075471697,0.9946700507614213,0.14822864594653337,0.8301886792452831,5.863636363636362,0.1536106149527941,38.17207792207791
