ROC_AUC_score,prediction_threshold,TN,FP,FN,TP,sensitivity,specificity,BA,Accuracy,precision,ROC_ACU_score_discretized,MCC,f1_score,cohen_kappa,PPV_score,NPV_score,FPR_score,FDR_score,PLR_score,NLR_score,DOR_score
0.92501832739985,0.41964677195920264,12320,2403,0.12085769980506822,451,0.8791423001949318,0.8367859811179786,0.8579641406564552,0.8382121291677606,0.1580238262088297,0.8579641406564552,0.3309816929832284,0.2678942678942679,0.22357562963641664,0.1580238262088297,0.9949927313842675,0.16321401888202133,0.8419761737911703,5.386438654086549,0.14443083719399508,37.29424241203871
