ROC_AUC_score,prediction_threshold,TN,FP,FN,TP,sensitivity,specificity,BA,Accuracy,precision,ROC_ACU_score_discretized,MCC,f1_score,cohen_kappa,PPV_score,NPV_score,FPR_score,FDR_score,PLR_score,NLR_score,DOR_score
0.9224540445968336,0.41964677195920264,15516,2888,0.13707165109034267,554,0.8629283489096573,0.8430775918278635,0.8530029703687604,0.8437467184710701,0.1609529343404997,0.8530029703687603,0.33113766189639926,0.2713026444662096,0.22740531584719847,0.1609529343404997,0.9943604204050244,0.15692240817213648,0.8390470656595003,5.499076638965834,0.16258485864054312,33.82280911609165
