ROC_AUC_score,prediction_threshold,TN,FP,FN,TP,sensitivity,specificity,BA,Accuracy,precision,ROC_ACU_score_discretized,MCC,f1_score,cohen_kappa,PPV_score,NPV_score,FPR_score,FDR_score,PLR_score,NLR_score,DOR_score
0.9237502050537152,0.5080667955258732,12854,1869,0.15204678362573099,435,0.847953216374269,0.8730557630917611,0.8605044897330151,0.8722105539511683,0.18880208333333334,0.8605044897330152,0.36301404376634866,0.308839190628328,0.26855312917664187,0.18880208333333334,0.9939684503557068,0.1269442369082388,0.8111979166666666,6.679729911545403,0.17415472190148104,38.35514672593323
