ROC_AUC_score,prediction_threshold,TN,FP,FN,TP,sensitivity,specificity,BA,Accuracy,precision,ROC_ACU_score_discretized,MCC,f1_score,cohen_kappa,PPV_score,NPV_score,FPR_score,FDR_score,PLR_score,NLR_score,DOR_score
0.9323262720213201,0.5080667955258732,16211,2193,0.13551401869158877,555,0.8644859813084113,0.8808411214953271,0.8726635514018692,0.880289824635094,0.2019650655021834,0.8726635514018691,0.38282035305157386,0.327433628318584,0.2885541788501589,0.2019650655021834,0.994661921708185,0.1191588785046729,0.7980349344978166,7.254901960784315,0.1538461538461538,47.15686274509806
