ROC_AUC_score,prediction_threshold,TN,FP,FN,TP,sensitivity,specificity,BA,Accuracy,precision,ROC_ACU_score_discretized,MCC,f1_score,cohen_kappa,PPV_score,NPV_score,FPR_score,FDR_score,PLR_score,NLR_score,DOR_score
0.9309590695778582,0.5223650109834262,16239,2165,0.15109034267912771,545,0.8489096573208723,0.8823625298848077,0.86563609360284,0.8812349049669221,0.2011070110701107,0.86563609360284,0.37778540391843174,0.3251789976133651,0.28627848603882755,0.2011070110701107,0.994062193927522,0.11763747011519235,0.7988929889298892,7.216320246343343,0.17123386086992215,42.14306802218997
