ROC_AUC_score,prediction_threshold,TN,FP,FN,TP,sensitivity,specificity,BA,Accuracy,precision,ROC_ACU_score_discretized,MCC,f1_score,cohen_kappa,PPV_score,NPV_score,FPR_score,FDR_score,PLR_score,NLR_score,DOR_score
0.9265460851522045,0.5634149657000899,13197,1526,0.16569200779727095,428,0.834307992202729,0.896352645520614,0.8653303188616714,0.8942635862431084,0.21903787103377687,0.8653303188616716,0.3941654303818545,0.3469801378192136,0.3101873262765128,0.21903787103377687,0.9936003613913568,0.103647354479386,0.7809621289662231,8.049486611533931,0.18485136249141632,43.54572507902242
