ROC_AUC_score,prediction_threshold,TN,FP,FN,TP,sensitivity,specificity,BA,Accuracy,precision,ROC_ACU_score_discretized,MCC,f1_score,cohen_kappa,PPV_score,NPV_score,FPR_score,FDR_score,PLR_score,NLR_score,DOR_score
0.9267220453903764,0.5634149657000899,16437,1967,0.17133956386292834,532,0.8286604361370716,0.8931210606389915,0.8608907483880316,0.8909482305996009,0.21288515406162464,0.8608907483880316,0.38582166362261244,0.3387456224132442,0.30126816729980543,0.21288515406162464,0.9933522692935275,0.10687893936100848,0.7871148459383753,7.753262158956111,0.19184360487517998,40.414493691362026
