ROC_AUC_score,prediction_threshold,TN,FP,FN,TP,sensitivity,specificity,BA,Accuracy,precision,ROC_ACU_score_discretized,MCC,f1_score,cohen_kappa,PPV_score,NPV_score,FPR_score,FDR_score,PLR_score,NLR_score,DOR_score
0.9361688803199938,0.5094752378469789,12929,1794,0.11500974658869395,454,0.884990253411306,0.8781498335936969,0.8815700435025015,0.8783801522709372,0.20195729537366547,0.8815700435025013,0.3881430483923658,0.3288663527707352,0.28993453444891604,0.20195729537366547,0.9954573452417617,0.12185016640630306,0.7980427046263345,7.262938406340388,0.1309682495958962,55.455718685637585
