ROC_AUC_score,prediction_threshold,TN,FP,FN,TP,sensitivity,specificity,BA,Accuracy,precision,ROC_ACU_score_discretized,MCC,f1_score,cohen_kappa,PPV_score,NPV_score,FPR_score,FDR_score,PLR_score,NLR_score,DOR_score
0.9270313882733064,0.5094752378469789,16165,2239,0.14330218068535824,550,0.8566978193146417,0.8783416648554662,0.867519742085054,0.8776120970282474,0.19720329867335962,0.8675197420850539,0.3752233314677112,0.32060623724861553,0.2812161108705067,0.19720329867335962,0.9943408993049148,0.1216583351445338,0.8027967013266404,7.041834152151256,0.1631508402928137,43.16149484435985
