ROC_AUC_score,prediction_threshold,TN,FP,FN,TP,sensitivity,specificity,BA,Accuracy,precision,ROC_ACU_score_discretized,MCC,f1_score,cohen_kappa,PPV_score,NPV_score,FPR_score,FDR_score,PLR_score,NLR_score,DOR_score
0.9326134243288571,0.46463775809327695,12683,2040,0.12085769980506822,451,0.8791423001949318,0.8614412823473477,0.8702917912711398,0.8620372801260173,0.18105178643115213,0.8702917912711398,0.3612219520166169,0.30026631158455386,0.258881816097858,0.18105178643115213,0.9951353471949784,0.13855871765265232,0.8189482135688478,6.344907885181366,0.14029708383111403,45.22480234029098
