ROC_AUC_score,prediction_threshold,TN,FP,FN,TP,sensitivity,specificity,BA,Accuracy,precision,ROC_ACU_score_discretized,MCC,f1_score,cohen_kappa,PPV_score,NPV_score,FPR_score,FDR_score,PLR_score,NLR_score,DOR_score
0.9321754514967289,0.46463775809327695,15775,2629,0.1308411214953271,558,0.8691588785046729,0.8571506194305586,0.8631547489676157,0.8575553922083378,0.17508628804518356,0.8631547489676157,0.3511692002122535,0.2914599112039697,0.2493385852719806,0.17508628804518356,0.9947033230342393,0.14284938056944144,0.8249137119548164,6.084442753898822,0.15264659270998415,39.85966961908385
