ROC_AUC_score,prediction_threshold,TN,FP,FN,TP,sensitivity,specificity,BA,Accuracy,precision,ROC_ACU_score_discretized,MCC,f1_score,cohen_kappa,PPV_score,NPV_score,FPR_score,FDR_score,PLR_score,NLR_score,DOR_score
0.9178557796152178,0.4542490292511895,12371,2352,0.12085769980506822,451,0.8791423001949318,0.840249949059295,0.8596961246271133,0.8415594644263586,0.1608990367463432,0.8596961246271134,0.33490611498140127,0.27201447527141137,0.22807444075138217,0.1608990367463432,0.9950132711332743,0.15975005094070502,0.8391009632536568,5.503236431024651,0.1438354146172516,38.2606498244459
