ROC_AUC_score,prediction_threshold,TN,FP,FN,TP,sensitivity,specificity,BA,Accuracy,precision,ROC_ACU_score_discretized,MCC,f1_score,cohen_kappa,PPV_score,NPV_score,FPR_score,FDR_score,PLR_score,NLR_score,DOR_score
0.9278247617848212,0.4542490292511895,15565,2839,0.11993769470404984,565,0.8800623052959502,0.8457400565094545,0.8629011809027023,0.8468969862438307,0.16598119858989424,0.8629011809027024,0.3419015635996638,0.27928818586258036,0.23595254217328576,0.16598119858989424,0.9950773558368495,0.15425994349054553,0.8340188014101058,5.705060467300694,0.141813898704358,40.22920545463697
