ROC_AUC_score,prediction_threshold,TN,FP,FN,TP,sensitivity,specificity,BA,Accuracy,precision,ROC_ACU_score_discretized,MCC,f1_score,cohen_kappa,PPV_score,NPV_score,FPR_score,FDR_score,PLR_score,NLR_score,DOR_score
0.9320668792208131,0.5021829705951852,12914,1809,0.13840155945419103,442,0.8615984405458089,0.8771310194933097,0.8693647300195593,0.8766080336046206,0.19635717458907154,0.8693647300195594,0.37552039826839123,0.31982633863965265,0.2803597779029394,0.19635717458907154,0.9945321524836349,0.1228689805066902,0.8036428254109285,7.012334903347672,0.15778892363667768,44.441236696019075
