ROC_AUC_score,prediction_threshold,TN,FP,FN,TP,sensitivity,specificity,BA,Accuracy,precision,ROC_ACU_score_discretized,MCC,f1_score,cohen_kappa,PPV_score,NPV_score,FPR_score,FDR_score,PLR_score,NLR_score,DOR_score
0.9304527798033883,0.5021829705951852,16194,2210,0.13395638629283488,556,0.8660436137071651,0.8799174092588568,0.8729805114830109,0.8794497532290245,0.2010122921185828,0.8729805114830108,0.38210830233727366,0.32629107981220656,0.28729474462534366,0.2010122921185828,0.9947174447174447,0.12008259074114323,0.7989877078814173,7.212066365007541,0.15223745420114448,47.37379774807954
