ROC_AUC_score,prediction_threshold,TN,FP,FN,TP,sensitivity,specificity,BA,Accuracy,precision,ROC_ACU_score_discretized,MCC,f1_score,cohen_kappa,PPV_score,NPV_score,FPR_score,FDR_score,PLR_score,NLR_score,DOR_score
0.9277928911799296,0.533197646519868,13035,1688,0.1539961013645224,434,0.8460038986354775,0.8853494532364328,0.8656766759359551,0.884024678393279,0.20452403393025448,0.8656766759359552,0.3810165280794131,0.3294117647058824,0.2909604103146699,0.20452403393025448,0.9939759036144579,0.1146505467635672,0.7954759660697456,7.378978317304582,0.17393821253470382,42.4229857819905
