ROC_AUC_score,prediction_threshold,TN,FP,FN,TP,sensitivity,specificity,BA,Accuracy,precision,ROC_ACU_score_discretized,MCC,f1_score,cohen_kappa,PPV_score,NPV_score,FPR_score,FDR_score,PLR_score,NLR_score,DOR_score
0.9334149389168412,0.533197646519868,16297,2107,0.17445482866043613,530,0.8255451713395638,0.8855140186915887,0.8555295950155763,0.883492596870734,0.20098596890405765,0.8555295950155762,0.371563681890374,0.3232692894175053,0.2844762308475449,0.20098596890405765,0.9931744774209276,0.11448598130841121,0.7990140310959424,7.210884353741494,0.19700967458223398,36.60167638483963
