ROC_AUC_score,prediction_threshold,TN,FP,FN,TP,sensitivity,specificity,BA,Accuracy,precision,ROC_ACU_score_discretized,MCC,f1_score,cohen_kappa,PPV_score,NPV_score,FPR_score,FDR_score,PLR_score,NLR_score,DOR_score
0.9245608871507482,0.45078730040647846,12339,2384,0.1189083820662768,452,0.8810916179337231,0.838076478978469,0.8595840484560962,0.8395248096613285,0.15937940761636107,0.8595840484560962,0.3332907772577278,0.2699313227829203,0.22578127838215056,0.15937940761636107,0.9950806451612904,0.16192352102153093,0.840620592383639,5.441405994479113,0.1418824952720475,38.35149631422597
