ROC_AUC_score,prediction_threshold,TN,FP,FN,TP,sensitivity,specificity,BA,Accuracy,precision,ROC_ACU_score_discretized,MCC,f1_score,cohen_kappa,PPV_score,NPV_score,FPR_score,FDR_score,PLR_score,NLR_score,DOR_score
0.9193584998791404,0.45078730040647846,15468,2936,0.13395638629283488,556,0.8660436137071651,0.8404694631601826,0.8532565384336739,0.8413315131786202,0.15922107674684993,0.8532565384336738,0.3295229494041395,0.26898887276245764,0.22484681849360477,0.15922107674684993,0.9944708756589945,0.15953053683981744,0.8407789232531501,5.428701180744777,0.1593828118265667,34.06076927951333
