{"performances": [0.9241437084312567, 0.923953193840429, 0.9232729780401253, 0.9239068982024089, 0.9242416317460447, 0.924071514319317, 0.9242085392515917, 0.925614335499326, 0.9234149118334698, 0.9249204933777773], "mean": 0.9241748204541747, "std": 0.0006447599581404412}