ROC_AUC_score,prediction_threshold,TN,FP,FN,TP,sensitivity,specificity,BA,Accuracy,precision,ROC_ACU_score_discretized,MCC,f1_score,cohen_kappa,PPV_score,NPV_score,FPR_score,FDR_score,PLR_score,NLR_score,DOR_score
0.9426418915438959,0.501421259426863,12880,1843,0.10916179337231968,457,0.8908382066276803,0.8748217075324323,0.8828299570800563,0.8753609871357312,0.19869565217391305,0.8828299570800563,0.3857703344018584,0.32492001421969435,0.28558444851125964,0.19869565217391305,0.9956709956709957,0.12517829246756776,0.801304347826087,7.116555027769582,0.12478176116620052,57.03201302224635
