ROC_AUC_score,prediction_threshold,TN,FP,FN,TP,sensitivity,specificity,BA,Accuracy,precision,ROC_ACU_score_discretized,MCC,f1_score,cohen_kappa,PPV_score,NPV_score,FPR_score,FDR_score,PLR_score,NLR_score,DOR_score
0.9262241345339391,0.501421259426863,16114,2290,0.14485981308411214,549,0.8551401869158879,0.8755705281460552,0.8653553575309716,0.8748818649585215,0.19337794998238816,0.8653553575309716,0.37028412216998224,0.3154266015512784,0.2755973016821792,0.19337794998238816,0.994261738754859,0.12442947185394479,0.8066220500176118,6.872489082969431,0.16544619585453638,41.53911818565996
