ROC_AUC_score,prediction_threshold,TN,FP,FN,TP,sensitivity,specificity,BA,Accuracy,precision,ROC_ACU_score_discretized,MCC,f1_score,cohen_kappa,PPV_score,NPV_score,FPR_score,FDR_score,PLR_score,NLR_score,DOR_score
0.9333310295821511,0.42853962144726704,12304,2419,0.09746588693957114,463,0.9025341130604289,0.8356992460775657,0.8691166795689973,0.837949593069047,0.16065232477446217,0.8691166795689972,0.34001628500024933,0.2727540500736377,0.22866038150895285,0.16065232477446217,0.9959527278614214,0.1643007539224343,0.8393476752255378,5.493183028767547,0.11662794647361069,47.10005787515503
