ROC_AUC_score,prediction_threshold,TN,FP,FN,TP,sensitivity,specificity,BA,Accuracy,precision,ROC_ACU_score_discretized,MCC,f1_score,cohen_kappa,PPV_score,NPV_score,FPR_score,FDR_score,PLR_score,NLR_score,DOR_score
0.9191489422927834,0.42853962144726704,15296,3108,0.12461059190031153,562,0.8753894080996885,0.8311236687676592,0.8532565384336739,0.832615772340649,0.15313351498637603,0.8532565384336739,0.323287649510426,0.26066790352504643,0.21566394285524737,0.15313351498637603,0.9947970863683663,0.1688763312323408,0.8468664850136239,5.183612183612183,0.14993026499302653,34.57348777348776
