ROC_AUC_score,prediction_threshold,TN,FP,FN,TP,sensitivity,specificity,BA,Accuracy,precision,ROC_ACU_score_discretized,MCC,f1_score,cohen_kappa,PPV_score,NPV_score,FPR_score,FDR_score,PLR_score,NLR_score,DOR_score
0.9260138391894293,0.49214937019896277,12748,1975,0.1364522417153996,443,0.8635477582846004,0.8658561434490253,0.8647019508668128,0.8657784195326858,0.18320926385442515,0.8647019508668129,0.36006975137297287,0.3022859092459911,0.2612449665505243,0.18320926385442515,0.9945389296302075,0.13414385655097466,0.8167907361455748,6.437475263404641,0.15759227759458963,40.848925858951155
