ROC_AUC_score,prediction_threshold,TN,FP,FN,TP,sensitivity,specificity,BA,Accuracy,precision,ROC_ACU_score_discretized,MCC,f1_score,cohen_kappa,PPV_score,NPV_score,FPR_score,FDR_score,PLR_score,NLR_score,DOR_score
0.9330344175483998,0.49214937019896277,16003,2401,0.1526479750778816,544,0.8473520249221184,0.8695392306020431,0.8584456277620807,0.8687913472645175,0.18471986417657046,0.8584456277620808,0.3578556139927968,0.3033175355450237,0.2624969741986186,0.18471986417657046,0.9939134215266132,0.13046076939795698,0.8152801358234295,6.495071497986952,0.1755504176300277,36.99832552762881
