ROC_AUC_score,prediction_threshold,TN,FP,FN,TP,sensitivity,specificity,BA,Accuracy,precision,ROC_ACU_score_discretized,MCC,f1_score,cohen_kappa,PPV_score,NPV_score,FPR_score,FDR_score,PLR_score,NLR_score,DOR_score
0.9315501239987453,0.4915384162950215,12860,1863,0.1442495126705653,439,0.8557504873294347,0.873463288731916,0.8646068880306754,0.8728668941979523,0.1907037358818419,0.8646068880306753,0.36727605527954216,0.31190053285968034,0.2717996239984082,0.1907037358818419,0.9942786454306479,0.12653671126808394,0.8092962641181581,6.762863352094077,0.16514662325417828,40.95066080573327
