ROC_AUC_score,prediction_threshold,TN,FP,FN,TP,sensitivity,specificity,BA,Accuracy,precision,ROC_ACU_score_discretized,MCC,f1_score,cohen_kappa,PPV_score,NPV_score,FPR_score,FDR_score,PLR_score,NLR_score,DOR_score
0.9374339419643976,0.4915384162950215,16080,2324,0.13395638629283488,556,0.8660436137071651,0.8737231036731146,0.8698833586901398,0.8734642444607792,0.19305555555555556,0.8698833586901398,0.3726669537833131,0.3157296990346394,0.27580711599105945,0.19305555555555556,0.9946801929976494,0.12627689632688546,0.8069444444444445,6.858290304073438,0.1533167495854063,44.732818316455194
