ROC_AUC_score,prediction_threshold,TN,FP,FN,TP,sensitivity,specificity,BA,Accuracy,precision,ROC_ACU_score_discretized,MCC,f1_score,cohen_kappa,PPV_score,NPV_score,FPR_score,FDR_score,PLR_score,NLR_score,DOR_score
0.9265426427653805,0.504025320733131,12856,1867,0.14035087719298245,441,0.8596491228070176,0.8731916049718128,0.8664203638894152,0.8727356261485955,0.1910745233968804,0.8664203638894151,0.3687082557278182,0.3126550868486352,0.2725780584953277,0.1910745233968804,0.994430693069307,0.1268083950281872,0.8089254766031195,6.779118390512973,0.16073319577724646,42.17621853240493
