ROC_AUC_score,prediction_threshold,TN,FP,FN,TP,sensitivity,specificity,BA,Accuracy,precision,ROC_ACU_score_discretized,MCC,f1_score,cohen_kappa,PPV_score,NPV_score,FPR_score,FDR_score,PLR_score,NLR_score,DOR_score
0.9293668212450089,0.504025320733131,16062,2342,0.14797507788161993,547,0.8520249221183801,0.8727450554227342,0.8623849887705571,0.8720466239630369,0.18933887158186224,0.862384988770557,0.3646445172866884,0.30982724440668363,0.269536078134209,0.18933887158186224,0.9941201955808627,0.1272549445772658,0.8106611284181378,6.695417022487901,0.16955132196073544,39.489028720391936
