ROC_AUC_score,prediction_threshold,TN,FP,FN,TP,sensitivity,specificity,BA,Accuracy,precision,ROC_ACU_score_discretized,MCC,f1_score,cohen_kappa,PPV_score,NPV_score,FPR_score,FDR_score,PLR_score,NLR_score,DOR_score
0.9379107280528972,0.5906347035773077,13271,1452,0.1364522417153996,443,0.8635477582846004,0.9013787950825239,0.8824632766835622,0.9001050144394854,0.23377308707124012,0.8824632766835623,0.4180976980961146,0.36794019933554817,0.3325702283483736,0.23377308707124012,0.9947530170152162,0.09862120491747606,0.7662269129287599,8.756207744644746,0.15138168599019128,57.841922471467925
