ROC_AUC_score,prediction_threshold,TN,FP,FN,TP,sensitivity,specificity,BA,Accuracy,precision,ROC_ACU_score_discretized,MCC,f1_score,cohen_kappa,PPV_score,NPV_score,FPR_score,FDR_score,PLR_score,NLR_score,DOR_score
0.9279598400997752,0.5906347035773077,16647,1757,0.17601246105919002,529,0.82398753894081,0.9045316235600956,0.8642595812504528,0.9018166544156253,0.23140857392825898,0.8642595812504528,0.40456609711124186,0.36133879781420764,0.3258558952672598,0.23140857392825898,0.9932577565632458,0.09546837643990437,0.768591426071741,8.630999810282681,0.19458961574658093,44.35488387788922
