ROC_AUC_score,prediction_threshold,TN,FP,FN,TP,sensitivity,specificity,BA,Accuracy,precision,ROC_ACU_score_discretized,MCC,f1_score,cohen_kappa,PPV_score,NPV_score,FPR_score,FDR_score,PLR_score,NLR_score,DOR_score
0.9267584539393415,0.48843137755911903,12692,2031,0.1286549707602339,447,0.8713450292397661,0.86205257080758,0.866698800023673,0.8623654502494092,0.18038740920096852,0.8666988000236729,0.35847128538950246,0.2988966900702106,0.25747049951697065,0.18038740920096852,0.994826775356639,0.13794742919242003,0.8196125907990315,6.316500672327464,0.14924260435730569,42.32370977127257
