ROC_AUC_score,prediction_threshold,TN,FP,FN,TP,sensitivity,specificity,BA,Accuracy,precision,ROC_ACU_score_discretized,MCC,f1_score,cohen_kappa,PPV_score,NPV_score,FPR_score,FDR_score,PLR_score,NLR_score,DOR_score
0.9263686920288898,0.48843137755911903,15848,2556,0.13395638629283488,556,0.8660436137071651,0.86111714844599,0.8635803810765775,0.8612832090727712,0.17866323907455012,0.8635803810765775,0.35495382615102045,0.29621736814065,0.2545572132363664,0.17866323907455012,0.9946027362871847,0.13888285155401,0.8213367609254498,6.235785080855502,0.1555611643950867,40.085744440805016
