ROC_AUC_score,prediction_threshold,TN,FP,FN,TP,sensitivity,specificity,BA,Accuracy,precision,ROC_ACU_score_discretized,MCC,f1_score,cohen_kappa,PPV_score,NPV_score,FPR_score,FDR_score,PLR_score,NLR_score,DOR_score
0.9252856419766766,0.5798600795949362,13235,1488,0.1695906432748538,426,0.8304093567251462,0.8989336412415948,0.8646714989833705,0.8966264111315306,0.2225705329153605,0.8646714989833705,0.3969474122776629,0.35105067985166866,0.3146542949324739,0.2225705329153605,0.9934694490316769,0.10106635875840522,0.7774294670846394,8.216476450984093,0.18865757770575542,43.55232665925102
