ROC_AUC_score,prediction_threshold,TN,FP,FN,TP,sensitivity,specificity,BA,Accuracy,precision,ROC_ACU_score_discretized,MCC,f1_score,cohen_kappa,PPV_score,NPV_score,FPR_score,FDR_score,PLR_score,NLR_score,DOR_score
0.9212088019602944,0.5798600795949362,16508,1896,0.19937694704049844,514,0.8006230529595015,0.8969789176266029,0.8488009852930523,0.8937309671322062,0.21327800829875518,0.8488009852930521,0.3787026532951058,0.33682830930537355,0.2995396005723886,0.21327800829875518,0.9923058427506612,0.10302108237339709,0.7867219917012448,7.7714486638537235,0.2222760681689686,34.96304720464133
