ROC_AUC_score,prediction_threshold,TN,FP,FN,TP,sensitivity,specificity,BA,Accuracy,precision,ROC_ACU_score_discretized,MCC,f1_score,cohen_kappa,PPV_score,NPV_score,FPR_score,FDR_score,PLR_score,NLR_score,DOR_score
0.9394829720349762,0.5582828706758557,13136,1587,0.1267056530214425,448,0.8732943469785575,0.8922094681790396,0.8827519075787985,0.8915725912312943,0.22014742014742014,0.8827519075787985,0.40589955556267937,0.3516483516483517,0.31479635246575755,0.22014742014742014,0.995076130596167,0.1077905318209604,0.7798525798525798,8.101772319196785,0.14201334724685585,57.04937230381461
