ROC_AUC_score,prediction_threshold,TN,FP,FN,TP,sensitivity,specificity,BA,Accuracy,precision,ROC_ACU_score_discretized,MCC,f1_score,cohen_kappa,PPV_score,NPV_score,FPR_score,FDR_score,PLR_score,NLR_score,DOR_score
0.9312916025975662,0.5582828706758557,16455,1949,0.16199376947040497,538,0.838006230529595,0.8940991088893718,0.8660526697094835,0.8922083377087052,0.21632488942501005,0.8660526697094834,0.39214100262102836,0.34387983381271975,0.30673207896524113,0.21632488942501005,0.9937194275016608,0.10590089111062813,0.78367511057499,7.913117838207624,0.18118099868327767,43.6752081935509
