ROC_AUC_score,prediction_threshold,TN,FP,FN,TP,sensitivity,specificity,BA,Accuracy,precision,ROC_ACU_score_discretized,MCC,f1_score,cohen_kappa,PPV_score,NPV_score,FPR_score,FDR_score,PLR_score,NLR_score,DOR_score
0.9331660598135895,0.48923359470590555,12844,1879,0.11695906432748537,453,0.8830409356725146,0.8723765536915031,0.8777087446820089,0.8727356261485955,0.19425385934819897,0.8777087446820089,0.3784577679892162,0.31845342706502633,0.27863561729625586,0.19425385934819897,0.995350278983261,0.1276234463084969,0.8057461406518011,6.919112131935305,0.13406947244577758,51.608408728046854
