ROC_AUC_score,prediction_threshold,TN,FP,FN,TP,sensitivity,specificity,BA,Accuracy,precision,ROC_ACU_score_discretized,MCC,f1_score,cohen_kappa,PPV_score,NPV_score,FPR_score,FDR_score,PLR_score,NLR_score,DOR_score
0.9246555527884063,0.49666229258592615,12840,1883,0.1364522417153996,443,0.8635477582846004,0.8721048699313998,0.867826314108,0.871816749803098,0.19045571797076527,0.8678263141080002,0.36894502043950916,0.312081718915111,0.2719114326799341,0.19045571797076527,0.994577846630519,0.12789513006860015,0.8095442820292348,6.751998749455213,0.15646311174266578,43.15393369243606
