ROC_AUC_score,prediction_threshold,TN,FP,FN,TP,sensitivity,specificity,BA,Accuracy,precision,ROC_ACU_score_discretized,MCC,f1_score,cohen_kappa,PPV_score,NPV_score,FPR_score,FDR_score,PLR_score,NLR_score,DOR_score
0.9204594389273361,0.49666229258592615,15917,2487,0.14641744548286603,548,0.8535825545171339,0.8648663334057813,0.8592244439614576,0.8644859813084113,0.18056013179571664,0.8592244439614576,0.3542671852452663,0.2980690780527604,0.25670861336448314,0.18056013179571664,0.9941290362875523,0.13513366659421866,0.8194398682042834,6.316579546977616,0.16929488387677746,37.31110711871946
