ROC_AUC_score,prediction_threshold,TN,FP,FN,TP,sensitivity,specificity,BA,Accuracy,precision,ROC_ACU_score_discretized,MCC,f1_score,cohen_kappa,PPV_score,NPV_score,FPR_score,FDR_score,PLR_score,NLR_score,DOR_score
0.9314024985637964,0.5856809882716585,13209,1514,0.17153996101364521,425,0.8284600389863548,0.8971676968009237,0.8628138678936392,0.894854292465214,0.21918514698298092,0.8628138678936392,0.3927398538382442,0.3466557911908646,0.30990715157213644,0.21918514698298092,0.9933819658569603,0.10283230319907627,0.780814853017019,8.05641819946902,0.19120166901384653,42.135710640086444
