ROC_AUC_score,prediction_threshold,TN,FP,FN,TP,sensitivity,specificity,BA,Accuracy,precision,ROC_ACU_score_discretized,MCC,f1_score,cohen_kappa,PPV_score,NPV_score,FPR_score,FDR_score,PLR_score,NLR_score,DOR_score
0.9226795982994351,0.5856809882716585,16369,2035,0.17445482866043613,530,0.8255451713395638,0.8894262116931102,0.857485691516337,0.8872729181980469,0.20662768031189083,0.857485691516337,0.3779869632339065,0.330526972248207,0.29237167309180734,0.20662768031189083,0.993204295855834,0.11057378830688981,0.7933723196881092,7.466011466011467,0.19614311605270127,38.064101439101435
