ROC_AUC_score,prediction_threshold,TN,FP,FN,TP,sensitivity,specificity,BA,Accuracy,precision,ROC_ACU_score_discretized,MCC,f1_score,cohen_kappa,PPV_score,NPV_score,FPR_score,FDR_score,PLR_score,NLR_score,DOR_score
0.9255687120931977,0.5238147674051278,12966,1757,0.14619883040935672,438,0.8538011695906432,0.8806629083746519,0.8672320389826476,0.8797584667891835,0.19954441913439636,0.8672320389826474,0.3772720991669989,0.32348596750369274,0.2844274330326918,0.19954441913439636,0.9942489072923856,0.1193370916253481,0.8004555808656036,7.154533079045554,0.16600997841407988,43.09700626067158
