ROC_AUC_score,prediction_threshold,TN,FP,FN,TP,sensitivity,specificity,BA,Accuracy,precision,ROC_ACU_score_discretized,MCC,f1_score,cohen_kappa,PPV_score,NPV_score,FPR_score,FDR_score,PLR_score,NLR_score,DOR_score
0.9282090917523685,0.5238147674051278,16214,2190,0.14174454828660435,551,0.8582554517133957,0.8810041295370572,0.8696297906252264,0.8802373201722147,0.20102152499087925,0.8696297906252265,0.3801068261421122,0.32574637895359154,0.28678932409596647,0.20102152499087925,0.9944188899110702,0.11899587046294284,0.7989784750091208,7.212480974124812,0.160889766045804,44.82871192734209
