{"performances": [0.9254505657377747, 0.9276141039365005, 0.9305672916831704, 0.9281065134831179, 0.9297652853470159, 0.9271863559391463, 0.926944890755836, 0.9287070872443416, 0.9283941896689126, 0.927772626294839], "mean": 0.9280508910090657, "std": 0.001371988512671146}