ROC_AUC_score,prediction_threshold,TN,FP,FN,TP,sensitivity,specificity,BA,Accuracy,precision,ROC_ACU_score_discretized,MCC,f1_score,cohen_kappa,PPV_score,NPV_score,FPR_score,FDR_score,PLR_score,NLR_score,DOR_score
0.9230296870115698,0.45423748644678685,12383,2340,0.13060428849902533,446,0.8693957115009746,0.8410650003396047,0.8552303559202896,0.8420189025991074,0.16008614501076812,0.8552303559202896,0.33152911436739807,0.2703849651409518,0.22639061326867427,0.16008614501076812,0.9946184738955823,0.1589349996603953,0.8399138549892319,5.470133786508057,0.15528441731172984,35.22654675341242
