ROC_AUC_score,prediction_threshold,TN,FP,FN,TP,sensitivity,specificity,BA,Accuracy,precision,ROC_ACU_score_discretized,MCC,f1_score,cohen_kappa,PPV_score,NPV_score,FPR_score,FDR_score,PLR_score,NLR_score,DOR_score
0.9243916905508148,0.45423748644678685,15576,2828,0.11682242990654206,567,0.883177570093458,0.8463377526624647,0.8647576613779613,0.8475795442612623,0.1670103092783505,0.8647576613779613,0.34400686509524325,0.28090165964825364,0.23768230542040525,0.1670103092783505,0.9952079739313782,0.1536622473375353,0.8329896907216495,5.747524752475249,0.13803287108371848,41.63881188118815
