ROC_AUC_score,prediction_threshold,TN,FP,FN,TP,sensitivity,specificity,BA,Accuracy,precision,ROC_ACU_score_discretized,MCC,f1_score,cohen_kappa,PPV_score,NPV_score,FPR_score,FDR_score,PLR_score,NLR_score,DOR_score
0.9330960204816721,0.5383806277149285,13072,1651,0.13450292397660818,444,0.8654970760233918,0.8878625280173877,0.8766798020203898,0.8871094775531636,0.21193317422434368,0.8766798020203898,0.39459624344179384,0.34049079754601225,0.3027747711928409,0.21193317422434368,0.9947492580473328,0.11213747198261224,0.7880668257756563,7.718178952327314,0.1514907091269586,50.94820003686827
