ROC_AUC_score,prediction_threshold,TN,FP,FN,TP,sensitivity,specificity,BA,Accuracy,precision,ROC_ACU_score_discretized,MCC,f1_score,cohen_kappa,PPV_score,NPV_score,FPR_score,FDR_score,PLR_score,NLR_score,DOR_score
0.9302110607134708,0.5383806277149285,16322,2082,0.17289719626168223,531,0.8271028037383178,0.8868724190393392,0.8569876113888285,0.884857712905597,0.20321469575200918,0.8569876113888285,0.3745231215647017,0.32626728110599074,0.2877193750752691,0.20321469575200918,0.9932452990932878,0.11312758096066072,0.7967853042479908,7.31123919308357,0.19495159906874154,37.502842900537416
