ROC_AUC_score,prediction_threshold,TN,FP,FN,TP,sensitivity,specificity,BA,Accuracy,precision,ROC_ACU_score_discretized,MCC,f1_score,cohen_kappa,PPV_score,NPV_score,FPR_score,FDR_score,PLR_score,NLR_score,DOR_score
0.9336076121235037,0.48075693977567197,12679,2044,0.1189083820662768,452,0.8810916179337231,0.8611695985872444,0.8711306082604837,0.8618403780519821,0.18108974358974358,0.8711306082604839,0.36174838686703265,0.3004320372216683,0.2590423467873795,0.18108974358974358,0.9952119309262166,0.13883040141275554,0.8189102564102564,6.346532236222212,0.13807777499501492,45.96345962593433
