ROC_AUC_score,prediction_threshold,TN,FP,FN,TP,sensitivity,specificity,BA,Accuracy,precision,ROC_ACU_score_discretized,MCC,f1_score,cohen_kappa,PPV_score,NPV_score,FPR_score,FDR_score,PLR_score,NLR_score,DOR_score
0.9231358684723151,0.48075693977567197,15801,2603,0.14797507788161993,547,0.8520249221183801,0.8585633557922191,0.8552941389552996,0.8583429591515279,0.17365079365079364,0.8552941389552996,0.3451774859803204,0.28850210970464135,0.24629301794166758,0.17365079365079364,0.994023653749371,0.1414366442077809,0.8263492063492064,6.024074785503907,0.1723519608463599,34.95216855045799
