ROC_AUC_score,prediction_threshold,TN,FP,FN,TP,sensitivity,specificity,BA,Accuracy,precision,ROC_ACU_score_discretized,MCC,f1_score,cohen_kappa,PPV_score,NPV_score,FPR_score,FDR_score,PLR_score,NLR_score,DOR_score
0.9308911717209513,0.4851187251922452,12871,1852,0.1364522417153996,443,0.8635477582846004,0.8742104190722,0.8688790886784001,0.8738514045681282,0.19302832244008714,0.8688790886784002,0.37204511537360924,0.31552706552706555,0.2756609537474728,0.19302832244008714,0.9945908353295727,0.12578958092780004,0.8069716775599128,6.865018166967697,0.15608626794933014,43.98220456649184
