ROC_AUC_score,prediction_threshold,TN,FP,FN,TP,sensitivity,specificity,BA,Accuracy,precision,ROC_ACU_score_discretized,MCC,f1_score,cohen_kappa,PPV_score,NPV_score,FPR_score,FDR_score,PLR_score,NLR_score,DOR_score
0.9214387567107517,0.4851187251922452,16053,2351,0.16355140186915887,537,0.8364485981308412,0.872256031297544,0.8543523147141926,0.8710490391683293,0.18594182825484765,0.8543523147141926,0.3566124488039502,0.3042492917847025,0.2636351998706383,0.18594182825484765,0.993501670998886,0.127743968702456,0.8140581717451524,6.547851977881754,0.18750389335326725,34.92115209333416
