{"performances": [0.9227157376731727, 0.9224338167038049, 0.9226052882991034, 0.9230400610459192, 0.9228339735165253, 0.9226895852926461, 0.9230867798616175, 0.9233653154095582, 0.92282838757117, 0.9231171640189285], "mean": 0.9228716109392445, "std": 0.000264956545496037}