ROC_AUC_score,prediction_threshold,TN,FP,FN,TP,sensitivity,specificity,BA,Accuracy,precision,ROC_ACU_score_discretized,MCC,f1_score,cohen_kappa,PPV_score,NPV_score,FPR_score,FDR_score,PLR_score,NLR_score,DOR_score
0.9280882744493207,0.6193572108108115,13442,1281,0.19103313840155944,415,0.8089668615984406,0.9129932758269375,0.860980068712689,0.9094906799684956,0.2446933962264151,0.860980068712689,0.4140452449428514,0.37573562698053414,0.34170027861688423,0.2446933962264151,0.9927621861152142,0.08700672417306256,0.7553066037735849,9.297751056451087,0.2092382753077042,44.43618665264702
