ROC_AUC_score,prediction_threshold,TN,FP,FN,TP,sensitivity,specificity,BA,Accuracy,precision,ROC_ACU_score_discretized,MCC,f1_score,cohen_kappa,PPV_score,NPV_score,FPR_score,FDR_score,PLR_score,NLR_score,DOR_score
0.9227157376731727,0.6193572108108115,16820,1584,0.205607476635514,510,0.794392523364486,0.913931753966529,0.8541621386655075,0.9099023416990444,0.24355300859598855,0.8541621386655075,0.408655118575769,0.3728070175438597,0.33868537282411015,0.24355300859598855,0.9922133081642284,0.08606824603347099,0.7564469914040115,9.229797979797981,0.2249702734839477,41.02674471992654
