ROC_AUC_score,prediction_threshold,TN,FP,FN,TP,sensitivity,specificity,BA,Accuracy,precision,ROC_ACU_score_discretized,MCC,f1_score,cohen_kappa,PPV_score,NPV_score,FPR_score,FDR_score,PLR_score,NLR_score,DOR_score
0.931053361100155,0.5313220560579782,12991,1732,0.16374269005847952,429,0.8362573099415205,0.8823609318752972,0.8593091209084088,0.8808086111840379,0.19851920407218882,0.8593091209084088,0.37154108393567653,0.32086761406133135,0.28178113324935783,0.19851920407218882,0.9935755258126195,0.11763906812470284,0.8014807959278112,7.108669962049081,0.18557336815726225,38.30652012537118
