ROC_AUC_score,prediction_threshold,TN,FP,FN,TP,sensitivity,specificity,BA,Accuracy,precision,ROC_ACU_score_discretized,MCC,f1_score,cohen_kappa,PPV_score,NPV_score,FPR_score,FDR_score,PLR_score,NLR_score,DOR_score
0.9274738628538697,0.5313220560579782,16287,2117,0.1542056074766355,543,0.8457943925233645,0.8849706585524886,0.8653825255379266,0.883650110259372,0.20413533834586467,0.8653825255379266,0.38047322685874824,0.3288915808600848,0.290351830396016,0.20413533834586467,0.9939582570487001,0.11502934144751141,0.7958646616541354,7.352857817666509,0.17424940136305025,42.19732039335252
