ROC_AUC_score,prediction_threshold,TN,FP,FN,TP,sensitivity,specificity,BA,Accuracy,precision,ROC_ACU_score_discretized,MCC,f1_score,cohen_kappa,PPV_score,NPV_score,FPR_score,FDR_score,PLR_score,NLR_score,DOR_score
0.9250532808660621,0.5017719988987636,12831,1892,0.13060428849902533,446,0.8693957115009746,0.8714935814711675,0.8704446464860711,0.8714229456550275,0.19076133447390933,0.870444646486071,0.3707888939509495,0.312872676253946,0.2727091525125047,0.19076133447390933,0.9948053961854552,0.12850641852883243,0.8092386655260907,6.765387452657952,0.1498625936849155,45.14393676438102
