ROC_AUC_score,prediction_threshold,TN,FP,FN,TP,sensitivity,specificity,BA,Accuracy,precision,ROC_ACU_score_discretized,MCC,f1_score,cohen_kappa,PPV_score,NPV_score,FPR_score,FDR_score,PLR_score,NLR_score,DOR_score
0.9225174366130618,0.5017719988987636,16044,2360,0.14797507788161993,547,0.8520249221183801,0.8717670071723539,0.861895964645367,0.8711015436312086,0.18816649466804267,0.8618959646453668,0.36322567190390803,0.3082558467173852,0.26782476987055115,0.18816649466804267,0.994113637771857,0.12823299282764616,0.8118335053319573,6.6443502824858784,0.16974154408709377,39.14392506690458
