ROC_AUC_score,prediction_threshold,TN,FP,FN,TP,sensitivity,specificity,BA,Accuracy,precision,ROC_ACU_score_discretized,MCC,f1_score,cohen_kappa,PPV_score,NPV_score,FPR_score,FDR_score,PLR_score,NLR_score,DOR_score
0.9252227522173936,0.5067956800067194,12757,1966,0.14230019493177387,440,0.8576998050682261,0.8664674319092577,0.8620836184887419,0.8661722236807561,0.1828761429758936,0.8620836184887418,0.35820741475630663,0.3014731072285029,0.26042229690481167,0.1828761429758936,0.9943102104442713,0.13353256809074238,0.8171238570241064,6.423150676510426,0.16423028689978109,39.110634206162295
