ROC_AUC_score,prediction_threshold,TN,FP,FN,TP,sensitivity,specificity,BA,Accuracy,precision,ROC_ACU_score_discretized,MCC,f1_score,cohen_kappa,PPV_score,NPV_score,FPR_score,FDR_score,PLR_score,NLR_score,DOR_score
0.9192051402884784,0.5067956800067194,16001,2403,0.16355140186915887,537,0.8364485981308412,0.869430558574223,0.8529395783525321,0.8683188070986034,0.1826530612244898,0.8529395783525321,0.35260338070174013,0.2998324958123953,0.25882095112864345,0.1826530612244898,0.9934806904259282,0.130569441425777,0.8173469387755102,6.406158967956722,0.18811324292231732,34.0548005469354
