ROC_AUC_score,prediction_threshold,TN,FP,FN,TP,sensitivity,specificity,BA,Accuracy,precision,ROC_ACU_score_discretized,MCC,f1_score,cohen_kappa,PPV_score,NPV_score,FPR_score,FDR_score,PLR_score,NLR_score,DOR_score
0.9212629481739395,0.5180857204976238,12855,1868,0.14619883040935672,438,0.8538011695906432,0.873123684031787,0.8634624268112151,0.8724730900498818,0.1899392888117953,0.863462426811215,0.3658621164394245,0.310748492373182,0.27056700310523796,0.1899392888117953,0.994199535962877,0.126876315968213,0.8100607111882047,6.729397548117258,0.16744343680411977,40.18907922912204
