ROC_AUC_score,prediction_threshold,TN,FP,FN,TP,sensitivity,specificity,BA,Accuracy,precision,ROC_ACU_score_discretized,MCC,f1_score,cohen_kappa,PPV_score,NPV_score,FPR_score,FDR_score,PLR_score,NLR_score,DOR_score
0.9260807619364883,0.5180857204976238,16070,2334,0.13707165109034267,554,0.8629283489096573,0.8731797435340144,0.8680540462218358,0.872834190906227,0.19182825484764543,0.8680540462218358,0.37040157285619735,0.31388101983002836,0.2738291751167288,0.19182825484764543,0.9945537814085902,0.12682025646598566,0.8081717451523546,6.804341616680951,0.15697987969300975,43.34531043078602
