ROC_AUC_score,prediction_threshold,TN,FP,FN,TP,sensitivity,specificity,BA,Accuracy,precision,ROC_ACU_score_discretized,MCC,f1_score,cohen_kappa,PPV_score,NPV_score,FPR_score,FDR_score,PLR_score,NLR_score,DOR_score
0.9265050413093038,0.4862500015280404,12795,1928,0.1286549707602339,447,0.8713450292397661,0.8690484276302384,0.8701967284350023,0.8691257547912838,0.18821052631578947,0.8701967284350022,0.36817155736192064,0.3095567867036011,0.2690793449402329,0.18821052631578947,0.9948682062048052,0.1309515723697616,0.8117894736842105,6.653948581689353,0.1480411984761957,44.946600339494516
