ROC_AUC_score,prediction_threshold,TN,FP,FN,TP,sensitivity,specificity,BA,Accuracy,precision,ROC_ACU_score_discretized,MCC,f1_score,cohen_kappa,PPV_score,NPV_score,FPR_score,FDR_score,PLR_score,NLR_score,DOR_score
0.9267123969393082,0.4862500015280404,15903,2501,0.14330218068535824,550,0.8566978193146417,0.8641056292110411,0.8604017242628414,0.8638559277538591,0.1802687643395608,0.8604017242628413,0.3546722875695609,0.297860817763336,0.2564479284469231,0.1802687643395608,0.994248202563301,0.1358943707889589,0.8197312356604392,6.3041450086632,0.16583873063782517,38.013707560454066
