ROC_AUC_score,prediction_threshold,TN,FP,FN,TP,sensitivity,specificity,BA,Accuracy,precision,ROC_ACU_score_discretized,MCC,f1_score,cohen_kappa,PPV_score,NPV_score,FPR_score,FDR_score,PLR_score,NLR_score,DOR_score
0.9371380446104204,0.49291851151190813,12899,1824,0.1189083820662768,452,0.8810916179337231,0.8761122053929227,0.8786019116633229,0.8762798634812287,0.19859402460456943,0.8786019116633229,0.383160743348439,0.3241305127285765,0.28482892636062696,0.19859402460456943,0.9952932098765432,0.12388779460707736,0.8014059753954306,7.112013098047264,0.13572277766972587,52.40102818521713
