ROC_AUC_score,prediction_threshold,TN,FP,FN,TP,sensitivity,specificity,BA,Accuracy,precision,ROC_ACU_score_discretized,MCC,f1_score,cohen_kappa,PPV_score,NPV_score,FPR_score,FDR_score,PLR_score,NLR_score,DOR_score
0.9207808000563333,0.49291851151190813,16070,2334,0.16666666666666666,535,0.8333333333333334,0.8731797435340144,0.8532565384336739,0.8718366061115195,0.18647612408504705,0.8532565384336739,0.35647539924460003,0.30475647963543145,0.2642236634887305,0.18647612408504705,0.9933856710144031,0.12682025646598566,0.8135238759149529,6.57097972007998,0.19087326280854588,34.42587832047989
