ROC_AUC_score,prediction_threshold,TN,FP,FN,TP,sensitivity,specificity,BA,Accuracy,precision,ROC_ACU_score_discretized,MCC,f1_score,cohen_kappa,PPV_score,NPV_score,FPR_score,FDR_score,PLR_score,NLR_score,DOR_score
0.921916207273525,0.509311715196137,12855,1868,0.14230019493177387,440,0.8576998050682261,0.873123684031787,0.8654117445500065,0.8726043580992386,0.19064124783362218,0.8654117445500065,0.3676933386708641,0.31194611839773134,0.27182775221218725,0.19064124783362218,0.9943533415841584,0.126876315968213,0.8093587521663779,6.760125390802725,0.16297827848934326,41.4786893901616
