ROC_AUC_score,prediction_threshold,TN,FP,FN,TP,sensitivity,specificity,BA,Accuracy,precision,ROC_ACU_score_discretized,MCC,f1_score,cohen_kappa,PPV_score,NPV_score,FPR_score,FDR_score,PLR_score,NLR_score,DOR_score
0.9349839124773771,0.509311715196137,16123,2281,0.1308411214953271,558,0.8691588785046729,0.8760595522712454,0.8726092153879592,0.8758269452903497,0.1965480803099683,0.8726092153879591,0.37763583696916314,0.32059752944556164,0.2810690803518061,0.1965480803099683,0.9948170543592275,0.12394044772875462,0.8034519196900317,7.012713722051735,0.14935185759474043,46.95431201853825
