ROC_AUC_score,prediction_threshold,TN,FP,FN,TP,sensitivity,specificity,BA,Accuracy,precision,ROC_ACU_score_discretized,MCC,f1_score,cohen_kappa,PPV_score,NPV_score,FPR_score,FDR_score,PLR_score,NLR_score,DOR_score
0.9288150152676476,0.5046002023020957,12828,1895,0.13840155945419103,442,0.8615984405458089,0.8712898186510901,0.8664441295984495,0.8709635074822788,0.1891313649978605,0.8664441295984495,0.36684890358140554,0.31017543859649127,0.26985754337408974,0.1891313649978605,0.9944956973408792,0.12871018134890988,0.8108686350021395,6.694097013274904,0.15884675396352163,42.14185588464823
