ROC_AUC_score,prediction_threshold,TN,FP,FN,TP,sensitivity,specificity,BA,Accuracy,precision,ROC_ACU_score_discretized,MCC,f1_score,cohen_kappa,PPV_score,NPV_score,FPR_score,FDR_score,PLR_score,NLR_score,DOR_score
0.9226178989939204,0.5046002023020957,16075,2329,0.14953271028037382,546,0.8504672897196262,0.8734514236035644,0.8619593566615953,0.872676677517589,0.18991304347826088,0.8619593566615953,0.36494386445645227,0.31049189650270126,0.270277215202713,0.18991304347826088,0.9940634469111372,0.12654857639643555,0.8100869565217391,6.720480893087161,0.17119751166407468,39.255715972520385
