ROC_AUC_score,prediction_threshold,TN,FP,FN,TP,sensitivity,specificity,BA,Accuracy,precision,ROC_ACU_score_discretized,MCC,f1_score,cohen_kappa,PPV_score,NPV_score,FPR_score,FDR_score,PLR_score,NLR_score,DOR_score
0.9383220932783558,0.5396729006694582,12975,1748,0.13060428849902533,446,0.8693957115009746,0.8812741968348842,0.8753349541679294,0.8808742452087162,0.203281677301732,0.8753349541679294,0.3856696253458933,0.3295160694495752,0.29080921794603753,0.203281677301732,0.9948627511117927,0.1187258031651158,0.796718322698268,7.322719142121766,0.14819937877234304,49.411267461320364
