ROC_AUC_score,prediction_threshold,TN,FP,FN,TP,sensitivity,specificity,BA,Accuracy,precision,ROC_ACU_score_discretized,MCC,f1_score,cohen_kappa,PPV_score,NPV_score,FPR_score,FDR_score,PLR_score,NLR_score,DOR_score
0.9308449808757544,0.5396729006694582,16277,2127,0.1557632398753894,542,0.8442367601246106,0.8844272984133884,0.8643320292689995,0.8830725611676993,0.20307231172723866,0.8643320292689995,0.37884321482827554,0.3273935366958623,0.2887409613693862,0.20307231172723866,0.9938938755571839,0.1155727015866116,0.7969276882727613,7.304811158125687,0.1761176301939342,41.476887635166904
