{"performances": [0.9309766737692808, 0.9307869208982742, 0.9317252750824181, 0.9300638795169138, 0.9321200152208547, 0.9308998247028785, 0.9318066944677476, 0.9324041367141507, 0.9312497926429376, 0.9310358340087248], "mean": 0.9313069047024181, "std": 0.0006675996449269355}