ROC_AUC_score,prediction_threshold,TN,FP,FN,TP,sensitivity,specificity,BA,Accuracy,precision,ROC_ACU_score_discretized,MCC,f1_score,cohen_kappa,PPV_score,NPV_score,FPR_score,FDR_score,PLR_score,NLR_score,DOR_score
0.9280333286596312,0.44048253832119694,12472,2251,0.10721247563352826,458,0.8927875243664717,0.8471099640019017,0.8699487441841867,0.8486479390916251,0.16906607604282023,0.8699487441841867,0.349060213878546,0.28429546865301053,0.24134119618082617,0.16906607604282023,0.9956094835156063,0.15289003599809822,0.8309339239571798,5.839409471900293,0.12656264261966305,46.13849198336089
