ROC_AUC_score,prediction_threshold,TN,FP,FN,TP,sensitivity,specificity,BA,Accuracy,precision,ROC_ACU_score_discretized,MCC,f1_score,cohen_kappa,PPV_score,NPV_score,FPR_score,FDR_score,PLR_score,NLR_score,DOR_score
0.9308981319921648,0.44048253832119694,15629,2775,0.12305295950155763,563,0.8769470404984424,0.8492175613996957,0.8630823009490691,0.8501522629423501,0.16866387058118634,0.8630823009490691,0.3447109573268876,0.2829145728643216,0.23993991477952803,0.16866387058118634,0.9949707155589509,0.15078243860030427,0.8313361294188136,5.815975975975976,0.14490157186426936,40.13742501995669
