{"performances": [0.9265395711754387, 0.9264709317559978, 0.926283379408919, 0.9263033533953408, 0.9264016152522715, 0.9265844280093518, 0.9265308537152631, 0.9263686920288898, 0.9263263742610472, 0.926324512279262], "mean": 0.9264133711281781, "std": 0.00010435651093058848}