ROC_AUC_score,prediction_threshold,TN,FP,FN,TP,sensitivity,specificity,BA,Accuracy,precision,ROC_ACU_score_discretized,MCC,f1_score,cohen_kappa,PPV_score,NPV_score,FPR_score,FDR_score,PLR_score,NLR_score,DOR_score
0.936481872721984,0.5294493548939678,13123,1600,0.13255360623781676,445,0.8674463937621832,0.8913264959587041,0.8793864448604436,0.89052244683644,0.2176039119804401,0.8793864448604436,0.4014977610650666,0.347928068803753,0.3108260065661993,0.2176039119804401,0.9948449700553408,0.10867350404129593,0.78239608801956,7.982133284600389,0.14871498473210212,53.67403492647058
