ROC_AUC_score,prediction_threshold,TN,FP,FN,TP,sensitivity,specificity,BA,Accuracy,precision,ROC_ACU_score_discretized,MCC,f1_score,cohen_kappa,PPV_score,NPV_score,FPR_score,FDR_score,PLR_score,NLR_score,DOR_score
0.9214474741709273,0.5294493548939678,16335,2069,0.1822429906542056,525,0.8177570093457944,0.8875787872201695,0.852667898282982,0.8852252441457524,0.20239013107170392,0.852667898282982,0.3711292768265215,0.3244746600741656,0.2858831302305095,0.20239013107170392,0.9928884026258206,0.11242121277983047,0.7976098689282961,7.274045432576121,0.20532598714416894,35.42681339926385
