ROC_AUC_score,prediction_threshold,TN,FP,FN,TP,sensitivity,specificity,BA,Accuracy,precision,ROC_ACU_score_discretized,MCC,f1_score,cohen_kappa,PPV_score,NPV_score,FPR_score,FDR_score,PLR_score,NLR_score,DOR_score
0.9249080386219913,0.5355561165324989,12987,1736,0.15789473684210525,432,0.8421052631578947,0.882089248115194,0.8620972556365443,0.8807429771593595,0.1992619926199262,0.8620972556365444,0.3739192859515503,0.32226781051846326,0.2832363470924374,0.1992619926199262,0.993801652892562,0.11791075188480608,0.8007380073800738,7.141886975503277,0.17900086321138958,39.89861751152074
