ROC_AUC_score,prediction_threshold,TN,FP,FN,TP,sensitivity,specificity,BA,Accuracy,precision,ROC_ACU_score_discretized,MCC,f1_score,cohen_kappa,PPV_score,NPV_score,FPR_score,FDR_score,PLR_score,NLR_score,DOR_score
0.9268578854251512,0.5355561165324989,16283,2121,0.16199376947040497,538,0.838006230529595,0.8847533144968485,0.8613797725132217,0.883177570093458,0.20233170364798797,0.8613797725132217,0.3763644255673293,0.3259618297485611,0.2872568250940306,0.20233170364798797,0.9936535058277903,0.1152466855031515,0.7976682963520121,7.271412855571269,0.18309484329259557,39.71391397381495
