ROC_AUC_score,prediction_threshold,TN,FP,FN,TP,sensitivity,specificity,BA,Accuracy,precision,ROC_ACU_score_discretized,MCC,f1_score,cohen_kappa,PPV_score,NPV_score,FPR_score,FDR_score,PLR_score,NLR_score,DOR_score
0.9344012146859105,0.4769084043943681,12647,2076,0.11500974658869395,454,0.884990253411306,0.8589961285064185,0.8719931909588623,0.8598713573116303,0.17944664031620552,0.8719931909588622,0.3606260863026771,0.2983897469602366,0.25677824629527635,0.17944664031620552,0.9953565244766253,0.14100387149358148,0.8205533596837945,6.2763542875600455,0.13388855056735527,46.877453381666136
