ROC_AUC_score,prediction_threshold,TN,FP,FN,TP,sensitivity,specificity,BA,Accuracy,precision,ROC_ACU_score_discretized,MCC,f1_score,cohen_kappa,PPV_score,NPV_score,FPR_score,FDR_score,PLR_score,NLR_score,DOR_score
0.9241338907091171,0.4769084043943681,15804,2600,0.13239875389408098,557,0.867601246105919,0.8587263638339492,0.8631638049699342,0.8590255171689594,0.17643332277478618,0.8631638049699341,0.35250932195349594,0.2932350618583838,0.2512900688976687,0.17643332277478618,0.9946503870602303,0.14127363616605085,0.8235666772252138,6.141282051282054,0.1541803762760482,39.831800904977406
