ROC_AUC_score,prediction_threshold,TN,FP,FN,TP,sensitivity,specificity,BA,Accuracy,precision,ROC_ACU_score_discretized,MCC,f1_score,cohen_kappa,PPV_score,NPV_score,FPR_score,FDR_score,PLR_score,NLR_score,DOR_score
0.9248488560485185,0.47487176345641235,12535,2188,0.1286549707602339,447,0.8713450292397661,0.8513889832235279,0.861367006231647,0.8520609083749016,0.1696394686907021,0.8613670062316469,0.3447009787081431,0.28398983481575607,0.24121993791435847,0.1696394686907021,0.9947623204507579,0.14861101677647218,0.8303605313092979,5.863259993371608,0.1511118575590685,38.80079358484296
