ROC_AUC_score,prediction_threshold,TN,FP,FN,TP,sensitivity,specificity,BA,Accuracy,precision,ROC_ACU_score_discretized,MCC,f1_score,cohen_kappa,PPV_score,NPV_score,FPR_score,FDR_score,PLR_score,NLR_score,DOR_score
0.9240567877361077,0.47487176345641235,15710,2694,0.13395638629283488,556,0.8660436137071651,0.8536187785264073,0.8598311961167862,0.8540375931954216,0.17107692307692307,0.8598311961167862,0.3452527857281093,0.28571428571428575,0.24310467193656538,0.17107692307692307,0.994555583692074,0.1463812214735927,0.8289230769230769,5.916357337292751,0.15692764693401232,37.70117919234821
