ROC_AUC_score,prediction_threshold,TN,FP,FN,TP,sensitivity,specificity,BA,Accuracy,precision,ROC_ACU_score_discretized,MCC,f1_score,cohen_kappa,PPV_score,NPV_score,FPR_score,FDR_score,PLR_score,NLR_score,DOR_score
0.9188539393946615,0.4921149238735018,12751,1972,0.14619883040935672,438,0.8538011695906432,0.8660599062691028,0.859930537929873,0.8656471514833289,0.1817427385892116,0.859930537929873,0.35583723477710505,0.2996920971604516,0.25852390680385273,0.1817427385892116,0.994152502728832,0.13394009373089724,0.8182572614107884,6.374500314342313,0.16880914282150103,37.76158215010141
