ROC_AUC_score,prediction_threshold,TN,FP,FN,TP,sensitivity,specificity,BA,Accuracy,precision,ROC_ACU_score_discretized,MCC,f1_score,cohen_kappa,PPV_score,NPV_score,FPR_score,FDR_score,PLR_score,NLR_score,DOR_score
0.9335065145664528,0.4921149238735018,15954,2450,0.13862928348909656,553,0.8613707165109035,0.866876765920452,0.8641237412156777,0.8666911687493437,0.18414918414918416,0.8641237412156777,0.3606468642296187,0.3034293552812071,0.2624654440299359,0.18414918414918416,0.9944524091504082,0.13312323407954793,0.8158508158508159,6.470476190476189,0.1599180978646943,40.46118780096308
