ROC_AUC_score,prediction_threshold,TN,FP,FN,TP,sensitivity,specificity,BA,Accuracy,precision,ROC_ACU_score_discretized,MCC,f1_score,cohen_kappa,PPV_score,NPV_score,FPR_score,FDR_score,PLR_score,NLR_score,DOR_score
0.9260961916742166,0.5320512776129147,12961,1762,0.15204678362573099,435,0.847953216374269,0.8803233036745228,0.8641382600243959,0.8792333945917563,0.19799726900318615,0.8641382600243959,0.37395209946805874,0.32103321033210336,0.28182591418597625,0.19799726900318615,0.9940179461615155,0.11967669632547714,0.8020027309968139,7.085366177456504,0.17271698135341698,41.022985244040854
