ROC_AUC_score,prediction_threshold,TN,FP,FN,TP,sensitivity,specificity,BA,Accuracy,precision,ROC_ACU_score_discretized,MCC,f1_score,cohen_kappa,PPV_score,NPV_score,FPR_score,FDR_score,PLR_score,NLR_score,DOR_score
0.9225870070233952,0.5320512776129147,16172,2232,0.17289719626168223,531,0.8271028037383178,0.8787220169528364,0.8529124103455771,0.8769820434736952,0.19218241042345277,0.8529124103455771,0.3617119849660924,0.3118942731277533,0.27207322309375936,0.19218241042345277,0.9931830743720444,0.12127798304716365,0.8078175895765473,6.819892473118281,0.19675983180806328,34.66099970938682
