{"performances": [0.9272461932628759, 0.9280270407151093, 0.9276292536973882, 0.9269043503342426, 0.9269260170313782, 0.9304527798033883, 0.9275441103484886, 0.9263526959126451, 0.927474032124941, 0.9274822417719025], "mean": 0.9276038715002362, "std": 0.0010475404061255072}