ROC_AUC_score,prediction_threshold,TN,FP,FN,TP,sensitivity,specificity,BA,Accuracy,precision,ROC_ACU_score_discretized,MCC,f1_score,cohen_kappa,PPV_score,NPV_score,FPR_score,FDR_score,PLR_score,NLR_score,DOR_score
0.9174473271786104,0.5322821884466882,13039,1684,0.15009746588693956,436,0.8499025341130604,0.885621136996536,0.8677618355547982,0.8844184825413495,0.20566037735849058,0.8677618355547982,0.3833406352262281,0.3311811621724269,0.29283871060925015,0.20566037735849058,0.994129307715767,0.11437886300346396,0.7943396226415095,7.430590860894646,0.1694827049814719,43.84276768362276
