ROC_AUC_score,prediction_threshold,TN,FP,FN,TP,sensitivity,specificity,BA,Accuracy,precision,ROC_ACU_score_discretized,MCC,f1_score,cohen_kappa,PPV_score,NPV_score,FPR_score,FDR_score,PLR_score,NLR_score,DOR_score
0.925683990545195,0.5322821884466882,16188,2216,0.16043613707165108,539,0.839563862928349,0.8795913931753967,0.8595776280518728,0.8782421505827995,0.1956442831215971,0.8595776280518728,0.36898746414318717,0.31733882837798055,0.27785572579714013,0.1956442831215971,0.9936774906390031,0.12040860682460335,0.8043557168784029,6.9726233453670305,0.18239848447409598,38.22741929830713
