ROC_AUC_score,prediction_threshold,TN,FP,FN,TP,sensitivity,specificity,BA,Accuracy,precision,ROC_ACU_score_discretized,MCC,f1_score,cohen_kappa,PPV_score,NPV_score,FPR_score,FDR_score,PLR_score,NLR_score,DOR_score
0.9274777803860478,0.507306277576736,12822,1901,0.13060428849902533,446,0.8693957115009746,0.8708822930109352,0.870139002255955,0.870832239432922,0.190029825308905,0.8701390022559549,0.36990101888063964,0.31188811188811183,0.2716376428093825,0.190029825308905,0.9948017689502676,0.12911770698906472,0.809970174691095,6.733357738258204,0.14996778502348704,44.89869432427549
