ROC_AUC_score,prediction_threshold,TN,FP,FN,TP,sensitivity,specificity,BA,Accuracy,precision,ROC_ACU_score_discretized,MCC,f1_score,cohen_kappa,PPV_score,NPV_score,FPR_score,FDR_score,PLR_score,NLR_score,DOR_score
0.9265202742733023,0.507306277576736,16012,2392,0.1308411214953271,558,0.8691588785046729,0.8700282547272332,0.8695935666159531,0.8699989499107424,0.18915254237288134,0.8695935666159531,0.36872962806402837,0.3106904231625835,0.27028888565108555,0.18915254237288134,0.9947813121272365,0.12997174527276678,0.8108474576271186,6.687290969899666,0.1503872095928054,44.46715241280459
