ROC_AUC_score,prediction_threshold,TN,FP,FN,TP,sensitivity,specificity,BA,Accuracy,precision,ROC_ACU_score_discretized,MCC,f1_score,cohen_kappa,PPV_score,NPV_score,FPR_score,FDR_score,PLR_score,NLR_score,DOR_score
0.9150138244930853,0.4558289246519675,12554,2169,0.14619883040935672,438,0.8538011695906432,0.8526794810840183,0.8532403253373307,0.8527172486216855,0.16800920598388952,0.8532403253373305,0.33837799529631385,0.28076923076923077,0.2378864942169393,0.16800920598388952,0.9940612875128673,0.1473205189159818,0.8319907940161104,5.7955346334177245,0.1714581312822176,33.80145689257722
