ROC_AUC_score,prediction_threshold,TN,FP,FN,TP,sensitivity,specificity,BA,Accuracy,precision,ROC_ACU_score_discretized,MCC,f1_score,cohen_kappa,PPV_score,NPV_score,FPR_score,FDR_score,PLR_score,NLR_score,DOR_score
0.9282447233128922,0.4558289246519675,15757,2647,0.1261682242990654,561,0.8738317757009346,0.8561725711801782,0.8650021734405564,0.8567678252651475,0.17487531172069826,0.8650021734405564,0.35203165986812135,0.2914285714285714,0.24925634349818482,0.17487531172069826,0.9948857178936734,0.14382742881982177,0.8251246882793017,6.0755572346052125,0.14736307672780347,41.22849067427837
