ROC_AUC_score,prediction_threshold,TN,FP,FN,TP,sensitivity,specificity,BA,Accuracy,precision,ROC_ACU_score_discretized,MCC,f1_score,cohen_kappa,PPV_score,NPV_score,FPR_score,FDR_score,PLR_score,NLR_score,DOR_score
0.9351471534307554,0.47726837291621127,12747,1976,0.12280701754385964,450,0.8771929824561403,0.8657882225089996,0.8714906024825699,0.8661722236807561,0.18549051937345423,0.8714906024825699,0.3662812630583778,0.30622660768969034,0.26539251041061507,0.18549051937345423,0.9950819672131147,0.13421177749100047,0.8145094806265457,6.535886781731659,0.1418441766139677,46.07793522267206
