ROC_AUC_score,prediction_threshold,TN,FP,FN,TP,sensitivity,specificity,BA,Accuracy,precision,ROC_ACU_score_discretized,MCC,f1_score,cohen_kappa,PPV_score,NPV_score,FPR_score,FDR_score,PLR_score,NLR_score,DOR_score
0.9354642191423914,0.47726837291621127,15929,2475,0.1292834890965732,559,0.8707165109034268,0.8655183655727016,0.8681174382380642,0.8656935839546361,0.1842452208305867,0.8681174382380642,0.3630859419544084,0.3041349292709467,0.2631343863283273,0.1842452208305867,0.9948163877092181,0.1344816344272984,0.8157547791694133,6.474612794612794,0.14937116789084892,43.345800170378496
