ROC_AUC_score,prediction_threshold,TN,FP,FN,TP,sensitivity,specificity,BA,Accuracy,precision,ROC_ACU_score_discretized,MCC,f1_score,cohen_kappa,PPV_score,NPV_score,FPR_score,FDR_score,PLR_score,NLR_score,DOR_score
0.9354193667888316,0.5518033550942044,13220,1503,0.13840155945419103,442,0.8615984405458089,0.8979148271412076,0.8797566338435083,0.8966920451562089,0.22724935732647814,0.8797566338435083,0.410538197877466,0.35964198535394626,0.32359920955631105,0.22724935732647814,0.9946580392746972,0.10208517285879237,0.7727506426735219,8.439995901634028,0.15413662328623717,54.7565901061726
