ROC_AUC_score,prediction_threshold,TN,FP,FN,TP,sensitivity,specificity,BA,Accuracy,precision,ROC_ACU_score_discretized,MCC,f1_score,cohen_kappa,PPV_score,NPV_score,FPR_score,FDR_score,PLR_score,NLR_score,DOR_score
0.9352683725128157,0.5518033550942044,16398,2006,0.17445482866043613,530,0.8255451713395638,0.8910019560965008,0.8582735637180323,0.8887955476215478,0.20899053627760253,0.8582735637180323,0.3806450832173795,0.33354310887350536,0.2956513941096903,0.20899053627760253,0.9932162325863113,0.10899804390349924,0.7910094637223974,7.573944832170159,0.1957962353132496,38.68279091297537
