ROC_AUC_score,prediction_threshold,TN,FP,FN,TP,sensitivity,specificity,BA,Accuracy,precision,ROC_ACU_score_discretized,MCC,f1_score,cohen_kappa,PPV_score,NPV_score,FPR_score,FDR_score,PLR_score,NLR_score,DOR_score
0.9293590447853203,0.4289447838913253,12506,2217,0.13255360623781676,445,0.8674463937621832,0.8494192759627793,0.8584328348624812,0.8500262536098714,0.16716754320060107,0.8584328348624812,0.34052881554599423,0.2803149606299213,0.23725011769580517,0.16716754320060107,0.994592015269604,0.15058072403722067,0.832832456799399,5.760673547749493,0.1560520345945447,36.915081323463085
