ROC_AUC_score,prediction_threshold,TN,FP,FN,TP,sensitivity,specificity,BA,Accuracy,precision,ROC_ACU_score_discretized,MCC,f1_score,cohen_kappa,PPV_score,NPV_score,FPR_score,FDR_score,PLR_score,NLR_score,DOR_score
0.9344762685343359,0.4289447838913253,15509,2895,0.10747663551401869,573,0.8925233644859814,0.8426972397304934,0.8676103021082373,0.8443767720256222,0.1652249134948097,0.8676103021082374,0.343831689786326,0.2788321167883212,0.23533401742699622,0.1652249134948097,0.9955706765951984,0.15730276026950663,0.8347750865051903,5.67392055267703,0.12753884841060023,44.48778253360369
