ROC_AUC_score,prediction_threshold,TN,FP,FN,TP,sensitivity,specificity,BA,Accuracy,precision,ROC_ACU_score_discretized,MCC,f1_score,cohen_kappa,PPV_score,NPV_score,FPR_score,FDR_score,PLR_score,NLR_score,DOR_score
0.9283881593014813,0.5286423068202132,12946,1777,0.14035087719298245,441,0.8596491228070176,0.8793044895741358,0.8694768061905767,0.8786426883696509,0.1988277727682597,0.8694768061905767,0.3779384787250552,0.32295862321493957,0.28378825280455655,0.1988277727682597,0.9944691964971578,0.1206955104258643,0.8011722272317403,7.122461471630684,0.15961578595027656,44.62253798536863
