ROC_AUC_score,prediction_threshold,TN,FP,FN,TP,sensitivity,specificity,BA,Accuracy,precision,ROC_ACU_score_discretized,MCC,f1_score,cohen_kappa,PPV_score,NPV_score,FPR_score,FDR_score,PLR_score,NLR_score,DOR_score
0.9391461477242049,0.5453430458461975,13154,1569,0.1442495126705653,439,0.8557504873294347,0.8934320450995041,0.8745912662144695,0.8921632974533998,0.21862549800796813,0.8745912662144694,0.3994988507157387,0.34827449424831414,0.31133640871458035,0.21862549800796813,0.9944058058663441,0.10656795490049582,0.7813745019920318,8.030092049044782,0.16145549453008462,49.735638123783424
