ROC_AUC_score,prediction_threshold,TN,FP,FN,TP,sensitivity,specificity,BA,Accuracy,precision,ROC_ACU_score_discretized,MCC,f1_score,cohen_kappa,PPV_score,NPV_score,FPR_score,FDR_score,PLR_score,NLR_score,DOR_score
0.9167720379085951,0.5453430458461975,16384,2020,0.1853582554517134,523,0.8146417445482866,0.8902412519017605,0.8524414982250236,0.8876929539010816,0.20566260322453794,0.8524414982250236,0.37401242566153675,0.328414442700157,0.2902086821000198,0.20566260322453794,0.9927891898442708,0.10975874809823952,0.794337396775462,7.422112211221124,0.2082112630208333,35.64702554289044
