ROC_AUC_score,prediction_threshold,TN,FP,FN,TP,sensitivity,specificity,BA,Accuracy,precision,ROC_ACU_score_discretized,MCC,f1_score,cohen_kappa,PPV_score,NPV_score,FPR_score,FDR_score,PLR_score,NLR_score,DOR_score
0.9248873843010479,0.530248143984661,12967,1756,0.1442495126705653,439,0.8557504873294347,0.8807308293146777,0.8682406583220562,0.8798897348385403,0.2,0.8682406583220561,0.3783082939840233,0.3242245199409158,0.2852086257913897,0.2,0.9943255885284871,0.11926917068532228,0.8,7.174951267056531,0.16378388023819948,43.80743243243244
