ROC_AUC_score,prediction_threshold,TN,FP,FN,TP,sensitivity,specificity,BA,Accuracy,precision,ROC_ACU_score_discretized,MCC,f1_score,cohen_kappa,PPV_score,NPV_score,FPR_score,FDR_score,PLR_score,NLR_score,DOR_score
0.9310264840030299,0.4941512476795968,12856,1867,0.1267056530214425,448,0.8732943469785575,0.8731916049718128,0.8732429759751852,0.8731950643213442,0.19352051835853132,0.8732429759751852,0.37510678245387113,0.31683168316831684,0.2769749857401531,0.19352051835853132,0.9949694296107112,0.1268083950281872,0.8064794816414687,6.886723444330638,0.14510635729890312,47.45983272217871
