ROC_AUC_score,prediction_threshold,TN,FP,FN,TP,sensitivity,specificity,BA,Accuracy,precision,ROC_ACU_score_discretized,MCC,f1_score,cohen_kappa,PPV_score,NPV_score,FPR_score,FDR_score,PLR_score,NLR_score,DOR_score
0.9307266603968662,0.4941512476795968,16078,2326,0.1308411214953271,558,0.8691588785046729,0.8736144316452945,0.8713866550749837,0.8734642444607792,0.19348127600554785,0.8713866550749837,0.37396825431766245,0.316505955757232,0.2766179892752352,0.19348127600554785,0.9948026234376933,0.1263855683547055,0.8065187239944521,6.8770421324161655,0.1497698718746113,45.91739344060925
