ROC_AUC_score,prediction_threshold,TN,FP,FN,TP,sensitivity,specificity,BA,Accuracy,precision,ROC_ACU_score_discretized,MCC,f1_score,cohen_kappa,PPV_score,NPV_score,FPR_score,FDR_score,PLR_score,NLR_score,DOR_score
0.9285340635430184,0.6128717155376944,13443,1280,0.1793372319688109,421,0.8206627680311891,0.9130611967669633,0.8668619823990762,0.9099501181412444,0.24750146972369194,0.8668619823990762,0.42025051654324935,0.3803071364046974,0.34649669159095065,0.24750146972369194,0.9932028075360178,0.08693880323303675,0.7524985302763081,9.439545260721252,0.1964131567564385,48.059638247282635
