ROC_AUC_score,prediction_threshold,TN,FP,FN,TP,sensitivity,specificity,BA,Accuracy,precision,ROC_ACU_score_discretized,MCC,f1_score,cohen_kappa,PPV_score,NPV_score,FPR_score,FDR_score,PLR_score,NLR_score,DOR_score
0.9336686762528261,0.6128717155376944,16733,1671,0.1838006230529595,524,0.8161993769470405,0.9092045207563573,0.8627019488516989,0.9060695159088522,0.2387243735763098,0.8627019488516987,0.4099901373397938,0.36940430031723653,0.33470247322656,0.2387243735763098,0.9929974482226575,0.09079547924364269,0.7612756264236902,8.989427488529818,0.20215542142273754,44.467902098611376
