ROC_AUC_score,prediction_threshold,TN,FP,FN,TP,sensitivity,specificity,BA,Accuracy,precision,ROC_ACU_score_discretized,MCC,f1_score,cohen_kappa,PPV_score,NPV_score,FPR_score,FDR_score,PLR_score,NLR_score,DOR_score
0.925095648703895,0.528643918112622,12952,1771,0.15594541910331383,433,0.8440545808966862,0.8797120152142905,0.8618832980554884,0.8785114203202941,0.19646098003629764,0.8618832980554884,0.3711453666015165,0.31873389768126614,0.2793687926901476,0.19646098003629764,0.9938612645794966,0.12028798478570943,0.8035390199637024,7.016948387657768,0.17726871567774008,39.58368153585544
