ROC_AUC_score,prediction_threshold,TN,FP,FN,TP,sensitivity,specificity,BA,Accuracy,precision,ROC_ACU_score_discretized,MCC,f1_score,cohen_kappa,PPV_score,NPV_score,FPR_score,FDR_score,PLR_score,NLR_score,DOR_score
0.9294530648558724,0.528643918112622,16189,2215,0.1557632398753894,542,0.8442367601246106,0.8796457291893067,0.8619412446569586,0.878452168434317,0.1965904969169387,0.8619412446569588,0.371300986264662,0.3189173286260664,0.2795198080910868,0.1965904969169387,0.9938608877156363,0.12035427081069333,0.8034095030830612,7.01459744168548,0.17707496860007826,39.61371557562078
