ROC_AUC_score,prediction_threshold,TN,FP,FN,TP,sensitivity,specificity,BA,Accuracy,precision,ROC_ACU_score_discretized,MCC,f1_score,cohen_kappa,PPV_score,NPV_score,FPR_score,FDR_score,PLR_score,NLR_score,DOR_score
0.934086236291522,0.49464810483024835,12877,1846,0.13840155945419103,442,0.8615984405458089,0.8746179447123548,0.8681081926290819,0.8741795746915201,0.19318181818181818,0.8681081926290819,0.3717345796217299,0.31560157086754725,0.2757633624696827,0.19318181818181818,0.9945165276490577,0.12538205528764518,0.8068181818181818,6.871784312110476,0.1582423048725678,43.42570918468554
