ROC_AUC_score,prediction_threshold,TN,FP,FN,TP,sensitivity,specificity,BA,Accuracy,precision,ROC_ACU_score_discretized,MCC,f1_score,cohen_kappa,PPV_score,NPV_score,FPR_score,FDR_score,PLR_score,NLR_score,DOR_score
0.9283092155910845,0.49464810483024835,15970,2434,0.14174454828660435,551,0.8582554517133957,0.8677461421430124,0.8630007969282041,0.8674262312296546,0.1845896147403685,0.8630007969282041,0.36041490393677095,0.30383236834849736,0.26293814551334405,0.1845896147403685,0.9943341012390262,0.13225385785698762,0.8154103852596315,6.489454943850999,0.16334794406178246,39.7278030104653
