ROC_AUC_score,prediction_threshold,TN,FP,FN,TP,sensitivity,specificity,BA,Accuracy,precision,ROC_ACU_score_discretized,MCC,f1_score,cohen_kappa,PPV_score,NPV_score,FPR_score,FDR_score,PLR_score,NLR_score,DOR_score
0.9261033412468509,0.5195420274636257,12966,1757,0.15594541910331383,433,0.8440545808966862,0.8806629083746519,0.8623587446356691,0.8794302966657915,0.19771689497716896,0.8623587446356691,0.3726188628719237,0.3203847576766556,0.28116511704550395,0.19771689497716896,0.9938678522152384,0.1193370916253481,0.8022831050228311,7.0728603270016555,0.1770773103083518,39.94221684689812
