ROC_AUC_score,prediction_threshold,TN,FP,FN,TP,sensitivity,specificity,BA,Accuracy,precision,ROC_ACU_score_discretized,MCC,f1_score,cohen_kappa,PPV_score,NPV_score,FPR_score,FDR_score,PLR_score,NLR_score,DOR_score
0.9212908137943736,0.5195420274636257,16243,2161,0.17601246105919002,529,0.82398753894081,0.8825798739404477,0.8532837064406289,0.8806048514123701,0.19665427509293681,0.8532837064406289,0.36615295140017873,0.3175270108043218,0.27824455792987357,0.19665427509293681,0.9930912203472732,0.11742012605955227,0.8033457249070632,7.017430202066942,0.19942949783496478,35.18752380289361
