ROC_AUC_score,prediction_threshold,TN,FP,FN,TP,sensitivity,specificity,BA,Accuracy,precision,ROC_ACU_score_discretized,MCC,f1_score,cohen_kappa,PPV_score,NPV_score,FPR_score,FDR_score,PLR_score,NLR_score,DOR_score
0.9320516532790919,0.5725089834215903,13165,1558,0.1539961013645224,434,0.8460038986354775,0.8941791754397881,0.8700915370376328,0.8925571016014702,0.2178714859437751,0.8700915370376329,0.39604244708227165,0.3465069860279441,0.3095325812900299,0.2178714859437751,0.9940350347327092,0.10582082456021191,0.7821285140562249,7.9946825414699205,0.17222063048916553,46.42116637688694
