ROC_AUC_score,prediction_threshold,TN,FP,FN,TP,sensitivity,specificity,BA,Accuracy,precision,ROC_ACU_score_discretized,MCC,f1_score,cohen_kappa,PPV_score,NPV_score,FPR_score,FDR_score,PLR_score,NLR_score,DOR_score
0.9229878409204012,0.5725089834215903,16470,1934,0.1806853582554517,526,0.8193146417445483,0.8949141490980221,0.8571143954212852,0.8923658510973432,0.2138211382113821,0.8571143954212852,0.3843462030572448,0.3391360412637008,0.3018085244797526,0.2138211382113821,0.9930061497648619,0.10508585090197783,0.7861788617886178,7.796621854532917,0.20190244889698444,38.615786470777
