ROC_AUC_score,prediction_threshold,TN,FP,FN,TP,sensitivity,specificity,BA,Accuracy,precision,ROC_ACU_score_discretized,MCC,f1_score,cohen_kappa,PPV_score,NPV_score,FPR_score,FDR_score,PLR_score,NLR_score,DOR_score
0.928169302939176,0.5186597869787817,12939,1784,0.14035087719298245,441,0.8596491228070176,0.878829042993955,0.8692390829004863,0.878183250196902,0.19820224719101123,0.8692390829004863,0.37720214330801505,0.3221329437545654,0.28289027060822025,0.19820224719101123,0.9944662208900161,0.12117095700604497,0.8017977528089888,7.094514593659035,0.1597021381028117,44.42341647982063
