ROC_AUC_score,prediction_threshold,TN,FP,FN,TP,sensitivity,specificity,BA,Accuracy,precision,ROC_ACU_score_discretized,MCC,f1_score,cohen_kappa,PPV_score,NPV_score,FPR_score,FDR_score,PLR_score,NLR_score,DOR_score
0.9336225498858776,0.5186597869787817,16177,2227,0.1526479750778816,544,0.8473520249221184,0.8789936970223864,0.8631728609722524,0.8779271238055235,0.19631901840490798,0.8631728609722524,0.37178190446144105,0.31878113096982125,0.27933591287600423,0.19631901840490798,0.993978494623656,0.12100630297761356,0.803680981595092,7.002544529262083,0.17366219529785087,40.32279171210467
