ROC_AUC_score,prediction_threshold,TN,FP,FN,TP,sensitivity,specificity,BA,Accuracy,precision,ROC_ACU_score_discretized,MCC,f1_score,cohen_kappa,PPV_score,NPV_score,FPR_score,FDR_score,PLR_score,NLR_score,DOR_score
0.9311539847150081,0.49788417539520413,12863,1860,0.14035087719298245,441,0.8596491228070176,0.8736670515519935,0.8666580871795055,0.8731950643213442,0.19165580182529335,0.8666580871795055,0.3694082385350391,0.3134328358208955,0.273424579467502,0.19165580182529335,0.9944337069965211,0.12633294844800652,0.8083441981747066,6.804631201660067,0.16064572532941618,42.35799731182798
