ROC_AUC_score,prediction_threshold,TN,FP,FN,TP,sensitivity,specificity,BA,Accuracy,precision,ROC_ACU_score_discretized,MCC,f1_score,cohen_kappa,PPV_score,NPV_score,FPR_score,FDR_score,PLR_score,NLR_score,DOR_score
0.9321692731026239,0.49788417539520413,16056,2348,0.15109034267912771,545,0.8489096573208723,0.8724190393392741,0.8606643483300732,0.871626588260002,0.18838575872796406,0.8606643483300732,0.36270707166933736,0.3083451202263084,0.26795668394688776,0.18838575872796406,0.9939949235436142,0.12758096066072594,0.811614241272036,6.653889835320843,0.1731855173559209,38.420590456453425
