{"performances": [0.927041459902053, 0.9297032474993586, 0.9273479251767699, 0.9264574747058237, 0.9262592582812488, 0.9268990182954944, 0.9281126072416872, 0.927659130041485, 0.9260419988611442, 0.9262386918460771], "mean": 0.9271760811851142, "std": 0.0010556137988805732}