ROC_AUC_score,prediction_threshold,TN,FP,FN,TP,sensitivity,specificity,BA,Accuracy,precision,ROC_ACU_score_discretized,MCC,f1_score,cohen_kappa,PPV_score,NPV_score,FPR_score,FDR_score,PLR_score,NLR_score,DOR_score
0.9271234793421705,0.5149576652033927,13032,1691,0.15594541910331383,433,0.8440545808966862,0.8851456904163554,0.8646001356565207,0.8837621422945655,0.20386064030131826,0.8646001356565208,0.37974488576017873,0.3284034888130451,0.2898868543665385,0.20386064030131826,0.9938987187309335,0.11485430958364463,0.7961393596986818,7.3489151948799005,0.176180509933862,41.712418687167364
