ROC_AUC_score,prediction_threshold,TN,FP,FN,TP,sensitivity,specificity,BA,Accuracy,precision,ROC_ACU_score_discretized,MCC,f1_score,cohen_kappa,PPV_score,NPV_score,FPR_score,FDR_score,PLR_score,NLR_score,DOR_score
0.9302843550873743,0.5149576652033927,16209,2195,0.1526479750778816,544,0.8473520249221184,0.8807324494675071,0.8640422371948127,0.8796072666176625,0.1986126323475721,0.8640422371948128,0.37447458219105595,0.3217982845312038,0.2826188593022235,0.1986126323475721,0.9939903109094254,0.11926755053249294,0.8013873676524279,7.104631738800303,0.1733193493326753,40.99156710520198
