ROC_AUC_score,prediction_threshold,TN,FP,FN,TP,sensitivity,specificity,BA,Accuracy,precision,ROC_ACU_score_discretized,MCC,f1_score,cohen_kappa,PPV_score,NPV_score,FPR_score,FDR_score,PLR_score,NLR_score,DOR_score
0.9188001852004112,0.5600315230154782,13115,1608,0.17543859649122806,423,0.8245614035087719,0.8907831284384976,0.8576722659736348,0.8885534260960882,0.20827178729689808,0.8576722659736347,0.37961899570679614,0.33254716981132076,0.2946253600867562,0.20827178729689808,0.9931843998485422,0.10921687156150241,0.7917282127031019,7.5497621541415745,0.19694871949221127,38.333644278606975
