ROC_AUC_score,prediction_threshold,TN,FP,FN,TP,sensitivity,specificity,BA,Accuracy,precision,ROC_ACU_score_discretized,MCC,f1_score,cohen_kappa,PPV_score,NPV_score,FPR_score,FDR_score,PLR_score,NLR_score,DOR_score
0.926991440300463,0.5600315230154782,16441,1963,0.17133956386292834,532,0.8286604361370716,0.8933384046946315,0.8609994204158515,0.8911582484511184,0.21322645290581163,0.8609994204158515,0.38620041162007634,0.3391775581766019,0.301737547450449,0.21322645290581163,0.9933538758987372,0.1066615953053684,0.7867735470941883,7.769060961113937,0.19179693043813234,40.50670124577407
