ROC_AUC_score,prediction_threshold,TN,FP,FN,TP,sensitivity,specificity,BA,Accuracy,precision,ROC_ACU_score_discretized,MCC,f1_score,cohen_kappa,PPV_score,NPV_score,FPR_score,FDR_score,PLR_score,NLR_score,DOR_score
0.9184529013296746,0.46530442509733577,12497,2226,0.13450292397660818,444,0.8654970760233918,0.848807987502547,0.8571525317629693,0.8493699133630874,0.1662921348314607,0.8571525317629693,0.33891158063345733,0.27898209236569277,0.23581534430054163,0.1662921348314607,0.9945089925194971,0.15119201249745295,0.8337078651685393,5.724489420616531,0.1584609546057136,36.125551779366376
