ROC_AUC_score,prediction_threshold,TN,FP,FN,TP,sensitivity,specificity,BA,Accuracy,precision,ROC_ACU_score_discretized,MCC,f1_score,cohen_kappa,PPV_score,NPV_score,FPR_score,FDR_score,PLR_score,NLR_score,DOR_score
0.9193546912800346,0.46530442509733577,15646,2758,0.13551401869158877,555,0.8644859813084113,0.8501412736361661,0.8573136274722887,0.8506248031082642,0.16752188348928462,0.8573136274722886,0.3402410521155244,0.2806573957016435,0.23760301339588152,0.16752188348928462,0.9944702218267336,0.14985872636383396,0.8324781165107153,5.76867295141407,0.15940176402914477,36.18951764146935
