ROC_AUC_score,prediction_threshold,TN,FP,FN,TP,sensitivity,specificity,BA,Accuracy,precision,ROC_ACU_score_discretized,MCC,f1_score,cohen_kappa,PPV_score,NPV_score,FPR_score,FDR_score,PLR_score,NLR_score,DOR_score
0.9188605593693231,0.5049969753524882,12866,1857,0.16569200779727095,428,0.834307992202729,0.8738708143720709,0.8540894032874,0.8725387240745602,0.187308533916849,0.8540894032874,0.35777089742204904,0.3059328091493924,0.2655420685709583,0.187308533916849,0.9934368002470851,0.1261291856279291,0.812691466083151,6.614710053419914,0.18960698203009646,34.886426557699004
