ROC_AUC_score,prediction_threshold,TN,FP,FN,TP,sensitivity,specificity,BA,Accuracy,precision,ROC_ACU_score_discretized,MCC,f1_score,cohen_kappa,PPV_score,NPV_score,FPR_score,FDR_score,PLR_score,NLR_score,DOR_score
0.9267977941948148,0.5049969753524882,16054,2350,0.16043613707165108,539,0.839563862928349,0.8723103673114541,0.8559371151199016,0.8712065525569673,0.18656974731741086,0.8559371151199014,0.35815644010985603,0.30529595015576316,0.26474025427296455,0.18656974731741086,0.9936250541560934,0.12768963268854597,0.8134302526825892,6.575035460992909,0.18392093351604996,35.749250154926685
