ROC_AUC_score,prediction_threshold,TN,FP,FN,TP,sensitivity,specificity,BA,Accuracy,precision,ROC_ACU_score_discretized,MCC,f1_score,cohen_kappa,PPV_score,NPV_score,FPR_score,FDR_score,PLR_score,NLR_score,DOR_score
0.9233246730824812,0.48741716051351,12691,2032,0.15204678362573099,435,0.847953216374269,0.8619846498675542,0.8549689331209116,0.8615122079285902,0.17632752330766113,0.8549689331209117,0.3476275289315074,0.2919463087248322,0.2501432981952054,0.17632752330766113,0.9938914558696844,0.13801535013244584,0.8236724766923389,6.1439051204125805,0.17639152118206897,34.831068291944284
