ROC_AUC_score,prediction_threshold,TN,FP,FN,TP,sensitivity,specificity,BA,Accuracy,precision,ROC_ACU_score_discretized,MCC,f1_score,cohen_kappa,PPV_score,NPV_score,FPR_score,FDR_score,PLR_score,NLR_score,DOR_score
0.9199814174217849,0.48741716051351,15833,2571,0.13862928348909656,553,0.8613707165109035,0.8603021082373397,0.8608364123741216,0.860338128740943,0.1770166453265045,0.8608364123741216,0.35173019740340344,0.2936802973977695,0.2518408494769775,0.1770166453265045,0.994410249968597,0.1396978917626603,0.8229833546734955,6.165953584856734,0.16114023453125326,38.26451911773061
