ROC_AUC_score,prediction_threshold,TN,FP,FN,TP,sensitivity,specificity,BA,Accuracy,precision,ROC_ACU_score_discretized,MCC,f1_score,cohen_kappa,PPV_score,NPV_score,FPR_score,FDR_score,PLR_score,NLR_score,DOR_score
0.9231950539786115,0.5404557967714636,13035,1688,0.16374269005847952,429,0.8362573099415205,0.8853494532364328,0.8608033815889766,0.8836965082698871,0.2026452527161077,0.8608033815889766,0.376310761765759,0.3262357414448669,0.287621048545333,0.2026452527161077,0.9935970729476332,0.1146505467635672,0.7973547472838923,7.293967046367893,0.18494696016348247,39.43815589031821
