ROC_AUC_score,prediction_threshold,TN,FP,FN,TP,sensitivity,specificity,BA,Accuracy,precision,ROC_ACU_score_discretized,MCC,f1_score,cohen_kappa,PPV_score,NPV_score,FPR_score,FDR_score,PLR_score,NLR_score,DOR_score
0.9321439670774536,0.5404557967714636,16240,2164,0.1588785046728972,540,0.8411214953271028,0.8824168658987177,0.8617691806129102,0.8810248871154048,0.1997041420118343,0.8617691806129102,0.3741357783813956,0.3227734608487746,0.28375182015129463,0.1997041420118343,0.993758413902827,0.11758313410128234,0.8002958579881657,7.153419593345658,0.18004926108374386,39.73034685223443
