ROC_AUC_score,prediction_threshold,TN,FP,FN,TP,sensitivity,specificity,BA,Accuracy,precision,ROC_ACU_score_discretized,MCC,f1_score,cohen_kappa,PPV_score,NPV_score,FPR_score,FDR_score,PLR_score,NLR_score,DOR_score
0.9307322923290778,0.5483206699752611,12996,1727,0.14035087719298245,441,0.8596491228070176,0.8827005365754262,0.8711748296912218,0.8819243896035704,0.20341328413284132,0.871174829691222,0.3832932316411701,0.32898172323759794,0.29033692263032185,0.20341328413284132,0.9944903581267218,0.1172994634245738,0.7965867158671587,7.328670547242457,0.15900169012867654,46.09177764910251
