ROC_AUC_score,prediction_threshold,TN,FP,FN,TP,sensitivity,specificity,BA,Accuracy,precision,ROC_ACU_score_discretized,MCC,f1_score,cohen_kappa,PPV_score,NPV_score,FPR_score,FDR_score,PLR_score,NLR_score,DOR_score
0.9304383917623218,0.5483206699752611,16344,2060,0.15109034267912771,545,0.8489096573208723,0.8880678113453597,0.868488734333116,0.8867478735692534,0.2092130518234165,0.868488734333116,0.38708813395432623,0.3356944872189713,0.2977102866988839,0.2092130518234165,0.9941001155647466,0.1119321886546403,0.7907869481765835,7.584142394822008,0.170133790177843,44.57751976779103
