ROC_AUC_score,prediction_threshold,TN,FP,FN,TP,sensitivity,specificity,BA,Accuracy,precision,ROC_ACU_score_discretized,MCC,f1_score,cohen_kappa,PPV_score,NPV_score,FPR_score,FDR_score,PLR_score,NLR_score,DOR_score
0.9240032204852733,0.4548716837927108,12607,2116,0.14230019493177387,440,0.8576998050682261,0.8562792909053861,0.8569895479868062,0.8563271199789971,0.17214397496087636,0.856989547986806,0.3446690472657082,0.2867383512544803,0.24435883793008417,0.17214397496087636,0.9942429022082019,0.14372070909461387,0.8278560250391236,5.967823360122633,0.16618432378682538,35.91086827045082
