ROC_AUC_score,prediction_threshold,TN,FP,FN,TP,sensitivity,specificity,BA,Accuracy,precision,ROC_ACU_score_discretized,MCC,f1_score,cohen_kappa,PPV_score,NPV_score,FPR_score,FDR_score,PLR_score,NLR_score,DOR_score
0.926967488443864,0.4548716837927108,15784,2620,0.11526479750778816,568,0.8847352024922118,0.8576396435557487,0.8711874230239802,0.8585529770030452,0.178168130489335,0.8711874230239803,0.35889177999789046,0.29660574412532636,0.2547879978367761,0.178168130489335,0.9953335855719511,0.14236035644425124,0.821831869510665,6.214758269720101,0.13439770231458018,46.241551475139254
