ROC_AUC_score,prediction_threshold,TN,FP,FN,TP,sensitivity,specificity,BA,Accuracy,precision,ROC_ACU_score_discretized,MCC,f1_score,cohen_kappa,PPV_score,NPV_score,FPR_score,FDR_score,PLR_score,NLR_score,DOR_score
0.9267089365288745,0.501272855778736,12743,1980,0.13060428849902533,446,0.8693957115009746,0.8655165387488963,0.8674561251249355,0.8656471514833289,0.1838417147568013,0.8674561251249355,0.3623033603807344,0.3035045933991153,0.26251028386980335,0.1838417147568013,0.9947697111631538,0.13448346125110372,0.8161582852431987,6.464703565873158,0.1508975076176058,42.84168551183477
