ROC_AUC_score,prediction_threshold,TN,FP,FN,TP,sensitivity,specificity,BA,Accuracy,precision,ROC_ACU_score_discretized,MCC,f1_score,cohen_kappa,PPV_score,NPV_score,FPR_score,FDR_score,PLR_score,NLR_score,DOR_score
0.9278972098033679,0.501272855778736,15934,2470,0.13707165109034267,554,0.8629283489096573,0.8657900456422517,0.8643591972759546,0.8656935839546361,0.1832010582010582,0.8643591972759546,0.3598604357361079,0.30223677032187674,0.26114951481517534,0.1832010582010582,0.9945075521158407,0.13420995435774832,0.8167989417989417,6.429689608636978,0.15831973557591733,40.61205373573795
