ROC_AUC_score,prediction_threshold,TN,FP,FN,TP,sensitivity,specificity,BA,Accuracy,precision,ROC_ACU_score_discretized,MCC,f1_score,cohen_kappa,PPV_score,NPV_score,FPR_score,FDR_score,PLR_score,NLR_score,DOR_score
0.9282073015937323,0.4784575915481217,12727,1996,0.13255360623781676,445,0.8674463937621832,0.8644298037084833,0.8659380987353333,0.8645313730637962,0.18230233510856206,0.8659380987353332,0.3599071104196925,0.3012863913337847,0.2601147626509557,0.18230233510856206,0.9946854239937476,0.13557019629151668,0.8176976648914379,6.398503634950212,0.15334224441261696,41.7269465401391
