ROC_AUC_score,prediction_threshold,TN,FP,FN,TP,sensitivity,specificity,BA,Accuracy,precision,ROC_ACU_score_discretized,MCC,f1_score,cohen_kappa,PPV_score,NPV_score,FPR_score,FDR_score,PLR_score,NLR_score,DOR_score
0.9299877075347971,0.4784575915481217,15943,2461,0.1542056074766355,543,0.8457943925233645,0.8662790697674418,0.8560367311454031,0.8655885750288774,0.1807589880159787,0.8560367311454032,0.3525893634799403,0.2978606692265497,0.25656671126048225,0.1807589880159787,0.9938286996633836,0.13372093023255813,0.8192410119840213,6.32507110930516,0.17800915762403557,35.532279314888015
