ROC_AUC_score,prediction_threshold,TN,FP,FN,TP,sensitivity,specificity,BA,Accuracy,precision,ROC_ACU_score_discretized,MCC,f1_score,cohen_kappa,PPV_score,NPV_score,FPR_score,FDR_score,PLR_score,NLR_score,DOR_score
0.9365173557861688,0.4217294538474215,12402,2321,0.10526315789473684,459,0.8947368421052632,0.8423554982000951,0.8685461701526791,0.844119191388816,0.16510791366906474,0.8685461701526792,0.34424452278114864,0.2787731551776495,0.23530006465783038,0.16510791366906474,0.9956647398843931,0.1576445017999049,0.8348920863309353,5.675661579627658,0.12496286677021531,45.41878500646275
