ROC_AUC_score,prediction_threshold,TN,FP,FN,TP,sensitivity,specificity,BA,Accuracy,precision,ROC_ACU_score_discretized,MCC,f1_score,cohen_kappa,PPV_score,NPV_score,FPR_score,FDR_score,PLR_score,NLR_score,DOR_score
0.9252921280149716,0.4217294538474215,15381,3023,0.11993769470404984,565,0.8800623052959502,0.8357422299500109,0.8579022676229806,0.8372361650740313,0.15746934225195094,0.8579022676229806,0.33038110649633573,0.26713947990543735,0.22268990426604907,0.15746934225195094,0.995018760512356,0.16425777004998912,0.842530657748049,5.357812327709782,0.14351039160869467,37.333967719346504
