ROC_AUC_score,prediction_threshold,TN,FP,FN,TP,sensitivity,specificity,BA,Accuracy,precision,ROC_ACU_score_discretized,MCC,f1_score,cohen_kappa,PPV_score,NPV_score,FPR_score,FDR_score,PLR_score,NLR_score,DOR_score
0.9356923745438672,0.4253909111360565,12475,2248,0.10721247563352826,458,0.8927875243664717,0.8473137268219793,0.8700506255942255,0.8488448411656603,0.16925351071692535,0.8700506255942255,0.3493080106459068,0.28456042249145697,0.24163008440676736,0.16925351071692535,0.9956105347166799,0.15268627317802078,0.8307464892830746,5.847202278135038,0.12653220671362223,46.21117761242315
