ROC_AUC_score,prediction_threshold,TN,FP,FN,TP,sensitivity,specificity,BA,Accuracy,precision,ROC_ACU_score_discretized,MCC,f1_score,cohen_kappa,PPV_score,NPV_score,FPR_score,FDR_score,PLR_score,NLR_score,DOR_score
0.9329475814887865,0.4253909111360565,15532,2872,0.12461059190031153,562,0.8753894080996885,0.8439469680504238,0.8596681880750561,0.8450068255801744,0.16365754222481071,0.8596681880750561,0.33769624560881145,0.2757605495583906,0.23214870236146823,0.16365754222481071,0.9948757366128619,0.15605303194957618,0.8363424577751892,5.609563602599813,0.14765215898360376,37.991747910863495
