ROC_AUC_score,prediction_threshold,TN,FP,FN,TP,sensitivity,specificity,BA,Accuracy,precision,ROC_ACU_score_discretized,MCC,f1_score,cohen_kappa,PPV_score,NPV_score,FPR_score,FDR_score,PLR_score,NLR_score,DOR_score
0.9412731455829079,0.5868006575071724,13270,1453,0.1364522417153996,443,0.8635477582846004,0.9013108741424981,0.8824293162135493,0.900039380414807,0.23364978902953587,0.8824293162135493,0.4179659759290264,0.3677874636778747,0.33240474744569826,0.23364978902953587,0.9947526236881559,0.09868912585750186,0.7663502109704642,8.750181448881053,0.15139309380375496,57.79775833251401
