ROC_AUC_score,prediction_threshold,TN,FP,FN,TP,sensitivity,specificity,BA,Accuracy,precision,ROC_ACU_score_discretized,MCC,f1_score,cohen_kappa,PPV_score,NPV_score,FPR_score,FDR_score,PLR_score,NLR_score,DOR_score
0.9297013855175733,0.5868006575071724,16675,1729,0.17133956386292834,532,0.8286604361370716,0.9060530319495762,0.8673567340433239,0.903444292764885,0.23529411764705882,0.8673567340433239,0.40994979480460253,0.3665173957974509,0.3314120448854375,0.23529411764705882,0.9934465296395592,0.09394696805042382,0.7647058823529411,8.820512820512823,0.18910544727636183,46.643356643356654
