ROC_AUC_score,prediction_threshold,TN,FP,FN,TP,sensitivity,specificity,BA,Accuracy,precision,ROC_ACU_score_discretized,MCC,f1_score,cohen_kappa,PPV_score,NPV_score,FPR_score,FDR_score,PLR_score,NLR_score,DOR_score
0.922863393248076,0.5052640345955125,12843,1880,0.14619883040935672,438,0.8538011695906432,0.8723086327514773,0.8630549011710602,0.8716854817537412,0.18895599654874892,0.8630549011710602,0.3646739845945015,0.30943129636170963,0.2691328403433134,0.18895599654874892,0.9941941477008824,0.12769136724852273,0.811044003451251,6.686443946746299,0.16759988944303977,39.89527659574467
