ROC_AUC_score,prediction_threshold,TN,FP,FN,TP,sensitivity,specificity,BA,Accuracy,precision,ROC_ACU_score_discretized,MCC,f1_score,cohen_kappa,PPV_score,NPV_score,FPR_score,FDR_score,PLR_score,NLR_score,DOR_score
0.9251288660666346,0.5052640345955125,15981,2423,0.14641744548286603,548,0.8535825545171339,0.8683438382960226,0.8609631964065783,0.8678462669326893,0.18444968024234265,0.8609631964065781,0.3590787701507299,0.30334901743703296,0.2624625079428837,0.18444968024234265,0.9941524105754277,0.1316561617039774,0.8155503197576573,6.483422754161507,0.16861689923450768,38.45061072523071
