ROC_AUC_score,prediction_threshold,TN,FP,FN,TP,sensitivity,specificity,BA,Accuracy,precision,ROC_ACU_score_discretized,MCC,f1_score,cohen_kappa,PPV_score,NPV_score,FPR_score,FDR_score,PLR_score,NLR_score,DOR_score
0.9264042852949577,0.4668535434575785,12632,2091,0.13450292397660818,444,0.8654970760233918,0.8579773144060314,0.8617371952147116,0.8582305066946705,0.17514792899408285,0.8617371952147116,0.35040642546837386,0.29133858267716534,0.24929407808466097,0.17514792899408285,0.9945673569010314,0.14202268559396863,0.8248520710059172,6.094076255520038,0.15676745960319846,38.87334955190984
