ROC_AUC_score,prediction_threshold,TN,FP,FN,TP,sensitivity,specificity,BA,Accuracy,precision,ROC_ACU_score_discretized,MCC,f1_score,cohen_kappa,PPV_score,NPV_score,FPR_score,FDR_score,PLR_score,NLR_score,DOR_score
0.9161954160039706,0.4668535434575785,15789,2615,0.1542056074766355,543,0.8457943925233645,0.8579113236252989,0.8518528580743316,0.8575028877454584,0.17194426852438252,0.8518528580743318,0.34148688318633824,0.28578947368421054,0.24340019796273793,0.17194426852438252,0.9937688821752266,0.14208867637470116,0.8280557314756175,5.9525812619502885,0.1797453923617708,33.11673909264733
