ROC_AUC_score,prediction_threshold,TN,FP,FN,TP,sensitivity,specificity,BA,Accuracy,precision,ROC_ACU_score_discretized,MCC,f1_score,cohen_kappa,PPV_score,NPV_score,FPR_score,FDR_score,PLR_score,NLR_score,DOR_score
0.9259453886514304,0.4905631430387828,12748,1975,0.14035087719298245,441,0.8596491228070176,0.8658561434490253,0.8627526331280214,0.8656471514833289,0.18253311258278146,0.8627526331280214,0.3582654517052946,0.301126664390577,0.260023838228041,0.18253311258278146,0.9943837753510141,0.13414385655097466,0.8174668874172185,6.408412169664666,0.16209491409729218,39.53493670886075
