ROC_AUC_score,prediction_threshold,TN,FP,FN,TP,sensitivity,specificity,BA,Accuracy,precision,ROC_ACU_score_discretized,MCC,f1_score,cohen_kappa,PPV_score,NPV_score,FPR_score,FDR_score,PLR_score,NLR_score,DOR_score
0.9264016152522715,0.4905631430387828,15894,2510,0.13239875389408098,557,0.867601246105919,0.8636166050858509,0.865608925595885,0.8637509188281004,0.18161069448972939,0.865608925595885,0.3590366021904066,0.30035049878673503,0.25904478358929606,0.18161069448972939,0.9946805181801114,0.1363833949141491,0.8183893055102707,6.361487383798142,0.15330732771276367,41.494998828216566
