ROC_AUC_score,prediction_threshold,TN,FP,FN,TP,sensitivity,specificity,BA,Accuracy,precision,ROC_ACU_score_discretized,MCC,f1_score,cohen_kappa,PPV_score,NPV_score,FPR_score,FDR_score,PLR_score,NLR_score,DOR_score
0.9337316704486582,0.4037662905368311,12349,2374,0.11500974658869395,454,0.884990253411306,0.8387556883787272,0.8618729708950166,0.8403124179574691,0.16053748231966053,0.8618729708950166,0.33577811381028244,0.27177491768931455,0.2277565902117139,0.16053748231966053,0.9952450032237267,0.16124431162127284,0.8394625176803394,5.48850526578545,0.13711948328005036,40.02717290420228
