ROC_AUC_score,prediction_threshold,TN,FP,FN,TP,sensitivity,specificity,BA,Accuracy,precision,ROC_ACU_score_discretized,MCC,f1_score,cohen_kappa,PPV_score,NPV_score,FPR_score,FDR_score,PLR_score,NLR_score,DOR_score
0.9242992685458464,0.4037662905368311,15354,3050,0.11838006230529595,566,0.881619937694704,0.8342751575744404,0.8579475476345721,0.8358710490391683,0.15652654867256638,0.8579475476345721,0.32943962839439067,0.26585251291686235,0.22126930634317288,0.15652654867256638,0.9950745301360985,0.16572484242555965,0.8434734513274337,5.319781420765028,0.14189570578785116,37.490785159620366
