ROC_AUC_score,prediction_threshold,TN,FP,FN,TP,sensitivity,specificity,BA,Accuracy,precision,ROC_ACU_score_discretized,MCC,f1_score,cohen_kappa,PPV_score,NPV_score,FPR_score,FDR_score,PLR_score,NLR_score,DOR_score
0.923976872986121,0.4780222829799631,12904,1819,0.16374269005847952,429,0.8362573099415205,0.8764518100930517,0.8563545600172862,0.8750984510370176,0.19083629893238435,0.856354560017286,0.36249319774685856,0.3107569721115538,0.270774646009869,0.19083629893238435,0.9935324915306437,0.12354818990694831,0.8091637010676157,6.768673102951627,0.18682452152286066,36.23011073588315
