ROC_AUC_score,prediction_threshold,TN,FP,FN,TP,sensitivity,specificity,BA,Accuracy,precision,ROC_ACU_score_discretized,MCC,f1_score,cohen_kappa,PPV_score,NPV_score,FPR_score,FDR_score,PLR_score,NLR_score,DOR_score
0.9284446324481809,0.4780222829799631,16043,2361,0.15109034267912771,545,0.8489096573208723,0.8717126711584439,0.8603111642396581,0.8709440302425706,0.18754301445285615,0.860311164239658,0.36168606011069815,0.3072153325817362,0.26672610747613434,0.18754301445285615,0.9939900867410161,0.1282873288415562,0.8124569855471439,6.617252576591842,0.17332585343555854,38.17810468218519
