ROC_AUC_score,prediction_threshold,TN,FP,FN,TP,sensitivity,specificity,BA,Accuracy,precision,ROC_ACU_score_discretized,MCC,f1_score,cohen_kappa,PPV_score,NPV_score,FPR_score,FDR_score,PLR_score,NLR_score,DOR_score
0.9379526986922506,0.5634382006798522,13228,1495,0.1267056530214425,448,0.8732943469785575,0.8984581946614141,0.8858762708199858,0.8976109215017065,0.2305712815234174,0.8858762708199858,0.4173371100613131,0.3648208469055375,0.32907767601162285,0.2305712815234174,0.9951102083803506,0.10154180533858588,0.7694287184765826,8.600342923455049,0.14102565236125633,60.98424491896059
