ROC_AUC_score,prediction_threshold,TN,FP,FN,TP,sensitivity,specificity,BA,Accuracy,precision,ROC_ACU_score_discretized,MCC,f1_score,cohen_kappa,PPV_score,NPV_score,FPR_score,FDR_score,PLR_score,NLR_score,DOR_score
0.9274576974665537,0.5634382006798522,16509,1895,0.16666666666666666,535,0.8333333333333334,0.8970332536405129,0.8651832934869231,0.8948860653155518,0.22016460905349794,0.8651832934869232,0.39509191679189015,0.3483072916666667,0.3115968905991624,0.22016460905349794,0.9935604236880116,0.10296674635948706,0.779835390946502,8.093227792436233,0.18579764572859245,43.55936675461741
