ROC_AUC_score,prediction_threshold,TN,FP,FN,TP,sensitivity,specificity,BA,Accuracy,precision,ROC_ACU_score_discretized,MCC,f1_score,cohen_kappa,PPV_score,NPV_score,FPR_score,FDR_score,PLR_score,NLR_score,DOR_score
0.9302637305225451,0.4542370125557299,12627,2096,0.12280701754385964,450,0.8771929824561403,0.8576377097059024,0.8674153460810213,0.8582961407193489,0.1767478397486253,0.8674153460810213,0.3552909255607032,0.2942137953579601,0.2523075946736162,0.1767478397486253,0.9950354609929078,0.14236229029409767,0.8232521602513747,6.161694790411143,0.14319218494482033,43.03094329334786
