ROC_AUC_score,prediction_threshold,TN,FP,FN,TP,sensitivity,specificity,BA,Accuracy,precision,ROC_ACU_score_discretized,MCC,f1_score,cohen_kappa,PPV_score,NPV_score,FPR_score,FDR_score,PLR_score,NLR_score,DOR_score
0.9377566572619659,0.4542370125557299,15924,2480,0.12149532710280374,564,0.8785046728971962,0.8652466855031515,0.8718756792001738,0.8656935839546361,0.18528252299605782,0.871875679200174,0.36630423620373015,0.3060227889310906,0.2651086219697215,0.18528252299605782,0.9951256092988376,0.13475331449684852,0.8147174770039421,6.519354838709679,0.1404169806581261,46.428535980148894
