ROC_AUC_score,prediction_threshold,TN,FP,FN,TP,sensitivity,specificity,BA,Accuracy,precision,ROC_ACU_score_discretized,MCC,f1_score,cohen_kappa,PPV_score,NPV_score,FPR_score,FDR_score,PLR_score,NLR_score,DOR_score
0.9250461312934278,0.4611404851740126,12790,1933,0.14035087719298245,441,0.8596491228070176,0.8687088229301093,0.8641789728685634,0.8684037805198215,0.18576242628475148,0.8641789728685634,0.3622489130523177,0.30550744717700035,0.26479583644118987,0.18576242628475148,0.9944021147566475,0.13129117706989066,0.8142375737152485,6.54765340666721,0.16156262430901336,40.527030522503864
