ROC_AUC_score,prediction_threshold,TN,FP,FN,TP,sensitivity,specificity,BA,Accuracy,precision,ROC_ACU_score_discretized,MCC,f1_score,cohen_kappa,PPV_score,NPV_score,FPR_score,FDR_score,PLR_score,NLR_score,DOR_score
0.9180531660122649,0.4611404851740126,15911,2493,0.16355140186915887,537,0.8364485981308412,0.8645403173223213,0.8504944577265812,0.8635934054394624,0.17722772277227722,0.8504944577265812,0.3458887466524814,0.29248366013071897,0.25080679653174687,0.17722772277227722,0.9934440559440559,0.13545968267767877,0.8227722772277227,6.174889691135181,0.18917729872415304,32.64075411151226
