ROC_AUC_score,prediction_threshold,TN,FP,FN,TP,sensitivity,specificity,BA,Accuracy,precision,ROC_ACU_score_discretized,MCC,f1_score,cohen_kappa,PPV_score,NPV_score,FPR_score,FDR_score,PLR_score,NLR_score,DOR_score
0.9321100414556054,0.5190521158385788,12940,1783,0.11695906432748537,453,0.8830409356725146,0.8788969639339809,0.8809689498032478,0.8790364925177212,0.20259391771019677,0.8809689498032478,0.3883907152255783,0.32957439068752276,0.2907246312089622,0.20259391771019677,0.9953846153846154,0.12110303606601916,0.7974060822898033,7.29164985749099,0.1330748303008939,54.793606281547966
