ROC_AUC_score,prediction_threshold,TN,FP,FN,TP,sensitivity,specificity,BA,Accuracy,precision,ROC_ACU_score_discretized,MCC,f1_score,cohen_kappa,PPV_score,NPV_score,FPR_score,FDR_score,PLR_score,NLR_score,DOR_score
0.934506652691647,0.5190521158385788,16188,2216,0.13707165109034267,554,0.8629283489096573,0.8795913931753967,0.871259871042527,0.8790297175259897,0.2,0.871259871042527,0.38011753682208843,0.324736225087925,0.28563863883392326,0.2,0.9945932661587613,0.12040860682460335,0.8,7.166666666666669,0.15583559838563546,45.988636363636374
