ROC_AUC_score,prediction_threshold,TN,FP,FN,TP,sensitivity,specificity,BA,Accuracy,precision,ROC_ACU_score_discretized,MCC,f1_score,cohen_kappa,PPV_score,NPV_score,FPR_score,FDR_score,PLR_score,NLR_score,DOR_score
0.9278266530507028,0.5033390989648414,12891,1832,0.1267056530214425,448,0.8732943469785575,0.8755688378727161,0.8744315924256367,0.875492255185088,0.19649122807017544,0.8744315924256367,0.3786660993742309,0.32080200501253137,0.2812933763701524,0.19649122807017544,0.9949830194504476,0.12443116212728385,0.8035087719298246,7.018292942448306,0.144712383014095,48.49821968424584
