ROC_AUC_score,prediction_threshold,TN,FP,FN,TP,sensitivity,specificity,BA,Accuracy,precision,ROC_ACU_score_discretized,MCC,f1_score,cohen_kappa,PPV_score,NPV_score,FPR_score,FDR_score,PLR_score,NLR_score,DOR_score
0.9266334319845139,0.5033390989648414,16066,2338,0.14953271028037382,546,0.8504672897196262,0.8729623994783743,0.8617148445990002,0.8722041373516749,0.18932038834951456,0.8617148445990003,0.36422921272753167,0.3096993760635281,0.2694141850190549,0.18932038834951456,0.9940601410716495,0.12703760052162574,0.8106796116504854,6.694610778443114,0.17129341466450893,39.08270958083832
