ROC_AUC_score,prediction_threshold,TN,FP,FN,TP,sensitivity,specificity,BA,Accuracy,precision,ROC_ACU_score_discretized,MCC,f1_score,cohen_kappa,PPV_score,NPV_score,FPR_score,FDR_score,PLR_score,NLR_score,DOR_score
0.9241634238720787,0.4976558321666941,12876,1847,0.14619883040935672,438,0.8538011695906432,0.874550023772329,0.8641755966814861,0.8738514045681282,0.19168490153172865,0.864175596681486,0.36796195772679824,0.3130807719799857,0.2731060019533377,0.19168490153172865,0.9942089413944869,0.12544997622767098,0.8083150984682713,6.805909377305384,0.16717034638994716,40.71242014076881
