ROC_AUC_score,prediction_threshold,TN,FP,FN,TP,sensitivity,specificity,BA,Accuracy,precision,ROC_ACU_score_discretized,MCC,f1_score,cohen_kappa,PPV_score,NPV_score,FPR_score,FDR_score,PLR_score,NLR_score,DOR_score
0.9196410979327939,0.4976558321666941,15966,2438,0.14953271028037382,546,0.8504672897196262,0.8675287980873723,0.8589980439034992,0.8669536910637404,0.18297587131367293,0.8589980439034992,0.356489287652838,0.3011583011583012,0.26010957645746524,0.18297587131367293,0.9940231602540157,0.13247120191262768,0.8170241286863271,6.420016406890892,0.17236627834147566,37.24635972108283
