ROC_AUC_score,prediction_threshold,TN,FP,FN,TP,sensitivity,specificity,BA,Accuracy,precision,ROC_ACU_score_discretized,MCC,f1_score,cohen_kappa,PPV_score,NPV_score,FPR_score,FDR_score,PLR_score,NLR_score,DOR_score
0.9243208468695265,0.5147362303692449,12987,1736,0.1539961013645224,434,0.8460038986354775,0.882089248115194,0.8640465733753357,0.8808742452087162,0.2,0.8640465733753359,0.37578772334681304,0.3235184494968319,0.2845517441789468,0.2,0.9939537731516914,0.11791075188480608,0.8,7.1749512670565325,0.17458108881110834,41.09810126582279
