ROC_AUC_score,prediction_threshold,TN,FP,FN,TP,sensitivity,specificity,BA,Accuracy,precision,ROC_ACU_score_discretized,MCC,f1_score,cohen_kappa,PPV_score,NPV_score,FPR_score,FDR_score,PLR_score,NLR_score,DOR_score
0.9321234852778179,0.5147362303692449,16106,2298,0.14953271028037382,546,0.8504672897196262,0.8751358400347751,0.8628015648772006,0.8743043158668486,0.19198312236286919,0.8628015648772006,0.367429197030726,0.3132530120481927,0.2732835362734064,0.19198312236286919,0.9940748055795581,0.12486415996522496,0.8080168776371308,6.811140121845083,0.1708679995032907,39.86199956483899
