ROC_AUC_score,prediction_threshold,TN,FP,FN,TP,sensitivity,specificity,BA,Accuracy,precision,ROC_ACU_score_discretized,MCC,f1_score,cohen_kappa,PPV_score,NPV_score,FPR_score,FDR_score,PLR_score,NLR_score,DOR_score
0.9220817066400596,0.5890163418037913,13317,1406,0.18128654970760233,420,0.8187134502923976,0.9045031583237112,0.8616083043080545,0.9016145970070885,0.23001095290251916,0.8616083043080545,0.40166172973732905,0.3591278324070115,0.32356701586398195,0.23001095290251916,0.9930648769574945,0.0954968416762888,0.7699890470974808,8.573199238019182,0.20042666301306825,42.774744183912254
