ROC_AUC_score,prediction_threshold,TN,FP,FN,TP,sensitivity,specificity,BA,Accuracy,precision,ROC_ACU_score_discretized,MCC,f1_score,cohen_kappa,PPV_score,NPV_score,FPR_score,FDR_score,PLR_score,NLR_score,DOR_score
0.9323448918391708,0.5890163418037913,16626,1778,0.19781931464174454,515,0.8021806853582555,0.9033905672679852,0.8527856263131204,0.8999789982148483,0.2245965983427824,0.8527856263131203,0.39130570758659894,0.3509369676320273,0.3148506609229078,0.2245965983427824,0.9924192681907718,0.09660943273201478,0.7754034016572177,8.303337082864637,0.2189742972853763,37.919231552748805
