ROC_AUC_score,prediction_threshold,TN,FP,FN,TP,sensitivity,specificity,BA,Accuracy,precision,ROC_ACU_score_discretized,MCC,f1_score,cohen_kappa,PPV_score,NPV_score,FPR_score,FDR_score,PLR_score,NLR_score,DOR_score
0.9266633911032042,0.5118588592330934,12824,1899,0.14035087719298245,441,0.8596491228070176,0.8710181348909869,0.8653336288490022,0.8706353373588869,0.18846153846153846,0.8653336288490023,0.3655451650930912,0.3091482649842271,0.2687604699661541,0.18846153846153846,0.9944168734491315,0.1289818651090131,0.8115384615384615,6.664883641436398,0.16113427673988465,41.36229594523434
