ROC_AUC_score,prediction_threshold,TN,FP,FN,TP,sensitivity,specificity,BA,Accuracy,precision,ROC_ACU_score_discretized,MCC,f1_score,cohen_kappa,PPV_score,NPV_score,FPR_score,FDR_score,PLR_score,NLR_score,DOR_score
0.9272289276135961,0.5118588592330934,16076,2328,0.16355140186915887,537,0.8364485981308412,0.8735057596174745,0.8549771788741578,0.8722566418145542,0.187434554973822,0.8549771788741578,0.3584173821817673,0.3062446535500427,0.26580952284078074,0.187434554973822,0.9935109078548915,0.12649424038252555,0.812565445026178,6.61254295532646,0.18723563075391886,35.316691212567505
