ROC_AUC_score,prediction_threshold,TN,FP,FN,TP,sensitivity,specificity,BA,Accuracy,precision,ROC_ACU_score_discretized,MCC,f1_score,cohen_kappa,PPV_score,NPV_score,FPR_score,FDR_score,PLR_score,NLR_score,DOR_score
0.9399368374977609,0.4686070029699734,12599,2124,0.1111111111111111,456,0.8888888888888888,0.8557359233851797,0.8723124061370342,0.8568521921764243,0.17674418604651163,0.8723124061370342,0.3581263332761935,0.2948593598448109,0.25289323669920516,0.17674418604651163,0.9954962073324906,0.14426407661482035,0.8232558139534883,6.161540071144592,0.1298427564797912,47.45386064030131
