ROC_AUC_score,prediction_threshold,TN,FP,FN,TP,sensitivity,specificity,BA,Accuracy,precision,ROC_ACU_score_discretized,MCC,f1_score,cohen_kappa,PPV_score,NPV_score,FPR_score,FDR_score,PLR_score,NLR_score,DOR_score
0.9273650215549784,0.4686070029699734,15765,2639,0.12305295950155763,563,0.8769470404984424,0.8566072592914584,0.8667771498949504,0.8572928698939409,0.17582760774515926,0.8667771498949504,0.35400778503629826,0.29292403746097806,0.2508547432054109,0.17582760774515926,0.9950138853824791,0.14339274070854163,0.8241723922548407,6.115700391562463,0.14365154878951258,42.5731601440899
