ROC_AUC_score,prediction_threshold,TN,FP,FN,TP,sensitivity,specificity,BA,Accuracy,precision,ROC_ACU_score_discretized,MCC,f1_score,cohen_kappa,PPV_score,NPV_score,FPR_score,FDR_score,PLR_score,NLR_score,DOR_score
0.928995475776917,0.4003064268794716,12365,2358,0.11500974658869395,454,0.884990253411306,0.8398424234191402,0.862416338415223,0.8413625623523234,0.16145092460881935,0.862416338415223,0.33702042582702385,0.2730827067669173,0.2291841009701644,0.16145092460881935,0.9952511268512556,0.16015757658085988,0.8385490753911806,5.52574703179587,0.1369420541063762,40.350986903581024
