ROC_AUC_score,prediction_threshold,TN,FP,FN,TP,sensitivity,specificity,BA,Accuracy,precision,ROC_ACU_score_discretized,MCC,f1_score,cohen_kappa,PPV_score,NPV_score,FPR_score,FDR_score,PLR_score,NLR_score,DOR_score
0.9359961534841742,0.4003064268794716,15362,3042,0.11370716510903427,569,0.8862928348909658,0.8347098456857205,0.8605013402883431,0.8364485981308412,0.157574079202437,0.8605013402883432,0.3319658769998516,0.2675758288267106,0.22310712314103087,0.157574079202437,0.9952704891480402,0.1652901543142795,0.842425920797563,5.362042515888669,0.13622358199887163,39.362072536993516
