ROC_AUC_score,prediction_threshold,TN,FP,FN,TP,sensitivity,specificity,BA,Accuracy,precision,ROC_ACU_score_discretized,MCC,f1_score,cohen_kappa,PPV_score,NPV_score,FPR_score,FDR_score,PLR_score,NLR_score,DOR_score
0.9328108319732595,0.5032272848371231,12870,1853,0.13840155945419103,442,0.8615984405458089,0.8741424981321742,0.8678704693389916,0.8737201365187713,0.1925925925925926,0.8678704693389916,0.37102783922536575,0.3148148148148148,0.27490721904793836,0.1925925925925926,0.9945135615485665,0.12585750186782585,0.8074074074074075,6.84582506214568,0.15832837294825605,43.23814446310891
