ROC_AUC_score,prediction_threshold,TN,FP,FN,TP,sensitivity,specificity,BA,Accuracy,precision,ROC_ACU_score_discretized,MCC,f1_score,cohen_kappa,PPV_score,NPV_score,FPR_score,FDR_score,PLR_score,NLR_score,DOR_score
0.927308823559283,0.5032272848371231,16008,2396,0.14174454828660435,551,0.8582554517133957,0.8698109106715931,0.8640331811924944,0.8694214008190696,0.18696979979640313,0.8640331811924944,0.3633331923970696,0.3070493173585957,0.26644219010469317,0.18696979979640313,0.9943474749984471,0.13018908932840687,0.8130302002035968,6.592376182526432,0.16296018657337993,40.45390669430736
