ROC_AUC_score,prediction_threshold,TN,FP,FN,TP,sensitivity,specificity,BA,Accuracy,precision,ROC_ACU_score_discretized,MCC,f1_score,cohen_kappa,PPV_score,NPV_score,FPR_score,FDR_score,PLR_score,NLR_score,DOR_score
0.9309759073966168,0.5675706281820732,13208,1515,0.1617933723196881,430,0.8382066276803118,0.897099775860898,0.8676532017706049,0.8951168285639275,0.2210796915167095,0.8676532017706048,0.39745370968551064,0.3498779495524817,0.31328560156987617,0.2210796915167095,0.9937551726732375,0.10290022413910209,0.7789203084832905,8.145819260288604,0.1803515915099007,45.16632868106088
