ROC_AUC_score,prediction_threshold,TN,FP,FN,TP,sensitivity,specificity,BA,Accuracy,precision,ROC_ACU_score_discretized,MCC,f1_score,cohen_kappa,PPV_score,NPV_score,FPR_score,FDR_score,PLR_score,NLR_score,DOR_score
0.9197552712704334,0.5675706281820732,16494,1910,0.19937694704049844,514,0.8006230529595015,0.8962182134318626,0.8484206331956821,0.8929959046518954,0.21204620462046206,0.8484206331956821,0.3773545065690914,0.33529028049575993,0.2978670692525065,0.21204620462046206,0.9922993622909397,0.10378178656813736,0.7879537953795379,7.714485165794062,0.22246473465098424,34.677339659685835
