ROC_AUC_score,prediction_threshold,TN,FP,FN,TP,sensitivity,specificity,BA,Accuracy,precision,ROC_ACU_score_discretized,MCC,f1_score,cohen_kappa,PPV_score,NPV_score,FPR_score,FDR_score,PLR_score,NLR_score,DOR_score
0.9321285773846572,0.5660648668162648,13290,1433,0.16764132553606237,427,0.8323586744639376,0.9026692929430143,0.867513983703476,0.9003019165135207,0.2295698924731183,0.8675139837034761,0.4049870166283719,0.359882005899705,0.3242120956117541,0.2295698924731183,0.9935705741626795,0.09733070705698567,0.7704301075268817,8.551860965898504,0.18571732399303584,46.0477287849527
