ROC_AUC_score,prediction_threshold,TN,FP,FN,TP,sensitivity,specificity,BA,Accuracy,precision,ROC_ACU_score_discretized,MCC,f1_score,cohen_kappa,PPV_score,NPV_score,FPR_score,FDR_score,PLR_score,NLR_score,DOR_score
0.9313797928257503,0.5660648668162648,16553,1851,0.17133956386292834,532,0.8286604361370716,0.8994240382525538,0.8640422371948127,0.897038748293605,0.22324800671422576,0.8640422371948127,0.3971611671409981,0.3517355371900826,0.31537655877957227,0.22324800671422576,0.9933985476804897,0.10057596174744621,0.7767519932857743,8.239150009004142,0.19049920457520292,43.250311870733256
