ROC_AUC_score,prediction_threshold,TN,FP,FN,TP,sensitivity,specificity,BA,Accuracy,precision,ROC_ACU_score_discretized,MCC,f1_score,cohen_kappa,PPV_score,NPV_score,FPR_score,FDR_score,PLR_score,NLR_score,DOR_score
0.9287198200320168,0.5324950936694458,13147,1576,0.16764132553606237,427,0.8323586744639376,0.8929565985193235,0.8626576364916305,0.8909162509845103,0.21318022965551672,0.8626576364916306,0.3871809937920115,0.33942766295707477,0.302008247374258,0.21318022965551672,0.9935010957454847,0.1070434014806765,0.7868197703444832,7.775898962013042,0.18773737247033134,41.41902520363594
