ROC_AUC_score,prediction_threshold,TN,FP,FN,TP,sensitivity,specificity,BA,Accuracy,precision,ROC_ACU_score_discretized,MCC,f1_score,cohen_kappa,PPV_score,NPV_score,FPR_score,FDR_score,PLR_score,NLR_score,DOR_score
0.9245183899477357,0.5324950936694458,16337,2067,0.16978193146417445,533,0.8302180685358256,0.8876874592479895,0.8589527638919076,0.8857502887745459,0.205,0.8589527638919076,0.37737585217934144,0.3288093769278223,0.2904469146839209,0.205,0.9933722485710811,0.11231254075201043,0.795,7.392033542976937,0.19126318581542914,38.648491143038484
