ROC_AUC_score,prediction_threshold,TN,FP,FN,TP,sensitivity,specificity,BA,Accuracy,precision,ROC_ACU_score_discretized,MCC,f1_score,cohen_kappa,PPV_score,NPV_score,FPR_score,FDR_score,PLR_score,NLR_score,DOR_score
0.9308078924397108,0.49309581959333093,12745,1978,0.12475633528265107,449,0.8752436647173489,0.8656523806289479,0.8704480226731484,0.865975321606721,0.1850020601565719,0.8704480226731485,0.3651923019543238,0.3054421768707483,0.2645587961990499,0.1850020601565719,0.9950035131548131,0.1343476193710521,0.814997939843428,6.514768693444655,0.1441182835909354,45.20431780839231
