ROC_AUC_score,prediction_threshold,TN,FP,FN,TP,sensitivity,specificity,BA,Accuracy,precision,ROC_ACU_score_discretized,MCC,f1_score,cohen_kappa,PPV_score,NPV_score,FPR_score,FDR_score,PLR_score,NLR_score,DOR_score
0.9310089199083771,0.49309581959333093,15982,2422,0.11838006230529595,566,0.881619937694704,0.8683981743099326,0.8750090560023183,0.8688438517273969,0.1894243641231593,0.8750090560023184,0.37218541836584323,0.31184573002754823,0.2714146200785208,0.1894243641231593,0.9952671565574791,0.13160182569006737,0.8105756358768407,6.699146710707403,0.13632002669670049,49.142791950975685
