ROC_AUC_score,prediction_threshold,TN,FP,FN,TP,sensitivity,specificity,BA,Accuracy,precision,ROC_ACU_score_discretized,MCC,f1_score,cohen_kappa,PPV_score,NPV_score,FPR_score,FDR_score,PLR_score,NLR_score,DOR_score
0.9347548537323218,0.5447819379892526,13127,1596,0.15009746588693956,436,0.8499025341130604,0.8915981797188073,0.8707503569159338,0.8901942767130481,0.21456692913385828,0.8707503569159338,0.39341761605613845,0.3426326129666012,0.305279897504518,0.21456692913385828,0.994168433807937,0.10840182028119269,0.7854330708661418,7.840297625154502,0.1683465369279662,46.57237248966569
