ROC_AUC_score,prediction_threshold,TN,FP,FN,TP,sensitivity,specificity,BA,Accuracy,precision,ROC_ACU_score_discretized,MCC,f1_score,cohen_kappa,PPV_score,NPV_score,FPR_score,FDR_score,PLR_score,NLR_score,DOR_score
0.927850406352134,0.5447819379892526,16401,2003,0.1526479750778816,544,0.8473520249221184,0.8911649641382308,0.8692584945301746,0.8896881234904966,0.21358460934432666,0.8692584945301747,0.39159833173615094,0.3411727814361869,0.3036802848003455,0.21358460934432666,0.9940602460755197,0.10883503586176918,0.7864153906556733,7.785654851056744,0.1712903684734671,45.452963412024786
