ROC_AUC_score,prediction_threshold,TN,FP,FN,TP,sensitivity,specificity,BA,Accuracy,precision,ROC_ACU_score_discretized,MCC,f1_score,cohen_kappa,PPV_score,NPV_score,FPR_score,FDR_score,PLR_score,NLR_score,DOR_score
0.9242664306778099,0.5322926445859968,13032,1691,0.15789473684210525,432,0.8421052631578947,0.8851456904163554,0.863625476787125,0.8836965082698871,0.203485633537447,0.863625476787125,0.3788044831884885,0.32776934749620634,0.2892200795189581,0.203485633537447,0.9938229238160604,0.11485430958364463,0.796514366462553,7.331943104360548,0.17838276630803532,41.102306327616795
