ROC_AUC_score,prediction_threshold,TN,FP,FN,TP,sensitivity,specificity,BA,Accuracy,precision,ROC_ACU_score_discretized,MCC,f1_score,cohen_kappa,PPV_score,NPV_score,FPR_score,FDR_score,PLR_score,NLR_score,DOR_score
0.9280625030045615,0.5322926445859968,16293,2111,0.13551401869158877,555,0.8644859813084113,0.8852966746359487,0.8748913279721799,0.8845951905912003,0.20817704426106526,0.8748913279721799,0.39000663463676605,0.3355501813784764,0.2973751508533994,0.20817704426106526,0.9946886446886447,0.1147033253640513,0.7918229557389347,7.536712458550453,0.15307187135579692,49.23642986654474
