ROC_AUC_score,prediction_threshold,TN,FP,FN,TP,sensitivity,specificity,BA,Accuracy,precision,ROC_ACU_score_discretized,MCC,f1_score,cohen_kappa,PPV_score,NPV_score,FPR_score,FDR_score,PLR_score,NLR_score,DOR_score
0.9341905670921854,0.5308084771260444,13050,1673,0.13450292397660818,444,0.8654970760233918,0.88636826733682,0.8759326716801059,0.8856655290102389,0.20973075106282474,0.8759326716801059,0.3920903108766755,0.3376425855513308,0.2996816402742495,0.20973075106282474,0.9947404527784129,0.11363173266318005,0.7902692489371752,7.616684668435384,0.15174609576303472,50.19361210010653
