ROC_AUC_score,prediction_threshold,TN,FP,FN,TP,sensitivity,specificity,BA,Accuracy,precision,ROC_ACU_score_discretized,MCC,f1_score,cohen_kappa,PPV_score,NPV_score,FPR_score,FDR_score,PLR_score,NLR_score,DOR_score
0.9281589028797071,0.5308084771260444,16280,2124,0.13551401869158877,555,0.8644859813084113,0.8845903064551185,0.8745381438817649,0.8839126325737687,0.20716685330347145,0.8745381438817649,0.3888470225748312,0.3342366757000903,0.2959480491600922,0.20716685330347145,0.9946844259791043,0.11540969354488155,0.7928331466965286,7.490583804143129,0.15319410319410315,48.89603220988379
