ROC_AUC_score,prediction_threshold,TN,FP,FN,TP,sensitivity,specificity,BA,Accuracy,precision,ROC_ACU_score_discretized,MCC,f1_score,cohen_kappa,PPV_score,NPV_score,FPR_score,FDR_score,PLR_score,NLR_score,DOR_score
0.9330079748186756,0.5094324012006154,12848,1875,0.12085769980506822,451,0.8791423001949318,0.8726482374516064,0.8758952688232691,0.8728668941979523,0.19389509888220122,0.8758952688232691,0.37703851606004346,0.31771750616414235,0.2778763159759511,0.19389509888220122,0.9951975213013168,0.12735176254839367,0.8061049011177988,6.903259779077325,0.1384953233367076,49.84471397849464
