ROC_AUC_score,prediction_threshold,TN,FP,FN,TP,sensitivity,specificity,BA,Accuracy,precision,ROC_ACU_score_discretized,MCC,f1_score,cohen_kappa,PPV_score,NPV_score,FPR_score,FDR_score,PLR_score,NLR_score,DOR_score
0.927048992464729,0.5094324012006154,16031,2373,0.1588785046728972,540,0.8411214953271028,0.8710606389915235,0.8560910671593132,0.8700514543736217,0.18537590113285274,0.8560910671593132,0.35709756758442146,0.3037974683544304,0.2630897540119832,0.18537590113285274,0.9936775553213909,0.12893936100847642,0.8146240988671473,6.5233881163084675,0.18239660657476142,35.764854614412116
