ROC_AUC_score,prediction_threshold,TN,FP,FN,TP,sensitivity,specificity,BA,Accuracy,precision,ROC_ACU_score_discretized,MCC,f1_score,cohen_kappa,PPV_score,NPV_score,FPR_score,FDR_score,PLR_score,NLR_score,DOR_score
0.9322137102588025,0.5011987664852429,12932,1791,0.1286549707602339,447,0.8713450292397661,0.8783535964137744,0.8748493128267703,0.8781176161722237,0.19973190348525469,0.8748493128267701,0.38201045225912195,0.3249727371864777,0.28584941893149296,0.19973190348525469,0.9949222957378058,0.12164640358622564,0.8002680965147453,7.162932923225618,0.14647286842738352,48.90279681234458
