ROC_AUC_score,prediction_threshold,TN,FP,FN,TP,sensitivity,specificity,BA,Accuracy,precision,ROC_ACU_score_discretized,MCC,f1_score,cohen_kappa,PPV_score,NPV_score,FPR_score,FDR_score,PLR_score,NLR_score,DOR_score
0.9274779253595826,0.5011987664852429,16130,2274,0.1542056074766355,543,0.8457943925233645,0.8764399043686155,0.8611171484459901,0.8754069095873149,0.19275825346112885,0.8611171484459901,0.3671659767587644,0.3139635732870772,0.27410989554870446,0.19275825346112885,0.9938998089839177,0.12356009563138448,0.8072417465388712,6.845206684256817,0.17594544327340356,38.90527971002906
