ROC_AUC_score,prediction_threshold,TN,FP,FN,TP,sensitivity,specificity,BA,Accuracy,precision,ROC_ACU_score_discretized,MCC,f1_score,cohen_kappa,PPV_score,NPV_score,FPR_score,FDR_score,PLR_score,NLR_score,DOR_score
0.9343756615837178,0.5606402162978888,13145,1578,0.1442495126705653,439,0.8557504873294347,0.8928207566392719,0.8742856219843533,0.8915725912312943,0.21764997521070897,0.8742856219843531,0.3984168780531534,0.34703557312252964,0.3099917269862703,0.21764997521070897,0.9944019971253498,0.10717924336072811,0.782350024789291,7.984293044962778,0.16156603842135664,49.41813962251223
