ROC_AUC_score,prediction_threshold,TN,FP,FN,TP,sensitivity,specificity,BA,Accuracy,precision,ROC_ACU_score_discretized,MCC,f1_score,cohen_kappa,PPV_score,NPV_score,FPR_score,FDR_score,PLR_score,NLR_score,DOR_score
0.9253781177192281,0.5606402162978888,16429,1975,0.18847352024922118,521,0.8115264797507789,0.8926863725277113,0.852106426139245,0.8899506458048935,0.20873397435897437,0.852106426139245,0.37662251892764625,0.33205863607393243,0.2942120118347672,0.20873397435897437,0.9926888217522659,0.10731362747228863,0.7912660256410257,7.562194092827002,0.21113072412603726,35.81759179830526
