ROC_AUC_score,prediction_threshold,TN,FP,FN,TP,sensitivity,specificity,BA,Accuracy,precision,ROC_ACU_score_discretized,MCC,f1_score,cohen_kappa,PPV_score,NPV_score,FPR_score,FDR_score,PLR_score,NLR_score,DOR_score
0.9245663155299706,0.4892497379087394,12908,1815,0.14230019493177387,440,0.8576998050682261,0.876723493853155,0.8672116494606905,0.8760829614071934,0.1951219512195122,0.8672116494606905,0.3730576383140815,0.3179190751445087,0.2783280562297412,0.1951219512195122,0.9943763962714737,0.12327650614684507,0.8048780487804879,6.957528501388151,0.16230909280914993,42.86591946865919
