ROC_AUC_score,prediction_threshold,TN,FP,FN,TP,sensitivity,specificity,BA,Accuracy,precision,ROC_ACU_score_discretized,MCC,f1_score,cohen_kappa,PPV_score,NPV_score,FPR_score,FDR_score,PLR_score,NLR_score,DOR_score
0.9239717290227442,0.4892497379087394,16083,2321,0.1557632398753894,542,0.8442367601246106,0.8738861117148446,0.8590614359197276,0.8728866953691063,0.18931191058330424,0.8590614359197276,0.3626454177534133,0.3092724679029957,0.2690192592793631,0.18931191058330424,0.9938206760180436,0.1261138882851554,0.8106880894166958,6.694240988079853,0.17824203610437522,37.55702714347265
