ROC_AUC_score,prediction_threshold,TN,FP,FN,TP,sensitivity,specificity,BA,Accuracy,precision,ROC_ACU_score_discretized,MCC,f1_score,cohen_kappa,PPV_score,NPV_score,FPR_score,FDR_score,PLR_score,NLR_score,DOR_score
0.9314611515392961,0.4278879515378249,12412,2311,0.10721247563352826,458,0.8927875243664717,0.8430347076003532,0.8679111159834124,0.8447098976109215,0.16540267244492596,0.8679111159834125,0.3441813124726157,0.279098110907983,0.23567310167735855,0.16540267244492596,0.9955883532525869,0.15696529239964682,0.834597327555074,5.687802129488342,0.12717445043123085,44.72440895322761
