ROC_AUC_score,prediction_threshold,TN,FP,FN,TP,sensitivity,specificity,BA,Accuracy,precision,ROC_ACU_score_discretized,MCC,f1_score,cohen_kappa,PPV_score,NPV_score,FPR_score,FDR_score,PLR_score,NLR_score,DOR_score
0.9246533836271541,0.4278879515378249,15516,2888,0.1261682242990654,561,0.8738317757009346,0.8430775918278635,0.858454683764399,0.8441142497112255,0.16265584227312263,0.8584546837643989,0.33598566487075104,0.27426057198728915,0.2305266376435987,0.16265584227312263,0.9948066935949221,0.15692240817213648,0.8373441577268773,5.568559556786703,0.1496519721577726,37.21006463527239
