ROC_AUC_score,prediction_threshold,TN,FP,FN,TP,sensitivity,specificity,BA,Accuracy,precision,ROC_ACU_score_discretized,MCC,f1_score,cohen_kappa,PPV_score,NPV_score,FPR_score,FDR_score,PLR_score,NLR_score,DOR_score
0.9149253816316092,0.49494084899633456,12778,1945,0.17738791423001948,422,0.8226120857699805,0.8678937716497996,0.84525292870989,0.8663691257547913,0.17828474862695395,0.84525292870989,0.34383705323526575,0.29305555555555557,0.2516370479382256,0.17828474862695395,0.9929287434921128,0.13210622835020036,0.821715251373046,6.2268985803554875,0.20438897019945043,30.46592276617983
