ROC_AUC_score,prediction_threshold,TN,FP,FN,TP,sensitivity,specificity,BA,Accuracy,precision,ROC_ACU_score_discretized,MCC,f1_score,cohen_kappa,PPV_score,NPV_score,FPR_score,FDR_score,PLR_score,NLR_score,DOR_score
0.9320256465985656,0.49494084899633456,15911,2493,0.14018691588785046,552,0.8598130841121495,0.8645403173223213,0.8621767007172354,0.8643809723826525,0.1812807881773399,0.8621767007172354,0.35670312906881935,0.29943043124491453,0.258125102864722,0.1812807881773399,0.9943753515405287,0.13545968267767877,0.81871921182266,6.347372643401527,0.16215197033498838,39.14459152293089
