ROC_AUC_score,prediction_threshold,TN,FP,FN,TP,sensitivity,specificity,BA,Accuracy,precision,ROC_ACU_score_discretized,MCC,f1_score,cohen_kappa,PPV_score,NPV_score,FPR_score,FDR_score,PLR_score,NLR_score,DOR_score
0.9352832601097936,0.4923751048862436,12898,1825,0.12475633528265107,449,0.8752436647173489,0.8760442844528968,0.8756439745851229,0.8760173273825151,0.19744942832014073,0.875643974585123,0.38030498888832276,0.3222102619303911,0.2828037592592483,0.19744942832014073,0.9950624903564265,0.12395571554710318,0.8025505716798593,7.060938342812893,0.14240870866541105,49.58220890410959
