ROC_AUC_score,prediction_threshold,TN,FP,FN,TP,sensitivity,specificity,BA,Accuracy,precision,ROC_ACU_score_discretized,MCC,f1_score,cohen_kappa,PPV_score,NPV_score,FPR_score,FDR_score,PLR_score,NLR_score,DOR_score
0.9349746872039874,0.4923751048862436,16004,2400,0.14174454828660435,551,0.8582554517133957,0.8695935666159531,0.8639245091646743,0.8692113829675523,0.18671636733310742,0.8639245091646744,0.3630235769488193,0.3067074867798497,0.26606989747443477,0.18671636733310742,0.9943460702081391,0.13040643338404695,0.8132836326668926,6.581388888888892,0.1630009164375572,40.37639194139198
