ROC_AUC_score,prediction_threshold,TN,FP,FN,TP,sensitivity,specificity,BA,Accuracy,precision,ROC_ACU_score_discretized,MCC,f1_score,cohen_kappa,PPV_score,NPV_score,FPR_score,FDR_score,PLR_score,NLR_score,DOR_score
0.9300036979178458,0.45012557969826766,12392,2331,0.11500974658869395,454,0.884990253411306,0.841676288799837,0.8633332711055715,0.8431346810186401,0.163016157989228,0.8633332711055715,0.33913864979415265,0.2753183747725894,0.23162408459781247,0.163016157989228,0.9952614247851578,0.158323711200163,0.836983842010772,5.589751823669953,0.13664368132870738,40.90750314479127
