ROC_AUC_score,prediction_threshold,TN,FP,FN,TP,sensitivity,specificity,BA,Accuracy,precision,ROC_ACU_score_discretized,MCC,f1_score,cohen_kappa,PPV_score,NPV_score,FPR_score,FDR_score,PLR_score,NLR_score,DOR_score
0.9186368973018868,0.45012557969826766,15533,2871,0.1292834890965732,559,0.8707165109034268,0.8440013040643338,0.8573589074838803,0.8449018166544157,0.1629737609329446,0.8573589074838803,0.33568062378836844,0.27455795677799605,0.2308821980645237,0.1629737609329446,0.9946849385245902,0.15599869593566615,0.8370262390670554,5.581562753976547,0.15317925277366462,36.43811190425234
