ROC_AUC_score,prediction_threshold,TN,FP,FN,TP,sensitivity,specificity,BA,Accuracy,precision,ROC_ACU_score_discretized,MCC,f1_score,cohen_kappa,PPV_score,NPV_score,FPR_score,FDR_score,PLR_score,NLR_score,DOR_score
0.9380245916170732,0.4653671455401906,12701,2022,0.11695906432748537,453,0.8830409356725146,0.8626638592678123,0.8728523974701634,0.8633499606195852,0.18303030303030304,0.8728523974701634,0.36466477823966326,0.3032128514056225,0.2620507535764469,0.18303030303030304,0.9952981741242849,0.13733614073218772,0.816969696969697,6.429778286798435,0.1355789547353411,47.42460435212662
