ROC_AUC_score,prediction_threshold,TN,FP,FN,TP,sensitivity,specificity,BA,Accuracy,precision,ROC_ACU_score_discretized,MCC,f1_score,cohen_kappa,PPV_score,NPV_score,FPR_score,FDR_score,PLR_score,NLR_score,DOR_score
0.9340349788512723,0.4653671455401906,15797,2607,0.1277258566978193,560,0.8722741433021807,0.858346011736579,0.8653100775193798,0.8588154993174419,0.1768234922639722,0.8653100775193799,0.3541438210923405,0.29404043055920187,0.2521195378735558,0.1768234922639722,0.9948359468480383,0.141653988263421,0.8231765077360278,6.157780334995524,0.14880462535080502,41.381646037403975
