ROC_AUC_score,prediction_threshold,TN,FP,FN,TP,sensitivity,specificity,BA,Accuracy,precision,ROC_ACU_score_discretized,MCC,f1_score,cohen_kappa,PPV_score,NPV_score,FPR_score,FDR_score,PLR_score,NLR_score,DOR_score
0.9264124940635377,0.5312744092009104,13070,1653,0.15984405458089668,431,0.8401559454191033,0.8877266861373362,0.8639413157782198,0.8861249671829876,0.20681381957773512,0.8639413157782198,0.3820968327061395,0.3319214478244128,0.29375724758526034,0.20681381957773512,0.993765206812652,0.11227331386266386,0.7931861804222649,7.483131267032948,0.18005998589093664,41.55910170716954
