ROC_AUC_score,prediction_threshold,TN,FP,FN,TP,sensitivity,specificity,BA,Accuracy,precision,ROC_ACU_score_discretized,MCC,f1_score,cohen_kappa,PPV_score,NPV_score,FPR_score,FDR_score,PLR_score,NLR_score,DOR_score
0.9249441913277691,0.5312744092009104,16299,2105,0.1557632398753894,542,0.8442367601246106,0.8856226907194088,0.8649297254220096,0.8842276593510449,0.20476010578012846,0.8649297254220097,0.3807826998094668,0.3295834600182426,0.29112227684683145,0.20476010578012846,0.9939020671992195,0.11437730928059117,0.7952398942198715,7.38115597783056,0.17587991083297547,41.96702137767219
