ROC_AUC_score,prediction_threshold,TN,FP,FN,TP,sensitivity,specificity,BA,Accuracy,precision,ROC_ACU_score_discretized,MCC,f1_score,cohen_kappa,PPV_score,NPV_score,FPR_score,FDR_score,PLR_score,NLR_score,DOR_score
0.9289511219466856,0.5368962588810711,13113,1610,0.1539961013645224,434,0.8460038986354775,0.8906472865584459,0.8683255925969617,0.8891441323181938,0.21232876712328766,0.8683255925969618,0.3898728236683084,0.33946030504497454,0.3018803347944138,0.21232876712328766,0.9940115221346271,0.10935271344155403,0.7876712328767124,7.73646919230443,0.17290357663310182,44.74441386901483
