ROC_AUC_score,prediction_threshold,TN,FP,FN,TP,sensitivity,specificity,BA,Accuracy,precision,ROC_ACU_score_discretized,MCC,f1_score,cohen_kappa,PPV_score,NPV_score,FPR_score,FDR_score,PLR_score,NLR_score,DOR_score
0.9345256956871764,0.5368962588810711,16329,2075,0.13395638629283488,556,0.8660436137071651,0.8872527711367094,0.8766481924219373,0.886537855717736,0.2113264918282022,0.8766481924219371,0.39401126794045566,0.33974946532233424,0.3019189796414663,0.2113264918282022,0.994760889430399,0.11274722886329058,0.7886735081717978,7.681285140562249,0.15097883111846003,50.87657046791817
