ROC_AUC_score,prediction_threshold,TN,FP,FN,TP,sensitivity,specificity,BA,Accuracy,precision,ROC_ACU_score_discretized,MCC,f1_score,cohen_kappa,PPV_score,NPV_score,FPR_score,FDR_score,PLR_score,NLR_score,DOR_score
0.9229225758215488,0.537586681761757,13023,1700,0.14619883040935672,438,0.8538011695906432,0.8845344019561231,0.8691677857733832,0.8834996061958519,0.2048643592142189,0.8691677857733832,0.38344606692465927,0.3304413428894757,0.291989789368016,0.2048643592142189,0.9942739349519011,0.11546559804387693,0.7951356407857811,7.394420364637084,0.16528337403954232,44.737835294117644
