ROC_AUC_score,prediction_threshold,TN,FP,FN,TP,sensitivity,specificity,BA,Accuracy,precision,ROC_ACU_score_discretized,MCC,f1_score,cohen_kappa,PPV_score,NPV_score,FPR_score,FDR_score,PLR_score,NLR_score,DOR_score
0.9348488341624231,0.537586681761757,16276,2128,0.14018691588785046,552,0.8598130841121495,0.8843729623994784,0.872093023255814,0.8835451013336133,0.20597014925373133,0.8720930232558141,0.38624820898719425,0.33232992173389525,0.29392870683673256,0.20597014925373133,0.994500794329708,0.11562703760052162,0.7940298507462686,7.43609022556391,0.15851560579995086,46.91077694235589
