ROC_AUC_score,prediction_threshold,TN,FP,FN,TP,sensitivity,specificity,BA,Accuracy,precision,ROC_ACU_score_discretized,MCC,f1_score,cohen_kappa,PPV_score,NPV_score,FPR_score,FDR_score,PLR_score,NLR_score,DOR_score
0.9192659666175861,0.5089497692394359,12984,1739,0.1617933723196881,430,0.8382066276803118,0.8818854852951165,0.8600460564877142,0.8804148070359674,0.198248040571692,0.8600460564877142,0.37172962300233814,0.32065622669649513,0.28152829948517977,0.198248040571692,0.9936481212213975,0.11811451470488352,0.801751959428308,7.096559045047285,0.18346301761111897,38.68114204950911
