ROC_AUC_score,prediction_threshold,TN,FP,FN,TP,sensitivity,specificity,BA,Accuracy,precision,ROC_ACU_score_discretized,MCC,f1_score,cohen_kappa,PPV_score,NPV_score,FPR_score,FDR_score,PLR_score,NLR_score,DOR_score
0.9353783140736709,0.5089497692394359,16112,2292,0.1277258566978193,560,0.8722741433021807,0.8754618561182351,0.8738679997102079,0.8753544051244356,0.19635343618513323,0.8738679997102079,0.3781987493297165,0.32054951345163135,0.28098307322684046,0.19635343618513323,0.9949363961961221,0.12453814388176483,0.8036465638148668,7.004072134962185,0.14589539887454486,48.00749159324052
