ROC_AUC_score,prediction_threshold,TN,FP,FN,TP,sensitivity,specificity,BA,Accuracy,precision,ROC_ACU_score_discretized,MCC,f1_score,cohen_kappa,PPV_score,NPV_score,FPR_score,FDR_score,PLR_score,NLR_score,DOR_score
0.9250902203246726,0.5350246664252304,12967,1756,0.16569200779727095,428,0.834307992202729,0.8807308293146777,0.8575194107587034,0.879167760567078,0.19597069597069597,0.8575194107587033,0.3680625329684194,0.31738969225064884,0.2780189231043101,0.19597069597069597,0.9934875881091021,0.11926917068532228,0.8040293040293041,6.995168889066504,0.18813013270604,37.182607530483715
