ROC_AUC_score,prediction_threshold,TN,FP,FN,TP,sensitivity,specificity,BA,Accuracy,precision,ROC_ACU_score_discretized,MCC,f1_score,cohen_kappa,PPV_score,NPV_score,FPR_score,FDR_score,PLR_score,NLR_score,DOR_score
0.9252487099851652,0.5350246664252304,16175,2229,0.17133956386292834,532,0.8286604361370716,0.8788850249945664,0.853772730565819,0.8771920613252127,0.1926838102136907,0.853772730565819,0.36270278548977836,0.3126652953276521,0.27289461091648304,0.1926838102136907,0.9932453177770955,0.1211149750054336,0.8073161897863093,6.841932107073428,0.1949510561566203,35.09564011582855
