{"performances": [0.9322690583991967, 0.9323262720213201, 0.9321876390138673, 0.932484201930909, 0.9326153023756856, 0.9321487066674521, 0.93238924085987, 0.9321894163601168, 0.9319326321448473, 0.9324455234911009], "mean": 0.9322987993264367, "std": 0.00018623176116817526}