ROC_AUC_score,prediction_threshold,TN,FP,FN,TP,sensitivity,specificity,BA,Accuracy,precision,ROC_ACU_score_discretized,MCC,f1_score,cohen_kappa,PPV_score,NPV_score,FPR_score,FDR_score,PLR_score,NLR_score,DOR_score
0.9264135532594836,0.5252660290612556,12993,1730,0.14619883040935672,438,0.8538011695906432,0.8824967737553487,0.868148971672996,0.8815305854555001,0.20202952029520296,0.8681489716729959,0.3801685830779635,0.3267437523312197,0.28797006411769366,0.20202952029520296,0.9942607897153352,0.11750322624465123,0.7979704797047971,7.266193421897709,0.16566500270275994,43.86076300578031
