ROC_AUC_score,prediction_threshold,TN,FP,FN,TP,sensitivity,specificity,BA,Accuracy,precision,ROC_ACU_score_discretized,MCC,f1_score,cohen_kappa,PPV_score,NPV_score,FPR_score,FDR_score,PLR_score,NLR_score,DOR_score
0.9219042521570212,0.5252660290612556,16237,2167,0.16199376947040497,538,0.838006230529595,0.8822538578569876,0.8601300441932913,0.8807623648010081,0.1988909426987061,0.8601300441932913,0.37238315451869786,0.32148192411114423,0.2823829321896092,0.1988909426987061,0.9936356404136834,0.11774614214301239,0.8011090573012939,7.11705891401323,0.18361355751267683,38.761075219197046
