ROC_AUC_score,prediction_threshold,TN,FP,FN,TP,sensitivity,specificity,BA,Accuracy,precision,ROC_ACU_score_discretized,MCC,f1_score,cohen_kappa,PPV_score,NPV_score,FPR_score,FDR_score,PLR_score,NLR_score,DOR_score
0.9358356307955396,0.49069340048092913,12874,1849,0.1267056530214425,448,0.8732943469785575,0.8744141818922774,0.8738542644354175,0.8743764767655553,0.19503700478885502,0.8738542644354175,0.37692792969866096,0.3188612099644128,0.2791826111829223,0.19503700478885502,0.9949764278537754,0.12558581810772262,0.804962995211145,6.953765641192699,0.14490347440070675,47.98895036818236
