ROC_AUC_score,prediction_threshold,TN,FP,FN,TP,sensitivity,specificity,BA,Accuracy,precision,ROC_ACU_score_discretized,MCC,f1_score,cohen_kappa,PPV_score,NPV_score,FPR_score,FDR_score,PLR_score,NLR_score,DOR_score
0.9273365840149879,0.49069340048092913,16074,2330,0.14174454828660435,551,0.8582554517133957,0.8733970875896544,0.8658262696515251,0.8728866953691063,0.19125303713988198,0.8658262696515251,0.3685267582783928,0.31280158955435705,0.2727054860410246,0.19125303713988198,0.9943705536653263,0.12660291241034557,0.808746962860118,6.779113018597996,0.16229107046576247,41.77132481252654
