ROC_AUC_score,prediction_threshold,TN,FP,FN,TP,sensitivity,specificity,BA,Accuracy,precision,ROC_ACU_score_discretized,MCC,f1_score,cohen_kappa,PPV_score,NPV_score,FPR_score,FDR_score,PLR_score,NLR_score,DOR_score
0.9314791578703753,0.4395696821777658,12432,2291,0.10916179337231968,457,0.8908382066276803,0.8443931264008694,0.8676156665142749,0.8459569440798109,0.16630276564774382,0.8676156665142749,0.34492608277734466,0.2802821220484514,0.23698326952898974,0.16630276564774382,0.9955156950672646,0.1556068735991306,0.8336972343522562,5.724928378952133,0.12927840120822576,44.28371890004365
