ROC_AUC_score,prediction_threshold,TN,FP,FN,TP,sensitivity,specificity,BA,Accuracy,precision,ROC_ACU_score_discretized,MCC,f1_score,cohen_kappa,PPV_score,NPV_score,FPR_score,FDR_score,PLR_score,NLR_score,DOR_score
0.9271463233307672,0.4395696821777658,15554,2850,0.11214953271028037,570,0.8878504672897196,0.8451423603564443,0.866496413823082,0.8465819594665547,0.16666666666666666,0.866496413823082,0.34465643252246725,0.28064992614475626,0.23736209596537217,0.16666666666666666,0.9953922948931269,0.15485763964355576,0.8333333333333334,5.733333333333335,0.1326989841841327,43.20555555555557
