ROC_AUC_score,prediction_threshold,TN,FP,FN,TP,sensitivity,specificity,BA,Accuracy,precision,ROC_ACU_score_discretized,MCC,f1_score,cohen_kappa,PPV_score,NPV_score,FPR_score,FDR_score,PLR_score,NLR_score,DOR_score
0.9299911199659892,0.5351388688190776,13125,1598,0.15984405458089668,431,0.8401559454191033,0.8914623378387557,0.8658091416289295,0.8897348385402993,0.21241991128634796,0.8658091416289295,0.3884170416782352,0.33910306845003935,0.30156162282426313,0.21241991128634796,0.9937911713485273,0.10853766216124432,0.787580088713652,7.740685847562868,0.17930544880720317,43.17038829024087
