ROC_AUC_score,prediction_threshold,TN,FP,FN,TP,sensitivity,specificity,BA,Accuracy,precision,ROC_ACU_score_discretized,MCC,f1_score,cohen_kappa,PPV_score,NPV_score,FPR_score,FDR_score,PLR_score,NLR_score,DOR_score
0.9351046027512643,0.5351388688190776,16321,2083,0.14641744548286603,548,0.8535825545171339,0.8868180830254293,0.8702003187712817,0.8856977843116665,0.20828582288103384,0.8702003187712817,0.38726615426745903,0.334860983806905,0.2967504019803203,0.20828582288103384,0.9942735303076454,0.11318191697457075,0.7917141771189662,7.541686669867182,0.1651042624022221,45.67832810696522
