{"performances": [0.9261119078136203, 0.9259872396695558, 0.9266689789095017, 0.9273452168396278, 0.926912136803526, 0.9267220453903764, 0.9274240125233508, 0.9274083549492491, 0.9267598774748276, 0.9273365840149879], "mean": 0.9268676354388624, "std": 0.0004970315677878575}