ROC_AUC_score,prediction_threshold,TN,FP,FN,TP,sensitivity,specificity,BA,Accuracy,precision,ROC_ACU_score_discretized,MCC,f1_score,cohen_kappa,PPV_score,NPV_score,FPR_score,FDR_score,PLR_score,NLR_score,DOR_score
0.9257851852646248,0.4572380232893586,12410,2313,0.11500974658869395,454,0.884990253411306,0.8428988657203016,0.8639445595658037,0.8443160934628512,0.1640766172750271,0.8639445595658038,0.3405663022293393,0.2768292682926829,0.23327280806942807,0.1640766172750271,0.9952682652979389,0.15710113427969843,0.8359233827249729,5.633251837861937,0.1364454874315344,41.285732081748684
