ROC_AUC_score,prediction_threshold,TN,FP,FN,TP,sensitivity,specificity,BA,Accuracy,precision,ROC_ACU_score_discretized,MCC,f1_score,cohen_kappa,PPV_score,NPV_score,FPR_score,FDR_score,PLR_score,NLR_score,DOR_score
0.925997142027231,0.4572380232893586,15562,2842,0.12461059190031153,562,0.8753894080996885,0.8455770484677244,0.8604832282837065,0.8465819594665547,0.16509988249118684,0.8604832282837064,0.33962352807746404,0.27780523974295596,0.23438042806253123,0.16509988249118684,0.9948855645058177,0.1544229515322756,0.8349001175088132,5.668777855969974,0.14736751917062932,38.46694229415904
