{"performances": [0.9336261045783762, 0.9346295434894624, 0.9341341716990956, 0.934352785287771, 0.9347589512235253, 0.9336686762528261, 0.9349037626250831, 0.9329315007370064, 0.9342425898203086, 0.9330739423435647], "mean": 0.934032202805702, "std": 0.0006503002871902734}