ROC_AUC_score,prediction_threshold,TN,FP,FN,TP,sensitivity,specificity,BA,Accuracy,precision,ROC_ACU_score_discretized,MCC,f1_score,cohen_kappa,PPV_score,NPV_score,FPR_score,FDR_score,PLR_score,NLR_score,DOR_score
0.9315345008585445,0.4659574319404167,12670,2053,0.1267056530214425,448,0.8732943469785575,0.8605583101270121,0.8669263285527848,0.860987135731163,0.17912834866053579,0.8669263285527848,0.3573628385768109,0.29727936297279367,0.25568813098142273,0.17912834866053579,0.9948959560266981,0.13944168987298783,0.8208716513394642,6.262792338317242,0.14723656901615617,42.53557645471914
