ROC_AUC_score,prediction_threshold,TN,FP,FN,TP,sensitivity,specificity,BA,Accuracy,precision,ROC_ACU_score_discretized,MCC,f1_score,cohen_kappa,PPV_score,NPV_score,FPR_score,FDR_score,PLR_score,NLR_score,DOR_score
0.9311261401253011,0.4659574319404167,15867,2537,0.1277258566978193,560,0.8722741433021807,0.8621495327102804,0.8672118380062306,0.8624908117189961,0.1808201485308363,0.8672118380062306,0.3591972173861973,0.29954533297673175,0.258118521017604,0.1808201485308363,0.9948586118251928,0.1378504672897196,0.8191798514691637,6.327683615819209,0.14814814814814817,42.71186440677966
