ROC_AUC_score,prediction_threshold,TN,FP,FN,TP,sensitivity,specificity,BA,Accuracy,precision,ROC_ACU_score_discretized,MCC,f1_score,cohen_kappa,PPV_score,NPV_score,FPR_score,FDR_score,PLR_score,NLR_score,DOR_score
0.9364336793064492,0.5749710171489666,13257,1466,0.15594541910331383,433,0.8440545808966862,0.9004279019221626,0.8722412414094244,0.898529797847204,0.22801474460242233,0.8722412414094244,0.40655542837648173,0.35903814262023215,0.32315300961832605,0.22801474460242233,0.9940016495463747,0.0995720980778374,0.7719852553975777,8.476818277313718,0.17319034513525605,48.94509720327422
