ROC_AUC_score,prediction_threshold,TN,FP,FN,TP,sensitivity,specificity,BA,Accuracy,precision,ROC_ACU_score_discretized,MCC,f1_score,cohen_kappa,PPV_score,NPV_score,FPR_score,FDR_score,PLR_score,NLR_score,DOR_score
0.9322407901302778,0.5749710171489666,16605,1799,0.18847352024922118,521,0.8115264797507789,0.9022495109758748,0.8568879953633268,0.8991914312716581,0.22456896551724137,0.8568879953633268,0.3938633071038773,0.35178933153274816,0.31565330919751056,0.22456896551724137,0.9927657539160588,0.09775048902412518,0.7754310344827586,8.30201964054104,0.20889290374385222,39.7429471836971
