ROC_AUC_score,prediction_threshold,TN,FP,FN,TP,sensitivity,specificity,BA,Accuracy,precision,ROC_ACU_score_discretized,MCC,f1_score,cohen_kappa,PPV_score,NPV_score,FPR_score,FDR_score,PLR_score,NLR_score,DOR_score
0.9354490242753147,0.47127991351297666,12699,2024,0.1189083820662768,452,0.8810916179337231,0.8625280173877606,0.8718098176607418,0.86315305854555,0.1825525040387722,0.8718098176607418,0.36358589772736294,0.3024422883907662,0.2612316438491622,0.1825525040387722,0.9952194357366771,0.13747198261223936,0.8174474959612278,6.409245005354844,0.1378603125570355,46.49086373355794
