ROC_AUC_score,prediction_threshold,TN,FP,FN,TP,sensitivity,specificity,BA,Accuracy,precision,ROC_ACU_score_discretized,MCC,f1_score,cohen_kappa,PPV_score,NPV_score,FPR_score,FDR_score,PLR_score,NLR_score,DOR_score
0.9263797792840646,0.47127991351297666,15910,2494,0.13551401869158877,555,0.8644859813084113,0.8644859813084113,0.8644859813084113,0.8644859813084113,0.18202689406362743,0.8644859813084113,0.35878680831212806,0.30073150907613116,0.25949291597491986,0.18202689406362743,0.9945614802775521,0.13551401869158877,0.8179731059363726,6.379310344827588,0.1567567567567567,40.69560047562428
