ROC_AUC_score,prediction_threshold,TN,FP,FN,TP,sensitivity,specificity,BA,Accuracy,precision,ROC_ACU_score_discretized,MCC,f1_score,cohen_kappa,PPV_score,NPV_score,FPR_score,FDR_score,PLR_score,NLR_score,DOR_score
0.9326486425940556,0.4659417300237355,12681,2042,0.11695906432748537,453,0.8830409356725146,0.8613054404672961,0.8721731880699053,0.8620372801260173,0.181563126252505,0.8721731880699053,0.3628230619390972,0.3011968085106383,0.2598553575827032,0.181563126252505,0.995290793501295,0.13869455953270393,0.818436873747495,6.3668029852627,0.13579278480353024,46.88616552399609
