ROC_AUC_score,prediction_threshold,TN,FP,FN,TP,sensitivity,specificity,BA,Accuracy,precision,ROC_ACU_score_discretized,MCC,f1_score,cohen_kappa,PPV_score,NPV_score,FPR_score,FDR_score,PLR_score,NLR_score,DOR_score
0.9269813686717163,0.4659417300237355,15817,2587,0.14018691588785046,552,0.8598130841121495,0.8594327320147794,0.8596229080634645,0.8594455528719941,0.1758521822236381,0.8596229080634645,0.349873598822508,0.29198624702459663,0.25001023058156924,0.1758521822236381,0.9943421135349217,0.1405672679852206,0.8241478177763619,6.116737533822962,0.16311563507618387,37.499394407937125
