ROC_AUC_score,prediction_threshold,TN,FP,FN,TP,sensitivity,specificity,BA,Accuracy,precision,ROC_ACU_score_discretized,MCC,f1_score,cohen_kappa,PPV_score,NPV_score,FPR_score,FDR_score,PLR_score,NLR_score,DOR_score
0.927446534105646,0.4627353962436933,12661,2062,0.13255360623781676,445,0.8674463937621832,0.8599470216667798,0.8636967077144815,0.8601995274350224,0.17750299162345431,0.8636967077144815,0.35387663893429094,0.2947019867549669,0.25294019148657876,0.17750299162345431,0.9946578678607904,0.14005297833322014,0.8224970083765457,6.19370186971902,0.1541415958170268,40.18189792890967
