ROC_AUC_score,prediction_threshold,TN,FP,FN,TP,sensitivity,specificity,BA,Accuracy,precision,ROC_ACU_score_discretized,MCC,f1_score,cohen_kappa,PPV_score,NPV_score,FPR_score,FDR_score,PLR_score,NLR_score,DOR_score
0.9310376959905099,0.4627353962436933,15842,2562,0.13239875389408098,557,0.867601246105919,0.8607911323625299,0.8641961892342245,0.8610206867583745,0.17858287912792561,0.8641961892342245,0.3552338492764296,0.29619781972879555,0.2545195639447494,0.17858287912792561,0.9946631506247253,0.13920886763747012,0.8214171208720744,6.232370543845955,0.15381054580650586,40.51978693116593
