{"performances": [0.9315879116080007, 0.9310293170724772, 0.9308768884727078, 0.9305870117629852, 0.9318545135454097, 0.9310089199083771, 0.9305722005442404, 0.9294855649015756, 0.9315850339997874, 0.9314498710492979], "mean": 0.931003723286486, "std": 0.00065448639410216}