ROC_AUC_score,prediction_threshold,TN,FP,FN,TP,sensitivity,specificity,BA,Accuracy,precision,ROC_ACU_score_discretized,MCC,f1_score,cohen_kappa,PPV_score,NPV_score,FPR_score,FDR_score,PLR_score,NLR_score,DOR_score
0.9196264904376452,0.5246096012257919,12874,1849,0.1617933723196881,430,0.8382066276803118,0.8744141818922774,0.8563104047862946,0.8731950643213442,0.18867924528301888,0.8563104047862946,0.3604051157020722,0.30802292263610315,0.2677743732453334,0.18867924528301888,0.9935941961873891,0.12558581810772262,0.8113207547169812,6.674373271680492,0.18503059038859473,36.07172877556737
