ROC_AUC_score,prediction_threshold,TN,FP,FN,TP,sensitivity,specificity,BA,Accuracy,precision,ROC_ACU_score_discretized,MCC,f1_score,cohen_kappa,PPV_score,NPV_score,FPR_score,FDR_score,PLR_score,NLR_score,DOR_score
0.9293140289576229,0.4706214515141654,12748,1975,0.1267056530214425,448,0.8732943469785575,0.8658561434490253,0.8695752452137914,0.8661065896560777,0.18489475856376392,0.8695752452137913,0.3645755904677507,0.30517711171662126,0.26429059951336553,0.18489475856376392,0.9949270272379614,0.13414385655097466,0.8151052414362361,6.510132997754581,0.14633568633783328,44.487665043816904
