ROC_AUC_score,prediction_threshold,TN,FP,FN,TP,sensitivity,specificity,BA,Accuracy,precision,ROC_ACU_score_discretized,MCC,f1_score,cohen_kappa,PPV_score,NPV_score,FPR_score,FDR_score,PLR_score,NLR_score,DOR_score
0.9238653421543873,0.4706214515141654,15801,2603,0.13551401869158877,555,0.8644859813084113,0.8585633557922191,0.8615246685503152,0.8587629948545626,0.17574414186193793,0.8615246685503152,0.350873751413837,0.2921052631578947,0.2500908373322642,0.17574414186193793,0.99452416918429,0.1414366442077809,0.824255858138062,6.112178255858626,0.15783811151192959,38.72434988806021
