ROC_AUC_score,prediction_threshold,TN,FP,FN,TP,sensitivity,specificity,BA,Accuracy,precision,ROC_ACU_score_discretized,MCC,f1_score,cohen_kappa,PPV_score,NPV_score,FPR_score,FDR_score,PLR_score,NLR_score,DOR_score
0.9268604015491271,0.43836164213824624,12597,2126,0.1286549707602339,447,0.8713450292397661,0.855600081505128,0.863472555372447,0.8561302179049619,0.1737271667314419,0.863472555372447,0.3500017872141011,0.28969539857420606,0.2474421451626082,0.1737271667314419,0.9947879649372187,0.14439991849487196,0.826272833268558,6.0342487608170625,0.1503681141940878,40.12984264089626
