ROC_AUC_score,prediction_threshold,TN,FP,FN,TP,sensitivity,specificity,BA,Accuracy,precision,ROC_ACU_score_discretized,MCC,f1_score,cohen_kappa,PPV_score,NPV_score,FPR_score,FDR_score,PLR_score,NLR_score,DOR_score
0.9311702352393931,0.43836164213824624,15731,2673,0.12461059190031153,562,0.8753894080996885,0.8547598348185177,0.8650746214591031,0.8554552136931639,0.17372488408037096,0.8650746214591031,0.3509283494338072,0.28991488264121745,0.24759015240616244,0.17372488408037096,0.9949402314844096,0.14524016518148228,0.8262751159196291,6.027185434592841,0.14578433242218128,41.34316311260754
