ROC_AUC_score,prediction_threshold,TN,FP,FN,TP,sensitivity,specificity,BA,Accuracy,precision,ROC_ACU_score_discretized,MCC,f1_score,cohen_kappa,PPV_score,NPV_score,FPR_score,FDR_score,PLR_score,NLR_score,DOR_score
0.9318410056853665,0.5181292378717517,12983,1740,0.15009746588693956,436,0.8499025341130604,0.8818175643550906,0.8658600492340756,0.8807429771593595,0.20036764705882354,0.8658600492340756,0.377225279300942,0.3242841204908888,0.2853398045921335,0.20036764705882354,0.994104134762634,0.11818243564490932,0.7996323529411765,7.191445407900335,0.17021374029526398,42.24949992536195
