ROC_AUC_score,prediction_threshold,TN,FP,FN,TP,sensitivity,specificity,BA,Accuracy,precision,ROC_ACU_score_discretized,MCC,f1_score,cohen_kappa,PPV_score,NPV_score,FPR_score,FDR_score,PLR_score,NLR_score,DOR_score
0.9262556189532142,0.5181292378717517,16203,2201,0.1573208722741433,541,0.8426791277258567,0.8804064333840469,0.8615427805549518,0.8791347264517484,0.19730123997082422,0.8615427805549518,0.37173419028862986,0.3197399527186761,0.28043298071114486,0.19730123997082422,0.9938052011776252,0.11959356661595305,0.8026987600291758,7.046191125246097,0.17869118887448823,39.43222477631679
