ROC_AUC_score,prediction_threshold,TN,FP,FN,TP,sensitivity,specificity,BA,Accuracy,precision,ROC_ACU_score_discretized,MCC,f1_score,cohen_kappa,PPV_score,NPV_score,FPR_score,FDR_score,PLR_score,NLR_score,DOR_score
0.9391661400476824,0.508984323173692,12932,1791,0.11306042884990253,455,0.8869395711500975,0.8783535964137744,0.882646583781936,0.8786426883696509,0.20258236865538737,0.8826465837819358,0.3893814186984389,0.3298296484233418,0.29096051397512834,0.20258236865538737,0.9955350269438029,0.12164640358622564,0.7974176313446126,7.291128590755383,0.12871858134527644,56.643947707888124
