ROC_AUC_score,prediction_threshold,TN,FP,FN,TP,sensitivity,specificity,BA,Accuracy,precision,ROC_ACU_score_discretized,MCC,f1_score,cohen_kappa,PPV_score,NPV_score,FPR_score,FDR_score,PLR_score,NLR_score,DOR_score
0.9386576025393369,0.508984323173692,16120,2284,0.11370716510903427,569,0.8862928348909658,0.8758965442295154,0.8810946895602405,0.8762469809933844,0.1994391868208903,0.8810946895602406,0.3854534838176204,0.32560801144492135,0.28633346601482634,0.1994391868208903,0.9954918792070648,0.12410345577048468,0.8005608131791097,7.141564506713371,0.1298180314309346,55.01211525082172
