ROC_AUC_score,prediction_threshold,TN,FP,FN,TP,sensitivity,specificity,BA,Accuracy,precision,ROC_ACU_score_discretized,MCC,f1_score,cohen_kappa,PPV_score,NPV_score,FPR_score,FDR_score,PLR_score,NLR_score,DOR_score
0.9212174027482691,0.5148675940109013,12815,1908,0.14619883040935672,438,0.8538011695906432,0.8704068464307546,0.862104008010699,0.8698477290627461,0.1867007672634271,0.8621040080106989,0.36193426755935076,0.3064008394543547,0.2658326806427025,0.1867007672634271,0.9941815360744763,0.1295931535692454,0.8132992327365729,6.5883200313852415,0.1679660850657011,39.224109014675044
