ROC_AUC_score,prediction_threshold,TN,FP,FN,TP,sensitivity,specificity,BA,Accuracy,precision,ROC_ACU_score_discretized,MCC,f1_score,cohen_kappa,PPV_score,NPV_score,FPR_score,FDR_score,PLR_score,NLR_score,DOR_score
0.9284805179153117,0.5148675940109013,16024,2380,0.1588785046728972,540,0.8411214953271028,0.8706802868941534,0.8559008911106281,0.8696839231334663,0.18493150684931506,0.8559008911106281,0.35655616004302687,0.30320044918585065,0.2624391481746122,0.18493150684931506,0.9936748108644425,0.12931971310584656,0.815068493150685,6.504201680672269,0.18247628557164255,35.64409293129016
