ROC_AUC_score,prediction_threshold,TN,FP,FN,TP,sensitivity,specificity,BA,Accuracy,precision,ROC_ACU_score_discretized,MCC,f1_score,cohen_kappa,PPV_score,NPV_score,FPR_score,FDR_score,PLR_score,NLR_score,DOR_score
0.9182595980695624,0.46573577336636446,12607,2116,0.13255360623781676,445,0.8674463937621832,0.8562792909053861,0.8618628423337846,0.856655290102389,0.17376024990238187,0.8618628423337846,0.3491017703206955,0.28952504879635654,0.24729651126887375,0.17376024990238187,0.9946351084812624,0.14372070909461387,0.8262397500976181,6.035639534669482,0.15480183585622084,38.989457077727124
