ROC_AUC_score,prediction_threshold,TN,FP,FN,TP,sensitivity,specificity,BA,Accuracy,precision,ROC_ACU_score_discretized,MCC,f1_score,cohen_kappa,PPV_score,NPV_score,FPR_score,FDR_score,PLR_score,NLR_score,DOR_score
0.9326078544485453,0.46573577336636446,15712,2692,0.1277258566978193,560,0.8722741433021807,0.8537274505542274,0.8630007969282041,0.8543526199726976,0.17220172201722017,0.8630007969282042,0.34820889836568913,0.28762198253723675,0.24512160071425515,0.17220172201722017,0.994808154995568,0.14627254944577267,0.8277982779827798,5.963348192174346,0.14960964019008827,39.85938462653573
