ROC_AUC_score,prediction_threshold,TN,FP,FN,TP,sensitivity,specificity,BA,Accuracy,precision,ROC_ACU_score_discretized,MCC,f1_score,cohen_kappa,PPV_score,NPV_score,FPR_score,FDR_score,PLR_score,NLR_score,DOR_score
0.9226389761070549,0.5870210024977067,13255,1468,0.1695906432748538,426,0.8304093567251462,0.9002920600421109,0.8653507083836285,0.8979390916250984,0.2249208025343189,0.8653507083836285,0.3994811877950381,0.353967594515995,0.3178200121348208,0.2249208025343189,0.9934792384949782,0.09970793995788901,0.7750791974656811,8.32841754704654,0.18837291896911906,44.21239312223993
