ROC_AUC_score,prediction_threshold,TN,FP,FN,TP,sensitivity,specificity,BA,Accuracy,precision,ROC_ACU_score_discretized,MCC,f1_score,cohen_kappa,PPV_score,NPV_score,FPR_score,FDR_score,PLR_score,NLR_score,DOR_score
0.9272974823975012,0.5870210024977067,16590,1814,0.16355140186915887,537,0.8364485981308412,0.9014344707672245,0.8689415344490328,0.8992439357345374,0.22841344108889833,0.8689415344490328,0.4048476711925326,0.358837287003007,0.32298599521942684,0.22841344108889833,0.9937106918238994,0.09856552923277548,0.7715865589111016,8.486218302094816,0.18143459915611812,46.77287761852259
