ROC_AUC_score,prediction_threshold,TN,FP,FN,TP,sensitivity,specificity,BA,Accuracy,precision,ROC_ACU_score_discretized,MCC,f1_score,cohen_kappa,PPV_score,NPV_score,FPR_score,FDR_score,PLR_score,NLR_score,DOR_score
0.929143233611359,0.5596174866071311,13198,1525,0.14814814814814814,437,0.8518518518518519,0.8964205664606398,0.8741362091562459,0.8949199264898924,0.22273190621814476,0.8741362091562459,0.40296392462441655,0.35313131313131313,0.31665240179820264,0.22273190621814476,0.9942745216212144,0.10357943353936018,0.7772680937818552,8.22414086217365,0.16526634226285689,49.762950819672135
