ROC_AUC_score,prediction_threshold,TN,FP,FN,TP,sensitivity,specificity,BA,Accuracy,precision,ROC_ACU_score_discretized,MCC,f1_score,cohen_kappa,PPV_score,NPV_score,FPR_score,FDR_score,PLR_score,NLR_score,DOR_score
0.9319080032039627,0.5596174866071311,16456,1948,0.1791277258566978,527,0.8208722741433022,0.8941534449032819,0.857512859523292,0.8916832930799118,0.21292929292929294,0.8575128595232921,0.3837808756589195,0.3381456528713507,0.3007125908829501,0.21292929292929294,0.9930601653491039,0.1058465550967181,0.787070707070707,7.755304585900066,0.20033219899530058,38.71222212302472
