ROC_AUC_score,prediction_threshold,TN,FP,FN,TP,sensitivity,specificity,BA,Accuracy,precision,ROC_ACU_score_discretized,MCC,f1_score,cohen_kappa,PPV_score,NPV_score,FPR_score,FDR_score,PLR_score,NLR_score,DOR_score
0.9334328447924434,0.4396235505737408,12281,2442,0.0935672514619883,465,0.9064327485380117,0.8341370644569721,0.8702849064974919,0.8365712785508007,0.15995872033023736,0.8702849064974919,0.3399667173773205,0.2719298245614035,0.22772525616424122,0.15995872033023736,0.9961067402060183,0.16586293554302792,0.8400412796697626,5.464950596529545,0.11217251390561467,48.71915950040951
