ROC_AUC_score,prediction_threshold,TN,FP,FN,TP,sensitivity,specificity,BA,Accuracy,precision,ROC_ACU_score_discretized,MCC,f1_score,cohen_kappa,PPV_score,NPV_score,FPR_score,FDR_score,PLR_score,NLR_score,DOR_score
0.9248835922842183,0.4396235505737408,15368,3036,0.11682242990654206,567,0.883177570093458,0.8350358617691807,0.8591067159313193,0.8366586159823585,0.15736885928393005,0.8591067159313194,0.3309628002912585,0.26713780918727914,0.22265832273496788,0.15736885928393005,0.9951434306805672,0.16496413823081937,0.8426311407160699,5.353754940711464,0.13990109318063504,38.26814229249014
