ROC_AUC_score,prediction_threshold,TN,FP,FN,TP,sensitivity,specificity,BA,Accuracy,precision,ROC_ACU_score_discretized,MCC,f1_score,cohen_kappa,PPV_score,NPV_score,FPR_score,FDR_score,PLR_score,NLR_score,DOR_score
0.9421257983192942,0.544303356155151,13092,1631,0.1189083820662768,452,0.8810916179337231,0.889220946817904,0.8851562823758136,0.8889472302441586,0.2169947191550648,0.8851562823758136,0.404451802605014,0.3482280431432974,0.31099909454632935,0.2169947191550648,0.9953622747662131,0.11077905318209604,0.7830052808449351,7.953594047111102,0.13372197595186328,59.478586002754
