ROC_AUC_score,prediction_threshold,TN,FP,FN,TP,sensitivity,specificity,BA,Accuracy,precision,ROC_ACU_score_discretized,MCC,f1_score,cohen_kappa,PPV_score,NPV_score,FPR_score,FDR_score,PLR_score,NLR_score,DOR_score
0.9272830943564346,0.544303356155151,16289,2115,0.17757009345794392,528,0.822429906542056,0.8850793305803086,0.8537546185611824,0.8829675522419406,0.19977298524404086,0.8537546185611824,0.36935630474197645,0.32146118721461187,0.2825461923206284,0.19977298524404086,0.9930500518197891,0.11492066941969137,0.8002270147559591,7.156501182033097,0.20062618945300512,35.670822446186385
