ROC_AUC_score,prediction_threshold,TN,FP,FN,TP,sensitivity,specificity,BA,Accuracy,precision,ROC_ACU_score_discretized,MCC,f1_score,cohen_kappa,PPV_score,NPV_score,FPR_score,FDR_score,PLR_score,NLR_score,DOR_score
0.936555751639205,0.5704132546897472,13172,1551,0.15204678362573099,435,0.847953216374269,0.8946546220199687,0.8713039191971188,0.8930821737988973,0.2190332326283988,0.8713039191971189,0.3978494906371073,0.3481392557022809,0.31128129855409126,0.2190332326283988,0.9941132075471698,0.10534537798003124,0.7809667673716012,8.049268346020861,0.16995025776811704,47.36249566036797
