ROC_AUC_score,prediction_threshold,TN,FP,FN,TP,sensitivity,specificity,BA,Accuracy,precision,ROC_ACU_score_discretized,MCC,f1_score,cohen_kappa,PPV_score,NPV_score,FPR_score,FDR_score,PLR_score,NLR_score,DOR_score
0.927665054528983,0.5704132546897472,16490,1914,0.17445482866043613,530,0.8255451713395638,0.8960008693762226,0.8607730203578932,0.8936259582064475,0.21685761047463176,0.8607730203578933,0.3893649628056668,0.34348671419313026,0.3064579406900265,0.21685761047463176,0.9932538248403807,0.10399913062377744,0.7831423895253683,7.938000696621388,0.19470386092581363,40.76961113599045
