ROC_AUC_score,prediction_threshold,TN,FP,FN,TP,sensitivity,specificity,BA,Accuracy,precision,ROC_ACU_score_discretized,MCC,f1_score,cohen_kappa,PPV_score,NPV_score,FPR_score,FDR_score,PLR_score,NLR_score,DOR_score
0.9322919583593001,0.49482141716018585,12784,1939,0.11500974658869395,454,0.884990253411306,0.8683012972899545,0.8766457753506303,0.8688632186925702,0.18972001671541996,0.8766457753506303,0.37343527916878966,0.3124569855471438,0.27209247462219466,0.18972001671541996,0.9954060577746633,0.1316987027100455,0.8102799832845801,6.719809954086984,0.1324537311502927,50.73326282112918
