ROC_AUC_score,prediction_threshold,TN,FP,FN,TP,sensitivity,specificity,BA,Accuracy,precision,ROC_ACU_score_discretized,MCC,f1_score,cohen_kappa,PPV_score,NPV_score,FPR_score,FDR_score,PLR_score,NLR_score,DOR_score
0.9303889646094815,0.49482141716018585,16015,2389,0.13862928348909656,553,0.8613707165109035,0.8701912627689633,0.8657809896399333,0.8698939409849837,0.18796736913664175,0.8657809896399333,0.36533100992869794,0.30859375,0.2680901620846664,0.18796736913664175,0.9944734227521113,0.12980873723103672,0.8120326308633583,6.635691363192412,0.1593089811634925,41.65296466482617
