ROC_AUC_score,prediction_threshold,TN,FP,FN,TP,sensitivity,specificity,BA,Accuracy,precision,ROC_ACU_score_discretized,MCC,f1_score,cohen_kappa,PPV_score,NPV_score,FPR_score,FDR_score,PLR_score,NLR_score,DOR_score
0.9133524756520642,0.4943000820766087,12775,1948,0.15984405458089668,431,0.8401559454191033,0.8676900088297222,0.8539229771244128,0.8667629299028616,0.18116855821773856,0.8539229771244127,0.3517454997763697,0.29806362378976486,0.2568993767619734,0.18116855821773856,0.9936221513572373,0.1323099911702778,0.8188314417822614,6.349905536142434,0.1842179268567156,34.4695309761106
