ROC_AUC_score,prediction_threshold,TN,FP,FN,TP,sensitivity,specificity,BA,Accuracy,precision,ROC_ACU_score_discretized,MCC,f1_score,cohen_kappa,PPV_score,NPV_score,FPR_score,FDR_score,PLR_score,NLR_score,DOR_score
0.9281212400663271,0.4943000820766087,15981,2423,0.13862928348909656,553,0.8613707165109035,0.8683438382960226,0.8648572774034631,0.868108789247086,0.18581989247311828,0.8648572774034631,0.36270390655863144,0.30569375345494754,0.26493197346011443,0.18581989247311828,0.9944617299315495,0.1316561617039774,0.8141801075268817,6.54257807126152,0.15964791523267208,40.98129350280784
