ROC_AUC_score,prediction_threshold,TN,FP,FN,TP,sensitivity,specificity,BA,Accuracy,precision,ROC_ACU_score_discretized,MCC,f1_score,cohen_kappa,PPV_score,NPV_score,FPR_score,FDR_score,PLR_score,NLR_score,DOR_score
0.9338587676659752,0.471721099582097,15819,2585,0.11526479750778816,568,0.8847352024922118,0.8595414040425995,0.8721383032674057,0.8603906332038224,0.18014589280050744,0.8721383032674057,0.3614040941139663,0.29934123847167327,0.25776807585066974,0.18014589280050744,0.9953438620776442,0.14045859595740057,0.8198541071994926,6.298903932946488,0.1341003434688244,46.97157195880602
