ROC_AUC_score,prediction_threshold,TN,FP,FN,TP,sensitivity,specificity,BA,Accuracy,precision,ROC_ACU_score_discretized,MCC,f1_score,cohen_kappa,PPV_score,NPV_score,FPR_score,FDR_score,PLR_score,NLR_score,DOR_score
0.9373169163257711,0.5196014590713354,12999,1724,0.15009746588693956,436,0.8499025341130604,0.8829042993955036,0.866403416754282,0.8817931215542137,0.20185185185185187,0.866403416754282,0.37895009266013424,0.326225215114104,0.2874507253607067,0.20185185185185187,0.9941113490364025,0.11709570060449637,0.7981481481481482,7.258187360641872,0.1700042303449044,42.69415735076986
