ROC_AUC_score,prediction_threshold,TN,FP,FN,TP,sensitivity,specificity,BA,Accuracy,precision,ROC_ACU_score_discretized,MCC,f1_score,cohen_kappa,PPV_score,NPV_score,FPR_score,FDR_score,PLR_score,NLR_score,DOR_score
0.9232447097712064,0.5196014590713354,16073,2331,0.1526479750778816,544,0.8473520249221184,0.8733427515757444,0.8603473882489314,0.8724666596660716,0.18921739130434784,0.8603473882489314,0.36331860468329685,0.30935456354847884,0.2690735487535628,0.18921739130434784,0.9939397687217859,0.1266572484242556,0.8107826086956522,6.690118690118688,0.17478587278873475,38.276083663838754
