ROC_AUC_score,prediction_threshold,TN,FP,FN,TP,sensitivity,specificity,BA,Accuracy,precision,ROC_ACU_score_discretized,MCC,f1_score,cohen_kappa,PPV_score,NPV_score,FPR_score,FDR_score,PLR_score,NLR_score,DOR_score
0.9303373446407796,0.4286225625960249,12414,2309,0.1111111111111111,456,0.8888888888888888,0.8431705494804048,0.8660297191846469,0.8447098976109215,0.16491862567811935,0.8660297191846468,0.3426138976152668,0.2782184258694326,0.2347508480637518,0.16491862567811935,0.9954293961991821,0.15682945051959518,0.8350813743218807,5.667869688657909,0.1317777419759054,43.01082719792117
