ROC_AUC_score,prediction_threshold,TN,FP,FN,TP,sensitivity,specificity,BA,Accuracy,precision,ROC_ACU_score_discretized,MCC,f1_score,cohen_kappa,PPV_score,NPV_score,FPR_score,FDR_score,PLR_score,NLR_score,DOR_score
0.9225548455198347,0.4286225625960249,15519,2885,0.13551401869158877,555,0.8644859813084113,0.8432405998695935,0.8538632905890025,0.8439567363225874,0.1613372093023256,0.8538632905890023,0.3320198974798764,0.2719255267025968,0.22806997064128087,0.1613372093023256,0.9944252210688197,0.15675940013040643,0.8386627906976745,5.5147313691507795,0.16070623107158963,34.315603896491965
