ROC_AUC_score,prediction_threshold,TN,FP,FN,TP,sensitivity,specificity,BA,Accuracy,precision,ROC_ACU_score_discretized,MCC,f1_score,cohen_kappa,PPV_score,NPV_score,FPR_score,FDR_score,PLR_score,NLR_score,DOR_score
0.9307414278941106,0.5363880778184646,13070,1653,0.14230019493177387,440,0.8576998050682261,0.8877266861373362,0.8727132456027811,0.8867156734050932,0.210224558050645,0.8727132456027812,0.3905978003847428,0.3376822716807367,0.29981315631526817,0.210224558050645,0.9944457125466027,0.11227331386266386,0.789775441949355,7.63939154871113,0.16029730451266316,47.657641979298745
