ROC_AUC_score,prediction_threshold,TN,FP,FN,TP,sensitivity,specificity,BA,Accuracy,precision,ROC_ACU_score_discretized,MCC,f1_score,cohen_kappa,PPV_score,NPV_score,FPR_score,FDR_score,PLR_score,NLR_score,DOR_score
0.9353250783217248,0.5363880778184646,16319,2085,0.16199376947040497,538,0.838006230529595,0.8867094109976092,0.8623578207636021,0.8850677307571143,0.2051086542127335,0.8623578207636021,0.3795472677247833,0.3295558958652374,0.2911656303325124,0.2051086542127335,0.9936674176459843,0.11329058900239078,0.7948913457872665,7.396962430055957,0.1826909328594481,40.488941154768504
