ROC_AUC_score,prediction_threshold,TN,FP,FN,TP,sensitivity,specificity,BA,Accuracy,precision,ROC_ACU_score_discretized,MCC,f1_score,cohen_kappa,PPV_score,NPV_score,FPR_score,FDR_score,PLR_score,NLR_score,DOR_score
0.9282161723597787,0.5321528604963845,13005,1718,0.15789473684210525,432,0.8421052631578947,0.8833118250356585,0.8627085440967766,0.8819243896035704,0.20093023255813955,0.8627085440967767,0.375856385037436,0.3244461134059332,0.2856059054876766,0.20093023255813955,0.9938101788170564,0.1166881749643415,0.7990697674418604,7.2167146620917855,0.17875311115158143,40.37252619324796
