ROC_AUC_score,prediction_threshold,TN,FP,FN,TP,sensitivity,specificity,BA,Accuracy,precision,ROC_ACU_score_discretized,MCC,f1_score,cohen_kappa,PPV_score,NPV_score,FPR_score,FDR_score,PLR_score,NLR_score,DOR_score
0.9338500502057997,0.5321528604963845,16311,2093,0.16510903426791276,536,0.8348909657320872,0.886274722886329,0.8605828443092081,0.8845426861283209,0.20387980220616203,0.8605828443092082,0.37732579001300226,0.3277285233873434,0.28921534801794113,0.20387980220616203,0.9935432783090699,0.11372527711367095,0.7961201977938379,7.341296384774643,0.18629554697239084,39.40671961344642
