ROC_AUC_score,prediction_threshold,TN,FP,FN,TP,sensitivity,specificity,BA,Accuracy,precision,ROC_ACU_score_discretized,MCC,f1_score,cohen_kappa,PPV_score,NPV_score,FPR_score,FDR_score,PLR_score,NLR_score,DOR_score
0.9205801639873643,0.48582836246969624,12737,1986,0.13840155945419103,442,0.8615984405458089,0.8651090131087414,0.8633537268272752,0.864990811236545,0.18204283360790774,0.8633537268272753,0.35813886473516454,0.3005780346820809,0.25940520556431523,0.18204283360790774,0.9944565896314803,0.13489098689125859,0.8179571663920923,6.387368499574998,0.15998164087650588,39.92563437016863
