ROC_AUC_score,prediction_threshold,TN,FP,FN,TP,sensitivity,specificity,BA,Accuracy,precision,ROC_ACU_score_discretized,MCC,f1_score,cohen_kappa,PPV_score,NPV_score,FPR_score,FDR_score,PLR_score,NLR_score,DOR_score
0.9287750495794969,0.48582836246969624,15823,2581,0.14330218068535824,550,0.8566978193146417,0.8597587480982395,0.8582282837064406,0.8596555707235115,0.17566272756307888,0.8582282837064406,0.34887402762696756,0.2915451895043732,0.24956231802681927,0.17566272756307888,0.9942192899780081,0.14024125190176048,0.8243372724369211,6.108743381118428,0.16667719985674864,36.65014402910902
