ROC_AUC_score,prediction_threshold,TN,FP,FN,TP,sensitivity,specificity,BA,Accuracy,precision,ROC_ACU_score_discretized,MCC,f1_score,cohen_kappa,PPV_score,NPV_score,FPR_score,FDR_score,PLR_score,NLR_score,DOR_score
0.9346535681200027,0.5500508922055137,13160,1563,0.14814814814814814,437,0.8518518518518519,0.893839570739659,0.8728457112957555,0.8924258335521135,0.2185,0.8728457112957555,0.3983112832141712,0.347791484281735,0.3108577895372092,0.2185,0.9942580840132971,0.10616042926034096,0.7815,8.024193739484845,0.16574355510525723,48.41330774152271
