ROC_AUC_score,prediction_threshold,TN,FP,FN,TP,sensitivity,specificity,BA,Accuracy,precision,ROC_ACU_score_discretized,MCC,f1_score,cohen_kappa,PPV_score,NPV_score,FPR_score,FDR_score,PLR_score,NLR_score,DOR_score
0.9260584181550673,0.5500508922055137,16450,1954,0.16666666666666666,535,0.8333333333333334,0.8938274288198218,0.8635803810765776,0.8917883020056705,0.21494576134993973,0.8635803810765776,0.38935951279110714,0.34174385180453526,0.30446867001611533,0.21494576134993973,0.9935374765960017,0.10617257118017823,0.7850542386500603,7.848857045377007,0.1864640324214792,42.09314227226205
