ROC_AUC_score,prediction_threshold,TN,FP,FN,TP,sensitivity,specificity,BA,Accuracy,precision,ROC_ACU_score_discretized,MCC,f1_score,cohen_kappa,PPV_score,NPV_score,FPR_score,FDR_score,PLR_score,NLR_score,DOR_score
0.9337686099072688,0.5433546322234415,13085,1638,0.15594541910331383,433,0.8440545808966862,0.8887455002377233,0.8664000405672048,0.8872407456025203,0.20907774022211492,0.8664000405672047,0.3856930970805588,0.33513931888544896,0.2972086599165128,0.20907774022211492,0.9939232814280289,0.1112544997622767,0.7909222597778851,7.586700607168441,0.1754669014488414,43.23721764346763
