ROC_AUC_score,prediction_threshold,TN,FP,FN,TP,sensitivity,specificity,BA,Accuracy,precision,ROC_ACU_score_discretized,MCC,f1_score,cohen_kappa,PPV_score,NPV_score,FPR_score,FDR_score,PLR_score,NLR_score,DOR_score
0.9297051941166791,0.5433546322234415,16389,2015,0.17445482866043613,530,0.8255451713395638,0.8905129319713105,0.8580290516554372,0.8883230074556338,0.2082514734774067,0.8580290516554372,0.3798156579953303,0.33260119234389707,0.2946272538593675,0.2082514734774067,0.9932125325737834,0.10948706802868942,0.7917485265225933,7.540115798180311,0.19590375658470116,38.48887805742642
