{"performances": [0.9293668212450089, 0.9302813082080896, 0.9304585350198149, 0.9315213034414165, 0.9316939599342146, 0.9297495431373785, 0.9294530648558724, 0.9320123588194629, 0.9306840887224166, 0.9298494977050229], "mean": 0.9305070481088699, "std": 0.0009058296535072159}