ROC_AUC_score,prediction_threshold,TN,FP,FN,TP,sensitivity,specificity,BA,Accuracy,precision,ROC_ACU_score_discretized,MCC,f1_score,cohen_kappa,PPV_score,NPV_score,FPR_score,FDR_score,PLR_score,NLR_score,DOR_score
0.9318000942419593,0.5263593029207533,12982,1741,0.1364522417153996,443,0.8635477582846004,0.8817496434150649,0.8726487008498327,0.8811367813074298,0.20283882783882784,0.8726487008498327,0.3836379805256245,0.328513162773452,0.2897839596642615,0.20283882783882784,0.9946368372663194,0.11825035658493513,0.7971611721611722,7.302707435510727,0.15475168346755724,47.18984163452862
