ROC_AUC_score,prediction_threshold,TN,FP,FN,TP,sensitivity,specificity,BA,Accuracy,precision,ROC_ACU_score_discretized,MCC,f1_score,cohen_kappa,PPV_score,NPV_score,FPR_score,FDR_score,PLR_score,NLR_score,DOR_score
0.9283746388601692,0.5263593029207533,16251,2153,0.1308411214953271,558,0.8691588785046729,0.8830145620517279,0.8760867202782003,0.8825475165389058,0.20582810770933235,0.8760867202782003,0.38852350002776126,0.33283626603042055,0.2943742889445722,0.20582810770933235,0.9948576675849403,0.11698543794827211,0.7941718922906676,7.429633070134697,0.14817549689249893,50.140767036029466
