ROC_AUC_score,prediction_threshold,TN,FP,FN,TP,sensitivity,specificity,BA,Accuracy,precision,ROC_ACU_score_discretized,MCC,f1_score,cohen_kappa,PPV_score,NPV_score,FPR_score,FDR_score,PLR_score,NLR_score,DOR_score
0.9247960286507207,0.5793114629853097,13260,1463,0.17153996101364521,425,0.8284600389863548,0.90063166474224,0.8645458518642974,0.8982016277238121,0.22510593220338984,0.8645458518642973,0.3991442718799993,0.35401915868388173,0.31790029415306553,0.22510593220338984,0.9934072520227749,0.09936833525775997,0.7748940677966102,8.337263946682226,0.19046627797917787,43.772913689181614
