ROC_AUC_score,prediction_threshold,TN,FP,FN,TP,sensitivity,specificity,BA,Accuracy,precision,ROC_ACU_score_discretized,MCC,f1_score,cohen_kappa,PPV_score,NPV_score,FPR_score,FDR_score,PLR_score,NLR_score,DOR_score
0.9347589512235253,0.5793114629853097,16525,1879,0.1526479750778816,544,0.8473520249221184,0.8979026298630732,0.8726273273925957,0.8961986768875354,0.22451506397028478,0.8726273273925959,0.40364252485152763,0.3549755301794454,0.3186639147792616,0.22451506397028478,0.9941045539313,0.10209737013692675,0.7754849360297152,8.299450062089763,0.17000504286434698,48.81884632511864
