ROC_AUC_score,prediction_threshold,TN,FP,FN,TP,sensitivity,specificity,BA,Accuracy,precision,ROC_ACU_score_discretized,MCC,f1_score,cohen_kappa,PPV_score,NPV_score,FPR_score,FDR_score,PLR_score,NLR_score,DOR_score
0.9220027965420959,0.48383161074880227,12720,2003,0.1442495126705653,439,0.8557504873294347,0.8639543571283027,0.8598524222288687,0.8636781307429772,0.17977067977067976,0.8598524222288686,0.3538630868057826,0.29712351945854476,0.2557034748168776,0.17977067977067976,0.9942160387681725,0.13604564287169735,0.8202293202293203,6.29017195454382,0.16696427476798212,37.67375963082405
