ROC_AUC_score,prediction_threshold,TN,FP,FN,TP,sensitivity,specificity,BA,Accuracy,precision,ROC_ACU_score_discretized,MCC,f1_score,cohen_kappa,PPV_score,NPV_score,FPR_score,FDR_score,PLR_score,NLR_score,DOR_score
0.9275072938904655,0.48383161074880227,15829,2575,0.14330218068535824,550,0.8566978193146417,0.8600847641816997,0.8583912917481706,0.8599705975007875,0.176,0.8583912917481707,0.3493018522116492,0.29200955667640033,0.25006871755662485,0.176,0.9942214685007223,0.13991523581830037,0.824,6.122977346278319,0.16661402067934383,36.749472351203046
