ROC_AUC_score,prediction_threshold,TN,FP,FN,TP,sensitivity,specificity,BA,Accuracy,precision,ROC_ACU_score_discretized,MCC,f1_score,cohen_kappa,PPV_score,NPV_score,FPR_score,FDR_score,PLR_score,NLR_score,DOR_score
0.9235132099608375,0.4471269063629106,12556,2167,0.13255360623781676,445,0.8674463937621832,0.8528153229640698,0.8601308583631265,0.8533079548437911,0.17036753445635527,0.8601308583631265,0.34471651554795996,0.28479999999999994,0.24214336374303658,0.17036753445635527,0.9946134347275032,0.1471846770359302,0.8296324655436447,5.893591719132728,0.15543061043639503,37.917831645810146
