ROC_AUC_score,prediction_threshold,TN,FP,FN,TP,sensitivity,specificity,BA,Accuracy,precision,ROC_ACU_score_discretized,MCC,f1_score,cohen_kappa,PPV_score,NPV_score,FPR_score,FDR_score,PLR_score,NLR_score,DOR_score
0.932048921370879,0.4471269063629106,15769,2635,0.11682242990654206,567,0.883177570093458,0.8568246033470984,0.8700010867202782,0.8577129055969758,0.17707682698313554,0.8700010867202782,0.35711948033944935,0.29500520291363164,0.2530597329237172,0.17707682698313554,0.9952663468821005,0.14317539665290155,0.8229231730168645,6.168500948766602,0.1363434586847612,45.242368121442134
