ROC_AUC_score,prediction_threshold,TN,FP,FN,TP,sensitivity,specificity,BA,Accuracy,precision,ROC_ACU_score_discretized,MCC,f1_score,cohen_kappa,PPV_score,NPV_score,FPR_score,FDR_score,PLR_score,NLR_score,DOR_score
0.916424185856928,0.4575468328654016,15703,2701,0.1557632398753894,542,0.8442367601246106,0.8532384264290371,0.8487375932768239,0.8529349994749553,0.16712920135676843,0.8487375932768239,0.3348953702248799,0.27902187902187897,0.23602926078815345,0.16712920135676843,0.9936720875783079,0.14676157357096284,0.8328707986432315,5.752437368875723,0.18255535035768114,31.510647908182143
