ROC_AUC_score,prediction_threshold,TN,FP,FN,TP,sensitivity,specificity,BA,Accuracy,precision,ROC_ACU_score_discretized,MCC,f1_score,cohen_kappa,PPV_score,NPV_score,FPR_score,FDR_score,PLR_score,NLR_score,DOR_score
0.9180010218592888,0.5153779009536992,12948,1775,0.1695906432748538,426,0.8304093567251462,0.8794403314541873,0.8549248440896667,0.8777894460488317,0.1935483870967742,0.8549248440896668,0.36421488884045927,0.313927781871776,0.27429575733601397,0.1935483870967742,0.9933256616800921,0.12055966854581267,0.8064516129032258,6.887953216374268,0.19283928335925804,35.71862068965516
