ROC_AUC_score,prediction_threshold,TN,FP,FN,TP,sensitivity,specificity,BA,Accuracy,precision,ROC_ACU_score_discretized,MCC,f1_score,cohen_kappa,PPV_score,NPV_score,FPR_score,FDR_score,PLR_score,NLR_score,DOR_score
0.9346828638769439,0.5153779009536992,16148,2256,0.1277258566978193,560,0.8722741433021807,0.8774179526189959,0.8748460479605883,0.877244565788092,0.19886363636363635,0.8748460479605884,0.38118076142586194,0.32388663967611336,0.2846121581759298,0.19886363636363635,0.9949476278496612,0.12258204738100413,0.8011363636363636,7.1158392434988205,0.14557014284534722,48.88254627227124
