ROC_AUC_score,prediction_threshold,TN,FP,FN,TP,sensitivity,specificity,BA,Accuracy,precision,ROC_ACU_score_discretized,MCC,f1_score,cohen_kappa,PPV_score,NPV_score,FPR_score,FDR_score,PLR_score,NLR_score,DOR_score
0.9320351033424386,0.4387835796972701,12570,2153,0.1189083820662768,452,0.8810916179337231,0.8537662161244312,0.8674289170290772,0.8546862693620373,0.17351247600767755,0.8674289170290771,0.3520768221362437,0.28992944194996795,0.24759852749924727,0.17351247600767755,0.9951706119863827,0.14623378387556885,0.8264875239923225,6.025226145303393,0.1392751081274299,43.26132807443672
