ROC_AUC_score,prediction_threshold,TN,FP,FN,TP,sensitivity,specificity,BA,Accuracy,precision,ROC_ACU_score_discretized,MCC,f1_score,cohen_kappa,PPV_score,NPV_score,FPR_score,FDR_score,PLR_score,NLR_score,DOR_score
0.9358855348390335,0.4387835796972701,15684,2720,0.12305295950155763,563,0.8769470404984424,0.8522060421647468,0.8645765413315947,0.853040008400714,0.17148949131891564,0.8645765413315946,0.3484074744237931,0.28687898089171976,0.24426397109460085,0.17148949131891564,0.9949882636553955,0.1477939578352532,0.8285105086810843,5.933578431372551,0.14439343704837196,41.093131049888335
