ROC_AUC_score,prediction_threshold,TN,FP,FN,TP,sensitivity,specificity,BA,Accuracy,precision,ROC_ACU_score_discretized,MCC,f1_score,cohen_kappa,PPV_score,NPV_score,FPR_score,FDR_score,PLR_score,NLR_score,DOR_score
0.9371706148857545,0.4998334096972889,12898,1825,0.1286549707602339,447,0.8713450292397661,0.8760442844528968,0.8736946568463315,0.8758860593331583,0.19674295774647887,0.8736946568463314,0.37846876919540245,0.3210053859964094,0.28153559939421235,0.19674295774647887,0.9949089787102746,0.12395571554710318,0.8032570422535211,7.029486501642234,0.14685898081120513,47.86555417185555
