ROC_AUC_score,prediction_threshold,TN,FP,FN,TP,sensitivity,specificity,BA,Accuracy,precision,ROC_ACU_score_discretized,MCC,f1_score,cohen_kappa,PPV_score,NPV_score,FPR_score,FDR_score,PLR_score,NLR_score,DOR_score
0.9261935811055567,0.4998334096972889,16100,2304,0.16199376947040497,538,0.838006230529595,0.8748098239513149,0.856408027240455,0.8735692533865379,0.1893033075299085,0.856408027240455,0.3610588086876217,0.3088404133180253,0.26861963525172006,0.1893033075299085,0.993581831646507,0.12519017604868507,0.8106966924700915,6.693865740740739,0.18517598343685304,36.14867120726494
