ROC_AUC_score,prediction_threshold,TN,FP,FN,TP,sensitivity,specificity,BA,Accuracy,precision,ROC_ACU_score_discretized,MCC,f1_score,cohen_kappa,PPV_score,NPV_score,FPR_score,FDR_score,PLR_score,NLR_score,DOR_score
0.9311109548797092,0.5223988130321787,13036,1687,0.13060428849902533,446,0.8693957115009746,0.8854173741764586,0.8774065428387166,0.8848779207140982,0.2090951711204876,0.8774065428387166,0.3923877683953928,0.3371126228269086,0.29906244028025175,0.2090951711204876,0.994886667175456,0.1145826258235414,0.7909048288795124,7.587500332204415,0.14750590208431658,51.43862194658006
