ROC_AUC_score,prediction_threshold,TN,FP,FN,TP,sensitivity,specificity,BA,Accuracy,precision,ROC_ACU_score_discretized,MCC,f1_score,cohen_kappa,PPV_score,NPV_score,FPR_score,FDR_score,PLR_score,NLR_score,DOR_score
0.9283941896689126,0.5223988130321787,16181,2223,0.16510903426791276,536,0.8348909657320872,0.8792110410780265,0.8570510034050569,0.8777171059540061,0.19427328742297933,0.8570510034050568,0.36617398082610497,0.31520141134960306,0.2755832037325039,0.19427328742297933,0.993491741880027,0.12078895892197349,0.8057267125770207,6.911980806717648,0.18779226665018645,36.80652526332764
