ROC_AUC_score,prediction_threshold,TN,FP,FN,TP,sensitivity,specificity,BA,Accuracy,precision,ROC_ACU_score_discretized,MCC,f1_score,cohen_kappa,PPV_score,NPV_score,FPR_score,FDR_score,PLR_score,NLR_score,DOR_score
0.9280063191630128,0.5319339859474956,13043,1680,0.15009746588693956,436,0.8499025341130604,0.8858928207566392,0.8678976774348498,0.884681018640063,0.2060491493383743,0.8678976774348497,0.3837860026176193,0.33168505135032333,0.29338640139954075,0.2060491493383743,0.9941310975609756,0.11410717924336072,0.7939508506616257,7.448282743896775,0.16943072837946885,43.960636982065516
