ROC_AUC_score,prediction_threshold,TN,FP,FN,TP,sensitivity,specificity,BA,Accuracy,precision,ROC_ACU_score_discretized,MCC,f1_score,cohen_kappa,PPV_score,NPV_score,FPR_score,FDR_score,PLR_score,NLR_score,DOR_score
0.9293024982378884,0.5319339859474956,16279,2125,0.14953271028037382,546,0.8504672897196262,0.8845359704412085,0.8675016300804173,0.8833875879449753,0.2044178210408087,0.8675016300804174,0.3820192902896092,0.32961062481134923,0.29107954280549864,0.2044178210408087,0.9941374045801527,0.11546402955879156,0.7955821789591914,7.365647058823531,0.16905215308065608,43.57026470588236
