ROC_AUC_score,prediction_threshold,TN,FP,FN,TP,sensitivity,specificity,BA,Accuracy,precision,ROC_ACU_score_discretized,MCC,f1_score,cohen_kappa,PPV_score,NPV_score,FPR_score,FDR_score,PLR_score,NLR_score,DOR_score
0.9346052423049745,0.5206970416294179,12859,1864,0.11695906432748537,453,0.8830409356725146,0.8733953677918902,0.8782181517322024,0.8737201365187713,0.1955114372032801,0.8782181517322024,0.3799721237647226,0.3201413427561838,0.28047116002454353,0.1955114372032801,0.9953556776840313,0.12660463220810975,0.8044885627967199,6.974791682353234,0.1339130806511834,52.08446888412015
