ROC_AUC_score,prediction_threshold,TN,FP,FN,TP,sensitivity,specificity,BA,Accuracy,precision,ROC_ACU_score_discretized,MCC,f1_score,cohen_kappa,PPV_score,NPV_score,FPR_score,FDR_score,PLR_score,NLR_score,DOR_score
0.9242445939897935,0.5206970416294179,16102,2302,0.14641744548286603,548,0.8535825545171339,0.874918495979135,0.8642505252481345,0.8741993069410899,0.19228070175438597,0.8642505252481344,0.36857637521951364,0.3138602520045819,0.2739097273296832,0.19228070175438597,0.9941960978019264,0.12508150402086504,0.8077192982456141,6.8242108311613086,0.16734981161760445,40.77812078303787
