ROC_AUC_score,prediction_threshold,TN,FP,FN,TP,sensitivity,specificity,BA,Accuracy,precision,ROC_ACU_score_discretized,MCC,f1_score,cohen_kappa,PPV_score,NPV_score,FPR_score,FDR_score,PLR_score,NLR_score,DOR_score
0.9363031265721051,0.45172806416780714,15831,2573,0.11214953271028037,570,0.8878504672897196,0.8601934362095197,0.8740219517496197,0.8611256956841331,0.1813553929366847,0.8740219517496196,0.3636963932168758,0.30118890356671074,0.2597489992358658,0.1813553929366847,0.9954725523486134,0.13980656379048034,0.8186446070633153,6.350563544500585,0.13037710820541976,48.709191605130215
