ROC_AUC_score,prediction_threshold,TN,FP,FN,TP,sensitivity,specificity,BA,Accuracy,precision,ROC_ACU_score_discretized,MCC,f1_score,cohen_kappa,PPV_score,NPV_score,FPR_score,FDR_score,PLR_score,NLR_score,DOR_score
0.9421970292466506,0.5069588187408565,12879,1844,0.1189083820662768,452,0.8810916179337231,0.8747537865924064,0.8779227022630648,0.8749671829876609,0.19686411149825783,0.8779227022630648,0.38109805784003026,0.32182271270914914,0.2823199552705159,0.19686411149825783,0.9952859350850077,0.12524621340759357,0.8031358885017421,7.034876296550003,0.13593354368831384,51.75232033000247
