ROC_AUC_score,prediction_threshold,TN,FP,FN,TP,sensitivity,specificity,BA,Accuracy,precision,ROC_ACU_score_discretized,MCC,f1_score,cohen_kappa,PPV_score,NPV_score,FPR_score,FDR_score,PLR_score,NLR_score,DOR_score
0.922201322887277,0.5069588187408565,16028,2376,0.16043613707165108,539,0.839563862928349,0.8708976309497936,0.8552307469390712,0.8698414365221043,0.18490566037735848,0.8552307469390712,0.35613466279718176,0.3030643800955861,0.26230845618106013,0.18490566037735848,0.9936147789969624,0.12910236905020647,0.8150943396226416,6.503086419753088,0.1842192829215539,35.300791082344496
