ROC_AUC_score,prediction_threshold,TN,FP,FN,TP,sensitivity,specificity,BA,Accuracy,precision,ROC_ACU_score_discretized,MCC,f1_score,cohen_kappa,PPV_score,NPV_score,FPR_score,FDR_score,PLR_score,NLR_score,DOR_score
0.9329611053980731,0.5174979641990846,12917,1806,0.14035087719298245,441,0.8596491228070176,0.8773347823133872,0.8684919525602024,0.8767393016539774,0.19626168224299065,0.8684919525602024,0.3749086385676552,0.3195652173913044,0.2800973020186366,0.19626168224299065,0.9944568481022403,0.12266521768661279,0.8037383177570093,7.0080919352645195,0.15997413988637305,43.8076550387597
