ROC_AUC_score,prediction_threshold,TN,FP,FN,TP,sensitivity,specificity,BA,Accuracy,precision,ROC_ACU_score_discretized,MCC,f1_score,cohen_kappa,PPV_score,NPV_score,FPR_score,FDR_score,PLR_score,NLR_score,DOR_score
0.9253724471383373,0.5174979641990846,16128,2276,0.1573208722741433,541,0.8426791277258567,0.8763312323407955,0.8595051800333261,0.8751968917357975,0.19204827831025914,0.859505180033326,0.3655270073570425,0.3128071697022261,0.27288631340887937,0.19204827831025914,0.9937765728017746,0.12366876765920452,0.8079517216897408,6.814001171646162,0.17952215608465605,37.956324279176606
