ROC_AUC_score,prediction_threshold,TN,FP,FN,TP,sensitivity,specificity,BA,Accuracy,precision,ROC_ACU_score_discretized,MCC,f1_score,cohen_kappa,PPV_score,NPV_score,FPR_score,FDR_score,PLR_score,NLR_score,DOR_score
0.9365709775809264,0.5078421238163002,12932,1791,0.14230019493177387,440,0.8576998050682261,0.8783535964137744,0.8680267007410003,0.8776581779994749,0.19722097714029582,0.8680267007410002,0.3755443212336994,0.3206997084548105,0.28135308917238866,0.19722097714029582,0.9943867743175702,0.12164640358622564,0.8027790228597041,7.050761714137073,0.1620078696242273,43.52110629249749
