ROC_AUC_score,prediction_threshold,TN,FP,FN,TP,sensitivity,specificity,BA,Accuracy,precision,ROC_ACU_score_discretized,MCC,f1_score,cohen_kappa,PPV_score,NPV_score,FPR_score,FDR_score,PLR_score,NLR_score,DOR_score
0.925706334326616,0.5078421238163002,16099,2305,0.15109034267912771,545,0.8489096573208723,0.8747554879374049,0.8618325726291386,0.8738842801638139,0.1912280701754386,0.8618325726291386,0.36612970692396374,0.3121420389461627,0.27209147122115995,0.1912280701754386,0.9940108668807113,0.1252445120625951,0.8087719298245614,6.778018799710772,0.17272294345404474,39.242145045508416
