ROC_AUC_score,prediction_threshold,TN,FP,FN,TP,sensitivity,specificity,BA,Accuracy,precision,ROC_ACU_score_discretized,MCC,f1_score,cohen_kappa,PPV_score,NPV_score,FPR_score,FDR_score,PLR_score,NLR_score,DOR_score
0.9277568785177717,0.5234178464435193,12899,1824,0.13255360623781676,445,0.8674463937621832,0.8761122053929227,0.871779299577553,0.8758204253084799,0.19612163948876157,0.871779299577553,0.3767341899856138,0.31991373112868443,0.28039067207561486,0.19612163948876157,0.9947559188709801,0.12388779460707736,0.8038783605112384,7.001871302281046,0.15129752264821894,46.27882320691436
