ROC_AUC_score,prediction_threshold,TN,FP,FN,TP,sensitivity,specificity,BA,Accuracy,precision,ROC_ACU_score_discretized,MCC,f1_score,cohen_kappa,PPV_score,NPV_score,FPR_score,FDR_score,PLR_score,NLR_score,DOR_score
0.925718437208219,0.5234178464435193,16160,2244,0.15109034267912771,545,0.8489096573208723,0.8780699847859161,0.8634898210533942,0.877087052399454,0.19541054141269273,0.8634898210533942,0.37110893917283083,0.31769163509181,0.27813252490255524,0.19541054141269273,0.9940333394845298,0.12193001521408389,0.8045894585873072,6.962269756387405,0.17207095709570952,40.46162044949191
