ROC_AUC_score,prediction_threshold,TN,FP,FN,TP,sensitivity,specificity,BA,Accuracy,precision,ROC_ACU_score_discretized,MCC,f1_score,cohen_kappa,PPV_score,NPV_score,FPR_score,FDR_score,PLR_score,NLR_score,DOR_score
0.9407217016936145,0.4635007378390653,12613,2110,0.09941520467836257,462,0.9005847953216374,0.856686816545541,0.8786358059335893,0.8581648726699921,0.1796267496111975,0.8786358059335893,0.3646595419453153,0.29951377633711507,0.2578474331593761,0.1796267496111975,0.9959728363866077,0.143313183454459,0.8203732503888025,6.284033147640033,0.11604614750491817,54.151156955673244
