ROC_AUC_score,prediction_threshold,TN,FP,FN,TP,sensitivity,specificity,BA,Accuracy,precision,ROC_ACU_score_discretized,MCC,f1_score,cohen_kappa,PPV_score,NPV_score,FPR_score,FDR_score,PLR_score,NLR_score,DOR_score
0.9204343868087732,0.4635007378390653,15619,2785,0.13551401869158877,555,0.8644859813084113,0.8486742012605956,0.8565800912845034,0.8492071826105219,0.1661676646706587,0.8565800912845033,0.33845792210449843,0.2787543947764943,0.2355259930972191,0.1661676646706587,0.99446071565007,0.15132579873940447,0.8338323353293413,5.712746858168763,0.15967731608937827,35.77682164303847
