ROC_AUC_score,prediction_threshold,TN,FP,FN,TP,sensitivity,specificity,BA,Accuracy,precision,ROC_ACU_score_discretized,MCC,f1_score,cohen_kappa,PPV_score,NPV_score,FPR_score,FDR_score,PLR_score,NLR_score,DOR_score
0.9357828033977419,0.4225657515796516,12466,2257,0.09551656920077972,464,0.9044834307992202,0.846702438361747,0.8755929345804836,0.8486479390916251,0.1705255420801176,0.8755929345804836,0.3537728908178297,0.2869511440940012,0.2441243800380013,0.1705255420801176,0.9960846983619657,0.15329756163825306,0.8294744579198824,5.900181458421321,0.11281007928309647,52.301899758574216
