ROC_AUC_score,prediction_threshold,TN,FP,FN,TP,sensitivity,specificity,BA,Accuracy,precision,ROC_ACU_score_discretized,MCC,f1_score,cohen_kappa,PPV_score,NPV_score,FPR_score,FDR_score,PLR_score,NLR_score,DOR_score
0.9321080816103232,0.4225657515796516,15472,2932,0.12305295950155763,563,0.8769470404984424,0.8406868072158227,0.8588169238571326,0.8419090622702929,0.16108726752503577,0.8588169238571326,0.3345983460957789,0.2721779066956732,0.2282222087822523,0.16108726752503577,0.9949199408398174,0.15931319278417735,0.8389127324749642,5.5045475216007285,0.1463719407100999,37.60657606161606
