ROC_AUC_score,prediction_threshold,TN,FP,FN,TP,sensitivity,specificity,BA,Accuracy,precision,ROC_ACU_score_discretized,MCC,f1_score,cohen_kappa,PPV_score,NPV_score,FPR_score,FDR_score,PLR_score,NLR_score,DOR_score
0.9290457875843432,0.4657147721094771,12608,2115,0.1286549707602339,447,0.8713450292397661,0.856347211845412,0.863846120542589,0.8568521921764243,0.17447306791569087,0.8638461205425889,0.35096044240025576,0.29073170731707315,0.24857198059033314,0.17447306791569087,0.9947924885592552,0.14365278815458807,0.8255269320843092,6.065632560518713,0.15023692373912784,40.37378035675909
