ROC_AUC_score,prediction_threshold,TN,FP,FN,TP,sensitivity,specificity,BA,Accuracy,precision,ROC_ACU_score_discretized,MCC,f1_score,cohen_kappa,PPV_score,NPV_score,FPR_score,FDR_score,PLR_score,NLR_score,DOR_score
0.9329096647687994,0.4657147721094771,15719,2685,0.11370716510903427,569,0.8862928348909658,0.8541078026515975,0.8702003187712817,0.8551926913787672,0.17486170866625692,0.8702003187712817,0.35502837808000726,0.29209445585215604,0.249856365747815,0.17486170866625692,0.9953774062816616,0.14589219734840253,0.8251382913337431,6.074984481688392,0.13312975804228425,45.63205530471163
