ROC_AUC_score,prediction_threshold,TN,FP,FN,TP,sensitivity,specificity,BA,Accuracy,precision,ROC_ACU_score_discretized,MCC,f1_score,cohen_kappa,PPV_score,NPV_score,FPR_score,FDR_score,PLR_score,NLR_score,DOR_score
0.91926940900441,0.43068321429409645,12316,2407,0.1364522417153996,443,0.8635477582846004,0.8365142973578754,0.850031027821238,0.8374245208716199,0.15543859649122807,0.850031027821238,0.3238212982977225,0.26345524829021705,0.21887799969566124,0.15543859649122807,0.9943484579363798,0.16348570264212456,0.844561403508772,5.282099561788189,0.1631200353017074,32.38167250281916
