ROC_AUC_score,prediction_threshold,TN,FP,FN,TP,sensitivity,specificity,BA,Accuracy,precision,ROC_ACU_score_discretized,MCC,f1_score,cohen_kappa,PPV_score,NPV_score,FPR_score,FDR_score,PLR_score,NLR_score,DOR_score
0.9250351745286308,0.43068321429409645,15318,3086,0.11682242990654206,567,0.883177570093458,0.8323190610736796,0.8577483155835688,0.8340333928383913,0.15521489186969614,0.8577483155835689,0.3279780268744214,0.2640279394644936,0.21926141362113793,0.15521489186969614,0.9951276554277918,0.16768093892632036,0.8447851081303038,5.267012313674659,0.14035774905340118,37.525625405055095
