ROC_AUC_score,prediction_threshold,TN,FP,FN,TP,sensitivity,specificity,BA,Accuracy,precision,ROC_ACU_score_discretized,MCC,f1_score,cohen_kappa,PPV_score,NPV_score,FPR_score,FDR_score,PLR_score,NLR_score,DOR_score
0.9254459777629753,0.4670307897944096,12507,2216,0.13450292397660818,444,0.8654970760233918,0.8494871969028052,0.8574921364630985,0.8500262536098714,0.16691729323308271,0.8574921364630985,0.3397357463626597,0.2798613299716357,0.23677489004194885,0.16691729323308271,0.9945133587786259,0.15051280309719486,0.8330827067669173,5.750321954103068,0.15833425679280427,36.317611050070624
