ROC_AUC_score,prediction_threshold,TN,FP,FN,TP,sensitivity,specificity,BA,Accuracy,precision,ROC_ACU_score_discretized,MCC,f1_score,cohen_kappa,PPV_score,NPV_score,FPR_score,FDR_score,PLR_score,NLR_score,DOR_score
0.9248030192542458,0.4670307897944096,15571,2833,0.1261682242990654,561,0.8738317757009346,0.8460660725929146,0.8599489241469246,0.8470019951695894,0.16529169121979964,0.8599489241469246,0.33951085415709203,0.27799801783944494,0.23460630386022896,0.16529169121979964,0.9948249424993612,0.15393392740708542,0.8347083087802003,5.676667843275679,0.14912337036799173,38.066922905962805
