ROC_AUC_score,prediction_threshold,TN,FP,FN,TP,sensitivity,specificity,BA,Accuracy,precision,ROC_ACU_score_discretized,MCC,f1_score,cohen_kappa,PPV_score,NPV_score,FPR_score,FDR_score,PLR_score,NLR_score,DOR_score
0.9278147370963123,0.5261762614426966,13026,1697,0.16569200779727095,428,0.834307992202729,0.8847381647762005,0.8595230784894647,0.8830401680231031,0.20141176470588235,0.8595230784894647,0.37438309667934755,0.3244882486732373,0.2857433214149161,0.20141176470588235,0.9935168942109679,0.1152618352237995,0.7985882352941176,7.238371578786551,0.18727801556880247,38.650407293147055
