ROC_AUC_score,prediction_threshold,TN,FP,FN,TP,sensitivity,specificity,BA,Accuracy,precision,ROC_ACU_score_discretized,MCC,f1_score,cohen_kappa,PPV_score,NPV_score,FPR_score,FDR_score,PLR_score,NLR_score,DOR_score
0.9249017889243907,0.5261762614426966,16291,2113,0.16666666666666666,535,0.8333333333333334,0.8851880026081287,0.8592606679707311,0.8834400924078547,0.2020392749244713,0.8592606679707311,0.3748080100139481,0.32522796352583583,0.2865138919984689,0.2020392749244713,0.9934748140017076,0.11481199739187133,0.7979607250755287,7.2582426250197205,0.18828391954657986,38.549455750118334
