ROC_AUC_score,prediction_threshold,TN,FP,FN,TP,sensitivity,specificity,BA,Accuracy,precision,ROC_ACU_score_discretized,MCC,f1_score,cohen_kappa,PPV_score,NPV_score,FPR_score,FDR_score,PLR_score,NLR_score,DOR_score
0.9364576436147233,0.48809420799769043,12832,1891,0.11695906432748537,453,0.8830409356725146,0.8715615024111933,0.877301219041854,0.8719480178524547,0.193259385665529,0.877301219041854,0.37725594344730373,0.31711585579278967,0.2771808828977741,0.193259385665529,0.9953459509773503,0.12843849758880663,0.806740614334471,6.875204492811439,0.13419484913447374,51.23299841353781
