ROC_AUC_score,prediction_threshold,TN,FP,FN,TP,sensitivity,specificity,BA,Accuracy,precision,ROC_ACU_score_discretized,MCC,f1_score,cohen_kappa,PPV_score,NPV_score,FPR_score,FDR_score,PLR_score,NLR_score,DOR_score
0.9339346857414853,0.48809420799769043,15993,2411,0.1292834890965732,559,0.8707165109034268,0.8689958704629428,0.8698561906831848,0.8690538695789142,0.18821548821548822,0.8698561906831849,0.36797582777424465,0.30952380952380953,0.26900226578143105,0.18821548821548822,0.994837024135357,0.13100412953705717,0.8117845117845118,6.6464814046730245,0.14877342170532937,44.67519351566365
