ROC_AUC_score,prediction_threshold,TN,FP,FN,TP,sensitivity,specificity,BA,Accuracy,precision,ROC_ACU_score_discretized,MCC,f1_score,cohen_kappa,PPV_score,NPV_score,FPR_score,FDR_score,PLR_score,NLR_score,DOR_score
0.9277642928893924,0.5001231835656289,12891,1832,0.13255360623781676,445,0.8674463937621832,0.8755688378727161,0.8715076158174497,0.8752953531110528,0.19543258673693456,0.8715076158174496,0.3759129568901891,0.3189964157706093,0.2793928981502102,0.19543258673693456,0.994752681534069,0.12443116212728385,0.8045674132630655,6.97129544506584,0.15139141607628392,46.04815534292318
