ROC_AUC_score,prediction_threshold,TN,FP,FN,TP,sensitivity,specificity,BA,Accuracy,precision,ROC_ACU_score_discretized,MCC,f1_score,cohen_kappa,PPV_score,NPV_score,FPR_score,FDR_score,PLR_score,NLR_score,DOR_score
0.9200943212263891,0.5001231835656289,16151,2253,0.16666666666666666,535,0.8333333333333334,0.8775809606607259,0.8554571469970296,0.8760894676047464,0.1918938307030129,0.8554571469970297,0.3629618070608061,0.3119533527696793,0.27206437884259493,0.1918938307030129,0.9934186246770821,0.12241903933927407,0.8081061692969871,6.807220002959015,0.18991600107320492,35.8433200177541
