ROC_AUC_score,prediction_threshold,TN,FP,FN,TP,sensitivity,specificity,BA,Accuracy,precision,ROC_ACU_score_discretized,MCC,f1_score,cohen_kappa,PPV_score,NPV_score,FPR_score,FDR_score,PLR_score,NLR_score,DOR_score
0.9303455534093598,0.5592936173351264,13117,1606,0.16374269005847952,429,0.8362573099415205,0.8909189703185492,0.8635881401300348,0.8890784982935154,0.21081081081081082,0.8635881401300348,0.3855768229091306,0.336734693877551,0.29903500948373496,0.21081081081081082,0.9936368456935081,0.1090810296814508,0.7891891891891892,7.666386285348071,0.18379077729137716,41.712573385518574
