ROC_AUC_score,prediction_threshold,TN,FP,FN,TP,sensitivity,specificity,BA,Accuracy,precision,ROC_ACU_score_discretized,MCC,f1_score,cohen_kappa,PPV_score,NPV_score,FPR_score,FDR_score,PLR_score,NLR_score,DOR_score
0.9339307078713079,0.5592936173351264,16379,2025,0.1526479750778816,544,0.8473520249221184,0.8899695718322104,0.8686607983771644,0.8885330253071511,0.21175554690541065,0.8686607983771644,0.38954663600366535,0.33883525381501095,0.30114105006195335,0.21175554690541065,0.9940523153486679,0.11003042816778962,0.7882444530945893,7.701069958847735,0.17152044284347845,44.89884605694128
