ROC_AUC_score,prediction_threshold,TN,FP,FN,TP,sensitivity,specificity,BA,Accuracy,precision,ROC_ACU_score_discretized,MCC,f1_score,cohen_kappa,PPV_score,NPV_score,FPR_score,FDR_score,PLR_score,NLR_score,DOR_score
0.9266660390930688,0.4688685661025403,12647,2076,0.12475633528265107,449,0.8752436647173489,0.8589961285064185,0.8671198966118837,0.8595431871882384,0.1778217821782178,0.8671198966118837,0.3561838353651951,0.2955892034233048,0.25382637502775407,0.1778217821782178,0.9949649909527181,0.14100387149358148,0.8221782178217821,6.207231442983393,0.14523503790357173,42.73921453516377
