ROC_AUC_score,prediction_threshold,TN,FP,FN,TP,sensitivity,specificity,BA,Accuracy,precision,ROC_ACU_score_discretized,MCC,f1_score,cohen_kappa,PPV_score,NPV_score,FPR_score,FDR_score,PLR_score,NLR_score,DOR_score
0.9279660184938803,0.4688685661025403,15803,2601,0.13239875389408098,557,0.867601246105919,0.8586720278200392,0.8631366369629792,0.8589730127060801,0.17637745408486383,0.8631366369629792,0.35243822945175346,0.2931578947368421,0.25120594389385187,0.17637745408486383,0.9946500503524672,0.14132797217996088,0.8236225459151362,6.1389209278482655,0.15419013267523038,39.81396747857162
