ROC_AUC_score,prediction_threshold,TN,FP,FN,TP,sensitivity,specificity,BA,Accuracy,precision,ROC_ACU_score_discretized,MCC,f1_score,cohen_kappa,PPV_score,NPV_score,FPR_score,FDR_score,PLR_score,NLR_score,DOR_score
0.9275069082745578,0.5705203083864538,13268,1455,0.1793372319688109,421,0.8206627680311891,0.9011750322624466,0.8609189001468178,0.8984641638225256,0.2244136460554371,0.8609189001468178,0.39625687789764835,0.3524487233151946,0.3162942259024678,0.2244136460554371,0.9931137724550898,0.09882496773755349,0.7755863539445629,8.3042047654455,0.19900377346071774,41.72888092036458
