ROC_AUC_score,prediction_threshold,TN,FP,FN,TP,sensitivity,specificity,BA,Accuracy,precision,ROC_ACU_score_discretized,MCC,f1_score,cohen_kappa,PPV_score,NPV_score,FPR_score,FDR_score,PLR_score,NLR_score,DOR_score
0.9231456861944546,0.5705203083864538,16536,1868,0.1838006230529595,524,0.8161993769470405,0.8985003260160834,0.857349851481562,0.8957261367216214,0.21906354515050167,0.857349851481562,0.38923094451886814,0.3454185893210283,0.3086743274638798,0.21906354515050167,0.9929146151074817,0.10149967398391654,0.7809364548494984,8.041399000713772,0.20456378003547818,39.30998439371391
