ROC_AUC_score,prediction_threshold,TN,FP,FN,TP,sensitivity,specificity,BA,Accuracy,precision,ROC_ACU_score_discretized,MCC,f1_score,cohen_kappa,PPV_score,NPV_score,FPR_score,FDR_score,PLR_score,NLR_score,DOR_score
0.9250408353136987,0.45767970037284017,12656,2067,0.13450292397660818,444,0.8654970760233918,0.8596074169666508,0.8625522464950213,0.8598057232869519,0.1768219832735962,0.8625522464950213,0.35253738838258336,0.29365079365079366,0.25181476455891205,0.1768219832735962,0.9945776031434185,0.14039258303334917,0.8231780167264038,6.164834760663954,0.15647017617790795,39.39942365537112
