ROC_AUC_score,prediction_threshold,TN,FP,FN,TP,sensitivity,specificity,BA,Accuracy,precision,ROC_ACU_score_discretized,MCC,f1_score,cohen_kappa,PPV_score,NPV_score,FPR_score,FDR_score,PLR_score,NLR_score,DOR_score
0.9271023974877464,0.45767970037284017,15828,2576,0.1292834890965732,559,0.8707165109034268,0.8600304281677896,0.8653734695356082,0.8603906332038224,0.17830940988835725,0.8653734695356083,0.35565025199542066,0.29600211808313476,0.2542737668705469,0.17830940988835725,0.9947834831248822,0.1399695718322104,0.8216905901116427,6.220755693581782,0.15032431977087013,41.38223078650006
