ROC_AUC_score,prediction_threshold,TN,FP,FN,TP,sensitivity,specificity,BA,Accuracy,precision,ROC_ACU_score_discretized,MCC,f1_score,cohen_kappa,PPV_score,NPV_score,FPR_score,FDR_score,PLR_score,NLR_score,DOR_score
0.9290001097591798,0.4982032109215828,12826,1897,0.1286549707602339,447,0.8713450292397661,0.8711539767710386,0.8712495030054024,0.871160409556314,0.19069965870307168,0.8712495030054023,0.3712049536079269,0.31291564578228914,0.2727350451708511,0.19069965870307168,0.9948805460750854,0.1288460232289615,0.8093003412969283,6.762684694516121,0.14768338800116357,45.79177648919349
