ROC_AUC_score,prediction_threshold,TN,FP,FN,TP,sensitivity,specificity,BA,Accuracy,precision,ROC_ACU_score_discretized,MCC,f1_score,cohen_kappa,PPV_score,NPV_score,FPR_score,FDR_score,PLR_score,NLR_score,DOR_score
0.9276141039365005,0.4982032109215828,15973,2431,0.1573208722741433,541,0.8426791277258567,0.8679091501847425,0.8552941389552996,0.8670586999894991,0.18203230148048452,0.8552941389552996,0.3533908338763533,0.2993912562257886,0.25826986248164996,0.18203230148048452,0.9937165609058106,0.13209084981525757,0.8179676985195155,6.379542026600851,0.18126421669901288,35.19471268393809
