ROC_AUC_score,prediction_threshold,TN,FP,FN,TP,sensitivity,specificity,BA,Accuracy,precision,ROC_ACU_score_discretized,MCC,f1_score,cohen_kappa,PPV_score,NPV_score,FPR_score,FDR_score,PLR_score,NLR_score,DOR_score
0.9254653080889869,0.5177627110831494,12861,1862,0.15204678362573099,435,0.847953216374269,0.8735312096719419,0.8607422130231055,0.872669992123917,0.1893774488463213,0.8607422130231055,0.36370807676904715,0.3096085409252669,0.2693909434142472,0.1893774488463213,0.9939717134245305,0.12646879032805813,0.8106225511536788,6.704841678130163,0.17405993276740822,38.520304883086844
