ROC_AUC_score,prediction_threshold,TN,FP,FN,TP,sensitivity,specificity,BA,Accuracy,precision,ROC_ACU_score_discretized,MCC,f1_score,cohen_kappa,PPV_score,NPV_score,FPR_score,FDR_score,PLR_score,NLR_score,DOR_score
0.9277472356341335,0.5177627110831494,16178,2226,0.13239875389408098,557,0.867601246105919,0.8790480330362964,0.8733246395711077,0.8786621862858343,0.20014372978799858,0.8733246395711076,0.38149016165300614,0.3252554744525547,0.28615159287397574,0.20014372978799858,0.9947734120395991,0.12095196696370354,0.7998562702120015,7.1731057202755295,0.150616062966168,47.625104381375195
