ROC_AUC_score,prediction_threshold,TN,FP,FN,TP,sensitivity,specificity,BA,Accuracy,precision,ROC_ACU_score_discretized,MCC,f1_score,cohen_kappa,PPV_score,NPV_score,FPR_score,FDR_score,PLR_score,NLR_score,DOR_score
0.9245259336845362,0.5705212862615858,13240,1483,0.16764132553606237,427,0.8323586744639376,0.8992732459417239,0.8658159602028308,0.897020215279601,0.22356020942408378,0.8658159602028308,0.3985500753582782,0.352455633512175,0.31615501576100213,0.22356020942408378,0.9935464505478013,0.10072675405827616,0.7764397905759163,8.263531196313256,0.18641867340388565,44.32780818265931
