ROC_AUC_score,prediction_threshold,TN,FP,FN,TP,sensitivity,specificity,BA,Accuracy,precision,ROC_ACU_score_discretized,MCC,f1_score,cohen_kappa,PPV_score,NPV_score,FPR_score,FDR_score,PLR_score,NLR_score,DOR_score
0.913359617745296,0.5705212862615858,16495,1909,0.21339563862928349,505,0.7866043613707165,0.8962725494457726,0.8414384554082446,0.8925758689488607,0.2091963545981773,0.8414384554082446,0.37044623399775145,0.33049738219895286,0.29283883495145624,0.2091963545981773,0.9917628667628667,0.10372745055422734,0.7908036454018227,7.58337698620569,0.23809235121754063,31.85056952659893
