ROC_AUC_score,prediction_threshold,TN,FP,FN,TP,sensitivity,specificity,BA,Accuracy,precision,ROC_ACU_score_discretized,MCC,f1_score,cohen_kappa,PPV_score,NPV_score,FPR_score,FDR_score,PLR_score,NLR_score,DOR_score
0.9335367783946271,0.4227756180419703,12291,2432,0.10331384015594541,460,0.8966861598440545,0.8348162738572302,0.8657512168506424,0.8368994486741927,0.1590594744121715,0.8657512168506424,0.3364693530524683,0.2701908957415565,0.22591728535693978,0.1590594744121715,0.9957064160725859,0.16518372614276983,0.8409405255878285,5.42841707704935,0.12375638016564845,43.8637351042701
