ROC_AUC_score,prediction_threshold,TN,FP,FN,TP,sensitivity,specificity,BA,Accuracy,precision,ROC_ACU_score_discretized,MCC,f1_score,cohen_kappa,PPV_score,NPV_score,FPR_score,FDR_score,PLR_score,NLR_score,DOR_score
0.927184832499504,0.4227756180419703,15501,2903,0.11682242990654206,567,0.883177570093458,0.8422625516192133,0.8627200608563357,0.8436417095453114,0.1634005763688761,0.8627200608563357,0.33918176125364,0.27577821011673154,0.23209174035486235,0.1634005763688761,0.9951848998459168,0.1577374483807868,0.8365994236311239,5.599035480537377,0.1387007289852267,40.36774371339996
