{"performances": [0.9263810488170998, 0.9280122294963643, 0.9244478039109745, 0.9270497541845502, 0.9268148905730232, 0.9272887649373257, 0.9253876815347605, 0.9265103719156271, 0.9261532099550348, 0.925231190429278], "mean": 0.9263276945754038, "std": 0.0010102792434520007}