{"performances": [0.93068205746956, 0.9299877075347971, 0.9322407901302778, 0.9306083399179781, 0.929001534272991, 0.9320760893778343, 0.9300742896878033, 0.9297031628638227, 0.9300346802571026, 0.9320198067466031], "mean": 0.930642845825877, "std": 0.0010585649706804261}