ROC_AUC_score,prediction_threshold,TN,FP,FN,TP,sensitivity,specificity,BA,Accuracy,precision,ROC_ACU_score_discretized,MCC,f1_score,cohen_kappa,PPV_score,NPV_score,FPR_score,FDR_score,PLR_score,NLR_score,DOR_score
0.9323565693119952,0.511697290047529,12913,1810,0.1442495126705653,439,0.8557504873294347,0.877063098553284,0.8664067929413594,0.8763454975059071,0.19519786571809694,0.8664067929413594,0.37265006634320663,0.3178855901520637,0.2783133294068505,0.19519786571809694,0.9943019943019943,0.12293690144671603,0.8048021342819031,6.96089194748689,0.1644687969525852,42.32348066298344
