ROC_AUC_score,prediction_threshold,TN,FP,FN,TP,sensitivity,specificity,BA,Accuracy,precision,ROC_ACU_score_discretized,MCC,f1_score,cohen_kappa,PPV_score,NPV_score,FPR_score,FDR_score,PLR_score,NLR_score,DOR_score
0.9332884934265274,0.511697290047529,16169,2235,0.14018691588785046,552,0.8598130841121495,0.8785590089111063,0.8691860465116279,0.8779271238055235,0.19806243272335844,0.8691860465116279,0.37703659136858825,0.3219597550306212,0.28265368735244867,0.19806243272335844,0.9944646042192017,0.12144099108889372,0.8019375672766416,7.080089485458613,0.15956459892386668,44.371304996271434
