ROC_AUC_score,prediction_threshold,TN,FP,FN,TP,sensitivity,specificity,BA,Accuracy,precision,ROC_ACU_score_discretized,MCC,f1_score,cohen_kappa,PPV_score,NPV_score,FPR_score,FDR_score,PLR_score,NLR_score,DOR_score
0.927772626294839,0.5381530667266509,16364,2040,0.17289719626168223,531,0.8271028037383178,0.8891545316235601,0.858128667680939,0.8870629003465295,0.20653442240373396,0.8581286676809389,0.37829356965254796,0.3305322128851541,0.29235836188828634,0.20653442240373396,0.9932625189681336,0.11084546837643991,0.793465577596266,7.461764705882351,0.19445123441701292,38.37344992050874
