ROC_AUC_score,prediction_threshold,TN,FP,FN,TP,sensitivity,specificity,BA,Accuracy,precision,ROC_ACU_score_discretized,MCC,f1_score,cohen_kappa,PPV_score,NPV_score,FPR_score,FDR_score,PLR_score,NLR_score,DOR_score
0.915523032944039,0.5572190056051699,13172,1551,0.17543859649122806,423,0.8245614035087719,0.8946546220199687,0.8596080127643704,0.8922945655027567,0.21428571428571427,0.8596080127643703,0.3863119195596109,0.34016887816646557,0.30290938022352154,0.21428571428571427,0.9932136932589353,0.10534537798003124,0.7857142857142857,7.827219564061665,0.19609645127090425,39.9151515151515
