ROC_AUC_score,prediction_threshold,TN,FP,FN,TP,sensitivity,specificity,BA,Accuracy,precision,ROC_ACU_score_discretized,MCC,f1_score,cohen_kappa,PPV_score,NPV_score,FPR_score,FDR_score,PLR_score,NLR_score,DOR_score
0.9345245107896767,0.5572190056051699,16445,1959,0.1573208722741433,541,0.8426791277258567,0.8935557487502717,0.8681174382380642,0.8918408064685498,0.2164,0.8681174382380642,0.39348075745009264,0.3443666454487588,0.3072045586801593,0.2164,0.9938958056327813,0.10644425124972832,0.7836,7.916624127956439,0.17606161953988037,44.96507614007955
