ROC_AUC_score,prediction_threshold,TN,FP,FN,TP,sensitivity,specificity,BA,Accuracy,precision,ROC_ACU_score_discretized,MCC,f1_score,cohen_kappa,PPV_score,NPV_score,FPR_score,FDR_score,PLR_score,NLR_score,DOR_score
0.9284188759839104,0.43938429512054805,12489,2234,0.12085769980506822,451,0.8791423001949318,0.8482646199823406,0.8637034600886362,0.849304279338409,0.1679702048417132,0.8637034600886363,0.3443681338837849,0.282051282051282,0.23902722645709318,0.1679702048417132,0.995060154569357,0.15173538001765943,0.8320297951582868,5.7939176749194194,0.14247641238129707,40.66580269731714
