ROC_AUC_score,prediction_threshold,TN,FP,FN,TP,sensitivity,specificity,BA,Accuracy,precision,ROC_ACU_score_discretized,MCC,f1_score,cohen_kappa,PPV_score,NPV_score,FPR_score,FDR_score,PLR_score,NLR_score,DOR_score
0.9344166851172134,0.43938429512054805,15614,2790,0.10903426791277258,572,0.8909657320872274,0.8484025211910454,0.8696841266391364,0.849837236165074,0.1701368233194527,0.8696841266391363,0.34999122354555207,0.2857142857142857,0.24285510315779457,0.1701368233194527,0.9955368528436623,0.15159747880895458,0.8298631766805473,5.8771804062126645,0.12851714273515222,45.730711725550435
