ROC_AUC_score,prediction_threshold,TN,FP,FN,TP,sensitivity,specificity,BA,Accuracy,precision,ROC_ACU_score_discretized,MCC,f1_score,cohen_kappa,PPV_score,NPV_score,FPR_score,FDR_score,PLR_score,NLR_score,DOR_score
0.9352780965295577,0.5371747888409776,13129,1594,0.13255360623781676,445,0.8674463937621832,0.891734021598859,0.8795902076805211,0.8909162509845103,0.21824423737126042,0.8795902076805211,0.402212546193615,0.34874608150470215,0.31171366071963946,0.21824423737126042,0.9948473137834356,0.10826597840114108,0.7817557626287396,8.012178955684208,0.14864702145170053,53.900703003911744
