ROC_AUC_score,prediction_threshold,TN,FP,FN,TP,sensitivity,specificity,BA,Accuracy,precision,ROC_ACU_score_discretized,MCC,f1_score,cohen_kappa,PPV_score,NPV_score,FPR_score,FDR_score,PLR_score,NLR_score,DOR_score
0.9197714366577495,0.5371747888409776,16347,2057,0.18847352024922118,521,0.8115264797507789,0.8882308193870898,0.8498786495689343,0.8856452798487872,0.20209464701318852,0.8498786495689343,0.3691553594285119,0.32360248447204965,0.28501136061848975,0.20209464701318852,0.9926524168083556,0.11176918061291023,0.7979053529868115,7.260735699238376,0.21218980037111798,34.21811833810776
