ROC_AUC_score,prediction_threshold,TN,FP,FN,TP,sensitivity,specificity,BA,Accuracy,precision,ROC_ACU_score_discretized,MCC,f1_score,cohen_kappa,PPV_score,NPV_score,FPR_score,FDR_score,PLR_score,NLR_score,DOR_score
0.9317916206743927,0.42992036457642496,12344,2379,0.09551656920077972,464,0.9044834307992202,0.8384160836785981,0.8714497572389092,0.8406405880808612,0.1632078790010552,0.8714497572389092,0.34396183596884455,0.27651966626936825,0.232750538016121,0.1632078790010552,0.9960461550875495,0.1615839163214019,0.8367921209989447,5.59760805029715,0.11392502011852565,49.13414142453952
