ROC_AUC_score,prediction_threshold,TN,FP,FN,TP,sensitivity,specificity,BA,Accuracy,precision,ROC_ACU_score_discretized,MCC,f1_score,cohen_kappa,PPV_score,NPV_score,FPR_score,FDR_score,PLR_score,NLR_score,DOR_score
0.9265508277016848,0.42992036457642496,15502,2902,0.12305295950155763,563,0.8769470404984424,0.8423168876331232,0.8596319640657828,0.8434841961566734,0.16248196248196248,0.8596319640657828,0.33648260963143134,0.2741660579498417,0.23039279674414692,0.16248196248196248,0.9949297220974264,0.15768311236687677,0.8375180375180376,5.561451872271995,0.14608867672988426,38.069013949349646
