ROC_AUC_score,prediction_threshold,TN,FP,FN,TP,sensitivity,specificity,BA,Accuracy,precision,ROC_ACU_score_discretized,MCC,f1_score,cohen_kappa,PPV_score,NPV_score,FPR_score,FDR_score,PLR_score,NLR_score,DOR_score
0.932097595903242,0.5362334877548053,13130,1593,0.1442495126705653,439,0.8557504873294347,0.8918019425388848,0.8737762149341597,0.8905880808611184,0.21604330708661418,0.8737762149341597,0.39662847162471365,0.3449901768172888,0.30777142208011443,0.21604330708661418,0.9943956376855498,0.10819805746111526,0.7839566929133859,7.909111377872739,0.16175061500751964,48.896947795252906
