ROC_AUC_score,prediction_threshold,TN,FP,FN,TP,sensitivity,specificity,BA,Accuracy,precision,ROC_ACU_score_discretized,MCC,f1_score,cohen_kappa,PPV_score,NPV_score,FPR_score,FDR_score,PLR_score,NLR_score,DOR_score
0.9344457151059535,0.5362334877548053,16401,2003,0.14330218068535824,550,0.8566978193146417,0.8911649641382308,0.8739313917264362,0.8900031502677728,0.2154328241284763,0.8739313917264364,0.39615971541714257,0.34428794992175277,0.30695406208068043,0.2154328241284763,0.9944218759473716,0.10883503586176918,0.7845671758715237,7.871526044266929,0.16080320305672421,48.951301308906174
