ROC_AUC_score,prediction_threshold,TN,FP,FN,TP,sensitivity,specificity,BA,Accuracy,precision,ROC_ACU_score_discretized,MCC,f1_score,cohen_kappa,PPV_score,NPV_score,FPR_score,FDR_score,PLR_score,NLR_score,DOR_score
0.9289403975877342,0.5266849955326837,13083,1640,0.15984405458089668,431,0.8401559454191033,0.8886096583576717,0.8643828018883875,0.8869782095038068,0.2081120231772091,0.8643828018883876,0.38356963925457366,0.33359133126934987,0.29557235877545696,0.2081120231772091,0.9937713634637296,0.11139034164232833,0.7918879768227909,7.54244877097894,0.17988106822552485,41.93019779892922
