ROC_AUC_score,prediction_threshold,TN,FP,FN,TP,sensitivity,specificity,BA,Accuracy,precision,ROC_ACU_score_discretized,MCC,f1_score,cohen_kappa,PPV_score,NPV_score,FPR_score,FDR_score,PLR_score,NLR_score,DOR_score
0.9305672916831704,0.5266849955326837,16290,2114,0.1526479750778816,544,0.8473520249221184,0.8851336665942187,0.8662428457581686,0.8838601281108894,0.20466516177577126,0.8662428457581686,0.3814892512830644,0.3296969696969697,0.2912094242345691,0.20466516177577126,0.9940200146448621,0.11486633340578135,0.7953348382242288,7.376852727846106,0.17245754041334155,42.77489235997142
