ROC_AUC_score,prediction_threshold,TN,FP,FN,TP,sensitivity,specificity,BA,Accuracy,precision,ROC_ACU_score_discretized,MCC,f1_score,cohen_kappa,PPV_score,NPV_score,FPR_score,FDR_score,PLR_score,NLR_score,DOR_score
0.9210999643977763,0.4535045459640988,12648,2075,0.15204678362573099,435,0.847953216374269,0.8590640494464443,0.8535086329103567,0.8586899448674192,0.17330677290836655,0.8535086329103567,0.3437985479479999,0.28779358253390674,0.2456136590599839,0.17330677290836655,0.9938708156529938,0.14093595055355565,0.8266932270916335,6.016585640808849,0.17699120772625215,33.993697868396666
