ROC_AUC_score,prediction_threshold,TN,FP,FN,TP,sensitivity,specificity,BA,Accuracy,precision,ROC_ACU_score_discretized,MCC,f1_score,cohen_kappa,PPV_score,NPV_score,FPR_score,FDR_score,PLR_score,NLR_score,DOR_score
0.9358866351009973,0.4535045459640988,15805,2599,0.11370716510903427,569,0.8862928348909658,0.8587806998478592,0.8725367673694124,0.8597080751863908,0.17960858585858586,0.8725367673694123,0.3611039827547636,0.29868766404199476,0.2570403834017534,0.17960858585858586,0.9954024436326994,0.14121930015214085,0.8203914141414141,6.276003591124794,0.1324053569545502,47.39992199317971
