{"performances": [0.9331312406012238, 0.9345121540014665, 0.9338666387707941, 0.9334149389168412, 0.9334606421061112, 0.9377566572619659, 0.9323448918391708, 0.9331224385055126, 0.933595466514458, 0.9324372292086036], "mean": 0.9337642297726149, "std": 0.001460822648751298}