ROC_AUC_score,prediction_threshold,TN,FP,FN,TP,sensitivity,specificity,BA,Accuracy,precision,ROC_ACU_score_discretized,MCC,f1_score,cohen_kappa,PPV_score,NPV_score,FPR_score,FDR_score,PLR_score,NLR_score,DOR_score
0.9264643946648828,0.5158707114600992,12872,1851,0.13255360623781676,445,0.8674463937621832,0.8742783400122258,0.8708623668872045,0.8740483066421633,0.19381533101045295,0.8708623668872045,0.37397840061031795,0.31683873264506945,0.2770456662278845,0.19381533101045295,0.9947449768160742,0.12572165998777424,0.806184668989547,6.899737036931728,0.1516148807208962,45.508310293323184
