ROC_AUC_score,prediction_threshold,TN,FP,FN,TP,sensitivity,specificity,BA,Accuracy,precision,ROC_ACU_score_discretized,MCC,f1_score,cohen_kappa,PPV_score,NPV_score,FPR_score,FDR_score,PLR_score,NLR_score,DOR_score
0.9334606421061112,0.5158707114600992,16165,2239,0.16666666666666666,535,0.8333333333333334,0.8783416648554662,0.8558374990943998,0.8768245300850572,0.1928622927180966,0.8558374990943998,0.36410918879938653,0.31323185011709603,0.2734567471640338,0.1928622927180966,0.9934242871189773,0.1216583351445338,0.8071377072819034,6.8497841298198585,0.18975152077533763,36.098704778919156
