{"performances": [0.9331213382435485, 0.9326527959179942, 0.9329927768648424, 0.9329129655546912, 0.9320931857560425, 0.933273174394568, 0.9327777179686659, 0.9352005794487316, 0.9340349788512723, 0.9343821538186539], "mean": 0.9333441666819009, "std": 0.0008791370597625191}