ROC_AUC_score,prediction_threshold,TN,FP,FN,TP,sensitivity,specificity,BA,Accuracy,precision,ROC_ACU_score_discretized,MCC,f1_score,cohen_kappa,PPV_score,NPV_score,FPR_score,FDR_score,PLR_score,NLR_score,DOR_score
0.9332858813549606,0.4694897532319241,12555,2168,0.10721247563352826,458,0.8927875243664717,0.852747402024044,0.8727674631952578,0.8540955631399317,0.1744097486671744,0.8727674631952578,0.35605732790659117,0.29181267919719656,0.24953509218655312,0.1744097486671744,0.9956383822363204,0.147252597975956,0.8255902513328256,6.062966199837435,0.1257259481284299,48.22366655484733
