ROC_AUC_score,prediction_threshold,TN,FP,FN,TP,sensitivity,specificity,BA,Accuracy,precision,ROC_ACU_score_discretized,MCC,f1_score,cohen_kappa,PPV_score,NPV_score,FPR_score,FDR_score,PLR_score,NLR_score,DOR_score
0.9192250296393647,0.4694897532319241,15544,2860,0.13707165109034267,554,0.8629283489096573,0.844599000217344,0.8537636745635007,0.8452168434316917,0.1622729935559461,0.8537636745635007,0.3329107557943688,0.2731755424063116,0.2294508076358297,0.1622729935559461,0.9943705220061413,0.15540099978265595,0.8377270064440538,5.552913752913751,0.16229198833419115,34.21557533375714
