ROC_AUC_score,prediction_threshold,TN,FP,FN,TP,sensitivity,specificity,BA,Accuracy,precision,ROC_ACU_score_discretized,MCC,f1_score,cohen_kappa,PPV_score,NPV_score,FPR_score,FDR_score,PLR_score,NLR_score,DOR_score
0.9335516071378686,0.60860869148258,13398,1325,0.1617933723196881,430,0.8382066276803118,0.9100047544658018,0.8741056910730568,0.9075872932528223,0.245014245014245,0.8741056910730568,0.4227479735305498,0.37918871252204583,0.34506065679044096,0.245014245014245,0.9938431867072176,0.08999524553419819,0.7549857549857549,9.313899003273377,0.17779398571897065,52.3859058877017
