ROC_AUC_score,prediction_threshold,TN,FP,FN,TP,sensitivity,specificity,BA,Accuracy,precision,ROC_ACU_score_discretized,MCC,f1_score,cohen_kappa,PPV_score,NPV_score,FPR_score,FDR_score,PLR_score,NLR_score,DOR_score
0.936044311103979,0.60860869148258,16748,1656,0.17289719626168223,531,0.8271028037383178,0.9100195609650076,0.8685611823516627,0.9072246140921978,0.24279835390946503,0.8685611823516626,0.41727553018356633,0.3753976670201485,0.3410556484356341,0.24279835390946503,0.9934159795954683,0.0899804390349924,0.757201646090535,9.192028985507244,0.18999283496536898,48.38092440266353
