ROC_AUC_score,prediction_threshold,TN,FP,FN,TP,sensitivity,specificity,BA,Accuracy,precision,ROC_ACU_score_discretized,MCC,f1_score,cohen_kappa,PPV_score,NPV_score,FPR_score,FDR_score,PLR_score,NLR_score,DOR_score
0.9265688578650397,0.5659932514814707,13226,1497,0.17153996101364521,425,0.8284600389863548,0.8983223527813625,0.8633911958838587,0.8959700708847467,0.2211238293444329,0.8633911958838587,0.3948482953930366,0.349075975359343,0.3125348870099278,0.2211238293444329,0.9933904161033499,0.1016776472186375,0.7788761706555671,8.1479072504984,0.1909559085138287,42.669050221655446
