ROC_AUC_score,prediction_threshold,TN,FP,FN,TP,sensitivity,specificity,BA,Accuracy,precision,ROC_ACU_score_discretized,MCC,f1_score,cohen_kappa,PPV_score,NPV_score,FPR_score,FDR_score,PLR_score,NLR_score,DOR_score
0.9275124566581422,0.5659932514814707,16483,1921,0.19314641744548286,518,0.8068535825545171,0.8956205172788524,0.8512370499166848,0.89262837341174,0.21238212382123822,0.8512370499166847,0.3794044757072978,0.3362544628367414,0.2988346335355869,0.21238212382123822,0.9925332691033901,0.10437948272114758,0.7876178761787618,7.730001735207354,0.21565653501587498,35.84404124196065
