ROC_AUC_score,prediction_threshold,TN,FP,FN,TP,sensitivity,specificity,BA,Accuracy,precision,ROC_ACU_score_discretized,MCC,f1_score,cohen_kappa,PPV_score,NPV_score,FPR_score,FDR_score,PLR_score,NLR_score,DOR_score
0.9252626044648552,0.48725276905778464,12704,2019,0.1364522417153996,443,0.8635477582846004,0.8628676220878897,0.8632076901862451,0.8628905224468364,0.17993501218521527,0.8632076901862451,0.3559872054889233,0.29781512605042015,0.2563739501201465,0.17993501218521527,0.9945201189917019,0.1371323779121103,0.8200649878147848,6.2971835786152415,0.15813809467693862,39.82078822613742
