ROC_AUC_score,prediction_threshold,TN,FP,FN,TP,sensitivity,specificity,BA,Accuracy,precision,ROC_ACU_score_discretized,MCC,f1_score,cohen_kappa,PPV_score,NPV_score,FPR_score,FDR_score,PLR_score,NLR_score,DOR_score
0.9287721719712836,0.48725276905778464,15792,2612,0.1308411214953271,558,0.8691588785046729,0.858074331667029,0.8636166050858509,0.8584479680772865,0.17602523659305994,0.8636166050858509,0.35236856147504286,0.2927597061909759,0.25075566436012087,0.17602523659305994,0.9947089947089947,0.1419256683329711,0.8239747634069401,6.12404287901991,0.1524822695035461,40.1623277182236
