ROC_AUC_score,prediction_threshold,TN,FP,FN,TP,sensitivity,specificity,BA,Accuracy,precision,ROC_ACU_score_discretized,MCC,f1_score,cohen_kappa,PPV_score,NPV_score,FPR_score,FDR_score,PLR_score,NLR_score,DOR_score
0.9351365614712973,0.547048993216272,13052,1671,0.14230019493177387,440,0.8576998050682261,0.8865041092168716,0.8721019571425488,0.8855342609608822,0.20843202273803885,0.8721019571425488,0.3885572491787002,0.3353658536585366,0.29729673979404847,0.20843202273803885,0.9944380952380952,0.11349589078312844,0.7915679772619612,7.557100077809395,0.1605183703632016,47.07934712213998
