ROC_AUC_score,prediction_threshold,TN,FP,FN,TP,sensitivity,specificity,BA,Accuracy,precision,ROC_ACU_score_discretized,MCC,f1_score,cohen_kappa,PPV_score,NPV_score,FPR_score,FDR_score,PLR_score,NLR_score,DOR_score
0.9273871114297922,0.547048993216272,16386,2018,0.15109034267912771,545,0.8489096573208723,0.8903499239295806,0.8696297906252264,0.8889530610101859,0.21264143581740147,0.8696297906252265,0.390956245978391,0.3400936037441498,0.3024897449484375,0.21264143581740147,0.9941151489413335,0.10965007607041947,0.7873585641825985,7.741988767756858,0.16969770942674636,45.62223493711241
