ROC_AUC_score,prediction_threshold,TN,FP,FN,TP,sensitivity,specificity,BA,Accuracy,precision,ROC_ACU_score_discretized,MCC,f1_score,cohen_kappa,PPV_score,NPV_score,FPR_score,FDR_score,PLR_score,NLR_score,DOR_score
0.9309755101981371,0.48181609750792126,12792,1931,0.1189083820662768,452,0.8810916179337231,0.868844664810161,0.8749681413719421,0.8692570228406405,0.18967687788501889,0.8749681413719421,0.37240622288973707,0.31215469613259667,0.27180408468654516,0.18967687788501889,0.9952540262973625,0.13115533518983902,0.8103231221149811,6.717924334975767,0.1368580448062691,49.0868062925011
