ROC_AUC_score,prediction_threshold,TN,FP,FN,TP,sensitivity,specificity,BA,Accuracy,precision,ROC_ACU_score_discretized,MCC,f1_score,cohen_kappa,PPV_score,NPV_score,FPR_score,FDR_score,PLR_score,NLR_score,DOR_score
0.9311841154672457,0.48181609750792126,16024,2380,0.13395638629283488,556,0.8660436137071651,0.8706802868941534,0.8683619503006592,0.8705239945395359,0.1893732970027248,0.8683619503006592,0.36821594402402014,0.31078814980436,0.27042875283386414,0.1893732970027248,0.9946617008069522,0.12931971310584656,0.8106267029972752,6.696918767507003,0.15385255450158097,43.5281610318546
