ROC_AUC_score,prediction_threshold,TN,FP,FN,TP,sensitivity,specificity,BA,Accuracy,precision,ROC_ACU_score_discretized,MCC,f1_score,cohen_kappa,PPV_score,NPV_score,FPR_score,FDR_score,PLR_score,NLR_score,DOR_score
0.9262755929875401,0.49238706379586883,12762,1961,0.15009746588693956,436,0.8499025341130604,0.8668070366093866,0.8583547853612234,0.8662378577054345,0.18189403420942846,0.8583547853612236,0.3550589186709408,0.29965635738831614,0.25852751546071184,0.18189403420942846,0.9940026481813226,0.13319296339061332,0.8181059657905716,6.3809867464286505,0.1731613375845018,36.849950661271386
