ROC_AUC_score,prediction_threshold,TN,FP,FN,TP,sensitivity,specificity,BA,Accuracy,precision,ROC_ACU_score_discretized,MCC,f1_score,cohen_kappa,PPV_score,NPV_score,FPR_score,FDR_score,PLR_score,NLR_score,DOR_score
0.923032020670029,0.49238706379586883,15963,2441,0.1542056074766355,543,0.8457943925233645,0.8673657900456423,0.8565800912845034,0.8666386642864643,0.18197050938337803,0.8565800912845035,0.35408823221155583,0.29950358521787096,0.2583576654309241,0.18197050938337803,0.9938363840119537,0.13263420995435773,0.818029490616622,6.376894715280625,0.17778613042661148,35.86834754757739
