ROC_AUC_score,prediction_threshold,TN,FP,FN,TP,sensitivity,specificity,BA,Accuracy,precision,ROC_ACU_score_discretized,MCC,f1_score,cohen_kappa,PPV_score,NPV_score,FPR_score,FDR_score,PLR_score,NLR_score,DOR_score
0.9231085971095336,0.5026394444669914,12776,1947,0.14230019493177387,440,0.8576998050682261,0.867757929769748,0.862728867418987,0.8674192701496456,0.18433179723502305,0.862728867418987,0.36000462487259355,0.30344827586206896,0.26257408050702746,0.18433179723502305,0.9943186240174333,0.13224207023025197,0.815668202764977,6.485831653836409,0.16398604962276986,39.551118334494205
