ROC_AUC_score,prediction_threshold,TN,FP,FN,TP,sensitivity,specificity,BA,Accuracy,precision,ROC_ACU_score_discretized,MCC,f1_score,cohen_kappa,PPV_score,NPV_score,FPR_score,FDR_score,PLR_score,NLR_score,DOR_score
0.9282128157159388,0.5026394444669914,16060,2344,0.13395638629283488,556,0.8660436137071651,0.8726363833949141,0.8693399985510396,0.8724141552031923,0.1917241379310345,0.8693399985510395,0.3710637182527178,0.31394692264257484,0.27386700152431853,0.1917241379310345,0.9946736033692556,0.12736361660508586,0.8082758620689655,6.799772468714447,0.15350767953507682,44.295975871100865
