ROC_AUC_score,prediction_threshold,TN,FP,FN,TP,sensitivity,specificity,BA,Accuracy,precision,ROC_ACU_score_discretized,MCC,f1_score,cohen_kappa,PPV_score,NPV_score,FPR_score,FDR_score,PLR_score,NLR_score,DOR_score
0.9288530139222038,0.504616120684349,12860,1863,0.15984405458089668,431,0.8401559454191033,0.873463288731916,0.8568096170755097,0.8723418220005251,0.1878814298169137,0.8568096170755096,0.3599365761090958,0.3070894193088707,0.2667352702818798,0.1878814298169137,0.9936640395611188,0.12653671126808394,0.8121185701830863,6.639622106497829,0.18300031225463,36.282026105285205
