ROC_AUC_score,prediction_threshold,TN,FP,FN,TP,sensitivity,specificity,BA,Accuracy,precision,ROC_ACU_score_discretized,MCC,f1_score,cohen_kappa,PPV_score,NPV_score,FPR_score,FDR_score,PLR_score,NLR_score,DOR_score
0.9333988581650611,0.504616120684349,16025,2379,0.14485981308411214,549,0.8551401869158879,0.8707346229080635,0.8629374049119757,0.8702089677622598,0.1875,0.8629374049119757,0.36319866178090876,0.30756302521008405,0.26703580066763954,0.1875,0.9942300533564958,0.12926537709193653,0.8125,6.615384615384616,0.16636505460218404,39.76426799007446
