ROC_AUC_score,prediction_threshold,TN,FP,FN,TP,sensitivity,specificity,BA,Accuracy,precision,ROC_ACU_score_discretized,MCC,f1_score,cohen_kappa,PPV_score,NPV_score,FPR_score,FDR_score,PLR_score,NLR_score,DOR_score
0.9366424733072691,0.5577547674546237,13162,1561,0.14619883040935672,438,0.8538011695906432,0.8939754126197107,0.873888291105177,0.8926227356261486,0.2191095547773887,0.873888291105177,0.3995098740356963,0.34872611464968145,0.3118493258959826,0.2191095547773887,0.9943340636095792,0.10602458738028935,0.7808904452226113,8.052860102423475,0.16353786507498555,49.24156310057655
