ROC_AUC_score,prediction_threshold,TN,FP,FN,TP,sensitivity,specificity,BA,Accuracy,precision,ROC_ACU_score_discretized,MCC,f1_score,cohen_kappa,PPV_score,NPV_score,FPR_score,FDR_score,PLR_score,NLR_score,DOR_score
0.927205060392533,0.5577547674546237,16481,1923,0.17133956386292834,532,0.8286604361370716,0.8955118452510323,0.862086140694052,0.8932584269662921,0.21670061099796334,0.8620861406940521,0.3900349224441207,0.34355828220858897,0.30649705062801114,0.21670061099796334,0.9933698993430173,0.10448815474896761,0.7832993890020367,7.930663893222391,0.1913314321541978,41.44987472226159
