ROC_AUC_score,prediction_threshold,TN,FP,FN,TP,sensitivity,specificity,BA,Accuracy,precision,ROC_ACU_score_discretized,MCC,f1_score,cohen_kappa,PPV_score,NPV_score,FPR_score,FDR_score,PLR_score,NLR_score,DOR_score
0.9225616548030099,0.49636434757565184,12731,1992,0.1442495126705653,439,0.8557504873294347,0.8647014874685865,0.8602259873990106,0.8644001050144395,0.18058412176059235,0.8602259873990106,0.3548784306241278,0.29823369565217395,0.2569134443821801,0.18058412176059235,0.994221007418977,0.13529851253141342,0.8194158782394076,6.324906839834973,0.16682001217883377,37.91455687615326
