ROC_AUC_score,prediction_threshold,TN,FP,FN,TP,sensitivity,specificity,BA,Accuracy,precision,ROC_ACU_score_discretized,MCC,f1_score,cohen_kappa,PPV_score,NPV_score,FPR_score,FDR_score,PLR_score,NLR_score,DOR_score
0.9257870766276599,0.49636434757565184,15937,2467,0.13239875389408098,557,0.867601246105919,0.8659530536839818,0.8667771498949504,0.8660086107319123,0.1841931216931217,0.8667771498949504,0.3622485337711414,0.30387343153300606,0.262882549573232,0.1841931216931217,0.9946947946573461,0.13404694631601827,0.8158068783068783,6.472368598837997,0.15289368555353364,42.332478122988185
