ROC_AUC_score,prediction_threshold,TN,FP,FN,TP,sensitivity,specificity,BA,Accuracy,precision,ROC_ACU_score_discretized,MCC,f1_score,cohen_kappa,PPV_score,NPV_score,FPR_score,FDR_score,PLR_score,NLR_score,DOR_score
0.9341803723312069,0.41841442141536783,12482,2241,0.10721247563352826,458,0.8927875243664717,0.8477891734021599,0.8702883488843158,0.849304279338409,0.16969247869581328,0.8702883488843158,0.34988766031928836,0.28518057285180576,0.2423062316161252,0.16969247869581328,0.9956129855627343,0.1522108265978401,0.8303075213041867,5.865466631525016,0.126461246495148,46.38153421767876
