ROC_AUC_score,prediction_threshold,TN,FP,FN,TP,sensitivity,specificity,BA,Accuracy,precision,ROC_ACU_score_discretized,MCC,f1_score,cohen_kappa,PPV_score,NPV_score,FPR_score,FDR_score,PLR_score,NLR_score,DOR_score
0.9340909229403603,0.41841442141536783,15506,2898,0.11682242990654206,567,0.883177570093458,0.8425342316887633,0.8628559008911106,0.8439042318597081,0.16363636363636364,0.8628559008911106,0.33949902303364704,0.27611395178962744,0.2324581632741861,0.16363636363636364,0.9951864450292023,0.15746576831123668,0.8363636363636363,5.608695652173912,0.1386560041274345,40.4504347826087
