ROC_AUC_score,prediction_threshold,TN,FP,FN,TP,sensitivity,specificity,BA,Accuracy,precision,ROC_ACU_score_discretized,MCC,f1_score,cohen_kappa,PPV_score,NPV_score,FPR_score,FDR_score,PLR_score,NLR_score,DOR_score
0.9330601402190073,0.5035908109406643,12917,1806,0.14230019493177387,440,0.8576998050682261,0.8773347823133872,0.8675172936908067,0.876673667629299,0.19590382902938558,0.8675172936908067,0.3739858430177179,0.3189561435302646,0.2794563579011715,0.19590382902938558,0.9943802925327174,0.12266521768661279,0.8040961709706145,6.9922005703319465,0.1621960029403505,43.10957387096285
