ROC_AUC_score,prediction_threshold,TN,FP,FN,TP,sensitivity,specificity,BA,Accuracy,precision,ROC_ACU_score_discretized,MCC,f1_score,cohen_kappa,PPV_score,NPV_score,FPR_score,FDR_score,PLR_score,NLR_score,DOR_score
0.9294642367465829,0.5035908109406643,16133,2271,0.14330218068535824,550,0.8566978193146417,0.8766029124103456,0.8666503658624937,0.8759319542161084,0.19496632399858208,0.8666503658624937,0.37257340326324256,0.3176436615651169,0.2779927286709397,0.19496632399858208,0.9943297380585516,0.12339708758965443,0.805033676001418,6.9426097167180405,0.1634744519514866,42.46908084927154
