ROC_AUC_score,prediction_threshold,TN,FP,FN,TP,sensitivity,specificity,BA,Accuracy,precision,ROC_ACU_score_discretized,MCC,f1_score,cohen_kappa,PPV_score,NPV_score,FPR_score,FDR_score,PLR_score,NLR_score,DOR_score
0.9209680945025215,0.4883728404095139,12766,1957,0.1442495126705653,439,0.8557504873294347,0.86707872036949,0.8614146038494623,0.8666972958781832,0.1832220367278798,0.8614146038494622,0.3581513667823844,0.301821931935373,0.26082346062754636,0.1832220367278798,0.9942367601246106,0.1329212796305101,0.8167779632721202,6.438024744481999,0.1663626488366546,38.698739107017104
