ROC_AUC_score,prediction_threshold,TN,FP,FN,TP,sensitivity,specificity,BA,Accuracy,precision,ROC_ACU_score_discretized,MCC,f1_score,cohen_kappa,PPV_score,NPV_score,FPR_score,FDR_score,PLR_score,NLR_score,DOR_score
0.9331312406012238,0.4883728404095139,16050,2354,0.14797507788161993,547,0.8520249221183801,0.872093023255814,0.8620589726870971,0.8714165704084847,0.1885556704584626,0.8620589726870971,0.36369727550654957,0.30877787186000566,0.26839329889467345,0.1885556704584626,0.9941158253329204,0.12790697674418605,0.8114443295415374,6.661285754743699,0.16967808930425748,39.25837320574164
