ROC_AUC_score,prediction_threshold,TN,FP,FN,TP,sensitivity,specificity,BA,Accuracy,precision,ROC_ACU_score_discretized,MCC,f1_score,cohen_kappa,PPV_score,NPV_score,FPR_score,FDR_score,PLR_score,NLR_score,DOR_score
0.9275464957230328,0.5265010340313852,13010,1713,0.15789473684210525,432,0.8421052631578947,0.8836514297357876,0.8628783464468411,0.8822525597269625,0.2013986013986014,0.8628783464468411,0.3763984518456785,0.3250564334085779,0.28626973345200724,0.2013986013986014,0.9938125429684516,0.11634857026421246,0.7986013986013986,7.237779211601686,0.1786844127998706,40.50593500681067
