ROC_AUC_score,prediction_threshold,TN,FP,FN,TP,sensitivity,specificity,BA,Accuracy,precision,ROC_ACU_score_discretized,MCC,f1_score,cohen_kappa,PPV_score,NPV_score,FPR_score,FDR_score,PLR_score,NLR_score,DOR_score
0.922024011440016,0.5265010340313852,16259,2145,0.17133956386292834,532,0.8286604361370716,0.883449250163008,0.8560548431500399,0.8816024362070776,0.19872992155397834,0.8560548431500398,0.36977305348438916,0.32057848749623385,0.28151033369252754,0.19872992155397834,0.9932799804508522,0.11655074983699196,0.8012700784460217,7.1098679098679085,0.19394386698648955,36.659410892138155
