ROC_AUC_score,prediction_threshold,TN,FP,FN,TP,sensitivity,specificity,BA,Accuracy,precision,ROC_ACU_score_discretized,MCC,f1_score,cohen_kappa,PPV_score,NPV_score,FPR_score,FDR_score,PLR_score,NLR_score,DOR_score
0.9267223088776905,0.5461798759832153,13060,1663,0.1442495126705653,439,0.8557504873294347,0.8870474767370781,0.8713989820332564,0.8859936991336309,0.20884871550903902,0.8713989820332564,0.3885193750561033,0.33575525812619506,0.2977420910669911,0.20884871550903902,0.994365768235115,0.11295252326292196,0.791151284490961,7.576196286801726,0.16261757848765182,46.58903642066602
