ROC_AUC_score,prediction_threshold,TN,FP,FN,TP,sensitivity,specificity,BA,Accuracy,precision,ROC_ACU_score_discretized,MCC,f1_score,cohen_kappa,PPV_score,NPV_score,FPR_score,FDR_score,PLR_score,NLR_score,DOR_score
0.9275081402458223,0.5461798759832153,16319,2085,0.16666666666666666,535,0.8333333333333334,0.8867094109976092,0.8600213721654713,0.8849102173684763,0.20419847328244276,0.8600213721654714,0.37728136084396907,0.3280196198651134,0.2895505429755496,0.20419847328244276,0.9934859369292585,0.11329058900239078,0.7958015267175572,7.355715427657876,0.18796086361500905,39.13429256594726
