ROC_AUC_score,prediction_threshold,TN,FP,FN,TP,sensitivity,specificity,BA,Accuracy,precision,ROC_ACU_score_discretized,MCC,f1_score,cohen_kappa,PPV_score,NPV_score,FPR_score,FDR_score,PLR_score,NLR_score,DOR_score
0.9292814586822886,0.5287421946406345,12978,1745,0.1364522417153996,443,0.8635477582846004,0.8814779596549617,0.872512858969781,0.8808742452087162,0.20246800731261427,0.872512858969781,0.38320615002921643,0.32802665679378007,0.28925513373394807,0.20246800731261427,0.9946351931330472,0.11852204034503838,0.7975319926873857,7.285967704999528,0.1547993800875195,47.06716332378226
