ROC_AUC_score,prediction_threshold,TN,FP,FN,TP,sensitivity,specificity,BA,Accuracy,precision,ROC_ACU_score_discretized,MCC,f1_score,cohen_kappa,PPV_score,NPV_score,FPR_score,FDR_score,PLR_score,NLR_score,DOR_score
0.9332702121508192,0.5287421946406345,16297,2107,0.17133956386292834,532,0.8286604361370716,0.8855140186915887,0.8570872274143302,0.8835976057964927,0.20159151193633953,0.8570872274143301,0.3730728579567598,0.32429137458092044,0.2855508282791709,0.20159151193633953,0.9932955445846285,0.11448598130841121,0.7984084880636605,7.2380952380952355,0.1934916446789798,37.407792207792184
