ROC_AUC_score,prediction_threshold,TN,FP,FN,TP,sensitivity,specificity,BA,Accuracy,precision,ROC_ACU_score_discretized,MCC,f1_score,cohen_kappa,PPV_score,NPV_score,FPR_score,FDR_score,PLR_score,NLR_score,DOR_score
0.9199074421622744,0.5822283811963695,13266,1457,0.19883040935672514,411,0.8011695906432749,0.9010391903823949,0.8511043905128348,0.8976765555263849,0.22002141327623126,0.8511043905128349,0.3861903700951157,0.34523309533809327,0.3087111923313465,0.22002141327623126,0.9923698384201077,0.0989608096176051,0.7799785867237687,8.095826961592955,0.2206678815738779,36.68783560095281
