ROC_AUC_score,prediction_threshold,TN,FP,FN,TP,sensitivity,specificity,BA,Accuracy,precision,ROC_ACU_score_discretized,MCC,f1_score,cohen_kappa,PPV_score,NPV_score,FPR_score,FDR_score,PLR_score,NLR_score,DOR_score
0.9320306400951712,0.5822283811963695,16523,1881,0.17445482866043613,530,0.8255451713395638,0.8977939578352532,0.8616695645874085,0.895358605481466,0.2198257984238905,0.8616695645874085,0.3926047751607298,0.3471994759253193,0.3104905325926819,0.2198257984238905,0.9932672076946197,0.1022060421647468,0.7801742015761095,8.077263866737548,0.19431499525913376,41.56788752183487
