ROC_AUC_score,prediction_threshold,TN,FP,FN,TP,sensitivity,specificity,BA,Accuracy,precision,ROC_ACU_score_discretized,MCC,f1_score,cohen_kappa,PPV_score,NPV_score,FPR_score,FDR_score,PLR_score,NLR_score,DOR_score
0.9304963564321461,0.5417411709661726,13063,1660,0.15789473684210525,432,0.8421052631578947,0.8872512395571555,0.8646782513575251,0.8857311630349173,0.20650095602294455,0.8646782513575251,0.3822540386905789,0.3316698656429943,0.29346078196245895,0.20650095602294455,0.993837492391966,0.11274876044284453,0.7934990439770554,7.468864933417881,0.17795944350656942,41.96947791164657
