ROC_AUC_score,prediction_threshold,TN,FP,FN,TP,sensitivity,specificity,BA,Accuracy,precision,ROC_ACU_score_discretized,MCC,f1_score,cohen_kappa,PPV_score,NPV_score,FPR_score,FDR_score,PLR_score,NLR_score,DOR_score
0.9319326321448473,0.5417411709661726,16227,2177,0.14797507788161993,547,0.8520249221183801,0.8817104977178875,0.8668677099181338,0.8807098603381287,0.20080763582966227,0.8668677099181338,0.37824471828948836,0.3250148544266191,0.286064329343643,0.20080763582966227,0.9941796348486706,0.11828950228211259,0.7991923641703378,7.20287857908437,0.16782728374519829,42.91840050286491
