ROC_AUC_score,prediction_threshold,TN,FP,FN,TP,sensitivity,specificity,BA,Accuracy,precision,ROC_ACU_score_discretized,MCC,f1_score,cohen_kappa,PPV_score,NPV_score,FPR_score,FDR_score,PLR_score,NLR_score,DOR_score
0.924723473728432,0.535711917437403,13070,1653,0.1539961013645224,434,0.8460038986354775,0.8877266861373362,0.8668652923864069,0.8863218692570228,0.20795400095831337,0.8668652923864069,0.3849336466045384,0.3338461538461539,0.2957804767879709,0.20795400095831337,0.9939919385504601,0.11227331386266386,0.7920459990416866,7.535218027592341,0.17347242543151217,43.43755503993506
