ROC_AUC_score,prediction_threshold,TN,FP,FN,TP,sensitivity,specificity,BA,Accuracy,precision,ROC_ACU_score_discretized,MCC,f1_score,cohen_kappa,PPV_score,NPV_score,FPR_score,FDR_score,PLR_score,NLR_score,DOR_score
0.9280192542458262,0.535711917437403,16329,2075,0.14797507788161993,547,0.8520249221183801,0.8872527711367094,0.8696388466275448,0.8860653155518219,0.20861937452326468,0.8696388466275448,0.3872357246754891,0.33517156862745096,0.29710587995516147,0.20861937452326468,0.9942157817827569,0.11274722886329058,0.7913806254767353,7.556947791164659,0.16677894135178717,45.31116296766013
