ROC_AUC_score,prediction_threshold,TN,FP,FN,TP,sensitivity,specificity,BA,Accuracy,precision,ROC_ACU_score_discretized,MCC,f1_score,cohen_kappa,PPV_score,NPV_score,FPR_score,FDR_score,PLR_score,NLR_score,DOR_score
0.923959925850988,0.44848969068459155,12618,2105,0.1442495126705653,439,0.8557504873294347,0.8570264212456701,0.8563884542875524,0.8569834602257811,0.172562893081761,0.8563884542875524,0.34473618804642997,0.28720968269545305,0.24489352164844047,0.172562893081761,0.994169555625591,0.14297357875432995,0.827437106918239,5.985375023729819,0.16831396220072378,35.56077550234321
