ROC_AUC_score,prediction_threshold,TN,FP,FN,TP,sensitivity,specificity,BA,Accuracy,precision,ROC_ACU_score_discretized,MCC,f1_score,cohen_kappa,PPV_score,NPV_score,FPR_score,FDR_score,PLR_score,NLR_score,DOR_score
0.9347109628747915,0.44848969068459155,15710,2694,0.12461059190031153,562,0.8753894080996885,0.8536187785264073,0.8645040933130479,0.8543526199726976,0.1726044226044226,0.8645040933130479,0.3494803553346991,0.2883530015392509,0.24588711795861762,0.1726044226044226,0.9949335022165928,0.1463812214735927,0.8273955773955773,5.98020292006929,0.145979206450244,40.96612843355605
