ROC_AUC_score,prediction_threshold,TN,FP,FN,TP,sensitivity,specificity,BA,Accuracy,precision,ROC_ACU_score_discretized,MCC,f1_score,cohen_kappa,PPV_score,NPV_score,FPR_score,FDR_score,PLR_score,NLR_score,DOR_score
0.9412765879697319,0.46530952847204876,12734,1989,0.10136452241715399,461,0.898635477582846,0.8649052502886639,0.881770363935755,0.8660409556313993,0.18816326530612246,0.881770363935755,0.3749200393989019,0.3111711103611205,0.27055449976645873,0.18816326530612246,0.9959330517753793,0.135094749711336,0.8118367346938775,6.651890465787952,0.11719725644320389,56.758073249023454
