ROC_AUC_score,prediction_threshold,TN,FP,FN,TP,sensitivity,specificity,BA,Accuracy,precision,ROC_ACU_score_discretized,MCC,f1_score,cohen_kappa,PPV_score,NPV_score,FPR_score,FDR_score,PLR_score,NLR_score,DOR_score
0.9243706163024292,0.46530952847204876,15768,2636,0.14953271028037382,546,0.8504672897196262,0.8567702673331884,0.8536187785264073,0.8565578074136302,0.1715901948460088,0.8536187785264073,0.3421625732653496,0.28556485355648537,0.24310492958623353,0.1715901948460088,0.9939485627836612,0.14322973266681155,0.8284098051539912,5.937784522003033,0.1745306950786403,34.02143399089528
