ROC_AUC_score,prediction_threshold,TN,FP,FN,TP,sensitivity,specificity,BA,Accuracy,precision,ROC_ACU_score_discretized,MCC,f1_score,cohen_kappa,PPV_score,NPV_score,FPR_score,FDR_score,PLR_score,NLR_score,DOR_score
0.9307126972040801,0.5535779600222379,13226,1497,0.16374269005847952,429,0.8362573099415205,0.8983223527813625,0.8672898313614414,0.8962326069834602,0.22274143302180685,0.8672898313614414,0.39872968528815683,0.3517835178351783,0.3153776000633005,0.22274143302180685,0.9936889556724268,0.1016776472186375,0.7772585669781932,8.224593436385444,0.18227609449047286,45.121624200782534
