ROC_AUC_score,prediction_threshold,TN,FP,FN,TP,sensitivity,specificity,BA,Accuracy,precision,ROC_ACU_score_discretized,MCC,f1_score,cohen_kappa,PPV_score,NPV_score,FPR_score,FDR_score,PLR_score,NLR_score,DOR_score
0.928288395249306,0.5535779600222379,16472,1932,0.17757009345794392,528,0.822429906542056,0.8950228211258422,0.8587263638339491,0.8925758689488607,0.2146341463414634,0.8587263638339492,0.38608109234426086,0.34042553191489355,0.303170849310036,0.2146341463414634,0.9931267333896057,0.10497717887415779,0.7853658536585366,7.834368530020702,0.1983972802331229,39.48828593222185
