ROC_AUC_score,prediction_threshold,TN,FP,FN,TP,sensitivity,specificity,BA,Accuracy,precision,ROC_ACU_score_discretized,MCC,f1_score,cohen_kappa,PPV_score,NPV_score,FPR_score,FDR_score,PLR_score,NLR_score,DOR_score
0.9203771955642462,0.4952606988999468,12718,2005,0.13840155945419103,442,0.8615984405458089,0.863818515248251,0.86270847789703,0.8637437647676556,0.18062934205149161,0.86270847789703,0.3563766677778945,0.29864864864864865,0.2573029480788669,0.18062934205149161,0.9944483540542653,0.13618148475174896,0.8193706579485084,6.326839820526656,0.16022064474320297,39.48829335112921
