ROC_AUC_score,prediction_threshold,TN,FP,FN,TP,sensitivity,specificity,BA,Accuracy,precision,ROC_ACU_score_discretized,MCC,f1_score,cohen_kappa,PPV_score,NPV_score,FPR_score,FDR_score,PLR_score,NLR_score,DOR_score
0.9271876254721817,0.4952606988999468,15938,2466,0.1526479750778816,544,0.8473520249221184,0.8660073896978918,0.8566797073100051,0.8653785571773601,0.18073089700996678,0.8566797073100051,0.3529398948753273,0.2979189485213582,0.2566130671600948,0.18073089700996678,0.9938887503117985,0.13399261030210824,0.8192691029900332,6.323871316572049,0.17626636549964447,35.87678964529852
