ROC_AUC_score,prediction_threshold,TN,FP,FN,TP,sensitivity,specificity,BA,Accuracy,precision,ROC_ACU_score_discretized,MCC,f1_score,cohen_kappa,PPV_score,NPV_score,FPR_score,FDR_score,PLR_score,NLR_score,DOR_score
0.9239987189025034,0.4882735634041611,12764,1959,0.14230019493177387,440,0.8576998050682261,0.8669428784894383,0.8623213417788322,0.8666316618535048,0.1834097540641934,0.8623213417788321,0.3588672739398481,0.3021978021978021,0.2612118334386567,0.1834097540641934,0.9943133130793799,0.1330571215105617,0.8165902459358065,6.4461022103213335,0.16414022014889593,39.271923751984154
