ROC_AUC_score,prediction_threshold,TN,FP,FN,TP,sensitivity,specificity,BA,Accuracy,precision,ROC_ACU_score_discretized,MCC,f1_score,cohen_kappa,PPV_score,NPV_score,FPR_score,FDR_score,PLR_score,NLR_score,DOR_score
0.9337777714583245,0.4882735634041611,15930,2474,0.1292834890965732,559,0.8707165109034268,0.8655727015866116,0.8681446062450192,0.8657460884175154,0.184305967688757,0.8681446062450192,0.36316125391008164,0.30421768707483,0.26322451979266837,0.184305967688757,0.9948167114219697,0.1344272984133884,0.815694032311243,6.477229857181352,0.14936179116970072,43.36604299169192
