{"performances": [0.9349407483541773, 0.9342801679981529, 0.9304383917623218, 0.9311546623008272, 0.9320342794232054, 0.933550355773938, 0.93034309214914, 0.9305103319676543, 0.9327648533672417, 0.9317509196497307], "mean": 0.932176780274639, "std": 0.001571755219897605}