ROC_AUC_score,prediction_threshold,TN,FP,FN,TP,sensitivity,specificity,BA,Accuracy,precision,ROC_ACU_score_discretized,MCC,f1_score,cohen_kappa,PPV_score,NPV_score,FPR_score,FDR_score,PLR_score,NLR_score,DOR_score
0.9404938421657697,0.5031945938809007,12872,1851,0.10721247563352826,458,0.8927875243664717,0.8742783400122258,0.8835329321893488,0.8749015489629824,0.19835426591598093,0.8835329321893489,0.3858590174966018,0.3245924875974486,0.2852082107648818,0.19835426591598093,0.995745339212501,0.12572165998777424,0.8016457340840191,7.10130238857243,0.12262968293601906,57.908511369775546
