ROC_AUC_score,prediction_threshold,TN,FP,FN,TP,sensitivity,specificity,BA,Accuracy,precision,ROC_ACU_score_discretized,MCC,f1_score,cohen_kappa,PPV_score,NPV_score,FPR_score,FDR_score,PLR_score,NLR_score,DOR_score
0.9249695819884746,0.5031945938809007,16075,2329,0.1557632398753894,542,0.8442367601246106,0.8734514236035644,0.8588440918640875,0.8724666596660716,0.1887843956809474,0.8588440918640875,0.3620100949198339,0.3085681753487048,0.26825214686339627,0.1887843956809474,0.9938176197836167,0.12654857639643555,0.8112156043190526,6.671246600830112,0.17833074131674445,37.40940317732932
