ROC_AUC_score,prediction_threshold,TN,FP,FN,TP,sensitivity,specificity,BA,Accuracy,precision,ROC_ACU_score_discretized,MCC,f1_score,cohen_kappa,PPV_score,NPV_score,FPR_score,FDR_score,PLR_score,NLR_score,DOR_score
0.9210197303048803,0.576559568892495,13190,1533,0.1793372319688109,421,0.8206627680311891,0.8958771989404334,0.8582699834858112,0.893344709897611,0.21545547594677583,0.8582699834858113,0.3865478306689767,0.34130522902310495,0.3041926785843161,0.21545547594677583,0.9930733323294685,0.10412280105956666,0.7845445240532242,7.881681626694848,0.20018059638186525,39.37285515754845
