ROC_AUC_score,prediction_threshold,TN,FP,FN,TP,sensitivity,specificity,BA,Accuracy,precision,ROC_ACU_score_discretized,MCC,f1_score,cohen_kappa,PPV_score,NPV_score,FPR_score,FDR_score,PLR_score,NLR_score,DOR_score
0.9294855649015756,0.576559568892495,16553,1851,0.16510903426791276,536,0.8348909657320872,0.8994240382525538,0.8671575019923206,0.8972487661451224,0.22454964390448262,0.8671575019923206,0.40027213234557507,0.3539121822383625,0.3176616691282188,0.22454964390448262,0.9936370730536047,0.10057596174744621,0.7754503560955174,8.301098505312444,0.18357196077246826,45.21986075859046
