ROC_AUC_score,prediction_threshold,TN,FP,FN,TP,sensitivity,specificity,BA,Accuracy,precision,ROC_ACU_score_discretized,MCC,f1_score,cohen_kappa,PPV_score,NPV_score,FPR_score,FDR_score,PLR_score,NLR_score,DOR_score
0.9296316553418762,0.5511917841095189,13043,1680,0.14814814814814814,437,0.8518518518518519,0.8858928207566392,0.8688723363042455,0.8847466526647414,0.20642418516769012,0.8688723363042455,0.38472652129158114,0.33231939163498103,0.29405336413408845,0.20642418516769012,0.9942068755240491,0.11410717924336072,0.7935758148323099,7.465365961199291,0.16723032930960555,44.641220238095215
