ROC_AUC_score,prediction_threshold,TN,FP,FN,TP,sensitivity,specificity,BA,Accuracy,precision,ROC_ACU_score_discretized,MCC,f1_score,cohen_kappa,PPV_score,NPV_score,FPR_score,FDR_score,PLR_score,NLR_score,DOR_score
0.926823523397663,0.5511917841095189,16305,2099,0.1806853582554517,526,0.8193146417445483,0.885948706802869,0.8526316742737086,0.8837026147222514,0.20038095238095238,0.8526316742737087,0.36924148313035077,0.3220079583715948,0.2831793406129891,0.20038095238095238,0.9929358747944705,0.11405129319713106,0.7996190476190477,7.1837382880736875,0.20394561995297966,35.223792939166444
