ROC_AUC_score,prediction_threshold,TN,FP,FN,TP,sensitivity,specificity,BA,Accuracy,precision,ROC_ACU_score_discretized,MCC,f1_score,cohen_kappa,PPV_score,NPV_score,FPR_score,FDR_score,PLR_score,NLR_score,DOR_score
0.9216010964796432,0.5271536045213483,12996,1727,0.15984405458089668,431,0.8401559454191033,0.8827005365754262,0.8614282409972648,0.8812680493567866,0.19972196478220575,0.8614282409972648,0.37394913389530515,0.32272557094721077,0.2837570132860556,0.19972196478220575,0.9937299281235663,0.1172994634245738,0.8002780352177943,7.162487541636052,0.18108525820210386,39.553123278771885
