ROC_AUC_score,prediction_threshold,TN,FP,FN,TP,sensitivity,specificity,BA,Accuracy,precision,ROC_ACU_score_discretized,MCC,f1_score,cohen_kappa,PPV_score,NPV_score,FPR_score,FDR_score,PLR_score,NLR_score,DOR_score
0.9332313644399395,0.5271536045213483,16282,2122,0.16666666666666666,535,0.8333333333333334,0.8846989784829384,0.859016155908136,0.8829675522419406,0.20135491155438465,0.859016155908136,0.3740206750003127,0.32434070930585024,0.28554862083992083,0.20135491155438465,0.9934712307035206,0.11530102151706151,0.7986450884456153,7.227458372604458,0.18838799492281863,38.36475023562676
