ROC_AUC_score,prediction_threshold,TN,FP,FN,TP,sensitivity,specificity,BA,Accuracy,precision,ROC_ACU_score_discretized,MCC,f1_score,cohen_kappa,PPV_score,NPV_score,FPR_score,FDR_score,PLR_score,NLR_score,DOR_score
0.9319187241878911,0.5478016827106879,13140,1583,0.1442495126705653,439,0.8557504873294347,0.8924811519391428,0.8741158196342887,0.8912444211079024,0.21711177052423344,0.8741158196342886,0.39781868757675487,0.3463510848126233,0.30924874786202994,0.21711177052423344,0.9943998789163009,0.10751884806085717,0.7828882294757665,7.95907417874369,0.1616275171269964,49.24331153642586
