ROC_AUC_score,prediction_threshold,TN,FP,FN,TP,sensitivity,specificity,BA,Accuracy,precision,ROC_ACU_score_discretized,MCC,f1_score,cohen_kappa,PPV_score,NPV_score,FPR_score,FDR_score,PLR_score,NLR_score,DOR_score
0.934101502382321,0.5478016827106879,16377,2027,0.1542056074766355,543,0.8457943925233645,0.8898608998043903,0.8678276461638774,0.888375511918513,0.211284046692607,0.8678276461638774,0.3886024520809607,0.338107098381071,0.30036827782050524,0.211284046692607,0.9939912600145666,0.11013910019560964,0.788715953307393,7.679329057720768,0.17329181168712215,44.31443691976499
