ROC_AUC_score,prediction_threshold,TN,FP,FN,TP,sensitivity,specificity,BA,Accuracy,precision,ROC_ACU_score_discretized,MCC,f1_score,cohen_kappa,PPV_score,NPV_score,FPR_score,FDR_score,PLR_score,NLR_score,DOR_score
0.9237336551170616,0.5605923783902856,13077,1646,0.15984405458089668,431,0.8401559454191033,0.8882021327175168,0.8641790390683101,0.8865844053557365,0.20751083293211361,0.8641790390683101,0.38288829334246344,0.3328185328185328,0.2947323829009608,0.20751083293211361,0.9937685234440307,0.11179786728248318,0.7924891670678864,7.514955033053133,0.17996360140663314,41.75819429214948
