ROC_AUC_score,prediction_threshold,TN,FP,FN,TP,sensitivity,specificity,BA,Accuracy,precision,ROC_ACU_score_discretized,MCC,f1_score,cohen_kappa,PPV_score,NPV_score,FPR_score,FDR_score,PLR_score,NLR_score,DOR_score
0.934677785744803,0.5605923783902856,16494,1910,0.17289719626168223,531,0.8271028037383178,0.8962182134318626,0.8616605085850901,0.8938884805208442,0.2175337976239246,0.8616605085850901,0.39052728396537156,0.34446967239701587,0.3075063236069777,0.2175337976239246,0.9933152664859982,0.10378178656813736,0.7824662023760753,7.969633507853399,0.19291863708015033,41.310853261638584
