ROC_AUC_score,prediction_threshold,TN,FP,FN,TP,sensitivity,specificity,BA,Accuracy,precision,ROC_ACU_score_discretized,MCC,f1_score,cohen_kappa,PPV_score,NPV_score,FPR_score,FDR_score,PLR_score,NLR_score,DOR_score
0.9281310394856334,0.5723733820197224,13141,1582,0.15594541910331383,433,0.8440545808966862,0.8925490728791686,0.8683018268879275,0.8909162509845103,0.21488833746898264,0.8683018268879273,0.39221213765403723,0.3425632911392405,0.3052736549793743,0.21488833746898264,0.9939490204976931,0.10745092712083135,0.7851116625310174,7.855256380873519,0.17471915420881892,44.95933154235145
