ROC_AUC_score,prediction_threshold,TN,FP,FN,TP,sensitivity,specificity,BA,Accuracy,precision,ROC_ACU_score_discretized,MCC,f1_score,cohen_kappa,PPV_score,NPV_score,FPR_score,FDR_score,PLR_score,NLR_score,DOR_score
0.9360085102723844,0.5723733820197224,16401,2003,0.13551401869158877,555,0.8644859813084113,0.8911649641382308,0.877825472723321,0.8902656725821695,0.21696637998436277,0.877825472723321,0.3999545086692328,0.346875,0.3096729658714724,0.21696637998436277,0.9947234352256187,0.10883503586176918,0.7830336200156373,7.943085371942083,0.15206389854277175,52.23518171019332
