ROC_AUC_score,prediction_threshold,TN,FP,FN,TP,sensitivity,specificity,BA,Accuracy,precision,ROC_ACU_score_discretized,MCC,f1_score,cohen_kappa,PPV_score,NPV_score,FPR_score,FDR_score,PLR_score,NLR_score,DOR_score
0.9257989548119204,0.48251474911978504,12655,2068,0.13450292397660818,444,0.8654970760233918,0.859539496026625,0.8625182860250085,0.8597400892622735,0.1767515923566879,0.8625182860250084,0.35244804385822265,0.29355371900826444,0.2517089470510705,0.1767515923566879,0.9945771769883684,0.14046050397337498,0.8232484076433121,6.161853699367699,0.15648254047472168,39.377260112690266
