ROC_AUC_score,prediction_threshold,TN,FP,FN,TP,sensitivity,specificity,BA,Accuracy,precision,ROC_ACU_score_discretized,MCC,f1_score,cohen_kappa,PPV_score,NPV_score,FPR_score,FDR_score,PLR_score,NLR_score,DOR_score
0.9300742896878033,0.48251474911978504,15939,2465,0.1526479750778816,544,0.8473520249221184,0.8660617257118017,0.85670687531696,0.8654310616402394,0.1807909604519774,0.85670687531696,0.3530144182289876,0.29800054779512464,0.256702021930039,0.1807909604519774,0.9938891313836753,0.1339382742881982,0.8192090395480226,6.326436781609193,0.17625530669008932,35.89359605911328
