ROC_AUC_score,prediction_threshold,TN,FP,FN,TP,sensitivity,specificity,BA,Accuracy,precision,ROC_ACU_score_discretized,MCC,f1_score,cohen_kappa,PPV_score,NPV_score,FPR_score,FDR_score,PLR_score,NLR_score,DOR_score
0.9264406951555952,0.4643907666151989,12702,2021,0.13255360623781676,445,0.8674463937621832,0.862731780207838,0.8650890869850106,0.8628905224468364,0.18045417680454176,0.8650890869850106,0.35759686355281306,0.29875797247398456,0.25736017849486326,0.18045417680454176,0.9946750195771339,0.13726821979216192,0.8195458231954582,6.319353416803869,0.15364405169574682,41.12982798265272
