ROC_AUC_score,prediction_threshold,TN,FP,FN,TP,sensitivity,specificity,BA,Accuracy,precision,ROC_ACU_score_discretized,MCC,f1_score,cohen_kappa,PPV_score,NPV_score,FPR_score,FDR_score,PLR_score,NLR_score,DOR_score
0.9268105741607033,0.4643907666151989,15801,2603,0.13239875389408098,557,0.867601246105919,0.8585633557922191,0.8630823009490691,0.8588680037803214,0.17626582278481012,0.8630823009490691,0.35229613661228076,0.29300368227248813,0.2510378250442994,0.17626582278481012,0.9946493768097696,0.1414366442077809,0.8237341772151898,6.134204123447305,0.154209649178322,39.778341732390246
