ROC_AUC_score,prediction_threshold,TN,FP,FN,TP,sensitivity,specificity,BA,Accuracy,precision,ROC_ACU_score_discretized,MCC,f1_score,cohen_kappa,PPV_score,NPV_score,FPR_score,FDR_score,PLR_score,NLR_score,DOR_score
0.926430103196137,0.5446869980975902,13071,1652,0.15789473684210525,432,0.8421052631578947,0.8877946070773619,0.8649499351176283,0.8862562352323444,0.2072936660268714,0.8649499351176283,0.38315576786487543,0.33269156719291487,0.2945713602681592,0.2072936660268714,0.9938412408759124,0.11220539292263805,0.7927063339731286,7.505033770867844,0.17785052486621655,42.19854721549633
