ROC_AUC_score,prediction_threshold,TN,FP,FN,TP,sensitivity,specificity,BA,Accuracy,precision,ROC_ACU_score_discretized,MCC,f1_score,cohen_kappa,PPV_score,NPV_score,FPR_score,FDR_score,PLR_score,NLR_score,DOR_score
0.9272417922150202,0.5446869980975902,16271,2133,0.17133956386292834,532,0.8286604361370716,0.8841012823299282,0.8563808592334999,0.8822324897616297,0.199624765478424,0.8563808592334999,0.37080807297813206,0.3217417599032355,0.28277638655854676,0.199624765478424,0.9932849032415604,0.11589871767007172,0.800375234521576,7.1498671667448015,0.19380083174564156,36.89286110045602
