ROC_AUC_score,prediction_threshold,TN,FP,FN,TP,sensitivity,specificity,BA,Accuracy,precision,ROC_ACU_score_discretized,MCC,f1_score,cohen_kappa,PPV_score,NPV_score,FPR_score,FDR_score,PLR_score,NLR_score,DOR_score
0.9275325937762441,0.5687605495892839,13157,1566,0.17738791423001948,422,0.8226120857699805,0.8936358079195816,0.858123946844781,0.8912444211079024,0.21227364185110664,0.8581239468447811,0.3835631235676757,0.33746501399440226,0.29999533072393636,0.21227364185110664,0.993131038647343,0.10636419208041839,0.7877263581488934,7.733919373430029,0.19850134994364807,38.96154547878686
