ROC_AUC_score,prediction_threshold,TN,FP,FN,TP,sensitivity,specificity,BA,Accuracy,precision,ROC_ACU_score_discretized,MCC,f1_score,cohen_kappa,PPV_score,NPV_score,FPR_score,FDR_score,PLR_score,NLR_score,DOR_score
0.9287969701832393,0.5687605495892839,16454,1950,0.17133956386292834,532,0.8286604361370716,0.8940447728754618,0.8613526045062667,0.8918408064685498,0.21434327155519742,0.8613526045062668,0.38743719500125806,0.3405889884763124,0.30327121272003155,0.21434327155519742,0.9933590920067616,0.10595522712453814,0.7856567284448026,7.820854700854697,0.1916453952433046,40.808988344988315
