{"performances": [0.9344762685343359, 0.9337315604558403, 0.932433928422712, 0.9341438201501638, 0.9353823765793836, 0.9354047203608047, 0.9360085102723844, 0.9329096647687994, 0.9344067827595384, 0.9361388489973397], "mean": 0.9345036481301303, "std": 0.001186711317610564}