ROC_AUC_score,prediction_threshold,TN,FP,FN,TP,sensitivity,specificity,BA,Accuracy,precision,ROC_ACU_score_discretized,MCC,f1_score,cohen_kappa,PPV_score,NPV_score,FPR_score,FDR_score,PLR_score,NLR_score,DOR_score
0.931961092025724,0.4627143137426691,12622,2101,0.10721247563352826,458,0.8927875243664717,0.8572981050057733,0.8750428146861224,0.8584930427933841,0.17897616256350138,0.8750428146861225,0.361929760589438,0.2981770833333333,0.25646856056948464,0.17897616256350138,0.9956614340932397,0.14270189499422672,0.8210238374364986,6.256311623630445,0.12505857065064468,50.02705205313486
