ROC_AUC_score,prediction_threshold,TN,FP,FN,TP,sensitivity,specificity,BA,Accuracy,precision,ROC_ACU_score_discretized,MCC,f1_score,cohen_kappa,PPV_score,NPV_score,FPR_score,FDR_score,PLR_score,NLR_score,DOR_score
0.9266132887270205,0.4627143137426691,15735,2669,0.12149532710280374,564,0.8785046728971962,0.8549771788741578,0.8667409258856771,0.85577024047044,0.17445097432725024,0.866740925885677,0.35261680926934436,0.29109677419354835,0.24884707675196716,0.17445097432725024,0.995067349649023,0.14502282112584222,0.8255490256727498,6.05769951292619,0.14210359072132192,42.628757529469404
