ROC_AUC_score,prediction_threshold,TN,FP,FN,TP,sensitivity,specificity,BA,Accuracy,precision,ROC_ACU_score_discretized,MCC,f1_score,cohen_kappa,PPV_score,NPV_score,FPR_score,FDR_score,PLR_score,NLR_score,DOR_score
0.9312634790959073,0.4870850995204434,12740,1983,0.11695906432748537,453,0.8830409356725146,0.8653127759288188,0.8741768558006667,0.8659096875820426,0.18596059113300492,0.8741768558006667,0.36831561270577573,0.3072227873855544,0.2664163628131355,0.18596059113300492,0.9953125,0.13468722407118114,0.8140394088669951,6.556233835555437,0.13516391711880432,48.50579929399899
