ROC_AUC_score,prediction_threshold,TN,FP,FN,TP,sensitivity,specificity,BA,Accuracy,precision,ROC_ACU_score_discretized,MCC,f1_score,cohen_kappa,PPV_score,NPV_score,FPR_score,FDR_score,PLR_score,NLR_score,DOR_score
0.9211323760715706,0.4870850995204434,15814,2590,0.14330218068535824,550,0.8566978193146417,0.8592697239730493,0.8579837716438455,0.8591830305575974,0.1751592356687898,0.8579837716438456,0.348234382362415,0.29085140137493387,0.24880569489989235,0.1751592356687898,0.9942160191122846,0.14073027602695065,0.8248407643312102,6.087516087516088,0.1667720585135534,36.50201443679705
