ROC_AUC_score,prediction_threshold,TN,FP,FN,TP,sensitivity,specificity,BA,Accuracy,precision,ROC_ACU_score_discretized,MCC,f1_score,cohen_kappa,PPV_score,NPV_score,FPR_score,FDR_score,PLR_score,NLR_score,DOR_score
0.9258970628364024,0.4755134296805479,12717,2006,0.1286549707602339,447,0.8713450292397661,0.8637505943082252,0.8675478117739956,0.8640063008663691,0.18222584590297594,0.8675478117739955,0.3607742289519685,0.30141604855023607,0.2602149949014837,0.18222584590297594,0.9948368927481812,0.13624940569177477,0.817774154097024,6.395220770437225,0.14894921243240733,42.93557962476207
