ROC_AUC_score,prediction_threshold,TN,FP,FN,TP,sensitivity,specificity,BA,Accuracy,precision,ROC_ACU_score_discretized,MCC,f1_score,cohen_kappa,PPV_score,NPV_score,FPR_score,FDR_score,PLR_score,NLR_score,DOR_score
0.9241355834198308,0.4755134296805479,15869,2535,0.14018691588785046,552,0.8598130841121495,0.8622582047381004,0.861035644425125,0.8621757849417201,0.17881438289601556,0.8610356444251251,0.353616524222567,0.29605792437650846,0.2544493695729181,0.17881438289601556,0.9943605489065731,0.13774179526189959,0.8211856171039844,6.242209072978305,0.16258113302665575,38.39442472057857
