ROC_AUC_score,prediction_threshold,TN,FP,FN,TP,sensitivity,specificity,BA,Accuracy,precision,ROC_ACU_score_discretized,MCC,f1_score,cohen_kappa,PPV_score,NPV_score,FPR_score,FDR_score,PLR_score,NLR_score,DOR_score
0.9308118644245077,0.506891401444239,12823,1900,0.13060428849902533,446,0.8693957115009746,0.8709502139509611,0.8701729627259678,0.8708978734576004,0.19011082693947143,0.8701729627259678,0.36999943985855976,0.31199720181881774,0.27175637056187385,0.19011082693947143,0.9948021722265322,0.1290497860490389,0.8098891730605285,6.7369016107520245,0.14995608980512756,44.92582875098191
