ROC_AUC_score,prediction_threshold,TN,FP,FN,TP,sensitivity,specificity,BA,Accuracy,precision,ROC_ACU_score_discretized,MCC,f1_score,cohen_kappa,PPV_score,NPV_score,FPR_score,FDR_score,PLR_score,NLR_score,DOR_score
0.9266577223832555,0.506891401444239,16074,2330,0.13862928348909656,553,0.8613707165109035,0.8733970875896544,0.8673839020502789,0.8729917042948651,0.19181408255289628,0.8673839020502789,0.3699903839484684,0.313758865248227,0.2737132582389593,0.19181408255289628,0.9944935964858009,0.12660291241034557,0.8081859174471037,6.803719599427753,0.15872423375222924,42.865033514973234
