ROC_AUC_score,prediction_threshold,TN,FP,FN,TP,sensitivity,specificity,BA,Accuracy,precision,ROC_ACU_score_discretized,MCC,f1_score,cohen_kappa,PPV_score,NPV_score,FPR_score,FDR_score,PLR_score,NLR_score,DOR_score
0.9237866149143529,0.4710879510706401,12810,1913,0.15204678362573099,435,0.847953216374269,0.8700672417306256,0.8590102290524473,0.869322656865319,0.18526405451448041,0.8590102290524473,0.35871690768783654,0.30408947920307583,0.26337954444591993,0.18526405451448041,0.9939478584729982,0.12993275826937445,0.8147359454855196,6.526092631823504,0.1747529114224541,37.34468615545459
