ROC_AUC_score,prediction_threshold,TN,FP,FN,TP,sensitivity,specificity,BA,Accuracy,precision,ROC_ACU_score_discretized,MCC,f1_score,cohen_kappa,PPV_score,NPV_score,FPR_score,FDR_score,PLR_score,NLR_score,DOR_score
0.9354837699511348,0.4710879510706401,15909,2495,0.13862928348909656,553,0.8613707165109035,0.8644316452945012,0.8629011809027023,0.8643284679197731,0.18143044619422571,0.8629011809027024,0.3572742168014505,0.2997289972899729,0.2584337776745925,0.18143044619422571,0.994436804600575,0.1355683547054988,0.8185695538057742,6.353774215096863,0.16037044021203925,39.619360068451535
