ROC_AUC_score,prediction_threshold,TN,FP,FN,TP,sensitivity,specificity,BA,Accuracy,precision,ROC_ACU_score_discretized,MCC,f1_score,cohen_kappa,PPV_score,NPV_score,FPR_score,FDR_score,PLR_score,NLR_score,DOR_score
0.9351128619620096,0.4778301914932902,12710,2013,0.1111111111111111,456,0.8888888888888888,0.8632751477280446,0.8760820183084668,0.8641375689157259,0.18469015795868773,0.8760820183084667,0.36818359083218527,0.3058350100603622,0.2648459257802661,0.18469015795868773,0.9955353646118901,0.13672485227195544,0.8153098420413123,6.501297124247945,0.1287088032170645,50.51167411823148
