ROC_AUC_score,prediction_threshold,TN,FP,FN,TP,sensitivity,specificity,BA,Accuracy,precision,ROC_ACU_score_discretized,MCC,f1_score,cohen_kappa,PPV_score,NPV_score,FPR_score,FDR_score,PLR_score,NLR_score,DOR_score
0.9256875452376939,0.4778301914932902,15805,2599,0.13862928348909656,553,0.8613707165109035,0.8587806998478592,0.8600757081793813,0.8588680037803214,0.17544416243654823,0.8600757081793813,0.34973390473421817,0.29151291512915134,0.24947765361375862,0.17544416243654823,0.9944004026676734,0.14121930015214085,0.8245558375634517,6.099525458509685,0.1614257091637667,37.78534094790133
