{"performances": [0.9277135506909306, 0.9284775556715625, 0.9281370669115003, 0.926003574327943, 0.927066512020616, 0.9266864984653885, 0.9262519796251796, 0.9262229496364395, 0.9270511929886568, 0.9270786149022189], "mean": 0.9270689495240438, "std": 0.0007877448887986326}