ROC_AUC_score,prediction_threshold,TN,FP,FN,TP,sensitivity,specificity,BA,Accuracy,precision,ROC_ACU_score_discretized,MCC,f1_score,cohen_kappa,PPV_score,NPV_score,FPR_score,FDR_score,PLR_score,NLR_score,DOR_score
0.9317652731752403,0.4623103485394872,12656,2067,0.12085769980506822,451,0.8791423001949318,0.8596074169666508,0.8693748585807912,0.8602651614597007,0.1791104050833995,0.8693748585807913,0.358770638077631,0.29759155394259323,0.25596813788005957,0.1791104050833995,0.9951250196571788,0.14039258303334917,0.8208895949166005,6.262028101485233,0.1405963901888448,44.53903896874071
