ROC_AUC_score,prediction_threshold,TN,FP,FN,TP,sensitivity,specificity,BA,Accuracy,precision,ROC_ACU_score_discretized,MCC,f1_score,cohen_kappa,PPV_score,NPV_score,FPR_score,FDR_score,PLR_score,NLR_score,DOR_score
0.9340341324959156,0.4623103485394872,15816,2588,0.14174454828660435,551,0.8582554517133957,0.8593783960008694,0.8588169238571326,0.8593405439462354,0.1755336094297547,0.8588169238571326,0.3490894646960644,0.2914572864321608,0.2494499094987015,0.1755336094297547,0.9942792481297542,0.14062160399913062,0.8244663905702453,6.103297269448739,0.1649384589445287,37.003481835011996
