ROC_AUC_score,prediction_threshold,TN,FP,FN,TP,sensitivity,specificity,BA,Accuracy,precision,ROC_ACU_score_discretized,MCC,f1_score,cohen_kappa,PPV_score,NPV_score,FPR_score,FDR_score,PLR_score,NLR_score,DOR_score
0.9392786796169258,0.5513889482175605,13108,1615,0.11695906432748537,453,0.8830409356725146,0.8903076818583169,0.8866743087654158,0.8900630086636913,0.2190522243713733,0.8866743087654158,0.4072836498547919,0.3510267338240992,0.3140137283808,0.2190522243713733,0.9954434993924666,0.10969231814168308,0.7809477756286267,8.050162040808933,0.13136926335776375,61.278885448916384
