ROC_AUC_score,prediction_threshold,TN,FP,FN,TP,sensitivity,specificity,BA,Accuracy,precision,ROC_ACU_score_discretized,MCC,f1_score,cohen_kappa,PPV_score,NPV_score,FPR_score,FDR_score,PLR_score,NLR_score,DOR_score
0.9343230782147455,0.5513889482175605,16428,1976,0.1557632398753894,542,0.8442367601246106,0.8926320365138013,0.868434398319206,0.8910007350624803,0.21525019857029387,0.868434398319206,0.39262303665460047,0.3430379746835443,0.3057430147445629,0.21525019857029387,0.9939496611810261,0.10736796348619865,0.7847498014297061,7.863022941970306,0.17449882314747184,45.06060728744936
