ROC_AUC_score,prediction_threshold,TN,FP,FN,TP,sensitivity,specificity,BA,Accuracy,precision,ROC_ACU_score_discretized,MCC,f1_score,cohen_kappa,PPV_score,NPV_score,FPR_score,FDR_score,PLR_score,NLR_score,DOR_score
0.9448885785444768,0.5108522236677062,13008,1715,0.11306042884990253,455,0.8869395711500975,0.8835155878557359,0.8852275795029168,0.8836308742452087,0.20967741935483872,0.8852275795029166,0.3976518546228741,0.3391725680208722,0.30110757158637613,0.20967741935483872,0.9955609980101026,0.11648441214426408,0.7903225806451613,7.614233997692644,0.12796653551330833,59.501759324419425
