ROC_AUC_score,prediction_threshold,TN,FP,FN,TP,sensitivity,specificity,BA,Accuracy,precision,ROC_ACU_score_discretized,MCC,f1_score,cohen_kappa,PPV_score,NPV_score,FPR_score,FDR_score,PLR_score,NLR_score,DOR_score
0.9363019416746053,0.5108522236677062,16114,2290,0.11993769470404984,565,0.8800623052959502,0.8755705281460552,0.8778164167210027,0.875721936364591,0.1978984238178634,0.8778164167210026,0.382027436355506,0.32313411495567634,0.2837101287644126,0.1978984238178634,0.995244271508863,0.12442947185394479,0.8021015761821366,7.0727802037845695,0.136982334202143,51.632790789996044
