ROC_AUC_score,prediction_threshold,TN,FP,FN,TP,sensitivity,specificity,BA,Accuracy,precision,ROC_ACU_score_discretized,MCC,f1_score,cohen_kappa,PPV_score,NPV_score,FPR_score,FDR_score,PLR_score,NLR_score,DOR_score
0.9291575327566275,0.4604739688029021,12631,2092,0.12085769980506822,451,0.8791423001949318,0.8579093934660056,0.8685258468304686,0.8586243108427408,0.1773495871018482,0.8685258468304689,0.35653278119749643,0.29515706806282727,0.25331564377199933,0.1773495871018482,0.9951154179468998,0.14209060653399444,0.8226504128981518,6.187195069679724,0.14087466663209716,43.91985597976934
