ROC_AUC_score,prediction_threshold,TN,FP,FN,TP,sensitivity,specificity,BA,Accuracy,precision,ROC_ACU_score_discretized,MCC,f1_score,cohen_kappa,PPV_score,NPV_score,FPR_score,FDR_score,PLR_score,NLR_score,DOR_score
0.9310769668790679,0.4604739688029021,15765,2639,0.11059190031152648,571,0.8894080996884736,0.8566072592914584,0.8730076794899659,0.8577129055969758,0.1778816199376947,0.8730076794899659,0.35966330637221716,0.2964693665628245,0.25459254314394497,0.1778816199376947,0.9955165445819651,0.14339274070854163,0.8221183800623053,6.202601995705447,0.1291045565070303,48.0432462146887
