ROC_AUC_score,prediction_threshold,TN,FP,FN,TP,sensitivity,specificity,BA,Accuracy,precision,ROC_ACU_score_discretized,MCC,f1_score,cohen_kappa,PPV_score,NPV_score,FPR_score,FDR_score,PLR_score,NLR_score,DOR_score
0.9257151459327074,0.44702555851814124,12327,2396,0.10721247563352826,458,0.8927875243664717,0.8372614276981594,0.8650244760323156,0.839131005513258,0.16047652417659425,0.8650244760323156,0.33750983781764166,0.27205227205227206,0.2279853420847291,0.16047652417659425,0.995558068163463,0.16273857230184066,0.8395234758234057,5.486022838584126,0.12805137330676056,42.84235847624828
