ROC_AUC_score,prediction_threshold,TN,FP,FN,TP,sensitivity,specificity,BA,Accuracy,precision,ROC_ACU_score_discretized,MCC,f1_score,cohen_kappa,PPV_score,NPV_score,FPR_score,FDR_score,PLR_score,NLR_score,DOR_score
0.9247804215662179,0.44702555851814124,15411,2993,0.11993769470404984,565,0.8800623052959502,0.8373723103673114,0.8587173078316308,0.8388112989604116,0.15879707700955592,0.8587173078316308,0.33220434750271033,0.26904761904761904,0.2247738699170383,0.15879707700955592,0.9950284090909091,0.16262768963268853,0.8412029229904441,5.411515758993205,0.14323102545800614,37.78172879576154
