ROC_AUC_score,prediction_threshold,TN,FP,FN,TP,sensitivity,specificity,BA,Accuracy,precision,ROC_ACU_score_discretized,MCC,f1_score,cohen_kappa,PPV_score,NPV_score,FPR_score,FDR_score,PLR_score,NLR_score,DOR_score
0.9312291876271613,0.5359649180574171,13095,1628,0.15789473684210525,432,0.8421052631578947,0.8894247096379814,0.865764986397938,0.8878314518246259,0.20970873786407768,0.865764986397938,0.38589003202501493,0.3357947920715119,0.2979439434168949,0.20970873786407768,0.9938524590163934,0.11057529036201862,0.7902912621359224,7.615673089357298,0.17752456743232659,42.89926289926287
