ROC_AUC_score,prediction_threshold,TN,FP,FN,TP,sensitivity,specificity,BA,Accuracy,precision,ROC_ACU_score_discretized,MCC,f1_score,cohen_kappa,PPV_score,NPV_score,FPR_score,FDR_score,PLR_score,NLR_score,DOR_score
0.9347972911211908,0.5359649180574171,16289,2115,0.15109034267912771,545,0.8489096573208723,0.8850793305803086,0.8669944939505905,0.8838601281108894,0.20488721804511278,0.8669944939505905,0.38215177134485273,0.33010296789824345,0.2916327837707524,0.20488721804511278,0.9940803124618577,0.11492066941969137,0.7951127819548872,7.386918833727345,0.17070824892053937,43.27218444590677
