ROC_AUC_score,prediction_threshold,TN,FP,FN,TP,sensitivity,specificity,BA,Accuracy,precision,ROC_ACU_score_discretized,MCC,f1_score,cohen_kappa,PPV_score,NPV_score,FPR_score,FDR_score,PLR_score,NLR_score,DOR_score
0.9331303119504181,0.5588409246438365,13182,1541,0.1617933723196881,430,0.8382066276803118,0.8953338314202268,0.8667702295502693,0.8934103439222894,0.21816336884830034,0.8667702295502693,0.394261138839168,0.3462157809983897,0.3093099822694175,0.21816336884830034,0.9937429325292122,0.10466616857977315,0.7818366311516997,8.008381686786,0.18070731457007805,44.31686512435201
