ROC_AUC_score,prediction_threshold,TN,FP,FN,TP,sensitivity,specificity,BA,Accuracy,precision,ROC_ACU_score_discretized,MCC,f1_score,cohen_kappa,PPV_score,NPV_score,FPR_score,FDR_score,PLR_score,NLR_score,DOR_score
0.9329927768648424,0.5588409246438365,16442,1962,0.16822429906542055,534,0.8317757009345794,0.8933927407085416,0.8625842208215605,0.8913157618397564,0.21394230769230768,0.8625842208215605,0.38782985038515216,0.3403441682600382,0.3029670155047558,0.21394230769230768,0.9934743202416918,0.10660725929145838,0.7860576923076923,7.802242609582056,0.18829826055224427,41.43555329029333
