ROC_AUC_score,prediction_threshold,TN,FP,FN,TP,sensitivity,specificity,BA,Accuracy,precision,ROC_ACU_score_discretized,MCC,f1_score,cohen_kappa,PPV_score,NPV_score,FPR_score,FDR_score,PLR_score,NLR_score,DOR_score
0.9326256050822339,0.47162166622326646,12707,2016,0.13255360623781676,445,0.8674463937621832,0.8630713849079671,0.8652588893350752,0.8632186925702284,0.18082080455099553,0.8652588893350752,0.3580563392960251,0.2992602555480834,0.25790743601344324,0.18082080455099553,0.9946771037181996,0.13692861509203288,0.8191791954490044,6.335026416349514,0.15358359523407383,41.24806693510737
