ROC_AUC_score,prediction_threshold,TN,FP,FN,TP,sensitivity,specificity,BA,Accuracy,precision,ROC_ACU_score_discretized,MCC,f1_score,cohen_kappa,PPV_score,NPV_score,FPR_score,FDR_score,PLR_score,NLR_score,DOR_score
0.9308647009555693,0.47162166622326646,15883,2521,0.1261682242990654,561,0.8738317757009346,0.8630189089328407,0.8684253423168877,0.863383387587945,0.182024659312135,0.8684253423168877,0.3610903988287763,0.30128893662728246,0.2600017894575388,0.182024659312135,0.9949260836882987,0.1369810910671593,0.817975340687865,6.379214597381993,0.14619404394635768,43.635256438509145
