ROC_AUC_score,prediction_threshold,TN,FP,FN,TP,sensitivity,specificity,BA,Accuracy,precision,ROC_ACU_score_discretized,MCC,f1_score,cohen_kappa,PPV_score,NPV_score,FPR_score,FDR_score,PLR_score,NLR_score,DOR_score
0.9360170181012615,0.5467375501859367,13108,1615,0.13255360623781676,445,0.8674463937621832,0.8903076818583169,0.8788770378102501,0.8895379364662641,0.21601941747572814,0.8788770378102501,0.39972353202521954,0.3458997279440342,0.308624726021436,0.21601941747572814,0.9948391013964785,0.10969231814168308,0.7839805825242718,7.907995823752706,0.1488851651387989,53.11473319978145
