ROC_AUC_score,prediction_threshold,TN,FP,FN,TP,sensitivity,specificity,BA,Accuracy,precision,ROC_ACU_score_discretized,MCC,f1_score,cohen_kappa,PPV_score,NPV_score,FPR_score,FDR_score,PLR_score,NLR_score,DOR_score
0.9266456195016524,0.5467375501859367,16319,2085,0.1588785046728972,540,0.8411214953271028,0.8867094109976092,0.8639154531623561,0.885172739682873,0.2057142857142857,0.863915453162356,0.38105675542754425,0.3305785123966942,0.2922407304381974,0.2057142857142857,0.9937884416296207,0.11329058900239078,0.7942857142857143,7.424460431654678,0.1791776456890741,41.43630977570885
