ROC_AUC_score,prediction_threshold,TN,FP,FN,TP,sensitivity,specificity,BA,Accuracy,precision,ROC_ACU_score_discretized,MCC,f1_score,cohen_kappa,PPV_score,NPV_score,FPR_score,FDR_score,PLR_score,NLR_score,DOR_score
0.9186300518516135,0.4234220145622976,12184,2539,0.11306042884990253,455,0.8869395711500975,0.8275487332744685,0.857244152212283,0.8295484379102126,0.15197060788243152,0.8572441522122829,0.3243395256117687,0.2594810379241517,0.2143118116770485,0.15197060788243152,0.9952622120568535,0.1724512667255315,0.8480293921175684,5.143131668390266,0.13662087113896215,37.64528527386563
