ROC_AUC_score,prediction_threshold,TN,FP,FN,TP,sensitivity,specificity,BA,Accuracy,precision,ROC_ACU_score_discretized,MCC,f1_score,cohen_kappa,PPV_score,NPV_score,FPR_score,FDR_score,PLR_score,NLR_score,DOR_score
0.9275040777401095,0.4234220145622976,15258,3146,0.10903426791277258,572,0.8909657320872274,0.8290589002390785,0.860012316163153,0.8311456473800273,0.15384615384615385,0.8600123161631529,0.3278487572922508,0.26238532110091745,0.21739415747049762,0.15384615384615385,0.9954331941544885,0.17094109976092153,0.8461538461538461,5.212121212121212,0.13151570760693845,39.63116883116882
