ROC_AUC_score,prediction_threshold,TN,FP,FN,TP,sensitivity,specificity,BA,Accuracy,precision,ROC_ACU_score_discretized,MCC,f1_score,cohen_kappa,PPV_score,NPV_score,FPR_score,FDR_score,PLR_score,NLR_score,DOR_score
0.9321136162419225,0.4866240434696694,12793,1930,0.13840155945419103,442,0.8615984405458089,0.8689125857501868,0.8652555131479979,0.868666316618535,0.18634064080944351,0.8652555131479979,0.3634446297288934,0.3064124783362218,0.26576036889000165,0.18634064080944351,0.9944807213930348,0.1310874142498132,0.8136593591905565,6.572701471583393,0.15928133821965568,41.264730351018024
