ROC_AUC_score,prediction_threshold,TN,FP,FN,TP,sensitivity,specificity,BA,Accuracy,precision,ROC_ACU_score_discretized,MCC,f1_score,cohen_kappa,PPV_score,NPV_score,FPR_score,FDR_score,PLR_score,NLR_score,DOR_score
0.9277531601216316,0.4866240434696694,16016,2388,0.1308411214953271,558,0.8691588785046729,0.8702455987828733,0.8697022386437732,0.8702089677622598,0.1894093686354379,0.869702238643773,0.369042508011007,0.3110367892976589,0.2706659240989736,0.1894093686354379,0.9947826086956522,0.12975440121712672,0.8105906313645621,6.69849246231156,0.15034965034965037,44.55276381909548
