ROC_AUC_score,prediction_threshold,TN,FP,FN,TP,sensitivity,specificity,BA,Accuracy,precision,ROC_ACU_score_discretized,MCC,f1_score,cohen_kappa,PPV_score,NPV_score,FPR_score,FDR_score,PLR_score,NLR_score,DOR_score
0.9188042895847012,0.4776208378832762,12624,2099,0.14814814814814814,437,0.8518518518518519,0.8574339468858249,0.8546428993688384,0.8572459963244946,0.17231861198738171,0.8546428993688383,0.34348012956139107,0.2866513611020007,0.2443257904634587,0.17231861198738171,0.9940157480314961,0.1425660531141751,0.8276813880126183,5.9751380728036265,0.17278082899122188,34.582181991424484
