ROC_AUC_score,prediction_threshold,TN,FP,FN,TP,sensitivity,specificity,BA,Accuracy,precision,ROC_ACU_score_discretized,MCC,f1_score,cohen_kappa,PPV_score,NPV_score,FPR_score,FDR_score,PLR_score,NLR_score,DOR_score
0.9296937683193618,0.4776208378832762,15859,2545,0.12461059190031153,562,0.8753894080996885,0.8617148445990002,0.8685521263493443,0.8621757849417201,0.1808818796266495,0.8685521263493443,0.360040520804231,0.29981328354227793,0.25837806608490277,0.1808818796266495,0.9949808645460819,0.13828515540099978,0.8191181203733505,6.33032089063523,0.14460768858902415,43.77582514734771
