ROC_AUC_score,prediction_threshold,TN,FP,FN,TP,sensitivity,specificity,BA,Accuracy,precision,ROC_ACU_score_discretized,MCC,f1_score,cohen_kappa,PPV_score,NPV_score,FPR_score,FDR_score,PLR_score,NLR_score,DOR_score
0.9263729066150626,0.5456444893942602,13160,1563,0.1539961013645224,434,0.8460038986354775,0.893839570739659,0.8699217346875683,0.8922289314780782,0.21732598898347522,0.8699217346875683,0.39543951036422215,0.3458167330677291,0.3087832109234828,0.21732598898347522,0.9940327819321702,0.10616042926034096,0.7826740110165248,7.9691077412732785,0.17228606385941217,46.255092041432796
