ROC_AUC_score,prediction_threshold,TN,FP,FN,TP,sensitivity,specificity,BA,Accuracy,precision,ROC_ACU_score_discretized,MCC,f1_score,cohen_kappa,PPV_score,NPV_score,FPR_score,FDR_score,PLR_score,NLR_score,DOR_score
0.9272732766342953,0.5456444893942602,16384,2020,0.1573208722741433,541,0.8426791277258567,0.8902412519017605,0.8664601898138087,0.8886380342329098,0.21124560718469348,0.8664601898138086,0.38773156600875347,0.3378083047143303,0.3000804594717855,0.21124560718469348,0.9938732180770398,0.10975874809823952,0.7887543928153066,7.677557755775579,0.1767171223958333,43.445466130771514
