ROC_AUC_score,prediction_threshold,TN,FP,FN,TP,sensitivity,specificity,BA,Accuracy,precision,ROC_ACU_score_discretized,MCC,f1_score,cohen_kappa,PPV_score,NPV_score,FPR_score,FDR_score,PLR_score,NLR_score,DOR_score
0.9351663513572734,0.6503515445450972,13543,1180,0.17153996101364521,425,0.8284600389863548,0.9198532907695443,0.8741566648779495,0.9167760567077973,0.26479750778816197,0.8741566648779495,0.43968225937588207,0.40132200188857414,0.369128643268788,0.26479750778816197,0.9935441273567603,0.08014670923045575,0.735202492211838,10.336794198301781,0.18648621767731657,55.429266178736526
