ROC_AUC_score,prediction_threshold,TN,FP,FN,TP,sensitivity,specificity,BA,Accuracy,precision,ROC_ACU_score_discretized,MCC,f1_score,cohen_kappa,PPV_score,NPV_score,FPR_score,FDR_score,PLR_score,NLR_score,DOR_score
0.9260558790889967,0.6503515445450972,16946,1458,0.22585669781931464,497,0.7741433021806854,0.9207780917191914,0.8474606969499384,0.9158353460044104,0.25421994884910487,0.8474606969499384,0.41323984548270776,0.38274932614555257,0.3497490918538033,0.25421994884910487,0.9915160025744544,0.07922190828080852,0.7457800511508952,9.771833561957015,0.24528895707935006,39.83804928811313
