ROC_AUC_score,prediction_threshold,TN,FP,FN,TP,sensitivity,specificity,BA,Accuracy,precision,ROC_ACU_score_discretized,MCC,f1_score,cohen_kappa,PPV_score,NPV_score,FPR_score,FDR_score,PLR_score,NLR_score,DOR_score
0.9273067076708911,0.5186350757543605,16190,2214,0.14797507788161993,547,0.8520249221183801,0.8797000652032166,0.8658624936607984,0.878767195211593,0.19811662441144512,0.8658624936607985,0.37509772261070123,0.32148104613576256,0.2822204602848052,0.19811662441144512,0.9941664108074916,0.1202999347967833,0.8018833755885548,7.082505269497137,0.16821082973028614,42.104930347549086
