ROC_AUC_score,prediction_threshold,TN,FP,FN,TP,sensitivity,specificity,BA,Accuracy,precision,ROC_ACU_score_discretized,MCC,f1_score,cohen_kappa,PPV_score,NPV_score,FPR_score,FDR_score,PLR_score,NLR_score,DOR_score
0.9262673842189603,0.5890894605095994,13332,1391,0.16569200779727095,428,0.834307992202729,0.9055219724240984,0.8699149823134137,0.9031241795746915,0.23529411764705882,0.8699149823134137,0.41157093394459704,0.3670668953687822,0.33197786196779955,0.23529411764705882,0.9936647536707163,0.09447802757590165,0.7647058823529411,8.830709251761885,0.1829795552654681,48.260633484162895
