ROC_AUC_score,prediction_threshold,TN,FP,FN,TP,sensitivity,specificity,BA,Accuracy,precision,ROC_ACU_score_discretized,MCC,f1_score,cohen_kappa,PPV_score,NPV_score,FPR_score,FDR_score,PLR_score,NLR_score,DOR_score
0.925614335499326,0.5890894605095994,16634,1770,0.19470404984423675,517,0.8052959501557633,0.9038252553792654,0.8545606027675143,0.9005040428436417,0.22606034105815478,0.8545606027675143,0.3937195374733485,0.3530215090474565,0.31707287444474586,0.22606034105815478,0.9925413210812101,0.09617474462073462,0.7739396589418452,8.37325800376648,0.21542222756602938,38.86905310734465
