ROC_AUC_score,prediction_threshold,TN,FP,FN,TP,sensitivity,specificity,BA,Accuracy,precision,ROC_ACU_score_discretized,MCC,f1_score,cohen_kappa,PPV_score,NPV_score,FPR_score,FDR_score,PLR_score,NLR_score,DOR_score
0.9231614245073314,0.5795582375043994,13238,1485,0.18128654970760233,420,0.8187134502923976,0.8991374040616722,0.8589254271770349,0.8964295090574954,0.2204724409448819,0.8589254271770349,0.39148236742492687,0.347394540942928,0.3108316608915901,0.2204724409448819,0.9930237791613532,0.10086259593832779,0.7795275590551181,8.117116584952841,0.20162274296306315,40.25893342022373
