ROC_AUC_score,prediction_threshold,TN,FP,FN,TP,sensitivity,specificity,BA,Accuracy,precision,ROC_ACU_score_discretized,MCC,f1_score,cohen_kappa,PPV_score,NPV_score,FPR_score,FDR_score,PLR_score,NLR_score,DOR_score
0.9224338167038049,0.5795582375043994,16590,1814,0.1806853582554517,526,0.8193146417445483,0.9014344707672245,0.8603745562558864,0.8986663866428647,0.2247863247863248,0.8603745562558863,0.3962447995045873,0.35278336686787387,0.3166320546789838,0.2247863247863248,0.9930563869268526,0.09856552923277548,0.7752136752136752,8.312385152517455,0.20044203335342578,41.47026955100178
