ROC_AUC_score,prediction_threshold,TN,FP,FN,TP,sensitivity,specificity,BA,Accuracy,precision,ROC_ACU_score_discretized,MCC,f1_score,cohen_kappa,PPV_score,NPV_score,FPR_score,FDR_score,PLR_score,NLR_score,DOR_score
0.934739908227996,0.451387816573245,15837,2567,0.11682242990654206,567,0.883177570093458,0.8605194522929798,0.8718485111932188,0.8612832090727712,0.1809189534141672,0.8718485111932188,0.36199934762230457,0.3003177966101695,0.2588476328563324,0.1809189534141672,0.9952865761689291,0.1394805477070202,0.8190810465858328,6.331904947409427,0.13575803498137268,46.64110634982472
