ROC_AUC_score,prediction_threshold,TN,FP,FN,TP,sensitivity,specificity,BA,Accuracy,precision,ROC_ACU_score_discretized,MCC,f1_score,cohen_kappa,PPV_score,NPV_score,FPR_score,FDR_score,PLR_score,NLR_score,DOR_score
0.9261121617202273,0.557064128006836,16489,1915,0.1806853582554517,526,0.8193146417445483,0.8959465333623126,0.8576305875534305,0.8933634358920508,0.2154854567800082,0.8576305875534305,0.3861757054055611,0.34122607849497244,0.3040798333724749,0.2154854567800082,0.9930141523637459,0.10405346663768746,0.7845145432199918,7.873977371627503,0.2016698000687327,39.04390924642118
