{"performances": [0.9274514344369131, 0.9255866596791569, 0.9276767342329075, 0.9263521880994312, 0.9277454582878841, 0.927670979016481, 0.9267010557775263, 0.9254690162845541, 0.9294357992065927, 0.9283495021060707], "mean": 0.9272438827127518, "std": 0.0011695143869075984}