ROC_AUC_score,prediction_threshold,TN,FP,FN,TP,sensitivity,specificity,BA,Accuracy,precision,ROC_ACU_score_discretized,MCC,f1_score,cohen_kappa,PPV_score,NPV_score,FPR_score,FDR_score,PLR_score,NLR_score,DOR_score
0.9389868711338522,0.5223126599671638,13038,1685,0.14814814814814814,437,0.8518518518518519,0.8855532160565103,0.8687025339541811,0.8844184825413495,0.205937794533459,0.8687025339541812,0.3841693184880844,0.33168880455407973,0.29336801503346566,0.205937794533459,0.9942046667683392,0.11444678394348978,0.794062205466541,7.443213539949449,0.1672944612045701,44.49169139465879
