ROC_AUC_score,prediction_threshold,TN,FP,FN,TP,sensitivity,specificity,BA,Accuracy,precision,ROC_ACU_score_discretized,MCC,f1_score,cohen_kappa,PPV_score,NPV_score,FPR_score,FDR_score,PLR_score,NLR_score,DOR_score
0.9346180330566091,0.5223126599671638,16320,2084,0.13707165109034267,554,0.8629283489096573,0.8867637470115193,0.8748460479605883,0.8859603066260632,0.2100075815011372,0.8748460479605884,0.39168896743940645,0.33780487804878045,0.2998420816249656,0.2100075815011372,0.9946367625548513,0.11323625298848077,0.7899924184988628,7.620601407549587,0.15457516339869282,49.30029663235039
