ROC_AUC_score,prediction_threshold,TN,FP,FN,TP,sensitivity,specificity,BA,Accuracy,precision,ROC_ACU_score_discretized,MCC,f1_score,cohen_kappa,PPV_score,NPV_score,FPR_score,FDR_score,PLR_score,NLR_score,DOR_score
0.9193089034552288,0.5213472600559909,16127,2277,0.1573208722741433,541,0.8426791277258567,0.8762768963268854,0.8594780120263711,0.8751443872729182,0.19198012775017742,0.8594780120263711,0.36544578688340434,0.3127167630057804,0.27278787212402766,0.19198012775017742,0.9937761893024403,0.12372310367311454,0.8080198722498225,6.8110086370955925,0.1795332878609371,37.937302425894764
