ROC_AUC_score,prediction_threshold,TN,FP,FN,TP,sensitivity,specificity,BA,Accuracy,precision,ROC_ACU_score_discretized,MCC,f1_score,cohen_kappa,PPV_score,NPV_score,FPR_score,FDR_score,PLR_score,NLR_score,DOR_score
0.9354699433952447,0.5189192641835056,12950,1773,0.13450292397660818,444,0.8654970760233918,0.879576173334239,0.8725366246788153,0.8791021265423996,0.20027063599458728,0.8725366246788154,0.3811396664617702,0.32527472527472534,0.28624185197228935,0.20027063599458728,0.9947000537675704,0.12042382666576106,0.7997293640054127,7.187091624530401,0.15291788028630138,46.99968120846514
