ROC_AUC_score,prediction_threshold,TN,FP,FN,TP,sensitivity,specificity,BA,Accuracy,precision,ROC_ACU_score_discretized,MCC,f1_score,cohen_kappa,PPV_score,NPV_score,FPR_score,FDR_score,PLR_score,NLR_score,DOR_score
0.9276421182988122,0.5189192641835056,16206,2198,0.13395638629283488,556,0.8660436137071651,0.880569441425777,0.8733065275664711,0.8800798067835766,0.2018881626724764,0.873306527566471,0.3831334208757039,0.32744405182567726,0.2885482290354192,0.2018881626724764,0.9947213356248465,0.119430558574223,0.7981118373275236,7.251440703670001,0.15212472746719324,47.66773176460628
