ROC_AUC_score,prediction_threshold,TN,FP,FN,TP,sensitivity,specificity,BA,Accuracy,precision,ROC_ACU_score_discretized,MCC,f1_score,cohen_kappa,PPV_score,NPV_score,FPR_score,FDR_score,PLR_score,NLR_score,DOR_score
0.9226875667210696,0.5597683647235391,13167,1556,0.16569200779727095,428,0.834307992202729,0.8943150173198398,0.8643115047612844,0.8922945655027567,0.2157258064516129,0.8643115047612844,0.39052439925730714,0.342811373648378,0.3056602863951686,0.2157258064516129,0.9935858738303652,0.1056849826801603,0.7842741935483871,7.89429085424215,0.185272532148494,42.609073037955554
