ROC_AUC_score,prediction_threshold,TN,FP,FN,TP,sensitivity,specificity,BA,Accuracy,precision,ROC_ACU_score_discretized,MCC,f1_score,cohen_kappa,PPV_score,NPV_score,FPR_score,FDR_score,PLR_score,NLR_score,DOR_score
0.9245381100275506,0.5597683647235391,16451,1953,0.16666666666666666,535,0.8333333333333334,0.8938817648337318,0.8636075490835327,0.8918408064685498,0.215032154340836,0.8636075490835327,0.3894550917187284,0.34185303514376997,0.3045872812374357,0.215032154340836,0.9935378668921367,0.1061182351662682,0.784967845659164,7.8528759173920495,0.18645269791096789,42.1172555043523
