ROC_AUC_score,prediction_threshold,TN,FP,FN,TP,sensitivity,specificity,BA,Accuracy,precision,ROC_ACU_score_discretized,MCC,f1_score,cohen_kappa,PPV_score,NPV_score,FPR_score,FDR_score,PLR_score,NLR_score,DOR_score
0.9269718819224249,0.4877447062400331,12739,1984,0.13450292397660818,444,0.8654970760233918,0.865244854988793,0.8653709655060924,0.8652533473352586,0.1828665568369028,0.8653709655060924,0.36012715195225115,0.3019381162869772,0.2608453510080404,0.1828665568369028,0.9946127420362274,0.13475514501120694,0.8171334431630972,6.422738634219956,0.15545070646892245,41.316882889200535
