ROC_AUC_score,prediction_threshold,TN,FP,FN,TP,sensitivity,specificity,BA,Accuracy,precision,ROC_ACU_score_discretized,MCC,f1_score,cohen_kappa,PPV_score,NPV_score,FPR_score,FDR_score,PLR_score,NLR_score,DOR_score
0.9284342222772917,0.4877447062400331,15925,2479,0.13862928348909656,553,0.8613707165109035,0.8653010215170616,0.8633358690139825,0.8651685393258427,0.18238786279683378,0.8633358690139825,0.35846551782084213,0.3010342950462711,0.2598560852866312,0.18238786279683378,0.9944423629324342,0.1346989784829385,0.8176121372031663,6.394782842544039,0.16020931449502873,39.9151751113851
