ROC_AUC_score,prediction_threshold,TN,FP,FN,TP,sensitivity,specificity,BA,Accuracy,precision,ROC_ACU_score_discretized,MCC,f1_score,cohen_kappa,PPV_score,NPV_score,FPR_score,FDR_score,PLR_score,NLR_score,DOR_score
0.9283039532237887,0.5587177458720589,13172,1551,0.15009746588693956,436,0.8499025341130604,0.8946546220199687,0.8722785780665145,0.8931478078235757,0.21942627075993962,0.8722785780665145,0.3988084917641978,0.3488,0.31197538354887133,0.21942627075993962,0.9941882406219338,0.10534537798003124,0.7805737292400604,8.067772411184128,0.16777140830955148,48.087886323863074
