ROC_AUC_score,prediction_threshold,TN,FP,FN,TP,sensitivity,specificity,BA,Accuracy,precision,ROC_ACU_score_discretized,MCC,f1_score,cohen_kappa,PPV_score,NPV_score,FPR_score,FDR_score,PLR_score,NLR_score,DOR_score
0.9345121540014665,0.5587177458720589,16520,1884,0.16978193146417445,533,0.8302180685358256,0.8976309497935231,0.8639245091646743,0.895358605481466,0.22052130740587506,0.8639245091646743,0.39463312363338376,0.3484798953906506,0.3118227422802804,0.22052130740587506,0.9934451861206326,0.10236905020647685,0.7794786925941249,8.110049539985841,0.18914447134786114,42.87753949239368
