ROC_AUC_score,prediction_threshold,TN,FP,FN,TP,sensitivity,specificity,BA,Accuracy,precision,ROC_ACU_score_discretized,MCC,f1_score,cohen_kappa,PPV_score,NPV_score,FPR_score,FDR_score,PLR_score,NLR_score,DOR_score
0.9350846608699519,0.46671912174211566,12730,1993,0.11306042884990253,455,0.8869395711500975,0.8646335665285607,0.8757865688393291,0.8653846153846154,0.18586601307189543,0.875786568839329,0.3691654657985493,0.3073286052009457,0.26649153934679537,0.18586601307189543,0.9954644979668439,0.13536643347143926,0.8141339869281046,6.552138136499188,0.13076109143418027,50.10770455213938
