ROC_AUC_score,prediction_threshold,TN,FP,FN,TP,sensitivity,specificity,BA,Accuracy,precision,ROC_ACU_score_discretized,MCC,f1_score,cohen_kappa,PPV_score,NPV_score,FPR_score,FDR_score,PLR_score,NLR_score,DOR_score
0.9250945040391463,0.46671912174211566,15856,2548,0.14641744548286603,548,0.8535825545171339,0.8615518365572702,0.8575671955372021,0.8612832090727712,0.17700258397932817,0.8575671955372021,0.3498085904985351,0.29320492241840557,0.25140557646144934,0.17700258397932817,0.9941065830721003,0.13844816344272984,0.8229974160206718,6.165358451072738,0.16994618230743358,36.27829920839039
