ROC_AUC_score,prediction_threshold,TN,FP,FN,TP,sensitivity,specificity,BA,Accuracy,precision,ROC_ACU_score_discretized,MCC,f1_score,cohen_kappa,PPV_score,NPV_score,FPR_score,FDR_score,PLR_score,NLR_score,DOR_score
0.9226895852926461,0.5219952722743583,16177,2227,0.1542056074766355,543,0.8457943925233645,0.8789936970223864,0.8623940447728755,0.8778746193426441,0.196028880866426,0.8623940447728754,0.3710401861403433,0.3182883939038687,0.2788174800033444,0.196028880866426,0.9939174244286065,0.12100630297761356,0.803971119133574,6.989672204759764,0.17543425851517583,39.842116721775454
