ROC_AUC_score,prediction_threshold,TN,FP,FN,TP,sensitivity,specificity,BA,Accuracy,precision,ROC_ACU_score_discretized,MCC,f1_score,cohen_kappa,PPV_score,NPV_score,FPR_score,FDR_score,PLR_score,NLR_score,DOR_score
0.9129176757163043,0.48659030618888993,12563,2160,0.1442495126705653,439,0.8557504873294347,0.8532907695442505,0.8545206284368426,0.8533735888684694,0.16891111966140823,0.8545206284368425,0.34001902073647594,0.28213367609254497,0.23935523349519894,0.16891111966140823,0.994144179789507,0.14670923045574952,0.8310888803385917,5.832969641181144,0.16905082982159778,34.504235485485495
