ROC_AUC_score,prediction_threshold,TN,FP,FN,TP,sensitivity,specificity,BA,Accuracy,precision,ROC_ACU_score_discretized,MCC,f1_score,cohen_kappa,PPV_score,NPV_score,FPR_score,FDR_score,PLR_score,NLR_score,DOR_score
0.9248091130128152,0.48659030618888993,15825,2579,0.13395638629283488,556,0.8660436137071651,0.8598674201260595,0.8629555169166123,0.8600756064265462,0.1773524720893142,0.8629555169166122,0.3532966452615988,0.2944135557320625,0.2525910450206873,0.1773524720893142,0.9945949343221671,0.14013257987394045,0.8226475279106858,6.180173193744345,0.15578725645076358,39.670595237021736
