ROC_AUC_score,prediction_threshold,TN,FP,FN,TP,sensitivity,specificity,BA,Accuracy,precision,ROC_ACU_score_discretized,MCC,f1_score,cohen_kappa,PPV_score,NPV_score,FPR_score,FDR_score,PLR_score,NLR_score,DOR_score
0.9322326433863343,0.5592615259307233,13261,1462,0.1539961013645224,434,0.8460038986354775,0.9006995856822658,0.8733517421588717,0.8988579679705959,0.2289029535864979,0.8733517421588717,0.4080448821792139,0.36031548360315485,0.32451458687709855,0.2289029535864979,0.9940779610194903,0.09930041431773416,0.7710970464135021,8.51964117620392,0.17097387831912106,49.83007497965329
