ROC_AUC_score,prediction_threshold,TN,FP,FN,TP,sensitivity,specificity,BA,Accuracy,precision,ROC_ACU_score_discretized,MCC,f1_score,cohen_kappa,PPV_score,NPV_score,FPR_score,FDR_score,PLR_score,NLR_score,DOR_score
0.9266878526339596,0.5592615259307233,16503,1901,0.16666666666666666,535,0.8333333333333334,0.8967072375570528,0.8650202854451932,0.8945710385382758,0.21962233169129722,0.8650202854451932,0.3945001422718969,0.34762833008447047,0.310859690119772,0.21962233169129722,0.9935580975316075,0.10329276244294719,0.7803776683087028,8.067683675258637,0.18586519622694858,43.406102051551834
