ROC_AUC_score,prediction_threshold,TN,FP,FN,TP,sensitivity,specificity,BA,Accuracy,precision,ROC_ACU_score_discretized,MCC,f1_score,cohen_kappa,PPV_score,NPV_score,FPR_score,FDR_score,PLR_score,NLR_score,DOR_score
0.9262248839816339,0.49973859580814667,12797,1926,0.1364522417153996,443,0.8635477582846004,0.86918426951029,0.8663660138974452,0.868994486741927,0.1869987336428873,0.8663660138974453,0.3647378491656149,0.3074253990284525,0.2668423323122199,0.1869987336428873,0.9945597264319577,0.13081573048970999,0.8130012663571127,6.601253190666757,0.1569888532293372,42.04918409731495
