ROC_AUC_score,prediction_threshold,TN,FP,FN,TP,sensitivity,specificity,BA,Accuracy,precision,ROC_ACU_score_discretized,MCC,f1_score,cohen_kappa,PPV_score,NPV_score,FPR_score,FDR_score,PLR_score,NLR_score,DOR_score
0.9214218296036147,0.49973859580814667,15943,2461,0.15109034267912771,545,0.8489096573208723,0.8662790697674418,0.8575943635441571,0.8656935839546361,0.18130405854956752,0.8575943635441571,0.35403615597818955,0.29879385964912275,0.25754966801027934,0.18130405854956752,0.9939526184538653,0.13372093023255813,0.8186959414504325,6.348367872138697,0.17441301302557022,36.398476019722104
