ROC_AUC_score,prediction_threshold,TN,FP,FN,TP,sensitivity,specificity,BA,Accuracy,precision,ROC_ACU_score_discretized,MCC,f1_score,cohen_kappa,PPV_score,NPV_score,FPR_score,FDR_score,PLR_score,NLR_score,DOR_score
0.9236367386880189,0.42613422525160716,12413,2310,0.12085769980506822,451,0.8791423001949318,0.843102628540379,0.8611224643676554,0.8443160934628512,0.16334661354581673,0.8611224643676555,0.33821110180666314,0.27550397067806964,0.23188340679650643,0.16334661354581673,0.9950300601202405,0.156897371459621,0.8366533864541833,5.6032952752251,0.1433487403713864,39.08855606758833
