ROC_AUC_score,prediction_threshold,TN,FP,FN,TP,sensitivity,specificity,BA,Accuracy,precision,ROC_ACU_score_discretized,MCC,f1_score,cohen_kappa,PPV_score,NPV_score,FPR_score,FDR_score,PLR_score,NLR_score,DOR_score
0.9270503466333,0.42613422525160716,15527,2877,0.12305295950155763,563,0.8769470404984424,0.8436752879808738,0.8603111642396581,0.844796807728657,0.16366279069767442,0.860311164239658,0.33806975460094285,0.27584517393434593,0.23222571777107215,0.16366279069767442,0.9949378444188133,0.1563247120191263,0.8363372093023256,5.609778704669218,0.14585345956505866,38.46174592908403
