ROC_AUC_score,prediction_threshold,TN,FP,FN,TP,sensitivity,specificity,BA,Accuracy,precision,ROC_ACU_score_discretized,MCC,f1_score,cohen_kappa,PPV_score,NPV_score,FPR_score,FDR_score,PLR_score,NLR_score,DOR_score
0.9298121158511453,0.47033733022036883,12792,1931,0.12280701754385964,450,0.8771929824561403,0.868844664810161,0.8730188236331506,0.8691257547912838,0.1889962200755985,0.8730188236331506,0.3705969529423835,0.3109882515549413,0.2705755797144005,0.1889962200755985,0.9950991831971996,0.13115533518983902,0.8110037799244015,6.688199006059945,0.1413451938163107,47.31819190648811
