ROC_AUC_score,prediction_threshold,TN,FP,FN,TP,sensitivity,specificity,BA,Accuracy,precision,ROC_ACU_score_discretized,MCC,f1_score,cohen_kappa,PPV_score,NPV_score,FPR_score,FDR_score,PLR_score,NLR_score,DOR_score
0.9202721404868642,0.47033733022036883,15988,2416,0.16510903426791276,536,0.8348909657320872,0.8687241903933928,0.85180757806274,0.8675837446182926,0.18157181571815717,0.85180757806274,0.3508880977223252,0.29827490261547024,0.25714039860468507,0.18157181571815717,0.9934136945445508,0.13127580960660726,0.8184281842818428,6.3598233995585005,0.19005921107497292,33.462326627514685
