ROC_AUC_score,prediction_threshold,TN,FP,FN,TP,sensitivity,specificity,BA,Accuracy,precision,ROC_ACU_score_discretized,MCC,f1_score,cohen_kappa,PPV_score,NPV_score,FPR_score,FDR_score,PLR_score,NLR_score,DOR_score
0.9254702068702361,0.5251633018030509,12904,1819,0.15789473684210525,432,0.8421052631578947,0.8764518100930517,0.8592785366254732,0.8752953531110528,0.1919147045757441,0.8592785366254732,0.36526611286285543,0.31259044862518093,0.2727040308593537,0.1919147045757441,0.9937620331151329,0.12354818990694831,0.8080852954242559,6.816006481293946,0.18015221718275856,37.83470771486164
