ROC_AUC_score,prediction_threshold,TN,FP,FN,TP,sensitivity,specificity,BA,Accuracy,precision,ROC_ACU_score_discretized,MCC,f1_score,cohen_kappa,PPV_score,NPV_score,FPR_score,FDR_score,PLR_score,NLR_score,DOR_score
0.9195110131144456,0.5251633018030509,16136,2268,0.1588785046728972,540,0.8411214953271028,0.8767659204520757,0.8589437078895892,0.8755644229759529,0.19230769230769232,0.8589437078895892,0.3654392126196147,0.31304347826086953,0.27316145305683626,0.19230769230769232,0.9937184382313092,0.12323407954792437,0.8076923076923077,6.825396825396828,0.1812097174020823,37.66573295985062
