ROC_AUC_score,prediction_threshold,TN,FP,FN,TP,sensitivity,specificity,BA,Accuracy,precision,ROC_ACU_score_discretized,MCC,f1_score,cohen_kappa,PPV_score,NPV_score,FPR_score,FDR_score,PLR_score,NLR_score,DOR_score
0.9367869211543806,0.5384792818274432,13081,1642,0.13450292397660818,444,0.8654970760233918,0.88847381647762,0.8769854462505059,0.887700183775269,0.21284755512943432,0.8769854462505059,0.3956319805438831,0.34166987302808777,0.3040550237854919,0.21284755512943432,0.9947528517110266,0.11152618352237995,0.7871524448705657,7.760483221858949,0.15138648036905458,51.26272308425565
