ROC_AUC_score,prediction_threshold,TN,FP,FN,TP,sensitivity,specificity,BA,Accuracy,precision,ROC_ACU_score_discretized,MCC,f1_score,cohen_kappa,PPV_score,NPV_score,FPR_score,FDR_score,PLR_score,NLR_score,DOR_score
0.9245076412347037,0.5384792818274432,16307,2097,0.1838006230529595,524,0.8161993769470405,0.886057378830689,0.8511283778888648,0.8837026147222514,0.19992369324685236,0.8511283778888648,0.36790301979479156,0.3211768311369905,0.2823129375530161,0.19992369324685236,0.9928158295281583,0.11394262116931102,0.8000763067531477,7.1632490859958695,0.2074364792216022,34.532253501774136
