ROC_AUC_score,prediction_threshold,TN,FP,FN,TP,sensitivity,specificity,BA,Accuracy,precision,ROC_ACU_score_discretized,MCC,f1_score,cohen_kappa,PPV_score,NPV_score,FPR_score,FDR_score,PLR_score,NLR_score,DOR_score
0.9371774996594021,0.48515297853647193,12785,1938,0.11695906432748537,453,0.8830409356725146,0.8683692182299803,0.8757050769512474,0.8688632186925702,0.18946047678795483,0.8757050769512474,0.37262934720986085,0.3119834710743802,0.27159747453219596,0.18946047678795483,0.9953289217594394,0.1316307817700197,0.8105395232120451,6.708468367340778,0.1346881739611707,49.807404540763656
