ROC_AUC_score,prediction_threshold,TN,FP,FN,TP,sensitivity,specificity,BA,Accuracy,precision,ROC_ACU_score_discretized,MCC,f1_score,cohen_kappa,PPV_score,NPV_score,FPR_score,FDR_score,PLR_score,NLR_score,DOR_score
0.9202217823431316,0.48515297853647193,16025,2379,0.16510903426791276,536,0.8348909657320872,0.8707346229080635,0.8528127943200754,0.8695264097448283,0.18387650085763294,0.8528127943200754,0.3537105574852242,0.30137756536407084,0.2605229986324866,0.18387650085763294,0.9934288016861943,0.12926537709193653,0.816123499142367,6.458736163654197,0.18962038481539265,34.06140204779239
