ROC_AUC_score,prediction_threshold,TN,FP,FN,TP,sensitivity,specificity,BA,Accuracy,precision,ROC_ACU_score_discretized,MCC,f1_score,cohen_kappa,PPV_score,NPV_score,FPR_score,FDR_score,PLR_score,NLR_score,DOR_score
0.9252494969150256,0.5130658147922774,13011,1712,0.1539961013645224,434,0.8460038986354775,0.8837193506758133,0.8648616246556454,0.8824494618009976,0.2022367194780988,0.8648616246556454,0.37838188794757943,0.32643851071831514,0.2877275524495385,0.2022367194780988,0.993964858670741,0.11628064932418665,0.7977632805219013,7.275534696033955,0.17425905775035466,41.75125695019516
