ROC_AUC_score,prediction_threshold,TN,FP,FN,TP,sensitivity,specificity,BA,Accuracy,precision,ROC_ACU_score_discretized,MCC,f1_score,cohen_kappa,PPV_score,NPV_score,FPR_score,FDR_score,PLR_score,NLR_score,DOR_score
0.926912136803526,0.5130658147922774,16185,2219,0.15109034267912771,545,0.8489096573208723,0.8794283851336666,0.8641690212272695,0.8783996639714375,0.197178002894356,0.8641690212272695,0.37319320388538485,0.32002348796241925,0.2806700401326121,0.197178002894356,0.9940425009212628,0.1205716148663334,0.802821997105644,7.040709028090733,0.17180516939553078,40.98077521684796
