ROC_AUC_score,prediction_threshold,TN,FP,FN,TP,sensitivity,specificity,BA,Accuracy,precision,ROC_ACU_score_discretized,MCC,f1_score,cohen_kappa,PPV_score,NPV_score,FPR_score,FDR_score,PLR_score,NLR_score,DOR_score
0.9334058352958247,0.5033547088117732,12926,1797,0.1364522417153996,443,0.8635477582846004,0.8779460707736195,0.87074691452911,0.8774612759254398,0.19776785714285713,0.87074691452911,0.37769002858077455,0.32183073011260444,0.28251838221755343,0.19776785714285713,0.994613727300708,0.12205392922638049,0.8022321428571428,7.075132802016791,0.1554221224490042,45.522044677637346
