ROC_AUC_score,prediction_threshold,TN,FP,FN,TP,sensitivity,specificity,BA,Accuracy,precision,ROC_ACU_score_discretized,MCC,f1_score,cohen_kappa,PPV_score,NPV_score,FPR_score,FDR_score,PLR_score,NLR_score,DOR_score
0.9320362260405263,0.5033547088117732,16243,2161,0.1292834890965732,559,0.8707165109034268,0.8825798739404477,0.8766481924219373,0.8821799852987504,0.20551470588235293,0.8766481924219374,0.3885663263998726,0.3325401546698394,0.29403530601135397,0.20551470588235293,0.9949160847727551,0.11742012605955227,0.794485294117647,7.415394107666201,0.14648361345400066,50.62268695327353
