ROC_AUC_score,prediction_threshold,TN,FP,FN,TP,sensitivity,specificity,BA,Accuracy,precision,ROC_ACU_score_discretized,MCC,f1_score,cohen_kappa,PPV_score,NPV_score,FPR_score,FDR_score,PLR_score,NLR_score,DOR_score
0.9131908158708331,0.48209647341355655,12683,2040,0.15204678362573099,435,0.847953216374269,0.8614412823473477,0.8546972493608084,0.860987135731163,0.17575757575757575,0.8546972493608084,0.34690830649876203,0.29116465863453816,0.24929082424347482,0.17575757575757575,0.9938876263615705,0.13855871765265232,0.8242424242424242,6.119811374842337,0.17650278288430477,34.67260558069383
