ROC_AUC_score,prediction_threshold,TN,FP,FN,TP,sensitivity,specificity,BA,Accuracy,precision,ROC_ACU_score_discretized,MCC,f1_score,cohen_kappa,PPV_score,NPV_score,FPR_score,FDR_score,PLR_score,NLR_score,DOR_score
0.9225390186746617,0.48209647341355655,15892,2512,0.14797507788161993,547,0.8520249221183801,0.8635079330580309,0.8577664275882055,0.8631208652735483,0.17881660673422686,0.8577664275882055,0.3517061645008996,0.2955957849229938,0.2540292893082772,0.17881660673422686,0.9940576718583849,0.13649206694196914,0.8211833932657732,6.2423036093418265,0.1713650474033056,36.42693597049951
