{"performances": [0.9325153478080412, 0.9321692731026239, 0.9319080032039627, 0.9332313644399395, 0.931485079432143, 0.9321206923051403, 0.9328376399279312, 0.931955060561804, 0.9318568833404088, 0.9330344175483998], "mean": 0.9323113761670395, "std": 0.0005406736016612879}