ROC_AUC_score,prediction_threshold,TN,FP,FN,TP,sensitivity,specificity,BA,Accuracy,precision,ROC_ACU_score_discretized,MCC,f1_score,cohen_kappa,PPV_score,NPV_score,FPR_score,FDR_score,PLR_score,NLR_score,DOR_score
0.9263236540035821,0.42682952386298173,12470,2253,0.13840155945419103,442,0.8615984405458089,0.8469741221218502,0.8542862813338296,0.8474665266474141,0.1640074211502783,0.8542862813338296,0.33496212379550483,0.27556109725685785,0.23212070224295966,0.1640074211502783,0.994338569492066,0.15302587787814984,0.8359925788497217,5.630410048893008,0.16340706975493627,34.456343029325524
