ROC_AUC_score,prediction_threshold,TN,FP,FN,TP,sensitivity,specificity,BA,Accuracy,precision,ROC_ACU_score_discretized,MCC,f1_score,cohen_kappa,PPV_score,NPV_score,FPR_score,FDR_score,PLR_score,NLR_score,DOR_score
0.9299804288787281,0.42682952386298173,15594,2810,0.10747663551401869,573,0.8925233644859814,0.8473158009128451,0.8699195826994133,0.8488396513703664,0.16937629323086018,0.869919582699413,0.34935943103123107,0.2847204968944099,0.24175635566261344,0.16937629323086018,0.9955947136563876,0.15268419908715497,0.8306237067691398,5.84555160142349,0.12684365781710907,46.084697508896845
