ROC_AUC_score,prediction_threshold,TN,FP,FN,TP,sensitivity,specificity,BA,Accuracy,precision,ROC_ACU_score_discretized,MCC,f1_score,cohen_kappa,PPV_score,NPV_score,FPR_score,FDR_score,PLR_score,NLR_score,DOR_score
0.9292598775648925,0.5251034622933023,12953,1770,0.14619883040935672,438,0.8538011695906432,0.8797799361543164,0.8667905528724797,0.8789052244683644,0.1983695652173913,0.8667905528724797,0.37589501489777205,0.32194046306504964,0.282746459790464,0.1983695652173913,0.9942431685600246,0.12022006384568362,0.8016304347826086,7.10198566095087,0.16617659076020688,42.737581920903935
