ROC_AUC_score,prediction_threshold,TN,FP,FN,TP,sensitivity,specificity,BA,Accuracy,precision,ROC_ACU_score_discretized,MCC,f1_score,cohen_kappa,PPV_score,NPV_score,FPR_score,FDR_score,PLR_score,NLR_score,DOR_score
0.9318545135454097,0.5251034622933023,16243,2161,0.13551401869158877,555,0.8644859813084113,0.8825798739404477,0.8735329276244295,0.881969967447233,0.20434462444771723,0.8735329276244295,0.3855889135072257,0.3305539011316259,0.29194595245004706,0.20434462444771723,0.9946723821187997,0.11742012605955227,0.7956553755522827,7.3623322535863,0.15354306470479587,47.94962421611961
