ROC_AUC_score,prediction_threshold,TN,FP,FN,TP,sensitivity,specificity,BA,Accuracy,precision,ROC_ACU_score_discretized,MCC,f1_score,cohen_kappa,PPV_score,NPV_score,FPR_score,FDR_score,PLR_score,NLR_score,DOR_score
0.9278695504865085,0.44347226006493523,12589,2134,0.13840155945419103,442,0.8615984405458089,0.8550567139849216,0.8583275772653652,0.8552769755841428,0.17158385093167702,0.8583275772653652,0.34488736585225493,0.28617675623179023,0.24370548110683066,0.17158385093167702,0.994391785150079,0.14494328601507844,0.828416149068323,5.944383242809721,0.1618624322697637,36.72490990931529
