ROC_AUC_score,prediction_threshold,TN,FP,FN,TP,sensitivity,specificity,BA,Accuracy,precision,ROC_ACU_score_discretized,MCC,f1_score,cohen_kappa,PPV_score,NPV_score,FPR_score,FDR_score,PLR_score,NLR_score,DOR_score
0.9251788856682246,0.44347226006493523,15727,2677,0.13395638629283488,556,0.8660436137071651,0.8545424907628776,0.8602930522350214,0.8549301690643705,0.17197649242189916,0.8602930522350213,0.3464172594705995,0.2869677419354839,0.24447195961619417,0.17197649242189916,0.9945614367925125,0.14545750923712236,0.8280235075781008,5.953928526958036,0.15675801699836803,37.98165249194254
