ROC_AUC_score,prediction_threshold,TN,FP,FN,TP,sensitivity,specificity,BA,Accuracy,precision,ROC_ACU_score_discretized,MCC,f1_score,cohen_kappa,PPV_score,NPV_score,FPR_score,FDR_score,PLR_score,NLR_score,DOR_score
0.9229386676741681,0.5559913458733317,16499,1905,0.2071651090342679,509,0.7928348909657321,0.8964898935014127,0.8446623922335724,0.8929959046518954,0.2108533554266777,0.8446623922335724,0.3739440686343374,0.33311518324607325,0.29560388349514566,0.2108533554266777,0.992003367003367,0.10351010649858726,0.7891466445733223,7.659492563429571,0.23108471220478005,33.14582124602846
