ROC_AUC_score,prediction_threshold,TN,FP,FN,TP,sensitivity,specificity,BA,Accuracy,precision,ROC_ACU_score_discretized,MCC,f1_score,cohen_kappa,PPV_score,NPV_score,FPR_score,FDR_score,PLR_score,NLR_score,DOR_score
0.9348899012154142,0.42922569790334564,12500,2223,0.09746588693957114,463,0.9025341130604289,0.8490117503226244,0.8757729316915266,0.850813861906012,0.1723752792256143,0.8757729316915266,0.3557438986468848,0.2894654579556111,0.24688301145995417,0.1723752792256143,0.9960159362549801,0.15098824967737554,0.8276247207743858,5.977512256675075,0.11479922027290448,52.06927575348627
