ROC_AUC_score,prediction_threshold,TN,FP,FN,TP,sensitivity,specificity,BA,Accuracy,precision,ROC_ACU_score_discretized,MCC,f1_score,cohen_kappa,PPV_score,NPV_score,FPR_score,FDR_score,PLR_score,NLR_score,DOR_score
0.9251306434128839,0.42922569790334564,15650,2754,0.1277258566978193,560,0.8722741433021807,0.8503586176918061,0.8613163804969934,0.8510973432741783,0.16898008449004223,0.8613163804969934,0.3440115722470329,0.2831142568250758,0.24020469596628546,0.16898008449004223,0.9947876938723621,0.14964138230819388,0.8310199155099578,5.829097070927135,0.1502023429179979,38.80829657969781
