ROC_AUC_score,prediction_threshold,TN,FP,FN,TP,sensitivity,specificity,BA,Accuracy,precision,ROC_ACU_score_discretized,MCC,f1_score,cohen_kappa,PPV_score,NPV_score,FPR_score,FDR_score,PLR_score,NLR_score,DOR_score
0.9287305443909682,0.4855900639604534,12731,1992,0.14035087719298245,441,0.8596491228070176,0.8647014874685865,0.862175305137802,0.8645313730637962,0.1812577065351418,0.862175305137802,0.35667998667396367,0.2993890020366599,0.2581305177348141,0.1812577065351418,0.9943763180504569,0.13529851253141342,0.8187422934648582,6.353721905164517,0.16231136320102746,39.145268574297184
