ROC_AUC_score,prediction_threshold,TN,FP,FN,TP,sensitivity,specificity,BA,Accuracy,precision,ROC_ACU_score_discretized,MCC,f1_score,cohen_kappa,PPV_score,NPV_score,FPR_score,FDR_score,PLR_score,NLR_score,DOR_score
0.9320198067466031,0.4855900639604534,16048,2356,0.1573208722741433,541,0.8426791277258567,0.8719843512279939,0.8573317394769253,0.8709965347054499,0.18674490852606143,0.8573317394769253,0.3591518853830665,0.3057360836394461,0.26518453303045475,0.18674490852606143,0.9937457427704501,0.12801564877200608,0.8132550914739386,6.582625919637803,0.18041708208707208,36.485602380271985
