ROC_AUC_score,prediction_threshold,TN,FP,FN,TP,sensitivity,specificity,BA,Accuracy,precision,ROC_ACU_score_discretized,MCC,f1_score,cohen_kappa,PPV_score,NPV_score,FPR_score,FDR_score,PLR_score,NLR_score,DOR_score
0.9279676585109903,0.5586974011189912,13257,1466,0.1442495126705653,439,0.8557504873294347,0.9004279019221626,0.8780891946257987,0.8989236019952743,0.2304461942257218,0.8780891946257986,0.41238441693595906,0.3631100082712986,0.32742760315148844,0.2304461942257218,0.9944490285800015,0.0995720980778374,0.7695538057742782,8.594279962449704,0.16020106925011185,53.64683271265809
