ROC_AUC_score,prediction_threshold,TN,FP,FN,TP,sensitivity,specificity,BA,Accuracy,precision,ROC_ACU_score_discretized,MCC,f1_score,cohen_kappa,PPV_score,NPV_score,FPR_score,FDR_score,PLR_score,NLR_score,DOR_score
0.9344485927141669,0.5586974011189912,16488,1916,0.1557632398753894,542,0.8442367601246106,0.8958921973484025,0.8700644787365066,0.894151002835241,0.22050447518307567,0.8700644787365066,0.3984217786918234,0.34967741935483876,0.3129518441367478,0.22050447518307567,0.9939715456956836,0.10410780265159748,0.7794955248169243,8.109255393180238,0.17386382015202978,46.64141962421712
