ROC_AUC_score,prediction_threshold,TN,FP,FN,TP,sensitivity,specificity,BA,Accuracy,precision,ROC_ACU_score_discretized,MCC,f1_score,cohen_kappa,PPV_score,NPV_score,FPR_score,FDR_score,PLR_score,NLR_score,DOR_score
0.9386185357436926,0.5487730783146777,13232,1491,0.1364522417153996,443,0.8635477582846004,0.8987298784215173,0.8811388183530589,0.8975452874770281,0.22905894519131334,0.881138818353059,0.4130316296131695,0.3620760114425827,0.32621520049969677,0.22905894519131334,0.9947376334385807,0.10127012157848264,0.7709410548086867,8.527172129593673,0.1518278684080886,56.163418606879354
