ROC_AUC_score,prediction_threshold,TN,FP,FN,TP,sensitivity,specificity,BA,Accuracy,precision,ROC_ACU_score_discretized,MCC,f1_score,cohen_kappa,PPV_score,NPV_score,FPR_score,FDR_score,PLR_score,NLR_score,DOR_score
0.9340641781110838,0.5487730783146777,16359,2045,0.1542056074766355,543,0.8457943925233645,0.88888285155401,0.8673386220386873,0.8874304315866849,0.2098145285935085,0.8673386220386873,0.38694527650638383,0.33622291021671824,0.2983209654999964,0.2098145285935085,0.9939846882974845,0.11111714844599001,0.7901854714064915,7.611735941320296,0.17348248670456623,43.87610580128921
