ROC_AUC_score,prediction_threshold,TN,FP,FN,TP,sensitivity,specificity,BA,Accuracy,precision,ROC_ACU_score_discretized,MCC,f1_score,cohen_kappa,PPV_score,NPV_score,FPR_score,FDR_score,PLR_score,NLR_score,DOR_score
0.925852179408198,0.4770007165355748,12673,2050,0.1286549707602339,447,0.8713450292397661,0.8607620729470896,0.8660535510934279,0.8611184037805198,0.1790148177813376,0.8660535510934277,0.3567422265691443,0.2970099667774086,0.25541480272336836,0.1790148177813376,0.9948190595808148,0.1392379270529104,0.8209851822186623,6.257957495364429,0.14946635638782638,41.86866962305989
