ROC_AUC_score,prediction_threshold,TN,FP,FN,TP,sensitivity,specificity,BA,Accuracy,precision,ROC_ACU_score_discretized,MCC,f1_score,cohen_kappa,PPV_score,NPV_score,FPR_score,FDR_score,PLR_score,NLR_score,DOR_score
0.931955060561804,0.4770007165355748,15884,2520,0.14485981308411214,549,0.8551401869158879,0.8630732449467508,0.8591067159313193,0.8628058384962722,0.17888563049853373,0.8591067159313192,0.35255841696065965,0.29587712206952305,0.25430234235967486,0.17888563049853373,0.9941791325029731,0.1369267550532493,0.8211143695014663,6.245238095238098,0.16784185343742125,37.20906298003075
