{"performances": [0.9241226341828709, 0.9247988721129973, 0.9242219116662299, 0.9229878409204012, 0.9233966305577619, 0.9256146740414686, 0.9237036882812283, 0.9246092038775263, 0.923609912107689, 0.9249017889243907], "mean": 0.9241967156672566, "std": 0.0007573324777988981}