ROC_AUC_score,prediction_threshold,TN,FP,FN,TP,sensitivity,specificity,BA,Accuracy,precision,ROC_ACU_score_discretized,MCC,f1_score,cohen_kappa,PPV_score,NPV_score,FPR_score,FDR_score,PLR_score,NLR_score,DOR_score
0.9359878902127513,0.4627609632723877,12543,2180,0.12280701754385964,450,0.8771929824561403,0.8519323507437343,0.8645626665999373,0.8527828826463639,0.17110266159695817,0.8645626665999373,0.34801062292505813,0.28635062042634424,0.24373573305413465,0.17110266159695817,0.9950023798191338,0.1480676492562657,0.8288973384030418,5.9242716883953,0.1441511376304111,41.09764089121885
