ROC_AUC_score,prediction_threshold,TN,FP,FN,TP,sensitivity,specificity,BA,Accuracy,precision,ROC_ACU_score_discretized,MCC,f1_score,cohen_kappa,PPV_score,NPV_score,FPR_score,FDR_score,PLR_score,NLR_score,DOR_score
0.9244266450270531,0.4627609632723877,15651,2753,0.12305295950155763,563,0.8769470404984424,0.8504129537057161,0.8636799971020792,0.8513073611256957,0.1697828709288299,0.8636799971020792,0.34617955447580234,0.28448711470439614,0.2416552836331034,0.1697828709288299,0.9949777495232041,0.14958704629428385,0.8302171290711701,5.862453081486862,0.1446978893787404,40.51512504195654
