ROC_AUC_score,prediction_threshold,TN,FP,FN,TP,sensitivity,specificity,BA,Accuracy,precision,ROC_ACU_score_discretized,MCC,f1_score,cohen_kappa,PPV_score,NPV_score,FPR_score,FDR_score,PLR_score,NLR_score,DOR_score
0.9244679427065025,0.43042442494525984,12293,2430,0.1189083820662768,452,0.8810916179337231,0.8349521157372818,0.8580218668355024,0.8365056445261223,0.1568355308813324,0.8580218668355024,0.3297961643250708,0.26627393225331364,0.22178736749242678,0.1568355308813324,0.9950623279909341,0.1650478842627182,0.8431644691186676,5.338399955077451,0.14241341488341286,37.48523240909395
