ROC_AUC_score,prediction_threshold,TN,FP,FN,TP,sensitivity,specificity,BA,Accuracy,precision,ROC_ACU_score_discretized,MCC,f1_score,cohen_kappa,PPV_score,NPV_score,FPR_score,FDR_score,PLR_score,NLR_score,DOR_score
0.9249765221024009,0.43042442494525984,15297,3107,0.11214953271028037,570,0.8878504672897196,0.8311780047815692,0.8595142360356445,0.833088312506563,0.15501767745444656,0.8595142360356445,0.32877598987073947,0.26394998842324613,0.21913233552931166,0.15501767745444656,0.9953152449736482,0.16882199521843078,0.8449823225455534,5.259092372063083,0.13492841733673272,38.97690698422915
