ROC_AUC_score,prediction_threshold,TN,FP,FN,TP,sensitivity,specificity,BA,Accuracy,precision,ROC_ACU_score_discretized,MCC,f1_score,cohen_kappa,PPV_score,NPV_score,FPR_score,FDR_score,PLR_score,NLR_score,DOR_score
0.9466665713390316,0.4377507675348444,12627,2096,0.09161793372319688,466,0.9083820662768031,0.8576377097059024,0.8830098879913527,0.8593462851142032,0.18188914910226386,0.8830098879913528,0.36944552145467563,0.30308943089430895,0.26166426153373856,0.18188914910226386,0.9962916206406817,0.14236229029409767,0.8181108508977362,6.380777271847984,0.10682591575248503,59.730611499106686
