ROC_AUC_score,prediction_threshold,TN,FP,FN,TP,sensitivity,specificity,BA,Accuracy,precision,ROC_ACU_score_discretized,MCC,f1_score,cohen_kappa,PPV_score,NPV_score,FPR_score,FDR_score,PLR_score,NLR_score,DOR_score
0.927659130041485,0.4377507675348444,15683,2721,0.1292834890965732,559,0.8707165109034268,0.8521517061508368,0.8614341085271318,0.8527774860863173,0.1704268292682927,0.8614341085271319,0.345529453720852,0.28505864354920957,0.2423416257309231,0.1704268292682927,0.9947355067867563,0.14784829384916323,0.8295731707317073,5.889256400833029,0.15171417033305698,38.818103726925365
