ROC_AUC_score,prediction_threshold,TN,FP,FN,TP,sensitivity,specificity,BA,Accuracy,precision,ROC_ACU_score_discretized,MCC,f1_score,cohen_kappa,PPV_score,NPV_score,FPR_score,FDR_score,PLR_score,NLR_score,DOR_score
0.9444667537590533,0.5372758341455524,13084,1639,0.1189083820662768,452,0.8810916179337231,0.8886775792976975,0.8848845986157103,0.8884221580467314,0.21616451458632233,0.8848845986157103,0.4035153456276183,0.34715821812596004,0.309838334322164,0.21616451458632233,0.995359452263218,0.11132242070230251,0.7838354854136776,7.914772355605987,0.13380373808940646,59.15210194140769
