ROC_AUC_score,prediction_threshold,TN,FP,FN,TP,sensitivity,specificity,BA,Accuracy,precision,ROC_ACU_score_discretized,MCC,f1_score,cohen_kappa,PPV_score,NPV_score,FPR_score,FDR_score,PLR_score,NLR_score,DOR_score
0.9198947506332431,0.5372758341455524,16333,2071,0.1806853582554517,526,0.8193146417445483,0.8874701151923495,0.853392378468449,0.885172739682873,0.202541393916057,0.853392378468449,0.37171071114396415,0.32479160234640325,0.2862088313059933,0.202541393916057,0.9929478995683628,0.11252988480765051,0.797458606083943,7.280862707226785,0.20359599175493379,35.7613263624103
