ROC_AUC_score,prediction_threshold,TN,FP,FN,TP,sensitivity,specificity,BA,Accuracy,precision,ROC_ACU_score_discretized,MCC,f1_score,cohen_kappa,PPV_score,NPV_score,FPR_score,FDR_score,PLR_score,NLR_score,DOR_score
0.9357622814762914,0.5718840137550065,13262,1461,0.15984405458089668,431,0.8401559454191033,0.9007675066222917,0.8704617260206975,0.8987266999212392,0.22780126849894292,0.8704617260206974,0.40525333488452797,0.35841995841995844,0.3225300382797368,0.22780126849894292,0.9938549160671463,0.09923249337770834,0.7721987315010571,8.466540714856578,0.17745317565936825,47.71140715513933
