ROC_AUC_score,prediction_threshold,TN,FP,FN,TP,sensitivity,specificity,BA,Accuracy,precision,ROC_ACU_score_discretized,MCC,f1_score,cohen_kappa,PPV_score,NPV_score,FPR_score,FDR_score,PLR_score,NLR_score,DOR_score
0.9301909174559776,0.5718840137550065,16526,1878,0.17445482866043613,530,0.8255451713395638,0.8979569658769833,0.8617510686082736,0.895516118870104,0.22009966777408638,0.8617510686082736,0.39290236540096896,0.3475409836065574,0.3108613940747543,0.22009966777408638,0.9932684216852987,0.10204303412301674,0.7799003322259136,8.090166844160454,0.19427972084392273,41.64184923170545
