ROC_AUC_score,prediction_threshold,TN,FP,FN,TP,sensitivity,specificity,BA,Accuracy,precision,ROC_ACU_score_discretized,MCC,f1_score,cohen_kappa,PPV_score,NPV_score,FPR_score,FDR_score,PLR_score,NLR_score,DOR_score
0.93675819046435,0.5217370748911014,12930,1793,0.11695906432748537,453,0.8830409356725146,0.8782177545337227,0.8806293451031186,0.8783801522709372,0.20169189670525378,0.8806293451031187,0.3873286752743428,0.32837984777093154,0.28942662649860074,0.20169189670525378,0.9953810623556582,0.12178224546627725,0.7983081032947462,7.250982540940565,0.1331777497365481,54.44590072504183
