ROC_AUC_score,prediction_threshold,TN,FP,FN,TP,sensitivity,specificity,BA,Accuracy,precision,ROC_ACU_score_discretized,MCC,f1_score,cohen_kappa,PPV_score,NPV_score,FPR_score,FDR_score,PLR_score,NLR_score,DOR_score
0.9270165770545614,0.5217370748911014,16231,2173,0.14797507788161993,547,0.8520249221183801,0.8819278417735275,0.8669763819459537,0.8809198781896461,0.2011029411764706,0.8669763819459537,0.3785884745426183,0.32540154669839383,0.28648488147671614,0.2011029411764706,0.9941810608844788,0.1180721582264725,0.7988970588235295,7.2161374443933095,0.16778592405479223,43.00800251895269
