ROC_AUC_score,prediction_threshold,TN,FP,FN,TP,sensitivity,specificity,BA,Accuracy,precision,ROC_ACU_score_discretized,MCC,f1_score,cohen_kappa,PPV_score,NPV_score,FPR_score,FDR_score,PLR_score,NLR_score,DOR_score
0.921625457986397,0.49360366364277286,12804,1919,0.15594541910331383,433,0.8440545808966862,0.8696597160904707,0.8568571484935784,0.8687975846678918,0.1840986394557823,0.8568571484935784,0.3563175539638962,0.3022687609075044,0.26143913713734057,0.1840986394557823,0.9937907482148401,0.13034028390952931,0.8159013605442177,6.475776755884266,0.17931774488113789,36.11341844710786
