ROC_AUC_score,prediction_threshold,TN,FP,FN,TP,sensitivity,specificity,BA,Accuracy,precision,ROC_ACU_score_discretized,MCC,f1_score,cohen_kappa,PPV_score,NPV_score,FPR_score,FDR_score,PLR_score,NLR_score,DOR_score
0.9252583584362332,0.49360366364277286,16057,2347,0.1526479750778816,544,0.8473520249221184,0.8724733753531841,0.8599127001376512,0.871626588260002,0.18817018332756832,0.8599127001376513,0.3620539306153645,0.30795358052646477,0.267547653749188,0.18817018332756832,0.9939337666357165,0.1275266246468159,0.8118298166724317,6.644510722908681,0.1749600381972556,37.97730493987115
