ROC_AUC_score,prediction_threshold,TN,FP,FN,TP,sensitivity,specificity,BA,Accuracy,precision,ROC_ACU_score_discretized,MCC,f1_score,cohen_kappa,PPV_score,NPV_score,FPR_score,FDR_score,PLR_score,NLR_score,DOR_score
0.9210262178800485,0.44608563931311374,12187,2536,0.1111111111111111,456,0.8888888888888888,0.8277524960945459,0.8583206924917174,0.8298109740089262,0.15240641711229946,0.8583206924917174,0.32539904046754853,0.26019971469329534,0.21507900638451738,0.15240641711229946,0.9953446586082979,0.17224750390545404,0.8475935828877005,5.1605327725201535,0.1342322875924255,38.44479495268136
