ROC_AUC_score,prediction_threshold,TN,FP,FN,TP,sensitivity,specificity,BA,Accuracy,precision,ROC_ACU_score_discretized,MCC,f1_score,cohen_kappa,PPV_score,NPV_score,FPR_score,FDR_score,PLR_score,NLR_score,DOR_score
0.9242446786253292,0.44608563931311374,15464,2940,0.11682242990654206,567,0.883177570093458,0.8402521191045424,0.8617148445990002,0.8416990444187756,0.16167664670658682,0.8617148445990003,0.3368530919535907,0.2733188720173536,0.2294073557157995,0.16167664670658682,0.99517343458395,0.15974788089545752,0.8383233532934131,5.528571428571428,0.1390325918261769,39.76457142857143
