ROC_AUC_score,prediction_threshold,TN,FP,FN,TP,sensitivity,specificity,BA,Accuracy,precision,ROC_ACU_score_discretized,MCC,f1_score,cohen_kappa,PPV_score,NPV_score,FPR_score,FDR_score,PLR_score,NLR_score,DOR_score
0.926264339030616,0.459611512050978,12573,2150,0.1111111111111111,456,0.8888888888888888,0.8539699789445085,0.8714294339166987,0.855145707534786,0.17498081350729086,0.8714294339166986,0.3558559811247813,0.2924014107085604,0.25021504068202227,0.17498081350729086,0.9954869358669833,0.1460300210554914,0.8250191864927091,6.087028423772607,0.1301112613448572,46.783255813953446
