ROC_AUC_score,prediction_threshold,TN,FP,FN,TP,sensitivity,specificity,BA,Accuracy,precision,ROC_ACU_score_discretized,MCC,f1_score,cohen_kappa,PPV_score,NPV_score,FPR_score,FDR_score,PLR_score,NLR_score,DOR_score
0.927834240964818,0.459611512050978,15734,2670,0.1292834890965732,559,0.8707165109034268,0.8549228428602478,0.8628196768818372,0.8554552136931639,0.17311861257355218,0.8628196768818374,0.3490184410950034,0.2888142598811677,0.24643774316074363,0.17311861257355218,0.994752481507239,0.14507715713975222,0.8268813874264478,6.001747815230962,0.1512224058302614,39.68821804070215
