ROC_AUC_score,prediction_threshold,TN,FP,FN,TP,sensitivity,specificity,BA,Accuracy,precision,ROC_ACU_score_discretized,MCC,f1_score,cohen_kappa,PPV_score,NPV_score,FPR_score,FDR_score,PLR_score,NLR_score,DOR_score
0.9195526115204241,0.4536783161396405,12420,2303,0.12085769980506822,451,0.8791423001949318,0.8435780751205597,0.8613601876577457,0.8447755316355999,0.16376180101670298,0.8613601876577458,0.3387685461042983,0.2760942760942761,0.2325276491739965,0.16376180101670298,0.9950328473001122,0.15642192487944034,0.836238198983297,5.620326567854965,0.14326794800563764,39.22947627918705
