ROC_AUC_score,prediction_threshold,TN,FP,FN,TP,sensitivity,specificity,BA,Accuracy,precision,ROC_ACU_score_discretized,MCC,f1_score,cohen_kappa,PPV_score,NPV_score,FPR_score,FDR_score,PLR_score,NLR_score,DOR_score
0.9245288001186251,0.4536783161396405,15596,2808,0.11993769470404984,565,0.8800623052959502,0.847424472940665,0.8637433891183076,0.8485246245930904,0.16750667061962646,0.8637433891183076,0.343925592037487,0.2814445828144459,0.23830529491511354,0.16750667061962646,0.9950870924519875,0.15257552705933491,0.8324933293803736,5.76804368471035,0.14153201675643323,40.75433825433826
