ROC_AUC_score,prediction_threshold,TN,FP,FN,TP,sensitivity,specificity,BA,Accuracy,precision,ROC_ACU_score_discretized,MCC,f1_score,cohen_kappa,PPV_score,NPV_score,FPR_score,FDR_score,PLR_score,NLR_score,DOR_score
0.9258643601615751,0.5092694824732669,12873,1850,0.15204678362573099,435,0.847953216374269,0.8743462609522515,0.8611497386632603,0.8734576004200577,0.19037199124726478,0.8611497386632603,0.36490463963537345,0.3109363831308078,0.2708368219386239,0.19037199124726478,0.9939772990502664,0.12565373904774843,0.8096280087527352,6.748332543069383,0.17389767694567212,38.80634095634095
