ROC_AUC_score,prediction_threshold,TN,FP,FN,TP,sensitivity,specificity,BA,Accuracy,precision,ROC_ACU_score_discretized,MCC,f1_score,cohen_kappa,PPV_score,NPV_score,FPR_score,FDR_score,PLR_score,NLR_score,DOR_score
0.9306483725263572,0.5092694824732669,16171,2233,0.16666666666666666,535,0.8333333333333334,0.8786676809389263,0.8560005071361299,0.8771395568623332,0.19328034682080925,0.8560005071361299,0.36460336595770004,0.3137829912023461,0.27405692932982895,0.19328034682080925,0.9934267108981447,0.12133231906107368,0.8067196531791907,6.868189281982386,0.18968111640178917,36.209135691894325
