ROC_AUC_score,prediction_threshold,TN,FP,FN,TP,sensitivity,specificity,BA,Accuracy,precision,ROC_ACU_score_discretized,MCC,f1_score,cohen_kappa,PPV_score,NPV_score,FPR_score,FDR_score,PLR_score,NLR_score,DOR_score
0.931024895209111,0.49428614309606805,12810,1913,0.1267056530214425,448,0.8732943469785575,0.8700672417306256,0.8716807943545914,0.8701758991861381,0.18975010588733587,0.8716807943545914,0.3705402093060682,0.3117606123869172,0.27145731078160606,0.18975010588733587,0.9949514563106796,0.12993275826937445,0.8102498941126641,6.721125285188344,0.1456274261853785,46.15288109694799
