ROC_AUC_score,prediction_threshold,TN,FP,FN,TP,sensitivity,specificity,BA,Accuracy,precision,ROC_ACU_score_discretized,MCC,f1_score,cohen_kappa,PPV_score,NPV_score,FPR_score,FDR_score,PLR_score,NLR_score,DOR_score
0.9226052882991034,0.49428614309606805,15978,2426,0.14797507788161993,547,0.8520249221183801,0.8681808302542925,0.8601028761863363,0.8676362490811719,0.1839892364614867,0.8601028761863364,0.35812470798525936,0.302627939142462,0.26169392919311474,0.1839892364614867,0.99408946680769,0.13181916974570745,0.8160107635385133,6.463588898048912,0.17044269203488127,37.92235865839371
