ROC_AUC_score,prediction_threshold,TN,FP,FN,TP,sensitivity,specificity,BA,Accuracy,precision,ROC_ACU_score_discretized,MCC,f1_score,cohen_kappa,PPV_score,NPV_score,FPR_score,FDR_score,PLR_score,NLR_score,DOR_score
0.9378095748400713,0.44603689599764557,12540,2183,0.09746588693957114,463,0.9025341130604289,0.8517285879236569,0.8771313504920428,0.8534392228931478,0.17498110355253213,0.8771313504920429,0.35914653898193893,0.29313073757518204,0.25087652453793097,0.17498110355253213,0.9960285941223193,0.14827141207634315,0.8250188964474678,6.087040653499175,0.1144330345623051,53.193037104901535
