ROC_AUC_score,prediction_threshold,TN,FP,FN,TP,sensitivity,specificity,BA,Accuracy,precision,ROC_ACU_score_discretized,MCC,f1_score,cohen_kappa,PPV_score,NPV_score,FPR_score,FDR_score,PLR_score,NLR_score,DOR_score
0.9241226341828709,0.44603689599764557,15633,2771,0.13707165109034267,554,0.8629283489096573,0.8494349054553358,0.8561816271824966,0.8498897406279534,0.16661654135338347,0.8561816271824966,0.3386797472068666,0.2793042601462062,0.23614208992143815,0.16661654135338347,0.9944023917053623,0.1505650945446642,0.8333834586466166,5.731264284855048,0.16136804622699846,35.5167235326925
