ROC_AUC_score,prediction_threshold,TN,FP,FN,TP,sensitivity,specificity,BA,Accuracy,precision,ROC_ACU_score_discretized,MCC,f1_score,cohen_kappa,PPV_score,NPV_score,FPR_score,FDR_score,PLR_score,NLR_score,DOR_score
0.9339995146234579,0.5009029097505517,12981,1742,0.14035087719298245,441,0.8596491228070176,0.8816817224750391,0.8706654226410283,0.8809398792333946,0.20201557489693084,0.8706654226410283,0.381668987108182,0.3271513353115727,0.28834716250677384,0.20201557489693084,0.9944840266605378,0.11831827752496095,0.7979844251030692,7.265564888110058,0.15918542214870046,45.64214982778416
