ROC_AUC_score,prediction_threshold,TN,FP,FN,TP,sensitivity,specificity,BA,Accuracy,precision,ROC_ACU_score_discretized,MCC,f1_score,cohen_kappa,PPV_score,NPV_score,FPR_score,FDR_score,PLR_score,NLR_score,DOR_score
0.9320760893778343,0.5009029097505517,16164,2240,0.16199376947040497,538,0.838006230529595,0.8782873288415561,0.8581467796855755,0.8769295390108159,0.19366450683945285,0.8581467796855755,0.3662532354801126,0.3146198830409357,0.2749138026915805,0.19366450683945285,0.9936070813867716,0.12171267115844382,0.8063354931605472,6.885119047619045,0.18444279468778357,37.329292582417565
