ROC_AUC_score,prediction_threshold,TN,FP,FN,TP,sensitivity,specificity,BA,Accuracy,precision,ROC_ACU_score_discretized,MCC,f1_score,cohen_kappa,PPV_score,NPV_score,FPR_score,FDR_score,PLR_score,NLR_score,DOR_score
0.9241910196957047,0.490421443344797,15968,2436,0.14953271028037382,546,0.8504672897196262,0.8676374701151923,0.8590523799174092,0.8670586999894991,0.18309859154929578,0.8590523799174092,0.35664058574764645,0.30132450331125826,0.2602906999645489,0.18309859154929578,0.9940239043824701,0.13236252988480765,0.8169014084507042,6.425287356321838,0.17234468937875755,37.28160919540228
