ROC_AUC_score,prediction_threshold,TN,FP,FN,TP,sensitivity,specificity,BA,Accuracy,precision,ROC_ACU_score_discretized,MCC,f1_score,cohen_kappa,PPV_score,NPV_score,FPR_score,FDR_score,PLR_score,NLR_score,DOR_score
0.9281062807803997,0.5701154632626831,13273,1450,0.15594541910331383,433,0.8440545808966862,0.9015146369625756,0.872784608929631,0.8995799422420583,0.2299522039298991,0.8727846089296308,0.40862997698567205,0.3614357262103506,0.32575292207921813,0.2299522039298991,0.9940088369654759,0.09848536303742444,0.7700477960701009,8.570355582442701,0.17298157202275968,49.54490517241383
