ROC_AUC_score,prediction_threshold,TN,FP,FN,TP,sensitivity,specificity,BA,Accuracy,precision,ROC_ACU_score_discretized,MCC,f1_score,cohen_kappa,PPV_score,NPV_score,FPR_score,FDR_score,PLR_score,NLR_score,DOR_score
0.9240291965514743,0.5701154632626831,16451,1953,0.19937694704049844,514,0.8006230529595015,0.8938817648337318,0.8472524088966167,0.8907382127480836,0.20835022294284555,0.8472524088966167,0.37328036714448654,0.3306529430685108,0.29282280573808994,0.20835022294284555,0.9922793895892394,0.1061182351662682,0.7916497770571544,7.544632189793482,0.22304621806171865,33.825420826932934
