ROC_AUC_score,prediction_threshold,TN,FP,FN,TP,sensitivity,specificity,BA,Accuracy,precision,ROC_ACU_score_discretized,MCC,f1_score,cohen_kappa,PPV_score,NPV_score,FPR_score,FDR_score,PLR_score,NLR_score,DOR_score
0.9314189161009567,0.5378944445894678,13023,1700,0.14814814814814814,437,0.8518518518518519,0.8845344019561231,0.8681931269039875,0.8834339721711736,0.2044922788956481,0.8681931269039875,0.3825085783592142,0.32981132075471703,0.29132727116826673,0.2044922788956481,0.9941980303839988,0.11546559804387693,0.7955077211043519,7.3775381263616575,0.1674871523600695,44.04838235294119
