ROC_AUC_score,prediction_threshold,TN,FP,FN,TP,sensitivity,specificity,BA,Accuracy,precision,ROC_ACU_score_discretized,MCC,f1_score,cohen_kappa,PPV_score,NPV_score,FPR_score,FDR_score,PLR_score,NLR_score,DOR_score
0.9225347022623419,0.5378944445894678,16229,2175,0.1791277258566978,527,0.8208722741433022,0.8818191697457075,0.8513457219445049,0.8797647800063005,0.19504071058475203,0.8513457219445049,0.36346821879358604,0.3151913875598086,0.2757387954684368,0.19504071058475203,0.9929637787567303,0.11818083025429255,0.804959289415248,6.945900383141766,0.20313430689917222,34.19363518240882
