ROC_AUC_score,prediction_threshold,TN,FP,FN,TP,sensitivity,specificity,BA,Accuracy,precision,ROC_ACU_score_discretized,MCC,f1_score,cohen_kappa,PPV_score,NPV_score,FPR_score,FDR_score,PLR_score,NLR_score,DOR_score
0.9218538471122146,0.5237734765222735,12958,1765,0.15789473684210525,432,0.8421052631578947,0.8801195408544454,0.86111240200617,0.878839590443686,0.19663177059626763,0.8611124020061701,0.37084469197253217,0.3188191881918819,0.2794840421670175,0.19663177059626763,0.9937878671677276,0.11988045914555458,0.8033682294037323,7.024541523781124,0.17940146708800095,39.155429650613776
