ROC_AUC_score,prediction_threshold,TN,FP,FN,TP,sensitivity,specificity,BA,Accuracy,precision,ROC_ACU_score_discretized,MCC,f1_score,cohen_kappa,PPV_score,NPV_score,FPR_score,FDR_score,PLR_score,NLR_score,DOR_score
0.9233934990429414,0.5237734765222735,16234,2170,0.1526479750778816,544,0.8473520249221184,0.8820908498152575,0.864721437368688,0.8809198781896461,0.20044215180545322,0.8647214373686879,0.3766086627731502,0.3241954707985697,0.285226628895184,0.20044215180545322,0.993999510164095,0.11790915018474245,0.7995578481945468,7.186482334869431,0.17305244137817752,41.52777203047116
