{"performances": [0.9351096808834054, 0.9338587676659752, 0.9349500582631027, 0.9346952206651542, 0.9353173764879774, 0.9353783140736709, 0.9342985339093967, 0.9348488341624231, 0.9372645862574912, 0.9360071561038135], "mean": 0.935172852847241, "std": 0.0008951264817717142}