ROC_AUC_score,prediction_threshold,TN,FP,FN,TP,sensitivity,specificity,BA,Accuracy,precision,ROC_ACU_score_discretized,MCC,f1_score,cohen_kappa,PPV_score,NPV_score,FPR_score,FDR_score,PLR_score,NLR_score,DOR_score
0.9337431892045691,0.48202809148646736,12680,2043,0.10916179337231968,457,0.8908382066276803,0.8612375195272702,0.8760378630774752,0.8622341822000525,0.1828,0.8760378630774752,0.36629575087768446,0.30335214072353134,0.26212330531402683,0.1828,0.9956030150753769,0.13876248047272974,0.8172,6.419878079382935,0.12674992774610905,50.649954548632955
