ROC_AUC_score,prediction_threshold,TN,FP,FN,TP,sensitivity,specificity,BA,Accuracy,precision,ROC_ACU_score_discretized,MCC,f1_score,cohen_kappa,PPV_score,NPV_score,FPR_score,FDR_score,PLR_score,NLR_score,DOR_score
0.9294251351290964,0.48202809148646736,15766,2638,0.13707165109034267,554,0.8629283489096573,0.8566615953053685,0.8597949721075129,0.8568728341909062,0.17355889724310777,0.8597949721075129,0.34770252442686367,0.2889932185706834,0.24671348820457417,0.17355889724310777,0.9944493503216854,0.1433384046946316,0.8264411027568922,6.020217336365936,0.16000676561376803,37.62476738576057
