ROC_AUC_score,prediction_threshold,TN,FP,FN,TP,sensitivity,specificity,BA,Accuracy,precision,ROC_ACU_score_discretized,MCC,f1_score,cohen_kappa,PPV_score,NPV_score,FPR_score,FDR_score,PLR_score,NLR_score,DOR_score
0.9279725572922397,0.5540890979044129,13007,1716,0.1442495126705653,439,0.8557504873294347,0.8834476669157101,0.8695990771225723,0.882515095825676,0.2037122969837587,0.8695990771225723,0.38262522881023736,0.32908545727136435,0.2904937425169656,0.2037122969837587,0.9943429401421909,0.11655233308428989,0.7962877030162413,7.342199548339898,0.1632802010493375,44.96686984186984
