ROC_AUC_score,prediction_threshold,TN,FP,FN,TP,sensitivity,specificity,BA,Accuracy,precision,ROC_ACU_score_discretized,MCC,f1_score,cohen_kappa,PPV_score,NPV_score,FPR_score,FDR_score,PLR_score,NLR_score,DOR_score
0.924752661110513,0.5540890979044129,16371,2033,0.17289719626168223,531,0.8271028037383178,0.8895348837209303,0.8583188437296241,0.8874304315866849,0.20709828393135726,0.858318843729624,0.37893027467864476,0.33125389893948853,0.2931431746619745,0.20709828393135726,0.9932653804149982,0.11046511627906977,0.7929017160686428,7.487456960157405,0.19436808991509372,38.52204836415365
