ROC_AUC_score,prediction_threshold,TN,FP,FN,TP,sensitivity,specificity,BA,Accuracy,precision,ROC_ACU_score_discretized,MCC,f1_score,cohen_kappa,PPV_score,NPV_score,FPR_score,FDR_score,PLR_score,NLR_score,DOR_score
0.9345296421943415,0.5058913890709074,12930,1793,0.12085769980506822,451,0.8791423001949318,0.8782177545337227,0.8786800273643273,0.8782488842215804,0.20098039215686275,0.8786800273643274,0.38548705785494386,0.3271672107363076,0.2881504986939628,0.20098039215686275,0.9952278325123153,0.12178224546627725,0.7990196078431373,7.218969372989393,0.13761700806109972,52.45695626360578
