ROC_AUC_score,prediction_threshold,TN,FP,FN,TP,sensitivity,specificity,BA,Accuracy,precision,ROC_ACU_score_discretized,MCC,f1_score,cohen_kappa,PPV_score,NPV_score,FPR_score,FDR_score,PLR_score,NLR_score,DOR_score
0.9280287334258229,0.5058913890709074,16109,2295,0.14018691588785046,552,0.8598130841121495,0.8752988480765052,0.8675559660943273,0.8747768560327628,0.19388830347734456,0.8675559660943274,0.37208251518665053,0.3164230438521066,0.2766298958216189,0.19388830347734456,0.9944441014877462,0.12470115192349489,0.8061116965226555,6.894989106753815,0.16015891737538024,43.05092229484388
