ROC_AUC_score,prediction_threshold,TN,FP,FN,TP,sensitivity,specificity,BA,Accuracy,precision,ROC_ACU_score_discretized,MCC,f1_score,cohen_kappa,PPV_score,NPV_score,FPR_score,FDR_score,PLR_score,NLR_score,DOR_score
0.9287285000348697,0.4784428627486014,15879,2525,0.13707165109034267,554,0.8629283489096573,0.8628015648772006,0.862864956893429,0.8628058384962722,0.17992854822994478,0.8628649568934289,0.3557805022138704,0.2977694168234345,0.25628168023153564,0.17992854822994478,0.9944886328051606,0.1371984351227994,0.8200714517700552,6.28963696369637,0.15886810672376517,39.59030603060305
