ROC_AUC_score,prediction_threshold,TN,FP,FN,TP,sensitivity,specificity,BA,Accuracy,precision,ROC_ACU_score_discretized,MCC,f1_score,cohen_kappa,PPV_score,NPV_score,FPR_score,FDR_score,PLR_score,NLR_score,DOR_score
0.919007125608326,0.4899178960798774,12721,2002,0.15984405458089668,431,0.8401559454191033,0.8640222780683284,0.8520891117437159,0.8632186925702284,0.177147554459515,0.8520891117437158,0.34674683199897866,0.29260013577732513,0.25094185996092655,0.177147554459515,0.9935952511130204,0.13597772193167154,0.822852445540485,6.178629362839888,0.18499992261571746,33.3980105260593
