ROC_AUC_score,prediction_threshold,TN,FP,FN,TP,sensitivity,specificity,BA,Accuracy,precision,ROC_ACU_score_discretized,MCC,f1_score,cohen_kappa,PPV_score,NPV_score,FPR_score,FDR_score,PLR_score,NLR_score,DOR_score
0.9261691437949853,0.5099162462185736,12886,1837,0.13840155945419103,442,0.8615984405458089,0.8752292331725872,0.868413836859198,0.8747702809136256,0.19394471259324264,0.868413836859198,0.37264764013591023,0.3166189111747851,0.276870343764025,0.19394471259324264,0.994520336497646,0.1247707668274129,0.8060552874067574,6.905451192246026,0.15813178331864466,43.66896424820015
