ROC_AUC_score,prediction_threshold,TN,FP,FN,TP,sensitivity,specificity,BA,Accuracy,precision,ROC_ACU_score_discretized,MCC,f1_score,cohen_kappa,PPV_score,NPV_score,FPR_score,FDR_score,PLR_score,NLR_score,DOR_score
0.9351096808834054,0.5099162462185736,16085,2319,0.12305295950155763,563,0.8769470404984424,0.8739947837426646,0.8754709121205535,0.8740942980153313,0.19535045107564192,0.8754709121205535,0.3781886671232762,0.3195232690124858,0.2798166995113788,0.19535045107564192,0.9951125958921059,0.12600521625733535,0.8046495489243581,6.9596090268793995,0.14079370013470102,49.43125310451362
