ROC_AUC_score,prediction_threshold,TN,FP,FN,TP,sensitivity,specificity,BA,Accuracy,precision,ROC_ACU_score_discretized,MCC,f1_score,cohen_kappa,PPV_score,NPV_score,FPR_score,FDR_score,PLR_score,NLR_score,DOR_score
0.9210109919383271,0.5221674136405011,13082,1641,0.16374269005847952,429,0.8362573099415205,0.8885417374176459,0.8623995236795832,0.8867813074297716,0.2072463768115942,0.8623995236795832,0.3815595732160049,0.3321718931475029,0.29407580310994386,0.2072463768115942,0.9936199301230442,0.11145826258235414,0.7927536231884058,7.502874085477761,0.1842824969982414,40.7139810220249
