ROC_AUC_score,prediction_threshold,TN,FP,FN,TP,sensitivity,specificity,BA,Accuracy,precision,ROC_ACU_score_discretized,MCC,f1_score,cohen_kappa,PPV_score,NPV_score,FPR_score,FDR_score,PLR_score,NLR_score,DOR_score
0.9221895585478168,0.5221674136405011,16281,2123,0.16666666666666666,535,0.8333333333333334,0.8846446424690285,0.858988987901181,0.8829150477790613,0.20127915726109857,0.858988987901181,0.3739334209512872,0.3242424242424243,0.28544168898873823,0.20127915726109857,0.993470832316329,0.11535535753097152,0.7987208427389014,7.224054011618782,0.18839956595622703,38.344324069712705
