ROC_AUC_score,prediction_threshold,TN,FP,FN,TP,sensitivity,specificity,BA,Accuracy,precision,ROC_ACU_score_discretized,MCC,f1_score,cohen_kappa,PPV_score,NPV_score,FPR_score,FDR_score,PLR_score,NLR_score,DOR_score
0.9288256616298365,0.4834945780787419,15898,2506,0.13239875389408098,557,0.867601246105919,0.863833949141491,0.865717597623705,0.8639609366796178,0.18184786157362062,0.865717597623705,0.3593327756558588,0.30067476383265856,0.25939807365584666,0.18184786157362062,0.9946818494650567,0.13616605085850902,0.8181521384263793,6.371641393987765,0.15326875497966194,41.57169146988408
