ROC_AUC_score,prediction_threshold,TN,FP,FN,TP,sensitivity,specificity,BA,Accuracy,precision,ROC_ACU_score_discretized,MCC,f1_score,cohen_kappa,PPV_score,NPV_score,FPR_score,FDR_score,PLR_score,NLR_score,DOR_score
0.933277407787394,0.4141615013798363,12218,2505,0.0935672514619883,465,0.9064327485380117,0.829858045235346,0.8681453968866788,0.832436334996062,0.15656565656565657,0.868145396886679,0.33525595754528287,0.2670111972437554,0.22235728882229122,0.15656565656565657,0.9960867438447741,0.17014195476465394,0.8434343434343434,5.327508725239578,0.11275091203755556,47.25024950099799
