ROC_AUC_score,prediction_threshold,TN,FP,FN,TP,sensitivity,specificity,BA,Accuracy,precision,ROC_ACU_score_discretized,MCC,f1_score,cohen_kappa,PPV_score,NPV_score,FPR_score,FDR_score,PLR_score,NLR_score,DOR_score
0.9333686432788213,0.4141615013798363,15350,3054,0.1261682242990654,561,0.8738317757009346,0.8340578135188003,0.8539447946098675,0.8353985088732542,0.15518672199170125,0.8539447946098674,0.32579016166803204,0.2635658914728683,0.21884580173188528,0.15518672199170125,0.9947508262588296,0.16594218648119974,0.8448132780082988,5.265880812049771,0.15127035830618887,34.81105532513523
