ROC_AUC_score,prediction_threshold,TN,FP,FN,TP,sensitivity,specificity,BA,Accuracy,precision,ROC_ACU_score_discretized,MCC,f1_score,cohen_kappa,PPV_score,NPV_score,FPR_score,FDR_score,PLR_score,NLR_score,DOR_score
0.9374625557683215,0.4657314996367316,12649,2074,0.10136452241715399,461,0.898635477582846,0.8591319703864702,0.8788837239846581,0.8604620635337359,0.18185404339250494,0.8788837239846581,0.36701586993509877,0.30249343832021,0.2611107453740691,0.18185404339250494,0.9959058341862845,0.14086802961352984,0.8181459566074951,6.379272004075334,0.11798481014686997,54.06858727097397
