ROC_AUC_score,prediction_threshold,TN,FP,FN,TP,sensitivity,specificity,BA,Accuracy,precision,ROC_ACU_score_discretized,MCC,f1_score,cohen_kappa,PPV_score,NPV_score,FPR_score,FDR_score,PLR_score,NLR_score,DOR_score
0.9291653040345422,0.4657314996367316,15798,2606,0.13862928348909656,553,0.8613707165109035,0.858400347750489,0.8598855321306962,0.8585004725401659,0.1750553972776195,0.8598855321306962,0.3492386084292668,0.2909760589318601,0.24889222916373077,0.1750553972776195,0.994397935418896,0.141599652249511,0.8249446027223805,6.083141468406242,0.1614972359370384,37.667155311424814
