ROC_AUC_score,prediction_threshold,TN,FP,FN,TP,sensitivity,specificity,BA,Accuracy,precision,ROC_ACU_score_discretized,MCC,f1_score,cohen_kappa,PPV_score,NPV_score,FPR_score,FDR_score,PLR_score,NLR_score,DOR_score
0.9247069237917784,0.48538361222296883,12707,2016,0.14035087719298245,441,0.8596491228070176,0.8630713849079671,0.8613602538574923,0.8629561564715148,0.1794871794871795,0.8613602538574923,0.35446732153127225,0.296969696969697,0.25549403911131563,0.1794871794871795,0.9943657563189608,0.13692861509203288,0.8205128205128205,6.278082358674462,0.16261792436548994,38.60633680555554
