ROC_AUC_score,prediction_threshold,TN,FP,FN,TP,sensitivity,specificity,BA,Accuracy,precision,ROC_ACU_score_discretized,MCC,f1_score,cohen_kappa,PPV_score,NPV_score,FPR_score,FDR_score,PLR_score,NLR_score,DOR_score
0.9272365448118078,0.48538361222296883,15857,2547,0.15109034267912771,545,0.8489096573208723,0.8616061725711802,0.8552579149460262,0.8611782001470125,0.176261319534282,0.8552579149460262,0.347730550473084,0.2919121585431173,0.25004621160453055,0.176261319534282,0.9939200200576658,0.1383938274288198,0.823738680465718,6.134013872529776,0.17535893716760206,34.9797619192177
