ROC_AUC_score,prediction_threshold,TN,FP,FN,TP,sensitivity,specificity,BA,Accuracy,precision,ROC_ACU_score_discretized,MCC,f1_score,cohen_kappa,PPV_score,NPV_score,FPR_score,FDR_score,PLR_score,NLR_score,DOR_score
0.9239253695832554,0.5197408827858084,12821,1902,0.1539961013645224,434,0.8460038986354775,0.8708143720709095,0.8584091353531935,0.8699789971121029,0.1857876712328767,0.8584091353531935,0.358867914273467,0.3046683046683047,0.26403185047544253,0.1857876712328767,0.9938759689922481,0.12918562792909055,0.8142123287671232,6.548746266882302,0.17684147885421295,37.03173208747621
