ROC_AUC_score,prediction_threshold,TN,FP,FN,TP,sensitivity,specificity,BA,Accuracy,precision,ROC_ACU_score_discretized,MCC,f1_score,cohen_kappa,PPV_score,NPV_score,FPR_score,FDR_score,PLR_score,NLR_score,DOR_score
0.9242321525660478,0.5197408827858084,16132,2272,0.14797507788161993,547,0.8520249221183801,0.8765485763964356,0.8642867492574078,0.875721936364591,0.19404043987229513,0.8642867492574078,0.3702800726521496,0.31609361456226526,0.2763581402538515,0.19404043987229513,0.9941455598693536,0.12345142360356444,0.8059595601277049,6.901701877934274,0.16881560459542105,40.88308005930321
