{"performances": [0.9316150796149557, 0.9311038809794161, 0.9321645335126253, 0.9346345369860676, 0.9313415375636207, 0.9334313582107643, 0.93366114369015, 0.9309179367075152, 0.9301100905193981, 0.9312331194424076], "mean": 0.932021321722692, "std": 0.001359668537600961}