ROC_AUC_score,prediction_threshold,TN,FP,FN,TP,sensitivity,specificity,BA,Accuracy,precision,ROC_ACU_score_discretized,MCC,f1_score,cohen_kappa,PPV_score,NPV_score,FPR_score,FDR_score,PLR_score,NLR_score,DOR_score
0.9281518781302454,0.4680072536503388,15774,2630,0.1292834890965732,559,0.8707165109034268,0.8570962834166486,0.8639063971600377,0.8575553922083378,0.1752900595798056,0.8639063971600378,0.35180786107569256,0.29182980944923,0.24972578264584777,0.1752900595798056,0.9947657186100776,0.14290371658335144,0.8247099404201944,6.093029150823829,0.15083893326571146,40.39427367263734
