ROC_AUC_score,prediction_threshold,TN,FP,FN,TP,sensitivity,specificity,BA,Accuracy,precision,ROC_ACU_score_discretized,MCC,f1_score,cohen_kappa,PPV_score,NPV_score,FPR_score,FDR_score,PLR_score,NLR_score,DOR_score
0.928773971424747,0.44970577268726813,12541,2182,0.12475633528265107,449,0.8752436647173489,0.8517965088636826,0.8635200867905157,0.8525859805723287,0.17065754465982516,0.8635200867905157,0.3469631872109842,0.28562340966921124,0.2429622929913422,0.17065754465982516,0.9949226497421658,0.14820349113631734,0.8293424553401748,5.905688577283925,0.14646260460620938,40.32216000229146
