ROC_AUC_score,prediction_threshold,TN,FP,FN,TP,sensitivity,specificity,BA,Accuracy,precision,ROC_ACU_score_discretized,MCC,f1_score,cohen_kappa,PPV_score,NPV_score,FPR_score,FDR_score,PLR_score,NLR_score,DOR_score
0.9282185709323655,0.44970577268726813,15746,2658,0.11059190031152648,571,0.8894080996884736,0.855574875027168,0.8724914873578208,0.8567153208022682,0.17683493341591824,0.8724914873578208,0.3583223472224361,0.2950142082149316,0.2530071199003521,0.17683493341591824,0.9955111588796864,0.144425124972832,0.8231650665840817,6.158264359167294,0.12926034125068794,47.64233406458316
