ROC_AUC_score,prediction_threshold,TN,FP,FN,TP,sensitivity,specificity,BA,Accuracy,precision,ROC_ACU_score_discretized,MCC,f1_score,cohen_kappa,PPV_score,NPV_score,FPR_score,FDR_score,PLR_score,NLR_score,DOR_score
0.9328804741066974,0.5132460713899141,12951,1772,0.15204678362573099,435,0.847953216374269,0.8796440942742647,0.8637986553242669,0.8785770543449725,0.19710013593112824,0.8637986553242669,0.37289899691736744,0.31985294117647056,0.28054182475682876,0.19710013593112824,0.9940133548238544,0.12035590572573525,0.8028998640688718,7.045381041014875,0.17285034324157497,40.76000607744399
