ROC_AUC_score,prediction_threshold,TN,FP,FN,TP,sensitivity,specificity,BA,Accuracy,precision,ROC_ACU_score_discretized,MCC,f1_score,cohen_kappa,PPV_score,NPV_score,FPR_score,FDR_score,PLR_score,NLR_score,DOR_score
0.9323262720213201,0.5132460713899141,16005,2399,0.1292834890965732,559,0.8707165109034268,0.869647902629863,0.8701822067666449,0.8696839231334663,0.1889790398918188,0.870182206766645,0.3689088283338848,0.31055555555555553,0.27012542458004574,0.1889790398918188,0.9948408751864743,0.13035209737013692,0.8110209601081813,6.679727664304569,0.148661876496928,44.932351331126924
