ROC_AUC_score,prediction_threshold,TN,FP,FN,TP,sensitivity,specificity,BA,Accuracy,precision,ROC_ACU_score_discretized,MCC,f1_score,cohen_kappa,PPV_score,NPV_score,FPR_score,FDR_score,PLR_score,NLR_score,DOR_score
0.9288512927287921,0.4226312577645936,12481,2242,0.11695906432748537,453,0.8830409356725146,0.847721252462134,0.8653810940673243,0.8489104751903387,0.16808905380333952,0.8653810940673243,0.34545178210892696,0.2824189526184539,0.239389783374911,0.16808905380333952,0.9952156925285065,0.1522787475378659,0.8319109461966605,5.798845537870843,0.13796877686832523,42.03012934879571
