ROC_AUC_score,prediction_threshold,TN,FP,FN,TP,sensitivity,specificity,BA,Accuracy,precision,ROC_ACU_score_discretized,MCC,f1_score,cohen_kappa,PPV_score,NPV_score,FPR_score,FDR_score,PLR_score,NLR_score,DOR_score
0.924013115799694,0.4226312577645936,15558,2846,0.13395638629283488,556,0.8660436137071651,0.8453597044120843,0.8557016590596247,0.8460569148377612,0.16343327454438566,0.8557016590596247,0.33519571220700156,0.27497527200791294,0.23138460813421924,0.16343327454438566,0.9945026847353619,0.15464029558791567,0.8365667254556144,5.600374795033964,0.15846081330076706,35.342332772230286
