ROC_AUC_score,prediction_threshold,TN,FP,FN,TP,sensitivity,specificity,BA,Accuracy,precision,ROC_ACU_score_discretized,MCC,f1_score,cohen_kappa,PPV_score,NPV_score,FPR_score,FDR_score,PLR_score,NLR_score,DOR_score
0.9355491182921948,0.519609534050554,13072,1651,0.14619883040935672,438,0.8538011695906432,0.8878625280173877,0.8708318488040154,0.8867156734050932,0.20966969842029679,0.8708318488040154,0.38893883513183475,0.3366641045349731,0.2987518812286408,0.20966969842029679,0.9942952764889328,0.11213747198261224,0.7903303015797032,7.613879236755323,0.16466381426843327,46.2389339794064
