ROC_AUC_score,prediction_threshold,TN,FP,FN,TP,sensitivity,specificity,BA,Accuracy,precision,ROC_ACU_score_discretized,MCC,f1_score,cohen_kappa,PPV_score,NPV_score,FPR_score,FDR_score,PLR_score,NLR_score,DOR_score
0.9215166214035823,0.519609534050554,16289,2115,0.17133956386292834,532,0.8286604361370716,0.8850793305803086,0.8568698833586901,0.883177570093458,0.20098224404986778,0.8568698833586901,0.3723727287736471,0.3235025843721496,0.28469254693160995,0.20098224404986778,0.9932922739191414,0.11492066941969137,0.7990177559501322,7.210717100078802,0.19358667403360144,37.24800343864173
