ROC_AUC_score,prediction_threshold,TN,FP,FN,TP,sensitivity,specificity,BA,Accuracy,precision,ROC_ACU_score_discretized,MCC,f1_score,cohen_kappa,PPV_score,NPV_score,FPR_score,FDR_score,PLR_score,NLR_score,DOR_score
0.9329713001590514,0.4876217567613558,12804,1919,0.1267056530214425,448,0.8732943469785575,0.8696597160904707,0.8714770315345141,0.8697820950380677,0.189269117025771,0.871477031534514,0.36995361152964595,0.31111111111111106,0.27075044357045164,0.189269117025771,0.9949491024943663,0.13034028390952931,0.810730882974229,6.700110823640072,0.1456956677159246,45.98702850042086
