ROC_AUC_score,prediction_threshold,TN,FP,FN,TP,sensitivity,specificity,BA,Accuracy,precision,ROC_ACU_score_discretized,MCC,f1_score,cohen_kappa,PPV_score,NPV_score,FPR_score,FDR_score,PLR_score,NLR_score,DOR_score
0.9256212756132521,0.4876217567613558,15915,2489,0.14174454828660435,551,0.8582554517133957,0.8647576613779613,0.8615065565456785,0.8645384857712906,0.18125,0.8615065565456785,0.35628013015105703,0.2992938620315046,0.2579930071285925,0.18125,0.9943146320129951,0.1352423386220387,0.81875,6.346055979643765,0.16391245156560894,38.716131197047225
