ROC_AUC_score,prediction_threshold,TN,FP,FN,TP,sensitivity,specificity,BA,Accuracy,precision,ROC_ACU_score_discretized,MCC,f1_score,cohen_kappa,PPV_score,NPV_score,FPR_score,FDR_score,PLR_score,NLR_score,DOR_score
0.9215441646975554,0.4817759545410415,12663,2060,0.13840155945419103,442,0.8615984405458089,0.8600828635468315,0.8608406520463202,0.860133893410344,0.17665867306155075,0.8608406520463202,0.35137933594492665,0.293200663349917,0.25136501496167085,0.17665867306155075,0.9944243756871368,0.1399171364531685,0.8233413269384492,6.157919339881527,0.1609165410916888,38.26778339942567
