ROC_AUC_score,prediction_threshold,TN,FP,FN,TP,sensitivity,specificity,BA,Accuracy,precision,ROC_ACU_score_discretized,MCC,f1_score,cohen_kappa,PPV_score,NPV_score,FPR_score,FDR_score,PLR_score,NLR_score,DOR_score
0.9230565649753779,0.4817759545410415,15870,2534,0.14018691588785046,552,0.8598130841121495,0.8623125407520105,0.86106281243208,0.8622282894045994,0.17887232663642255,0.86106281243208,0.3536893462643681,0.296137339055794,0.2545359363628238,0.17887232663642255,0.9943609022556391,0.13768745924798956,0.8211276733635774,6.244672454617207,0.16257088846880907,38.41199684293608
