ROC_AUC_score,prediction_threshold,TN,FP,FN,TP,sensitivity,specificity,BA,Accuracy,precision,ROC_ACU_score_discretized,MCC,f1_score,cohen_kappa,PPV_score,NPV_score,FPR_score,FDR_score,PLR_score,NLR_score,DOR_score
0.9318114805983767,0.5360004329816553,13202,1521,0.15204678362573099,435,0.847953216374269,0.8966922502207431,0.8723227332975061,0.8950511945392492,0.2223926380368098,0.8723227332975061,0.40153455524523185,0.35236938031591736,0.3158720151073152,0.2223926380368098,0.9941265060240964,0.10330774977925694,0.7776073619631901,8.208031035291494,0.16956406569623067,48.406665655186366
