ROC_AUC_score,prediction_threshold,TN,FP,FN,TP,sensitivity,specificity,BA,Accuracy,precision,ROC_ACU_score_discretized,MCC,f1_score,cohen_kappa,PPV_score,NPV_score,FPR_score,FDR_score,PLR_score,NLR_score,DOR_score
0.9253157413294277,0.5360004329816553,16426,1978,0.1806853582554517,526,0.8193146417445483,0.8925233644859814,0.8559190031152648,0.8900556547306521,0.21006389776357828,0.8559190031152648,0.3801838180357924,0.33439287984742533,0.2966524512208928,0.21006389776357828,0.9929875468504413,0.10747663551401869,0.7899361022364217,7.623188405797104,0.2024432809773124,37.65592203898052
