ROC_AUC_score,prediction_threshold,TN,FP,FN,TP,sensitivity,specificity,BA,Accuracy,precision,ROC_ACU_score_discretized,MCC,f1_score,cohen_kappa,PPV_score,NPV_score,FPR_score,FDR_score,PLR_score,NLR_score,DOR_score
0.9286807621815145,0.4005598432015845,12229,2494,0.10526315789473684,459,0.8947368421052632,0.83060517557563,0.8626710088404466,0.8327645051194539,0.15543515069420927,0.8626710088404466,0.33099064959431246,0.2648586266589729,0.22011383377116223,0.15543515069420927,0.9956036798827648,0.16939482442437004,0.8445648493057907,5.281960916726459,0.12673067901579937,41.67862870890136
