ROC_AUC_score,prediction_threshold,TN,FP,FN,TP,sensitivity,specificity,BA,Accuracy,precision,ROC_ACU_score_discretized,MCC,f1_score,cohen_kappa,PPV_score,NPV_score,FPR_score,FDR_score,PLR_score,NLR_score,DOR_score
0.9166766536598775,0.4005598432015845,15185,3219,0.1308411214953271,558,0.8691588785046729,0.825092371223647,0.8471256248641599,0.8265777591095244,0.14773629864972201,0.84712562486416,0.3142400292766976,0.2525458248472505,0.20684296155994264,0.14773629864972201,0.9944986574104394,0.17490762877635296,0.852263701350278,4.96924510717614,0.15857754362858087,31.336373319131923
