{"performances": [0.9271876254721817, 0.9277514674109176, 0.9273869421587208, 0.9272389146068071, 0.9272289276135961, 0.9274284135712066, 0.9275320074668856, 0.9275713629909793, 0.9272365448118078, 0.927608010177931], "mean": 0.9274170216281032, "std": 0.00018403915479285645}