ROC_AUC_score,prediction_threshold,TN,FP,FN,TP,sensitivity,specificity,BA,Accuracy,precision,ROC_ACU_score_discretized,MCC,f1_score,cohen_kappa,PPV_score,NPV_score,FPR_score,FDR_score,PLR_score,NLR_score,DOR_score
0.9175513931802874,0.4874357812586969,12700,2023,0.14619883040935672,438,0.8538011695906432,0.8625959383277865,0.8581985539592148,0.862299816224731,0.17797643234457539,0.8581985539592147,0.351135226866743,0.2945527908540686,0.25292216926881184,0.17797643234457539,0.9941291585127201,0.13740406167221356,0.8220235676554246,6.213798625745448,0.169487037804485,36.66238260009885
