ROC_AUC_score,prediction_threshold,TN,FP,FN,TP,sensitivity,specificity,BA,Accuracy,precision,ROC_ACU_score_discretized,MCC,f1_score,cohen_kappa,PPV_score,NPV_score,FPR_score,FDR_score,PLR_score,NLR_score,DOR_score
0.9290166840338786,0.4874357812586969,15818,2586,0.14330218068535824,550,0.8566978193146417,0.8594870680286895,0.8580924436716656,0.8593930484091148,0.1753826530612245,0.8580924436716657,0.34851836017961846,0.29115934356802536,0.24914153219963087,0.1753826530612245,0.9942174732872407,0.1405129319713106,0.8246173469387755,6.096932199020368,0.16672988578412778,36.56772251925083
