ROC_AUC_score,prediction_threshold,TN,FP,FN,TP,sensitivity,specificity,BA,Accuracy,precision,ROC_ACU_score_discretized,MCC,f1_score,cohen_kappa,PPV_score,NPV_score,FPR_score,FDR_score,PLR_score,NLR_score,DOR_score
0.9384118601347641,0.45203269207397523,12711,2012,0.09746588693957114,463,0.9025341130604289,0.8633430686680703,0.8829385908642495,0.864662641113153,0.18707070707070708,0.8829385908642495,0.3745294847623861,0.3099062918340027,0.2691396032058758,0.18707070707070708,0.9960818117702375,0.13665693133192963,0.812929292929293,6.604378601684239,0.11289357669823823,58.50092445328029
