ROC_AUC_score,prediction_threshold,TN,FP,FN,TP,sensitivity,specificity,BA,Accuracy,precision,ROC_ACU_score_discretized,MCC,f1_score,cohen_kappa,PPV_score,NPV_score,FPR_score,FDR_score,PLR_score,NLR_score,DOR_score
0.9339445880991604,0.45203269207397523,15745,2659,0.1292834890965732,559,0.8707165109034268,0.855520539013258,0.8631185249583424,0.8560327627848368,0.17371037911746426,0.8631185249583425,0.3497808162475294,0.2896373056994819,0.24733524143206098,0.17371037911746426,0.9947561283800859,0.14447946098674203,0.8262896208825358,6.026576407170615,0.15111675664232027,39.88026570365706
