ROC_AUC_score,prediction_threshold,TN,FP,FN,TP,sensitivity,specificity,BA,Accuracy,precision,ROC_ACU_score_discretized,MCC,f1_score,cohen_kappa,PPV_score,NPV_score,FPR_score,FDR_score,PLR_score,NLR_score,DOR_score
0.927955874956093,0.5049677056642411,12924,1799,0.1364522417153996,443,0.8635477582846004,0.8778102288935679,0.8706789935890842,0.877330007876083,0.1975914362176628,0.8706789935890842,0.37748141482174313,0.32159709618874777,0.2822642876773842,0.1975914362176628,0.9946128982607357,0.12218977110643212,0.8024085637823372,7.06726717355429,0.15544617415473758,45.4644008576193
