ROC_AUC_score,prediction_threshold,TN,FP,FN,TP,sensitivity,specificity,BA,Accuracy,precision,ROC_ACU_score_discretized,MCC,f1_score,cohen_kappa,PPV_score,NPV_score,FPR_score,FDR_score,PLR_score,NLR_score,DOR_score
0.9280173922640413,0.5049677056642411,16081,2323,0.14953271028037382,546,0.8504672897196262,0.8737774396870246,0.8621223647033254,0.8729917042948651,0.1903102126176368,0.8621223647033254,0.3654220106027949,0.31102250071204784,0.27085499466580876,0.1903102126176368,0.994065648760586,0.12622256031297543,0.8096897873823632,6.7378390012914355,0.17113363596791245,39.371798321136474
