ROC_AUC_score,prediction_threshold,TN,FP,FN,TP,sensitivity,specificity,BA,Accuracy,precision,ROC_ACU_score_discretized,MCC,f1_score,cohen_kappa,PPV_score,NPV_score,FPR_score,FDR_score,PLR_score,NLR_score,DOR_score
0.9310863285739687,0.4594400018187124,12545,2178,0.10136452241715399,461,0.898635477582846,0.8520681926237859,0.8753518351033159,0.853636124967183,0.17468738158393332,0.8753518351033158,0.35782618480803197,0.29251269035532995,0.2502408296819212,0.17468738158393332,0.9958720330237358,0.1479318073762141,0.8253126184160667,6.074660301401394,0.11896292256259532,51.06347566574838
