ROC_AUC_score,prediction_threshold,TN,FP,FN,TP,sensitivity,specificity,BA,Accuracy,precision,ROC_ACU_score_discretized,MCC,f1_score,cohen_kappa,PPV_score,NPV_score,FPR_score,FDR_score,PLR_score,NLR_score,DOR_score
0.9282905957732337,0.4594400018187124,15576,2828,0.10903426791277258,572,0.8909657320872274,0.8463377526624647,0.8686517423748461,0.847842066575659,0.16823529411764707,0.868651742374846,0.34747918273383577,0.28302820385947547,0.2399259735131345,0.16823529411764707,0.9955260130384763,0.1536622473375353,0.831764705882353,5.7982083922677985,0.12883067967813733,45.00642554051323
