ROC_AUC_score,prediction_threshold,TN,FP,FN,TP,sensitivity,specificity,BA,Accuracy,precision,ROC_ACU_score_discretized,MCC,f1_score,cohen_kappa,PPV_score,NPV_score,FPR_score,FDR_score,PLR_score,NLR_score,DOR_score
0.9285756369838918,0.4912607137730601,12787,1936,0.1286549707602339,447,0.8713450292397661,0.8685050601100319,0.869925044674899,0.8686006825938567,0.18757868233319344,0.869925044674899,0.36739758246033427,0.3087016574585635,0.26814848270203984,0.18757868233319344,0.9948650120594413,0.13149493988996808,0.8124213176668066,6.626452926393118,0.14813381829224398,44.732884109691966
