ROC_AUC_score,prediction_threshold,TN,FP,FN,TP,sensitivity,specificity,BA,Accuracy,precision,ROC_ACU_score_discretized,MCC,f1_score,cohen_kappa,PPV_score,NPV_score,FPR_score,FDR_score,PLR_score,NLR_score,DOR_score
0.9336215342594492,0.4912607137730601,16034,2370,0.14018691588785046,552,0.8598130841121495,0.8712236470332536,0.8655183655727016,0.8708390213168119,0.188911704312115,0.8655183655727017,0.3660887006351447,0.30976430976430974,0.26938170751241386,0.188911704312115,0.994418258496651,0.12877635296674636,0.811088295687885,6.676793248945146,0.1609080703505052,41.49445850914204
