ROC_AUC_score,prediction_threshold,TN,FP,FN,TP,sensitivity,specificity,BA,Accuracy,precision,ROC_ACU_score_discretized,MCC,f1_score,cohen_kappa,PPV_score,NPV_score,FPR_score,FDR_score,PLR_score,NLR_score,DOR_score
0.9291536931713239,0.5189286520295314,12942,1781,0.13840155945419103,442,0.8615984405458089,0.8790328058140324,0.8703156231799207,0.8784457862956156,0.19883040935672514,0.8703156231799206,0.3784429531691535,0.32309941520467833,0.2839196792236336,0.19883040935672514,0.9945439176208407,0.12096719418596753,0.8011695906432749,7.1225793599977205,0.1574475475076538,45.23779171378633
