ROC_AUC_score,prediction_threshold,TN,FP,FN,TP,sensitivity,specificity,BA,Accuracy,precision,ROC_ACU_score_discretized,MCC,f1_score,cohen_kappa,PPV_score,NPV_score,FPR_score,FDR_score,PLR_score,NLR_score,DOR_score
0.9270064207902793,0.5189286520295314,16179,2225,0.14953271028037382,546,0.8504672897196262,0.8791023690502064,0.8647848293849163,0.8781371416570408,0.19704077950198484,0.8647848293849163,0.3734320847221232,0.31995312042191615,0.2805757650689057,0.19704077950198484,0.9941013824884792,0.12089763094979353,0.8029592204980152,7.034606741573032,0.1700970393720255,41.35643258426964
