ROC_AUC_score,prediction_threshold,TN,FP,FN,TP,sensitivity,specificity,BA,Accuracy,precision,ROC_ACU_score_discretized,MCC,f1_score,cohen_kappa,PPV_score,NPV_score,FPR_score,FDR_score,PLR_score,NLR_score,DOR_score
0.9356049908783368,0.4730318368393261,12511,2212,0.0935672514619883,465,0.9064327485380117,0.8497588806629084,0.87809581460046,0.8516671042268312,0.17370190511766903,0.87809581460046,0.35841566958570953,0.2915360501567398,0.24910194333865754,0.17370190511766903,0.9961780396528386,0.15024111933709164,0.826298094882331,6.033186870128909,0.11011035435016016,54.79218467450272
