ROC_AUC_score,prediction_threshold,TN,FP,FN,TP,sensitivity,specificity,BA,Accuracy,precision,ROC_ACU_score_discretized,MCC,f1_score,cohen_kappa,PPV_score,NPV_score,FPR_score,FDR_score,PLR_score,NLR_score,DOR_score
0.9263263742610472,0.4730318368393261,15680,2724,0.1292834890965732,559,0.8707165109034268,0.8519886981091067,0.8613526045062667,0.8526199726976793,0.17027109351203168,0.8613526045062668,0.34532652005708664,0.28484076433121025,0.24210395386300265,0.17027109351203168,0.9947345048531371,0.1480113018908933,0.8297289064879684,5.882770435633872,0.15174319727891153,38.76793517683068
