ROC_AUC_score,prediction_threshold,TN,FP,FN,TP,sensitivity,specificity,BA,Accuracy,precision,ROC_ACU_score_discretized,MCC,f1_score,cohen_kappa,PPV_score,NPV_score,FPR_score,FDR_score,PLR_score,NLR_score,DOR_score
0.9183794196109335,0.5201153958151764,12953,1770,0.1695906432748538,426,0.8304093567251462,0.8797799361543164,0.8550946464397313,0.8781176161722237,0.19398907103825136,0.8550946464397313,0.3647337865848608,0.31450719822812845,0.27492666299481916,0.19398907103825136,0.9933282208588957,0.12022006384568362,0.8060109289617486,6.907410711335778,0.19276484528183999,35.833352815117856
