ROC_AUC_score,prediction_threshold,TN,FP,FN,TP,sensitivity,specificity,BA,Accuracy,precision,ROC_ACU_score_discretized,MCC,f1_score,cohen_kappa,PPV_score,NPV_score,FPR_score,FDR_score,PLR_score,NLR_score,DOR_score
0.9325819559746256,0.5201153958151764,16079,2325,0.14485981308411214,549,0.8551401869158879,0.8736687676592045,0.8644044772875462,0.8730442087577444,0.19102296450939457,0.8644044772875462,0.36746169847758287,0.3122866894197952,0.27217938311688317,0.19102296450939457,0.9942493198120208,0.1263312323407955,0.8089770354906054,6.7690322580645175,0.1658063312395049,40.82493236212281
