ROC_AUC_score,prediction_threshold,TN,FP,FN,TP,sensitivity,specificity,BA,Accuracy,precision,ROC_ACU_score_discretized,MCC,f1_score,cohen_kappa,PPV_score,NPV_score,FPR_score,FDR_score,PLR_score,NLR_score,DOR_score
0.9140695513073853,0.5245105139317748,12916,1807,0.1793372319688109,421,0.8206627680311891,0.8772668613733614,0.8489648147022753,0.8753609871357312,0.18895870736086176,0.8489648147022753,0.3562916276529647,0.3071871579715432,0.26706854513031564,0.18895870736086176,0.9929274292742928,0.1227331386266386,0.8110412926391383,6.686562221208189,0.2044272271815425,32.70876542912828
