ROC_AUC_score,prediction_threshold,TN,FP,FN,TP,sensitivity,specificity,BA,Accuracy,precision,ROC_ACU_score_discretized,MCC,f1_score,cohen_kappa,PPV_score,NPV_score,FPR_score,FDR_score,PLR_score,NLR_score,DOR_score
0.9194055572369816,0.5245105139317748,16150,2254,0.16043613707165108,539,0.839563862928349,0.8775266246468159,0.8585452437875825,0.8762469809933844,0.19298245614035087,0.8585452437875822,0.36584350760991163,0.31382823871906834,0.27403385278778514,0.19298245614035087,0.9936627084230604,0.12247337535318409,0.8070175438596491,6.8550724637681135,0.18282765737874093,37.49472351203039
