ROC_AUC_score,prediction_threshold,TN,FP,FN,TP,sensitivity,specificity,BA,Accuracy,precision,ROC_ACU_score_discretized,MCC,f1_score,cohen_kappa,PPV_score,NPV_score,FPR_score,FDR_score,PLR_score,NLR_score,DOR_score
0.9359910678005888,0.5511932966473652,13138,1585,0.14230019493177387,440,0.8576998050682261,0.8923453100590912,0.8750225575636587,0.891178787083224,0.21728395061728395,0.8750225575636587,0.3985326119054454,0.3467297084318361,0.30963711118577353,0.21728395061728395,0.9944743017182651,0.10765468994090878,0.782716049382716,7.967138315469713,0.15946763358049226,49.96084871008167
