ROC_AUC_score,prediction_threshold,TN,FP,FN,TP,sensitivity,specificity,BA,Accuracy,precision,ROC_ACU_score_discretized,MCC,f1_score,cohen_kappa,PPV_score,NPV_score,FPR_score,FDR_score,PLR_score,NLR_score,DOR_score
0.9333238710804438,0.5511932966473652,16362,2042,0.17133956386292834,532,0.8286604361370716,0.88904585959574,0.8588531478664059,0.8870103958836502,0.2066822066822067,0.8588531478664058,0.3788723782568569,0.3308457711442786,0.29268040475662893,0.2066822066822067,0.9933220009713453,0.11095414040425994,0.7933177933177933,7.468494939601694,0.19272297600130386,38.75248864749352
