ROC_AUC_score,prediction_threshold,TN,FP,FN,TP,sensitivity,specificity,BA,Accuracy,precision,ROC_ACU_score_discretized,MCC,f1_score,cohen_kappa,PPV_score,NPV_score,FPR_score,FDR_score,PLR_score,NLR_score,DOR_score
0.9133188461807844,0.4342451718100888,12403,2320,0.1442495126705653,439,0.8557504873294347,0.8424234191401209,0.8490869532347778,0.8428721449199265,0.15911562160202972,0.8490869532347778,0.32703144573583576,0.26833740831295844,0.22429066321167657,0.15911562160202972,0.9940690871203014,0.1575765808598791,0.8408843783979703,5.430695872823821,0.17123160324508047,31.71549976700838
