ROC_AUC_score,prediction_threshold,TN,FP,FN,TP,sensitivity,specificity,BA,Accuracy,precision,ROC_ACU_score_discretized,MCC,f1_score,cohen_kappa,PPV_score,NPV_score,FPR_score,FDR_score,PLR_score,NLR_score,DOR_score
0.925787838347481,0.4342451718100888,15577,2827,0.12461059190031153,562,0.8753894080996885,0.8463920886763747,0.8608907483880316,0.8473695264097448,0.16583062850398347,0.8608907483880316,0.3405958175734318,0.27883899776730336,0.23550860604269785,0.16583062850398347,0.9948904643290541,0.1536079113236253,0.8341693714960166,5.698856266949653,0.1472256104085083,38.70832154227096
