ROC_AUC_score,prediction_threshold,TN,FP,FN,TP,sensitivity,specificity,BA,Accuracy,precision,ROC_ACU_score_discretized,MCC,f1_score,cohen_kappa,PPV_score,NPV_score,FPR_score,FDR_score,PLR_score,NLR_score,DOR_score
0.9279312486503526,0.49434568768649156,12766,1957,0.12280701754385964,450,0.8771929824561403,0.86707872036949,0.8721358514128151,0.8674192701496456,0.18695471541337766,0.872135851412815,0.3680898977274688,0.3082191780821918,0.2675616757138072,0.18695471541337766,0.9950892509158937,0.1329212796305101,0.8130452845866224,6.599341993204782,0.14163306590147628,46.594641944667494
