ROC_AUC_score,prediction_threshold,TN,FP,FN,TP,sensitivity,specificity,BA,Accuracy,precision,ROC_ACU_score_discretized,MCC,f1_score,cohen_kappa,PPV_score,NPV_score,FPR_score,FDR_score,PLR_score,NLR_score,DOR_score
0.9281370669115003,0.49434568768649156,16025,2379,0.14174454828660435,551,0.8582554517133957,0.8707346229080635,0.8644950373107296,0.8703139766880185,0.18805460750853242,0.8644950373107296,0.36465552840847887,0.30851063829787234,0.26803361657920666,0.18805460750853242,0.9943534375775627,0.12926537709193653,0.8119453924914676,6.639484377189296,0.16278731149245965,40.78625241929153
