ROC_AUC_score,prediction_threshold,TN,FP,FN,TP,sensitivity,specificity,BA,Accuracy,precision,ROC_ACU_score_discretized,MCC,f1_score,cohen_kappa,PPV_score,NPV_score,FPR_score,FDR_score,PLR_score,NLR_score,DOR_score
0.9253470753415344,0.4953347186126941,12782,1941,0.13840155945419103,442,0.8615984405458089,0.8681654554099029,0.8648819479778559,0.8679443423470727,0.18548048678136803,0.8648819479778559,0.3623889420309315,0.30524861878453036,0.2644928807175345,0.18548048678136803,0.9944759978215203,0.13183454459009714,0.814519513218632,6.535452776999456,0.15941841338163473,40.995595416911556
