ROC_AUC_score,prediction_threshold,TN,FP,FN,TP,sensitivity,specificity,BA,Accuracy,precision,ROC_ACU_score_discretized,MCC,f1_score,cohen_kappa,PPV_score,NPV_score,FPR_score,FDR_score,PLR_score,NLR_score,DOR_score
0.9294297054480233,0.4953347186126941,16028,2376,0.1526479750778816,544,0.8473520249221184,0.8708976309497936,0.859124827935956,0.8701039588365012,0.1863013698630137,0.859124827935956,0.35978603263781866,0.3054463784390792,0.2648164595423008,0.1863013698630137,0.9939228574972094,0.12910236905020647,0.8136986301369863,6.563411896745231,0.17527659928458533,37.446024874596304
