ROC_AUC_score,prediction_threshold,TN,FP,FN,TP,sensitivity,specificity,BA,Accuracy,precision,ROC_ACU_score_discretized,MCC,f1_score,cohen_kappa,PPV_score,NPV_score,FPR_score,FDR_score,PLR_score,NLR_score,DOR_score
0.921359732203489,0.45089747796507174,12539,2184,0.1442495126705653,439,0.8557504873294347,0.8516606669836311,0.853705577156533,0.8517983722761879,0.16736561189477697,0.853705577156533,0.3380028785038518,0.2799744897959184,0.23699869533293982,0.16736561189477697,0.9941330373424245,0.14833933301636895,0.8326343881052231,5.768871073695636,0.16937439788250522,34.05987649737651
