ROC_AUC_score,prediction_threshold,TN,FP,FN,TP,sensitivity,specificity,BA,Accuracy,precision,ROC_ACU_score_discretized,MCC,f1_score,cohen_kappa,PPV_score,NPV_score,FPR_score,FDR_score,PLR_score,NLR_score,DOR_score
0.9272004900736059,0.45089747796507174,15694,2710,0.1277258566978193,560,0.8722741433021807,0.852749402303847,0.8625117728030138,0.8534075396408695,0.1712538226299694,0.8625117728030139,0.3469791765282313,0.28629856850715746,0.24367824488354817,0.1712538226299694,0.9948022312373225,0.147250597696153,0.8287461773700305,5.923739237392374,0.14978123274287414,39.54927549275492
