ROC_AUC_score,prediction_threshold,TN,FP,FN,TP,sensitivity,specificity,BA,Accuracy,precision,ROC_ACU_score_discretized,MCC,f1_score,cohen_kappa,PPV_score,NPV_score,FPR_score,FDR_score,PLR_score,NLR_score,DOR_score
0.9264224240255299,0.4648102594693381,12716,2007,0.14035087719298245,441,0.8596491228070176,0.8636826733681994,0.8616658980876084,0.8635468626936204,0.1801470588235294,0.8616658980876085,0.3552935916345855,0.2978723404255319,0.2564777719658642,0.1801470588235294,0.9943697216140132,0.13631732663180057,0.8198529411764706,6.306235194363585,0.16250282831961943,38.806925759840546
