ROC_AUC_score,prediction_threshold,TN,FP,FN,TP,sensitivity,specificity,BA,Accuracy,precision,ROC_ACU_score_discretized,MCC,f1_score,cohen_kappa,PPV_score,NPV_score,FPR_score,FDR_score,PLR_score,NLR_score,DOR_score
0.9349407483541773,0.4648102594693381,15924,2480,0.11526479750778816,568,0.8847352024922118,0.8652466855031515,0.8749909439976817,0.8659036018061536,0.18635170603674542,0.8749909439976817,0.3691765220800654,0.30785907859078593,0.26704329263967086,0.18635170603674542,0.9953744218027254,0.13475331449684852,0.8136482939632546,6.565591397849465,0.1332161098551453,49.28526591107238
