ROC_AUC_score,prediction_threshold,TN,FP,FN,TP,sensitivity,specificity,BA,Accuracy,precision,ROC_ACU_score_discretized,MCC,f1_score,cohen_kappa,PPV_score,NPV_score,FPR_score,FDR_score,PLR_score,NLR_score,DOR_score
0.930684098913543,0.519896792170762,12922,1801,0.1267056530214425,448,0.8732943469785575,0.8776743870135163,0.8754843669960368,0.8775269099501182,0.19919964428634948,0.8754843669960369,0.38188231486828333,0.3244026068066618,0.28520842498576593,0.19919964428634948,0.994994994994995,0.12232561298648373,0.8008003557136505,7.139096430075128,0.1443652166409765,49.45163797890061
