ROC_AUC_score,prediction_threshold,TN,FP,FN,TP,sensitivity,specificity,BA,Accuracy,precision,ROC_ACU_score_discretized,MCC,f1_score,cohen_kappa,PPV_score,NPV_score,FPR_score,FDR_score,PLR_score,NLR_score,DOR_score
0.9230867798616175,0.519896792170762,16147,2257,0.1542056074766355,543,0.8457943925233645,0.8773636166050859,0.8615790045642252,0.8762994854562638,0.19392857142857142,0.8615790045642253,0.3685569342426718,0.31551423590935507,0.27579799542719774,0.19392857142857142,0.9939061922934876,0.12263638339491414,0.8060714285714285,6.8967656180770955,0.175760203133709,39.2396315838939
