ROC_AUC_score,prediction_threshold,TN,FP,FN,TP,sensitivity,specificity,BA,Accuracy,precision,ROC_ACU_score_discretized,MCC,f1_score,cohen_kappa,PPV_score,NPV_score,FPR_score,FDR_score,PLR_score,NLR_score,DOR_score
0.9203721643835037,0.476498320909612,12592,2131,0.14619883040935672,438,0.8538011695906432,0.855260476804999,0.854530823197821,0.8552113415594644,0.17049435578045932,0.854530823197821,0.34160317294280096,0.28423101881894874,0.24166438372947097,0.17049435578045932,0.9940791031814952,0.14473952319500102,0.8295056442195406,5.898880628757878,0.1709407068072554,34.50834350070387
