ROC_AUC_score,prediction_threshold,TN,FP,FN,TP,sensitivity,specificity,BA,Accuracy,precision,ROC_ACU_score_discretized,MCC,f1_score,cohen_kappa,PPV_score,NPV_score,FPR_score,FDR_score,PLR_score,NLR_score,DOR_score
0.9254505657377747,0.476498320909612,15807,2597,0.14330218068535824,550,0.8566978193146417,0.8588893718756792,0.8577935955951604,0.8588154993174419,0.17476962186209088,0.8577935955951603,0.3477386056878587,0.2903140670361573,0.2482196651996771,0.17476962186209088,0.9942134725454431,0.1411106281243208,0.8252303781379091,6.07110768835836,0.16684591214862615,36.387512347022465
