ROC_AUC_score,prediction_threshold,TN,FP,FN,TP,sensitivity,specificity,BA,Accuracy,precision,ROC_ACU_score_discretized,MCC,f1_score,cohen_kappa,PPV_score,NPV_score,FPR_score,FDR_score,PLR_score,NLR_score,DOR_score
0.9385429356330593,0.5244938028106014,12993,1730,0.1286549707602339,447,0.8713450292397661,0.8824967737553487,0.8769209014975574,0.8821212916776057,0.20532843362425357,0.8769209014975573,0.38855533823914945,0.3323420074349443,0.29385853427444053,0.20532843362425357,0.9949460142430507,0.11750322624465123,0.7946715663757464,7.415498766183279,0.14578520237842868,50.865922228060946
