ROC_AUC_score,prediction_threshold,TN,FP,FN,TP,sensitivity,specificity,BA,Accuracy,precision,ROC_ACU_score_discretized,MCC,f1_score,cohen_kappa,PPV_score,NPV_score,FPR_score,FDR_score,PLR_score,NLR_score,DOR_score
0.9319341555844897,0.5244938028106014,16148,2256,0.1588785046728972,540,0.8411214953271028,0.8774179526189959,0.8592697239730493,0.8761944765305051,0.19313304721030042,0.8592697239730493,0.3664198360898938,0.31413612565445026,0.2743511545403623,0.19313304721030042,0.9937230769230769,0.12258204738100413,0.8068669527896996,6.861702127659576,0.18107505573445629,37.89424280350439
