ROC_AUC_score,prediction_threshold,TN,FP,FN,TP,sensitivity,specificity,BA,Accuracy,precision,ROC_ACU_score_discretized,MCC,f1_score,cohen_kappa,PPV_score,NPV_score,FPR_score,FDR_score,PLR_score,NLR_score,DOR_score
0.9275336529721897,0.4199360958470468,12372,2351,0.10721247563352826,458,0.8927875243664717,0.8403178699993208,0.8665526971828963,0.8420845366237858,0.16304734781060876,0.8665526971828963,0.3410077388361172,0.27573750752558696,0.2320068663430903,0.16304734781060876,0.9955741530538343,0.1596821300006792,0.8369526521893912,5.591029655996411,0.12758561903915594,43.821785700475594
