ROC_AUC_score,prediction_threshold,TN,FP,FN,TP,sensitivity,specificity,BA,Accuracy,precision,ROC_ACU_score_discretized,MCC,f1_score,cohen_kappa,PPV_score,NPV_score,FPR_score,FDR_score,PLR_score,NLR_score,DOR_score
0.9217959186713439,0.4199360958470468,15489,2915,0.13707165109034267,554,0.8629283489096573,0.8416105194522929,0.8522694341809751,0.8423290979733278,0.15970020178725858,0.8522694341809751,0.32944621623858544,0.2695207978594016,0.22545897149812355,0.15970020178725858,0.9943506451819991,0.15838948054770702,0.8402997982127415,5.448141795311605,0.16286827210708676,33.45121627943239
