ROC_AUC_score,prediction_threshold,TN,FP,FN,TP,sensitivity,specificity,BA,Accuracy,precision,ROC_ACU_score_discretized,MCC,f1_score,cohen_kappa,PPV_score,NPV_score,FPR_score,FDR_score,PLR_score,NLR_score,DOR_score
0.9364873011012063,0.5447754859971227,13053,1670,0.14814814814814814,437,0.8518518518518519,0.8865720301568973,0.8692119410043746,0.8854029929115254,0.20740389178927385,0.8692119410043746,0.3858464250493174,0.333587786259542,0.29543180044738204,0.20740389178927385,0.9942112879884226,0.11342796984310263,0.7925961082107261,7.510068751386115,0.16710221291543592,44.94296407185628
