ROC_AUC_score,prediction_threshold,TN,FP,FN,TP,sensitivity,specificity,BA,Accuracy,precision,ROC_ACU_score_discretized,MCC,f1_score,cohen_kappa,PPV_score,NPV_score,FPR_score,FDR_score,PLR_score,NLR_score,DOR_score
0.9293815478282184,0.5447754859971227,16359,2045,0.1573208722741433,541,0.8426791277258567,0.88888285155401,0.8657809896399333,0.8873254226609262,0.20920340293890177,0.8657809896399333,0.3854300549005529,0.3351920693928129,0.2972374308253857,0.20920340293890177,0.9938639125151884,0.11111714844599001,0.7907965970610982,7.583700081499595,0.1769871834056686,42.84886586458159
