ROC_AUC_score,prediction_threshold,TN,FP,FN,TP,sensitivity,specificity,BA,Accuracy,precision,ROC_ACU_score_discretized,MCC,f1_score,cohen_kappa,PPV_score,NPV_score,FPR_score,FDR_score,PLR_score,NLR_score,DOR_score
0.9131325600938128,0.5266545522855473,13063,1660,0.19103313840155944,415,0.8089668615984406,0.8872512395571555,0.848109050577798,0.8846153846153846,0.2,0.848109050577798,0.3661412449957299,0.3207109737248841,0.28194148606912406,0.2,0.9925537573132741,0.11274876044284453,0.8,7.17495126705653,0.21530895634128147,33.32397959183673
