ROC_AUC_score,prediction_threshold,TN,FP,FN,TP,sensitivity,specificity,BA,Accuracy,precision,ROC_ACU_score_discretized,MCC,f1_score,cohen_kappa,PPV_score,NPV_score,FPR_score,FDR_score,PLR_score,NLR_score,DOR_score
0.9296140416447459,0.5266545522855473,16265,2139,0.1526479750778816,544,0.8473520249221184,0.8837752662464682,0.8655636455842932,0.8825475165389058,0.2027581065970928,0.8655636455842933,0.3792929933986258,0.32721804511278196,0.2885139747058004,0.2027581065970928,0.9940108782008189,0.11622473375353184,0.7972418934029072,7.2906342527660914,0.17272261502203096,42.21007337016153
