ROC_AUC_score,prediction_threshold,TN,FP,FN,TP,sensitivity,specificity,BA,Accuracy,precision,ROC_ACU_score_discretized,MCC,f1_score,cohen_kappa,PPV_score,NPV_score,FPR_score,FDR_score,PLR_score,NLR_score,DOR_score
0.9238938585038672,0.46573288623224096,12767,1956,0.14814814814814814,437,0.8518518518518519,0.8671466413095157,0.8594992465806838,0.8666316618535048,0.18261596322607607,0.8594992465806838,0.35643490593476146,0.30075705437026845,0.2597056598760258,0.18261596322607607,0.9940823795063458,0.13285335869048429,0.8173840367739239,6.411970764220251,0.17084555378594699,37.53080265848669
