ROC_AUC_score,prediction_threshold,TN,FP,FN,TP,sensitivity,specificity,BA,Accuracy,precision,ROC_ACU_score_discretized,MCC,f1_score,cohen_kappa,PPV_score,NPV_score,FPR_score,FDR_score,PLR_score,NLR_score,DOR_score
0.9257996873224772,0.46573288623224096,15969,2435,0.14797507788161993,547,0.8520249221183801,0.8676918061291023,0.8598583641237412,0.8671637089152578,0.18343393695506371,0.8598583641237412,0.35744115606976967,0.30187637969094927,0.2608749885111803,0.18343393695506371,0.9940861553784861,0.13230819387089762,0.8165660630449363,6.439698836413415,0.17053875216565426,37.76091213660435
