ROC_AUC_score,prediction_threshold,TN,FP,FN,TP,sensitivity,specificity,BA,Accuracy,precision,ROC_ACU_score_discretized,MCC,f1_score,cohen_kappa,PPV_score,NPV_score,FPR_score,FDR_score,PLR_score,NLR_score,DOR_score
0.9296181505935669,0.45895661599168736,12467,2256,0.1189083820662768,452,0.8810916179337231,0.8467703593017727,0.863930988617748,0.8479259648201628,0.16691285081240767,0.863930988617748,0.3434319289055034,0.28065818068922693,0.23748830047415004,0.16691285081240767,0.9951309067688378,0.15322964069822725,0.8330871491875923,5.750138249485019,0.14042577277306442,40.947883966980555
