ROC_AUC_score,prediction_threshold,TN,FP,FN,TP,sensitivity,specificity,BA,Accuracy,precision,ROC_ACU_score_discretized,MCC,f1_score,cohen_kappa,PPV_score,NPV_score,FPR_score,FDR_score,PLR_score,NLR_score,DOR_score
0.9199303821937668,0.45895661599168736,15471,2933,0.1277258566978193,560,0.8722741433021807,0.8406324712019126,0.8564533072520466,0.8416990444187756,0.16032064128256512,0.8564533072520467,0.3324680312786461,0.27085852478839173,0.22682729349933872,0.16032064128256512,0.9947277052658651,0.15936752879808738,0.8396793587174348,5.4733492442323,0.1519401891711374,36.02305139996508
