ROC_AUC_score,prediction_threshold,TN,FP,FN,TP,sensitivity,specificity,BA,Accuracy,precision,ROC_ACU_score_discretized,MCC,f1_score,cohen_kappa,PPV_score,NPV_score,FPR_score,FDR_score,PLR_score,NLR_score,DOR_score
0.9330555062367444,0.4934934662148697,12878,1845,0.12280701754385964,450,0.8771929824561403,0.8746858656523806,0.8759394240542604,0.8747702809136256,0.19607843137254902,0.8759394240542605,0.3791660484113137,0.3205128205128205,0.2809370966442133,0.19607843137254902,0.9951317517966154,0.12531413434761937,0.803921568627451,6.999952455664905,0.140401282753397,49.856755710414205
