ROC_AUC_score,prediction_threshold,TN,FP,FN,TP,sensitivity,specificity,BA,Accuracy,precision,ROC_ACU_score_discretized,MCC,f1_score,cohen_kappa,PPV_score,NPV_score,FPR_score,FDR_score,PLR_score,NLR_score,DOR_score
0.9185263632922817,0.4934934662148697,16115,2289,0.16199376947040497,538,0.838006230529595,0.8756248641599652,0.85681554734478,0.8743568203297281,0.1903077467279802,0.85681554734478,0.36226172455751304,0.3101758431824734,0.27007426853885985,0.1903077467279802,0.9935877674332573,0.12437513584003478,0.8096922532720198,6.73773117809815,0.18500361981590652,36.41945592633665
