{"performances": [0.930827884497546, 0.9311854696358166, 0.9310387962524738, 0.9312712900690018, 0.9309711724594613, 0.9310150983024821, 0.9309677870380338, 0.9309236919239419, 0.9313103916864884, 0.9312435296132969], "mean": 0.9310755111478543, "std": 0.00015674058282799715}