ROC_AUC_score,prediction_threshold,TN,FP,FN,TP,sensitivity,specificity,BA,Accuracy,precision,ROC_ACU_score_discretized,MCC,f1_score,cohen_kappa,PPV_score,NPV_score,FPR_score,FDR_score,PLR_score,NLR_score,DOR_score
0.9312837362183711,0.49500008696630415,12827,1896,0.13840155945419103,442,0.8615984405458089,0.8712218977110643,0.8664101691284366,0.8708978734576004,0.18905047048759624,0.8664101691284366,0.3667506674269668,0.3100666432830586,0.2697391031097993,0.18905047048759624,0.9944952705845868,0.1287781022889357,0.8109495295124037,6.690566371390265,0.1588591377441378,42.11634575384795
