ROC_AUC_score,prediction_threshold,TN,FP,FN,TP,sensitivity,specificity,BA,Accuracy,precision,ROC_ACU_score_discretized,MCC,f1_score,cohen_kappa,PPV_score,NPV_score,FPR_score,FDR_score,PLR_score,NLR_score,DOR_score
0.9276781730370142,0.49500008696630415,16065,2339,0.1292834890965732,559,0.8707165109034268,0.8729080634644643,0.8718122871839455,0.872834190906227,0.19289164941338854,0.8718122871839455,0.37365327984417535,0.315819209039548,0.27585396006342555,0.19289164941338854,0.994860044587565,0.12709193653553574,0.8071083505866115,6.851075958386776,0.14810665006743434,46.2577200636664
