ROC_AUC_score,prediction_threshold,TN,FP,FN,TP,sensitivity,specificity,BA,Accuracy,precision,ROC_ACU_score_discretized,MCC,f1_score,cohen_kappa,PPV_score,NPV_score,FPR_score,FDR_score,PLR_score,NLR_score,DOR_score
0.9347439969738772,0.533371140535466,13078,1645,0.13450292397660818,444,0.8654970760233918,0.8882700536575426,0.8768835648404671,0.8875032817012339,0.2125418860698899,0.8768835648404671,0.3952860445027594,0.3412759415833974,0.30362730268012184,0.2125418860698899,0.9947516543698182,0.11172994634245738,0.7874581139301101,7.746330364919391,0.15142120734879974,51.15749966961806
