ROC_AUC_score,prediction_threshold,TN,FP,FN,TP,sensitivity,specificity,BA,Accuracy,precision,ROC_ACU_score_discretized,MCC,f1_score,cohen_kappa,PPV_score,NPV_score,FPR_score,FDR_score,PLR_score,NLR_score,DOR_score
0.9214701564944909,0.533371140535466,16338,2066,0.17757009345794392,528,0.822429906542056,0.8877417952618996,0.8550858509019779,0.8855402709230284,0.2035466461063994,0.8550858509019779,0.3736738038766379,0.3263288009888752,0.2878431948318896,0.2035466461063994,0.9930707512764405,0.11225820473810041,0.7964533538936006,7.326234269119069,0.20002448280083243,36.626687726091596
