ROC_AUC_score,prediction_threshold,TN,FP,FN,TP,sensitivity,specificity,BA,Accuracy,precision,ROC_ACU_score_discretized,MCC,f1_score,cohen_kappa,PPV_score,NPV_score,FPR_score,FDR_score,PLR_score,NLR_score,DOR_score
0.9275864803699877,0.5229585308397023,12897,1826,0.15789473684210525,432,0.8421052631578947,0.875976363512871,0.8590408133353828,0.874835914938304,0.1913197519929141,0.8590408133353828,0.3645564610052347,0.3118007939372068,0.27184423293645,0.1913197519929141,0.9937586685159501,0.12402363648712898,0.8086802480070859,6.789877212198073,0.18024999693931276,37.66922234392111
