ROC_AUC_score,prediction_threshold,TN,FP,FN,TP,sensitivity,specificity,BA,Accuracy,precision,ROC_ACU_score_discretized,MCC,f1_score,cohen_kappa,PPV_score,NPV_score,FPR_score,FDR_score,PLR_score,NLR_score,DOR_score
0.9320342794232054,0.5229585308397023,16214,2190,0.13707165109034267,554,0.8629283489096573,0.8810041295370572,0.8719662392233573,0.8803948335608527,0.2018950437317784,0.8719662392233574,0.38233552074888694,0.32722976963969286,0.28834988943100837,0.2018950437317784,0.9946018893387314,0.11899587046294284,0.7981049562682215,7.251750380517506,0.1555857078245138,46.609360730593615
