ROC_AUC_score,prediction_threshold,TN,FP,FN,TP,sensitivity,specificity,BA,Accuracy,precision,ROC_ACU_score_discretized,MCC,f1_score,cohen_kappa,PPV_score,NPV_score,FPR_score,FDR_score,PLR_score,NLR_score,DOR_score
0.9355548114704036,0.4942019143494974,12770,1953,0.11695906432748537,453,0.8830409356725146,0.8673504041295932,0.8751956699010539,0.8678787083223943,0.1882793017456359,0.8751956699010539,0.37117909808779687,0.31038026721479955,0.2698529100879774,0.1882793017456359,0.995323460639127,0.13264959587040684,0.8117206982543641,6.65694403272219,0.1348463824662151,49.36687147977473
