ROC_AUC_score,prediction_threshold,TN,FP,FN,TP,sensitivity,specificity,BA,Accuracy,precision,ROC_ACU_score_discretized,MCC,f1_score,cohen_kappa,PPV_score,NPV_score,FPR_score,FDR_score,PLR_score,NLR_score,DOR_score
0.9302193549959681,0.4942019143494974,16009,2395,0.14797507788161993,547,0.8520249221183801,0.8698652466855031,0.8609450844019416,0.8692638874304316,0.18592794017675052,0.8609450844019415,0.3605010537676243,0.30524553571428575,0.2645458045160691,0.18592794017675052,0.9941008445106806,0.13013475331449684,0.8140720598232495,6.547251217814892,0.17011264497053735,38.48773980881223
