ROC_AUC_score,prediction_threshold,TN,FP,FN,TP,sensitivity,specificity,BA,Accuracy,precision,ROC_ACU_score_discretized,MCC,f1_score,cohen_kappa,PPV_score,NPV_score,FPR_score,FDR_score,PLR_score,NLR_score,DOR_score
0.932973948148916,0.44388294608321494,12438,2285,0.12085769980506822,451,0.8791423001949318,0.8448006520410243,0.861971476117978,0.8459569440798109,0.1648391812865497,0.8619714761179781,0.34021082654973284,0.27762388427208373,0.23419687592328597,0.1648391812865497,0.99504,0.15519934795897575,0.8351608187134503,5.664600475172859,0.14306061378276405,39.59580715747866
