ROC_AUC_score,prediction_threshold,TN,FP,FN,TP,sensitivity,specificity,BA,Accuracy,precision,ROC_ACU_score_discretized,MCC,f1_score,cohen_kappa,PPV_score,NPV_score,FPR_score,FDR_score,PLR_score,NLR_score,DOR_score
0.9342662031347649,0.44388294608321494,15558,2846,0.10903426791277258,572,0.8909657320872274,0.8453597044120843,0.8681627182496559,0.8468969862438307,0.1673493270918666,0.8681627182496557,0.3463025578874259,0.2817733990147783,0.2385574124495352,0.1673493270918666,0.9955208599948809,0.15464029558791567,0.8326506729081334,5.761536659639258,0.1289797317564383,44.67009336412005
