ROC_AUC_score,prediction_threshold,TN,FP,FN,TP,sensitivity,specificity,BA,Accuracy,precision,ROC_ACU_score_discretized,MCC,f1_score,cohen_kappa,PPV_score,NPV_score,FPR_score,FDR_score,PLR_score,NLR_score,DOR_score
0.9300987607539832,0.4701546108085414,12771,1952,0.1189083820662768,452,0.8810916179337231,0.8674183250696189,0.874254971501671,0.8678787083223943,0.18801996672212978,0.8742549715016711,0.3703735849556509,0.30990743914981145,0.2693585720987357,0.18801996672212978,0.9952462593516209,0.13258167493038103,0.8119800332778702,6.645651583421209,0.13708308739815162,48.479004299919325
