ROC_AUC_score,prediction_threshold,TN,FP,FN,TP,sensitivity,specificity,BA,Accuracy,precision,ROC_ACU_score_discretized,MCC,f1_score,cohen_kappa,PPV_score,NPV_score,FPR_score,FDR_score,PLR_score,NLR_score,DOR_score
0.9262592582812488,0.4701546108085414,15834,2570,0.14018691588785046,552,0.8598130841121495,0.8603564442512497,0.8600847641816995,0.860338128740943,0.17680973734785393,0.8600847641816997,0.3510878774514573,0.29330499468650373,0.2514481572357272,0.17680973734785393,0.9943481537302186,0.13964355574875026,0.823190262652146,6.157198443579764,0.162940507768094,37.78801556420232
