ROC_AUC_score,prediction_threshold,TN,FP,FN,TP,sensitivity,specificity,BA,Accuracy,precision,ROC_ACU_score_discretized,MCC,f1_score,cohen_kappa,PPV_score,NPV_score,FPR_score,FDR_score,PLR_score,NLR_score,DOR_score
0.9274853271571618,0.4973647216379922,12817,1906,0.1364522417153996,443,0.8635477582846004,0.8705426883108062,0.8670452232977033,0.8703071672354948,0.18859088974031502,0.8670452232977034,0.3666814906372825,0.3095737246680643,0.2691813480538269,0.18859088974031502,0.9945681694731124,0.12945731168919378,0.811409110259685,6.6705213248815145,0.15674388349659268,42.55682056663167
