ROC_AUC_score,prediction_threshold,TN,FP,FN,TP,sensitivity,specificity,BA,Accuracy,precision,ROC_ACU_score_discretized,MCC,f1_score,cohen_kappa,PPV_score,NPV_score,FPR_score,FDR_score,PLR_score,NLR_score,DOR_score
0.9318568833404088,0.4973647216379922,16026,2378,0.1542056074766355,543,0.8457943925233645,0.8707889589219735,0.8582916757226691,0.869946445447863,0.1858952413557001,0.8582916757226691,0.358901026168936,0.30479932641032836,0.2641289000303757,0.1858952413557001,0.9938604651162791,0.12921104107802653,0.8141047586442999,6.545836837678722,0.17708723324597525,36.963911614037784
