{"performances": [0.9309385031426867, 0.9319696178739418, 0.9308449808757544, 0.9310039264117717, 0.9313797928257503, 0.9296937683193618, 0.932048921370879, 0.9304807941657003, 0.9323430298573857, 0.9313051442832757], "mean": 0.9312008479126508, "std": 0.0007537721775479537}