ROC_AUC_score,prediction_threshold,TN,FP,FN,TP,sensitivity,specificity,BA,Accuracy,precision,ROC_ACU_score_discretized,MCC,f1_score,cohen_kappa,PPV_score,NPV_score,FPR_score,FDR_score,PLR_score,NLR_score,DOR_score
0.9270672095575486,0.4533680027673585,12663,2060,0.1286549707602339,447,0.8713450292397661,0.8600828635468315,0.8657139463932988,0.8604620635337359,0.17830075787794175,0.8657139463932988,0.3558394107396065,0.29602649006622517,0.2543431207044443,0.17830075787794175,0.9948149893942965,0.1399171364531685,0.8216992421220582,6.227579060920911,0.1495843903105839,41.63254633715799
