ROC_AUC_score,prediction_threshold,TN,FP,FN,TP,sensitivity,specificity,BA,Accuracy,precision,ROC_ACU_score_discretized,MCC,f1_score,cohen_kappa,PPV_score,NPV_score,FPR_score,FDR_score,PLR_score,NLR_score,DOR_score
0.9309374875162584,0.4533680027673585,15803,2601,0.13551401869158877,555,0.8644859813084113,0.8586720278200392,0.8615790045642252,0.8588680037803214,0.1758555133079848,0.8615790045642252,0.35101557002504014,0.2922590837282781,0.2502585509862545,0.1758555133079848,0.9945248584015104,0.14132797217996088,0.8241444866920152,6.116878123798541,0.15781813579700052,38.759031672168554
