{"performances": [0.9241338907091171, 0.9232149180626453, 0.9234688246697015, 0.9243503884094005, 0.9245151737973798, 0.9249361509518791, 0.9268681263249693, 0.9244040473390247, 0.9242930901517414, 0.9226795982994351], "mean": 0.9242864208715293, "std": 0.0010760752057872116}