ROC_AUC_score,prediction_threshold,TN,FP,FN,TP,sensitivity,specificity,BA,Accuracy,precision,ROC_ACU_score_discretized,MCC,f1_score,cohen_kappa,PPV_score,NPV_score,FPR_score,FDR_score,PLR_score,NLR_score,DOR_score
0.9234782564946254,0.568892585009245,13239,1484,0.16569200779727095,428,0.834307992202729,0.899205325001698,0.8667566586022135,0.897020215279601,0.22384937238493724,0.8667566586022135,0.39939588467951304,0.3529896907216495,0.31671052663170907,0.22384937238493724,0.9936205343740618,0.10079467499830197,0.7761506276150628,8.27730227035093,0.18426493170173133,44.920659584588535
