ROC_AUC_score,prediction_threshold,TN,FP,FN,TP,sensitivity,specificity,BA,Accuracy,precision,ROC_ACU_score_discretized,MCC,f1_score,cohen_kappa,PPV_score,NPV_score,FPR_score,FDR_score,PLR_score,NLR_score,DOR_score
0.9339985009353922,0.568892585009245,16509,1895,0.16822429906542055,534,0.8317757009345794,0.8970332536405129,0.8644044772875461,0.8948335608526725,0.21984355701934952,0.8644044772875461,0.3943185961612775,0.3477694562031911,0.31103209723859404,0.21984355701934952,0.9935006318830114,0.10296674635948706,0.7801564429806505,8.07810026385224,0.18753407232418684,43.075373790677205
