ROC_AUC_score,prediction_threshold,TN,FP,FN,TP,sensitivity,specificity,BA,Accuracy,precision,ROC_ACU_score_discretized,MCC,f1_score,cohen_kappa,PPV_score,NPV_score,FPR_score,FDR_score,PLR_score,NLR_score,DOR_score
0.9299944299533199,0.5714431865194769,13194,1529,0.13840155945419103,442,0.8615984405458089,0.8961488827005366,0.8788736616231727,0.8949855605145708,0.22425164890918314,0.8788736616231728,0.40727177200526954,0.35587761674718194,0.3195172239107561,0.22425164890918314,0.994647568790049,0.10385111729946342,0.7757483510908169,8.296477331691268,0.1544403637899087,53.71961790362843
