ROC_AUC_score,prediction_threshold,TN,FP,FN,TP,sensitivity,specificity,BA,Accuracy,precision,ROC_ACU_score_discretized,MCC,f1_score,cohen_kappa,PPV_score,NPV_score,FPR_score,FDR_score,PLR_score,NLR_score,DOR_score
0.9250952657589675,0.5714431865194769,16429,1975,0.19314641744548286,518,0.8068535825545171,0.8926863725277113,0.8497699775411143,0.8897931324162554,0.20778178900922584,0.8497699775411142,0.37431450296237523,0.3304625199362041,0.29253532381266156,0.20778178900922584,0.9925089107714614,0.10731362747228863,0.7922182109907742,7.518649789029532,0.216365370178749,34.74978358513677
