ROC_AUC_score,prediction_threshold,TN,FP,FN,TP,sensitivity,specificity,BA,Accuracy,precision,ROC_ACU_score_discretized,MCC,f1_score,cohen_kappa,PPV_score,NPV_score,FPR_score,FDR_score,PLR_score,NLR_score,DOR_score
0.9391830871828154,0.4579016691891976,12491,2232,0.09746588693957114,463,0.9025341130604289,0.8484004618623922,0.8754672874614104,0.8502231556839065,0.1717996289424861,0.8754672874614104,0.3549878351211289,0.2886533665835412,0.2459980389494122,0.1717996289424861,0.9960130771070888,0.15159953813760782,0.8282003710575139,5.953409384672353,0.11488193526629621,51.821980286738345
