ROC_AUC_score,prediction_threshold,TN,FP,FN,TP,sensitivity,specificity,BA,Accuracy,precision,ROC_ACU_score_discretized,MCC,f1_score,cohen_kappa,PPV_score,NPV_score,FPR_score,FDR_score,PLR_score,NLR_score,DOR_score
0.9271662973171891,0.4579016691891976,15588,2816,0.12461059190031153,562,0.8753894080996885,0.8469897848293849,0.8611895964645366,0.8479470755014176,0.16637063351095321,0.8611895964645366,0.34131254453476706,0.2796019900497512,0.23634122638602484,0.16637063351095321,0.9948940515700792,0.15301021517061508,0.8336293664890467,5.721117424242424,0.14712171756051665,38.88696732954545
