{"performances": [0.9293179865409187, 0.9277237915907487, 0.9282185709323655, 0.9286091639295534, 0.9284348993615773, 0.9290406358904775, 0.9280226396672537, 0.9278926394844411, 0.9273453014751635, 0.9275320074668855], "mean": 0.9282137636339384, "std": 0.0006088539362228701}