ROC_AUC_score,prediction_threshold,TN,FP,FN,TP,sensitivity,specificity,BA,Accuracy,precision,ROC_ACU_score_discretized,MCC,f1_score,cohen_kappa,PPV_score,NPV_score,FPR_score,FDR_score,PLR_score,NLR_score,DOR_score
0.9344818459772862,0.5512065549902306,13104,1619,0.14035087719298245,441,0.8596491228070176,0.8900359980982137,0.8748425604526155,0.889012864268837,0.21407766990291263,0.8748425604526155,0.39546707048669505,0.34279051690633505,0.3053383313738849,0.21407766990291263,0.994535519125683,0.10996400190178632,0.7859223300970873,7.817550361388336,0.15769123663860504,49.5750463248919
