ROC_AUC_score,prediction_threshold,TN,FP,FN,TP,sensitivity,specificity,BA,Accuracy,precision,ROC_ACU_score_discretized,MCC,f1_score,cohen_kappa,PPV_score,NPV_score,FPR_score,FDR_score,PLR_score,NLR_score,DOR_score
0.9294575505392638,0.5512065549902306,16411,1993,0.17445482866043613,530,0.8255451713395638,0.891708324277331,0.8586267478084475,0.8894781056389793,0.21006738010305193,0.8586267478084475,0.3818503765004273,0.33491311216429703,0.2971408419528262,0.21006738010305193,0.993221569932821,0.10829167572266898,0.7899326198969481,7.623348386017731,0.19564113501106983,38.9659791412802
