ROC_AUC_score,prediction_threshold,TN,FP,FN,TP,sensitivity,specificity,BA,Accuracy,precision,ROC_ACU_score_discretized,MCC,f1_score,cohen_kappa,PPV_score,NPV_score,FPR_score,FDR_score,PLR_score,NLR_score,DOR_score
0.9361756326941484,0.510768282560094,12975,1748,0.1364522417153996,443,0.8635477582846004,0.8812741968348842,0.8724109775597423,0.880677343134681,0.20219078046554084,0.8724109775597423,0.3828829945835139,0.3276627218934911,0.28885952716313656,0.20219078046554084,0.9946339593714066,0.1187258031651158,0.7978092195344592,7.273463183766687,0.15483517185170162,46.97552304674729
