ROC_AUC_score,prediction_threshold,TN,FP,FN,TP,sensitivity,specificity,BA,Accuracy,precision,ROC_ACU_score_discretized,MCC,f1_score,cohen_kappa,PPV_score,NPV_score,FPR_score,FDR_score,PLR_score,NLR_score,DOR_score
0.929095569793797,0.5078164084980487,12835,1888,0.12085769980506822,451,0.8791423001949318,0.8717652652312708,0.8754537827131013,0.8720136518771331,0.19281744335185977,0.8754537827131014,0.37573690842568896,0.31626928471248245,0.27630104290382995,0.19281744335185977,0.995192680468326,0.1282347347687292,0.8071825566481402,6.855726740344272,0.13863559908297773,49.45141641607438
