ROC_AUC_score,prediction_threshold,TN,FP,FN,TP,sensitivity,specificity,BA,Accuracy,precision,ROC_ACU_score_discretized,MCC,f1_score,cohen_kappa,PPV_score,NPV_score,FPR_score,FDR_score,PLR_score,NLR_score,DOR_score
0.9228619032433014,0.5078164084980487,16048,2356,0.16043613707165108,539,0.839563862928349,0.8719843512279939,0.8557741070781715,0.8708915257796913,0.18618307426597583,0.8557741070781714,0.3576876675850117,0.3047780605032513,0.2641759379738621,0.18618307426597583,0.9936226859018017,0.12801564877200608,0.8138169257340242,6.558290888511601,0.1839896975739448,35.64488107208202
