ROC_AUC_score,prediction_threshold,TN,FP,FN,TP,sensitivity,specificity,BA,Accuracy,precision,ROC_ACU_score_discretized,MCC,f1_score,cohen_kappa,PPV_score,NPV_score,FPR_score,FDR_score,PLR_score,NLR_score,DOR_score
0.9308488038831182,0.5231568215912268,12945,1778,0.13450292397660818,444,0.8654970760233918,0.8792365686341099,0.8723668223287508,0.8787739564190076,0.1998199819981998,0.8723668223287508,0.38061016635446426,0.32468007312614255,0.28559531633466273,0.1998199819981998,0.9946980175195943,0.1207634313658901,0.8001800180018002,7.1668804557325085,0.1529769447437314,46.84941556218515
