ROC_AUC_score,prediction_threshold,TN,FP,FN,TP,sensitivity,specificity,BA,Accuracy,precision,ROC_ACU_score_discretized,MCC,f1_score,cohen_kappa,PPV_score,NPV_score,FPR_score,FDR_score,PLR_score,NLR_score,DOR_score
0.9281453611939975,0.5231568215912268,16226,2178,0.13395638629283488,556,0.8660436137071651,0.8816561617039774,0.8738498877055713,0.8811298960411635,0.2033650329188003,0.8738498877055713,0.38485578140102317,0.3293838862559242,0.29065690347109774,0.2033650329188003,0.9947278077488965,0.1183438382960226,0.7966349670811997,7.318028772574229,0.15193722009942892,48.164819441775045
