ROC_AUC_score,prediction_threshold,TN,FP,FN,TP,sensitivity,specificity,BA,Accuracy,precision,ROC_ACU_score_discretized,MCC,f1_score,cohen_kappa,PPV_score,NPV_score,FPR_score,FDR_score,PLR_score,NLR_score,DOR_score
0.9313172332901578,0.5507956106229055,13150,1573,0.16374269005847952,429,0.8362573099415205,0.8931603613394009,0.8647088356404606,0.8912444211079024,0.21428571428571427,0.8647088356404606,0.3894534159418859,0.3411530815109344,0.30383542158378185,0.21428571428571427,0.9936527127096871,0.10683963866059906,0.7857142857142857,7.827219564061667,0.18332955328752806,42.694805194805184
