ROC_AUC_score,prediction_threshold,TN,FP,FN,TP,sensitivity,specificity,BA,Accuracy,precision,ROC_ACU_score_discretized,MCC,f1_score,cohen_kappa,PPV_score,NPV_score,FPR_score,FDR_score,PLR_score,NLR_score,DOR_score
0.9267522602766161,0.5507956106229055,16373,2031,0.17601246105919002,529,0.82398753894081,0.8896435557487503,0.8568155473447802,0.8874304315866849,0.206640625,0.8568155473447802,0.37758937137083964,0.33041848844472205,0.29227277110578664,0.206640625,0.9931456993812933,0.11035644425124973,0.793359375,7.466601017561139,0.1978460473543842,37.73945002897568
