ROC_AUC_score,prediction_threshold,TN,FP,FN,TP,sensitivity,specificity,BA,Accuracy,precision,ROC_ACU_score_discretized,MCC,f1_score,cohen_kappa,PPV_score,NPV_score,FPR_score,FDR_score,PLR_score,NLR_score,DOR_score
0.9310646150570794,0.5269589210325282,12986,1737,0.13840155945419103,442,0.8615984405458089,0.8820213271751681,0.8718098838604885,0.881333683381465,0.2028453418999541,0.8718098838604885,0.38313995824102337,0.3283803863298662,0.2896613992830983,0.2028453418999541,0.9945623037451176,0.11797867282483189,0.7971546581000459,7.303001635092658,0.1569140736057335,46.54140618031735
