ROC_AUC_score,prediction_threshold,TN,FP,FN,TP,sensitivity,specificity,BA,Accuracy,precision,ROC_ACU_score_discretized,MCC,f1_score,cohen_kappa,PPV_score,NPV_score,FPR_score,FDR_score,PLR_score,NLR_score,DOR_score
0.9274913824097565,0.5269589210325282,16164,2240,0.17133956386292834,532,0.8286604361370716,0.8782873288415561,0.8534738824893139,0.8766145122335398,0.1919191919191919,0.8534738824893139,0.36179885102365417,0.3116578793204452,0.2717973357844674,0.1919191919191919,0.9932407521199459,0.12171267115844382,0.8080808080808081,6.808333333333331,0.19508372515054032,34.89954545454544
