ROC_AUC_score,prediction_threshold,TN,FP,FN,TP,sensitivity,specificity,BA,Accuracy,precision,ROC_ACU_score_discretized,MCC,f1_score,cohen_kappa,PPV_score,NPV_score,FPR_score,FDR_score,PLR_score,NLR_score,DOR_score
0.9308494658805844,0.4784831380132856,12606,2117,0.1267056530214425,448,0.8732943469785575,0.8562113699653603,0.8647528584719588,0.8567865581517459,0.1746588693957115,0.8647528584719588,0.3516708799413018,0.2910981156595192,0.2489514561009969,0.1746588693957115,0.9948701759924237,0.14378863003463968,0.8253411306042885,6.073458984678932,0.14798408134497054,41.041299371389094
