ROC_AUC_score,prediction_threshold,TN,FP,FN,TP,sensitivity,specificity,BA,Accuracy,precision,ROC_ACU_score_discretized,MCC,f1_score,cohen_kappa,PPV_score,NPV_score,FPR_score,FDR_score,PLR_score,NLR_score,DOR_score
0.9131162905802003,0.4784831380132856,15765,2639,0.16043613707165108,539,0.839563862928349,0.8566072592914584,0.8480855611099036,0.8560327627848368,0.1696035242290749,0.8480855611099037,0.3369780310585147,0.2821989528795812,0.23954853667048903,0.1696035242290749,0.9935089488278296,0.14339274070854163,0.8303964757709251,5.854995579133512,0.18729252563695944,31.261234580618602
