ROC_AUC_score,prediction_threshold,TN,FP,FN,TP,sensitivity,specificity,BA,Accuracy,precision,ROC_ACU_score_discretized,MCC,f1_score,cohen_kappa,PPV_score,NPV_score,FPR_score,FDR_score,PLR_score,NLR_score,DOR_score
0.9328085253036554,0.4956309834657194,16035,2369,0.1277258566978193,560,0.8722741433021807,0.8712779830471636,0.8717760631746722,0.871311561482726,0.1911915329463981,0.8717760631746722,0.3719917064979007,0.313637636516382,0.27346333827374314,0.1911915329463981,0.9949122045045604,0.12872201695283633,0.8088084670536019,6.7764176164345,0.1465959879430413,46.225123289645715
