ROC_AUC_score,prediction_threshold,TN,FP,FN,TP,sensitivity,specificity,BA,Accuracy,precision,ROC_ACU_score_discretized,MCC,f1_score,cohen_kappa,PPV_score,NPV_score,FPR_score,FDR_score,PLR_score,NLR_score,DOR_score
0.9303663401297965,0.46471636001165123,12727,1996,0.1267056530214425,448,0.8732943469785575,0.8644298037084833,0.8688620753435203,0.8647282751378315,0.18330605564648117,0.8688620753435204,0.3626026832373555,0.3030098072370646,0.26193045776046553,0.18330605564648117,0.9949186991869918,0.13557019629151668,0.8166939443535188,6.441639614511674,0.14657714539441333,43.94709418837674
