ROC_AUC_score,prediction_threshold,TN,FP,FN,TP,sensitivity,specificity,BA,Accuracy,precision,ROC_ACU_score_discretized,MCC,f1_score,cohen_kappa,PPV_score,NPV_score,FPR_score,FDR_score,PLR_score,NLR_score,DOR_score
0.9247400236650855,0.4187805156171467,12411,2312,0.12475633528265107,449,0.8752436647173489,0.8429667866603274,0.8591052256888382,0.8440535573641376,0.16262223831944947,0.8591052256888382,0.3363218465442844,0.27428222357971893,0.23058810056850731,0.16262223831944947,0.994869739478958,0.15703321333967263,0.8373777616805506,5.573621312990282,0.14799673872906868,37.660433336937736
