ROC_AUC_score,prediction_threshold,TN,FP,FN,TP,sensitivity,specificity,BA,Accuracy,precision,ROC_ACU_score_discretized,MCC,f1_score,cohen_kappa,PPV_score,NPV_score,FPR_score,FDR_score,PLR_score,NLR_score,DOR_score
0.9254403248379569,0.4187805156171467,15561,2843,0.13395638629283488,556,0.8660436137071651,0.8455227124538144,0.8557831630804897,0.8462144282263993,0.16357752280082377,0.8557831630804896,0.33538828617969196,0.27517941103687205,0.23160749288882987,0.16357752280082377,0.99450373873586,0.15447728754618562,0.8364224771991762,5.6062844413178565,0.1584302636934216,35.386448968907715
