ROC_AUC_score,prediction_threshold,TN,FP,FN,TP,sensitivity,specificity,BA,Accuracy,precision,ROC_ACU_score_discretized,MCC,f1_score,cohen_kappa,PPV_score,NPV_score,FPR_score,FDR_score,PLR_score,NLR_score,DOR_score
0.9198282672653241,0.4742529100917818,12610,2113,0.1364522417153996,443,0.8635477582846004,0.8564830537254635,0.860015406005032,0.8567209241270675,0.17331768388106417,0.860015406005032,0.3475904762156161,0.28869338546757894,0.24643003344055447,0.17331768388106417,0.9944794952681388,0.14351694627453643,0.8266823161189358,6.017043845349819,0.15931691949054944,37.76776418092082
