ROC_AUC_score,prediction_threshold,TN,FP,FN,TP,sensitivity,specificity,BA,Accuracy,precision,ROC_ACU_score_discretized,MCC,f1_score,cohen_kappa,PPV_score,NPV_score,FPR_score,FDR_score,PLR_score,NLR_score,DOR_score
0.9254299574242948,0.48449088890086456,12655,2068,0.10916179337231968,457,0.8908382066276803,0.859539496026625,0.8751888513271526,0.8605933315830927,0.18099009900990098,0.8751888513271526,0.3640124256006924,0.30085582620144835,0.25940524325184566,0.18099009900990098,0.9955943670836284,0.14046050397337498,0.819009900990099,6.342268334709546,0.1270003227041219,49.93899385189281
