ROC_AUC_score,prediction_threshold,TN,FP,FN,TP,sensitivity,specificity,BA,Accuracy,precision,ROC_ACU_score_discretized,MCC,f1_score,cohen_kappa,PPV_score,NPV_score,FPR_score,FDR_score,PLR_score,NLR_score,DOR_score
0.9259790300225943,0.48449088890086456,15786,2618,0.13862928348909656,553,0.8613707165109035,0.8577483155835688,0.8595595160472361,0.8578704189856138,0.17439293598233996,0.8595595160472361,0.34839300059607653,0.29006031995803827,0.24789358507294024,0.17439293598233996,0.9943937007874015,0.1422516844164312,0.82560706401766,6.055258467023173,0.1616200008446302,37.46602175088627
