ROC_AUC_score,prediction_threshold,TN,FP,FN,TP,sensitivity,specificity,BA,Accuracy,precision,ROC_ACU_score_discretized,MCC,f1_score,cohen_kappa,PPV_score,NPV_score,FPR_score,FDR_score,PLR_score,NLR_score,DOR_score
0.9302466509879187,0.5194478553574491,12968,1755,0.14619883040935672,438,0.8538011695906432,0.8807987502547036,0.8672999599226734,0.8798897348385403,0.1997264021887825,0.8672999599226733,0.3774849594565849,0.3237250554323725,0.2846874584868342,0.1997264021887825,0.9942497891589358,0.11920124974529647,0.8002735978112175,7.162686393095751,0.16598437539458358,43.152774928774924
