ROC_AUC_score,prediction_threshold,TN,FP,FN,TP,sensitivity,specificity,BA,Accuracy,precision,ROC_ACU_score_discretized,MCC,f1_score,cohen_kappa,PPV_score,NPV_score,FPR_score,FDR_score,PLR_score,NLR_score,DOR_score
0.9263112245001595,0.5194478553574491,16183,2221,0.14174454828660435,551,0.8582554517133957,0.8793197131058466,0.8687875824096212,0.878609681822955,0.19877344877344877,0.8687875824096212,0.37747321710996795,0.32278851786760393,0.2835725278015696,0.19877344877344877,0.9944082585719553,0.12068028689415344,0.8012265512265512,7.111811496322978,0.16119796494263522,44.118494292740145
