{"performances": [0.9291727519616824, 0.9294575505392638, 0.9300694654622691, 0.9298132736957494, 0.9297616460189815, 0.9294977524187144, 0.9302110607134708, 0.9297051941166791, 0.9308391410237921, 0.9294297054480233], "mean": 0.9297957541398626, "std": 0.00045508626701749037}