ROC_AUC_score,prediction_threshold,TN,FP,FN,TP,sensitivity,specificity,BA,Accuracy,precision,ROC_ACU_score_discretized,MCC,f1_score,cohen_kappa,PPV_score,NPV_score,FPR_score,FDR_score,PLR_score,NLR_score,DOR_score
0.9227344361416722,0.5862302390787365,13354,1369,0.17738791423001948,422,0.8226120857699805,0.9070162331046662,0.8648141594373233,0.9041743239695458,0.23562255723059744,0.8648141594373233,0.4086300720262774,0.3663194444444445,0.3313160291512899,0.23562255723059744,0.9932316846411305,0.09298376689533383,0.7643774427694026,8.846835455654801,0.19557303139198576,45.23545701924079
