ROC_AUC_score,prediction_threshold,TN,FP,FN,TP,sensitivity,specificity,BA,Accuracy,precision,ROC_ACU_score_discretized,MCC,f1_score,cohen_kappa,PPV_score,NPV_score,FPR_score,FDR_score,PLR_score,NLR_score,DOR_score
0.9349799346071999,0.5862302390787365,16614,1790,0.16043613707165108,539,0.839563862928349,0.9027385351010649,0.871151199014707,0.9006090517694004,0.2314297981966509,0.8711511990147068,0.40892209243184635,0.3628407943453382,0.32728942482381373,0.2314297981966509,0.993838607405635,0.09726146489893502,0.7685702018033491,8.632029795158283,0.1777216002568115,48.570515810598245
