ROC_AUC_score,prediction_threshold,TN,FP,FN,TP,sensitivity,specificity,BA,Accuracy,precision,ROC_ACU_score_discretized,MCC,f1_score,cohen_kappa,PPV_score,NPV_score,FPR_score,FDR_score,PLR_score,NLR_score,DOR_score
0.9328121559681918,0.47171291150874256,12544,2179,0.12475633528265107,449,0.8752436647173489,0.8520002716837601,0.8636219682005546,0.8527828826463639,0.1708523592085236,0.8636219682005545,0.34721714915659124,0.2858962113976441,0.24325980180490903,0.1708523592085236,0.9949238578680203,0.1479997283162399,0.8291476407914764,5.913819401392167,0.1464275768787047,40.38733363928409
