ROC_AUC_score,prediction_threshold,TN,FP,FN,TP,sensitivity,specificity,BA,Accuracy,precision,ROC_ACU_score_discretized,MCC,f1_score,cohen_kappa,PPV_score,NPV_score,FPR_score,FDR_score,PLR_score,NLR_score,DOR_score
0.9249082212251026,0.47171291150874256,15619,2785,0.1308411214953271,558,0.8691588785046729,0.8486742012605956,0.8589165398826342,0.84936469599916,0.16691594376308705,0.8589165398826343,0.34055525855077357,0.28005018820577166,0.23689283248706705,0.16691594376308705,0.9946507036871935,0.15132579873940447,0.833084056236913,5.7436265709156205,0.15417120174146873,37.254860220569384
