ROC_AUC_score,prediction_threshold,TN,FP,FN,TP,sensitivity,specificity,BA,Accuracy,precision,ROC_ACU_score_discretized,MCC,f1_score,cohen_kappa,PPV_score,NPV_score,FPR_score,FDR_score,PLR_score,NLR_score,DOR_score
0.9344795951859015,0.499843428589972,12726,1997,0.11500974658869395,454,0.884990253411306,0.8643618827684575,0.8746760680898817,0.8650564452612234,0.18523051815585476,0.8746760680898816,0.36789235790528313,0.30634278002699056,0.26543840842599764,0.18523051815585476,0.995385217051232,0.13563811723154248,0.8147694818441452,6.524642714559167,0.13305740209220038,49.036300213031375
