ROC_AUC_score,prediction_threshold,TN,FP,FN,TP,sensitivity,specificity,BA,Accuracy,precision,ROC_ACU_score_discretized,MCC,f1_score,cohen_kappa,PPV_score,NPV_score,FPR_score,FDR_score,PLR_score,NLR_score,DOR_score
0.9205773362285458,0.499843428589972,15926,2478,0.14485981308411214,549,0.8551401869158879,0.8653553575309715,0.8602477722234296,0.8650110259372047,0.18136769078295342,0.8602477722234297,0.3556567164738961,0.2992641046606705,0.2579942213963985,0.18136769078295342,0.9941943941569387,0.13464464246902846,0.8186323092170465,6.351089588377722,0.1673992213989702,37.93977973912364
