ROC_AUC_score,prediction_threshold,TN,FP,FN,TP,sensitivity,specificity,BA,Accuracy,precision,ROC_ACU_score_discretized,MCC,f1_score,cohen_kappa,PPV_score,NPV_score,FPR_score,FDR_score,PLR_score,NLR_score,DOR_score
0.9275250470051299,0.5192566583031738,12939,1784,0.14814814814814814,437,0.8518518518518519,0.878829042993955,0.8653404474229034,0.8779207140981885,0.19675821701936064,0.8653404474229035,0.37349795224210736,0.3196781272860278,0.2803073956995342,0.19675821701936064,0.9941605839416059,0.12117095700604497,0.8032417829806393,7.03016525494104,0.16857447910852347,41.70361547085202
