ROC_AUC_score,prediction_threshold,TN,FP,FN,TP,sensitivity,specificity,BA,Accuracy,precision,ROC_ACU_score_discretized,MCC,f1_score,cohen_kappa,PPV_score,NPV_score,FPR_score,FDR_score,PLR_score,NLR_score,DOR_score
0.934216437439782,0.5192566583031738,16176,2228,0.14485981308411214,549,0.8551401869158879,0.8789393610084765,0.8670397739621822,0.8781371416570408,0.19769535469931582,0.8670397739621821,0.375403555273802,0.3211465340742907,0.28182137406172536,0.19769535469931582,0.9942836068596718,0.12106063899152358,0.8023046453006842,7.06373429084381,0.16481206726013842,42.85932704001857
