ROC_AUC_score,prediction_threshold,TN,FP,FN,TP,sensitivity,specificity,BA,Accuracy,precision,ROC_ACU_score_discretized,MCC,f1_score,cohen_kappa,PPV_score,NPV_score,FPR_score,FDR_score,PLR_score,NLR_score,DOR_score
0.9210512413842683,0.44565573759108057,12409,2314,0.11500974658869395,454,0.884990253411306,0.8428309447802758,0.8639105990957909,0.8442504594381728,0.16401734104046242,0.8639105990957908,0.3404866585407278,0.27674489484913134,0.23318074302957492,0.16401734104046242,0.9952678857876163,0.15716905521972424,0.8359826589595376,5.630817416151538,0.13645648311913464,41.2645649912837
