ROC_AUC_score,prediction_threshold,TN,FP,FN,TP,sensitivity,specificity,BA,Accuracy,precision,ROC_ACU_score_discretized,MCC,f1_score,cohen_kappa,PPV_score,NPV_score,FPR_score,FDR_score,PLR_score,NLR_score,DOR_score
0.9187820472455873,0.44565573759108057,15480,2924,0.1277258566978193,560,0.8722741433021807,0.8411214953271028,0.8566978193146417,0.8421715845846897,0.16073478760045926,0.8566978193146417,0.3330291873417587,0.2714493456131847,0.2274724957408103,0.16073478760045926,0.9947307544017479,0.1588785046728972,0.8392652123995408,5.490196078431372,0.15185185185185188,36.15494978479195
