ROC_AUC_score,prediction_threshold,TN,FP,FN,TP,sensitivity,specificity,BA,Accuracy,precision,ROC_ACU_score_discretized,MCC,f1_score,cohen_kappa,PPV_score,NPV_score,FPR_score,FDR_score,PLR_score,NLR_score,DOR_score
0.9173624591034515,0.4904393661254908,12824,1899,0.15789473684210525,432,0.8421052631578947,0.8710181348909869,0.8565616990244408,0.8700446311367813,0.18532818532818532,0.8565616990244408,0.35733156675069994,0.30379746835443033,0.26312674742275066,0.18532818532818532,0.9937233630375824,0.1289818651090131,0.8146718146718147,6.528865607937695,0.1812760613323703,36.01614885027206
