ROC_AUC_score,prediction_threshold,TN,FP,FN,TP,sensitivity,specificity,BA,Accuracy,precision,ROC_ACU_score_discretized,MCC,f1_score,cohen_kappa,PPV_score,NPV_score,FPR_score,FDR_score,PLR_score,NLR_score,DOR_score
0.9329129655546912,0.4904393661254908,15966,2438,0.13707165109034267,554,0.8629283489096573,0.8675287980873723,0.8652285734985148,0.8673737267667752,0.18516042780748662,0.8652285734985148,0.3622813230450087,0.3048981838194827,0.2640486588056593,0.18516042780748662,0.9945185000622898,0.13247120191262768,0.8148395721925134,6.514082581350832,0.15800242181301935,41.227738832127656
