ROC_AUC_score,prediction_threshold,TN,FP,FN,TP,sensitivity,specificity,BA,Accuracy,precision,ROC_ACU_score_discretized,MCC,f1_score,cohen_kappa,PPV_score,NPV_score,FPR_score,FDR_score,PLR_score,NLR_score,DOR_score
0.9265392003785565,0.5449453879723106,13037,1686,0.1617933723196881,430,0.8382066276803118,0.8854852951164844,0.8618459613983982,0.8838934103439223,0.20321361058601134,0.8618459613983981,0.3774729323019796,0.3271205781666033,0.28856035519395995,0.20321361058601134,0.9936737804878049,0.11451470488351559,0.7967863894139886,7.319641862003104,0.18271717578145039,40.059955122983034
