ROC_AUC_score,prediction_threshold,TN,FP,FN,TP,sensitivity,specificity,BA,Accuracy,precision,ROC_ACU_score_discretized,MCC,f1_score,cohen_kappa,PPV_score,NPV_score,FPR_score,FDR_score,PLR_score,NLR_score,DOR_score
0.9254349081636729,0.5449453879723106,16291,2113,0.16978193146417445,533,0.8302180685358256,0.8851880026081287,0.8577030355719771,0.883335083482096,0.20143613000755858,0.8577030355719771,0.3733012152690206,0.3242092457420924,0.28544277269508156,0.20143613000755858,0.9933536585365854,0.11481199739187133,0.7985638699924414,7.231109007729928,0.19180324514558136,37.70066039415243
