ROC_AUC_score,prediction_threshold,TN,FP,FN,TP,sensitivity,specificity,BA,Accuracy,precision,ROC_ACU_score_discretized,MCC,f1_score,cohen_kappa,PPV_score,NPV_score,FPR_score,FDR_score,PLR_score,NLR_score,DOR_score
0.9272321793261104,0.47515366218292154,12648,2075,0.1111111111111111,456,0.8888888888888888,0.8590640494464443,0.8739764691676666,0.8600682593856656,0.1801659423152904,0.8739764691676666,0.3624913970363305,0.2996057818659658,0.25806347135317953,0.1801659423152904,0.9955135773317592,0.14093595055355565,0.8198340576847096,6.307041499330655,0.12933972872303048,48.76337349397588
