ROC_AUC_score,prediction_threshold,TN,FP,FN,TP,sensitivity,specificity,BA,Accuracy,precision,ROC_ACU_score_discretized,MCC,f1_score,cohen_kappa,PPV_score,NPV_score,FPR_score,FDR_score,PLR_score,NLR_score,DOR_score
0.9283628745207091,0.47515366218292154,15844,2560,0.11838006230529595,566,0.881619937694704,0.86089980439035,0.871259871042527,0.8615982358500472,0.18106206014075496,0.871259871042527,0.36179754277913145,0.30042462845010615,0.2589798986721247,0.18106206014075496,0.9952261306532664,0.13910019560965006,0.818937939859245,6.338020833333335,0.13750736346040562,46.09222861842106
