ROC_AUC_score,prediction_threshold,TN,FP,FN,TP,sensitivity,specificity,BA,Accuracy,precision,ROC_ACU_score_discretized,MCC,f1_score,cohen_kappa,PPV_score,NPV_score,FPR_score,FDR_score,PLR_score,NLR_score,DOR_score
0.9227079562430266,0.48880599026535354,12714,2009,0.14035087719298245,441,0.8596491228070176,0.8635468314881478,0.8615979771475827,0.8634155946442635,0.18,0.8615979771475827,0.35510961731316826,0.29767127910901114,0.2562586545879474,0.18,0.994368840919756,0.1364531685118522,0.82,6.299957210098418,0.16252839113672177,38.76219512195123
