ROC_AUC_score,prediction_threshold,TN,FP,FN,TP,sensitivity,specificity,BA,Accuracy,precision,ROC_ACU_score_discretized,MCC,f1_score,cohen_kappa,PPV_score,NPV_score,FPR_score,FDR_score,PLR_score,NLR_score,DOR_score
0.920665780363337,0.48880599026535354,15866,2538,0.14485981308411214,549,0.8551401869158879,0.8620951966963704,0.8586176918061291,0.861860758164444,0.17784256559766765,0.8586176918061291,0.35124825944298926,0.2944489139179405,0.2527452538462276,0.17784256559766765,0.9941725672034588,0.13790480330362964,0.8221574344023324,6.200945626477542,0.1680322702634564,36.90330206665143
