{"performances": [0.926607533510594, 0.9241211107432288, 0.9287715795225338, 0.9272830943564346, 0.9284119631314065, 0.9284446324481809, 0.9283471323110715, 0.9274913824097565, 0.9293495555957292, 0.92888287525196], "mean": 0.9277710859280897, "std": 0.0014462845596628939}