ROC_AUC_score,prediction_threshold,TN,FP,FN,TP,sensitivity,specificity,BA,Accuracy,precision,ROC_ACU_score_discretized,MCC,f1_score,cohen_kappa,PPV_score,NPV_score,FPR_score,FDR_score,PLR_score,NLR_score,DOR_score
0.9331632794242316,0.5166122001278091,12937,1786,0.13060428849902533,446,0.8693957115009746,0.8786932011139034,0.874044456307439,0.8783801522709372,0.19982078853046595,0.874044456307439,0.38161416011226856,0.32495446265938066,0.2858508233722349,0.19982078853046595,0.9948477391571824,0.12130679888609658,0.8001792114695341,7.166916607183003,0.14863468652478556,48.21833163410268
