ROC_AUC_score,prediction_threshold,TN,FP,FN,TP,sensitivity,specificity,BA,Accuracy,precision,ROC_ACU_score_discretized,MCC,f1_score,cohen_kappa,PPV_score,NPV_score,FPR_score,FDR_score,PLR_score,NLR_score,DOR_score
0.9311038809794161,0.5166122001278091,16210,2194,0.16510903426791276,536,0.8348909657320872,0.8807867854814171,0.8578388756067521,0.8792397353775071,0.19633699633699633,0.8578388756067522,0.3685979968305817,0.31791221826809013,0.2785343709468222,0.19633699633699633,0.9935033096347143,0.11921321451858291,0.8036630036630037,7.0033424491036165,0.18745630269381042,37.35986653136341
