ROC_AUC_score,prediction_threshold,TN,FP,FN,TP,sensitivity,specificity,BA,Accuracy,precision,ROC_ACU_score_discretized,MCC,f1_score,cohen_kappa,PPV_score,NPV_score,FPR_score,FDR_score,PLR_score,NLR_score,DOR_score
0.9273399525135976,0.4392426812910997,12478,2245,0.12475633528265107,449,0.8752436647173489,0.8475174896420566,0.8613805771797027,0.84845103701759,0.16666666666666666,0.8613805771797027,0.34171925238406403,0.2800124727159339,0.2368417170725341,0.16666666666666666,0.9948971455908149,0.15248251035794336,0.8333333333333334,5.739961013645224,0.14720207760590412,38.99375
