ROC_AUC_score,prediction_threshold,TN,FP,FN,TP,sensitivity,specificity,BA,Accuracy,precision,ROC_ACU_score_discretized,MCC,f1_score,cohen_kappa,PPV_score,NPV_score,FPR_score,FDR_score,PLR_score,NLR_score,DOR_score
0.9267147667343073,0.4392426812910997,15680,2724,0.1261682242990654,561,0.8738317757009346,0.8519886981091067,0.8629102369050207,0.852724981623438,0.17077625570776256,0.8629102369050207,0.3467314768437913,0.2857142857142857,0.24302517033411863,0.17077625570776256,0.994860732187044,0.1480113018908933,0.8292237442922374,5.903817914831131,0.1480867346938775,39.86729754718009
