ROC_AUC_score,prediction_threshold,TN,FP,FN,TP,sensitivity,specificity,BA,Accuracy,precision,ROC_ACU_score_discretized,MCC,f1_score,cohen_kappa,PPV_score,NPV_score,FPR_score,FDR_score,PLR_score,NLR_score,DOR_score
0.9306369646939537,0.5314393924520595,13098,1625,0.14035087719298245,441,0.8596491228070176,0.8896284724580589,0.8746387976325383,0.8886190601207666,0.21345595353339786,0.874638797632538,0.39476763435390555,0.34199302055060105,0.3044724248672349,0.21345595353339786,0.9945330296127562,0.11037152754194118,0.7865440464666021,7.788685560053985,0.15776347266088567,49.36938461538465
