ROC_AUC_score,prediction_threshold,TN,FP,FN,TP,sensitivity,specificity,BA,Accuracy,precision,ROC_ACU_score_discretized,MCC,f1_score,cohen_kappa,PPV_score,NPV_score,FPR_score,FDR_score,PLR_score,NLR_score,DOR_score
0.9294797250496133,0.5314393924520595,16323,2081,0.16355140186915887,537,0.8364485981308412,0.8869267550532492,0.8616876765920451,0.8852252441457524,0.20511841100076394,0.8616876765920453,0.37914921883853875,0.3294478527607362,0.2910666394589553,0.20511841100076394,0.993608473338203,0.11307324494675071,0.7948815889992361,7.397405093704947,0.18440237701402926,40.11556257293883
