ROC_AUC_score,prediction_threshold,TN,FP,FN,TP,sensitivity,specificity,BA,Accuracy,precision,ROC_ACU_score_discretized,MCC,f1_score,cohen_kappa,PPV_score,NPV_score,FPR_score,FDR_score,PLR_score,NLR_score,DOR_score
0.927240123295704,0.5068835809599521,12827,1896,0.13060428849902533,446,0.8693957115009746,0.8712218977110643,0.8703088046060194,0.871160409556314,0.19043552519214346,0.8703088046060193,0.3703937024692766,0.31243432574430824,0.27223210263761666,0.19043552519214346,0.9948037847060648,0.1287781022889357,0.8095644748078565,6.751114483348547,0.14990932716700325,45.034652685937374
