ROC_AUC_score,prediction_threshold,TN,FP,FN,TP,sensitivity,specificity,BA,Accuracy,precision,ROC_ACU_score_discretized,MCC,f1_score,cohen_kappa,PPV_score,NPV_score,FPR_score,FDR_score,PLR_score,NLR_score,DOR_score
0.918974762360343,0.5068835809599521,16146,2258,0.16978193146417445,533,0.8302180685358256,0.8773092805911759,0.8537636745635007,0.875721936364591,0.1909709781440344,0.8537636745635008,0.3610717020059954,0.3105155840372852,0.27053474658143783,0.1909709781440344,0.9932943709627807,0.12269071940882417,0.8090290218559656,6.766755240625924,0.19352574425038188,34.965659307172885
