ROC_AUC_score,prediction_threshold,TN,FP,FN,TP,sensitivity,specificity,BA,Accuracy,precision,ROC_ACU_score_discretized,MCC,f1_score,cohen_kappa,PPV_score,NPV_score,FPR_score,FDR_score,PLR_score,NLR_score,DOR_score
0.9220942845919164,0.46310716084795994,12567,2156,0.1364522417153996,443,0.8635477582846004,0.8535624533043538,0.8585551057944771,0.8538986610658965,0.17045017314351674,0.8585551057944771,0.34388846846473625,0.2847043701799486,0.24207911806638893,0.17045017314351674,0.9944607106116958,0.14643754669564626,0.8295498268564833,5.897037868842381,0.15986204780582702,36.8882918102306
