ROC_AUC_score,prediction_threshold,TN,FP,FN,TP,sensitivity,specificity,BA,Accuracy,precision,ROC_ACU_score_discretized,MCC,f1_score,cohen_kappa,PPV_score,NPV_score,FPR_score,FDR_score,PLR_score,NLR_score,DOR_score
0.9212728710608082,0.46310716084795994,15624,2780,0.1261682242990654,561,0.8738317757009346,0.8489458813301456,0.8613888285155401,0.8497847317021947,0.1679137982639928,0.8613888285155401,0.3429818488184549,0.28169721315591256,0.23864298934640193,0.1679137982639928,0.9948424068767908,0.15105411866985438,0.8320862017360072,5.7848920863309345,0.1486175115207373,38.92470023980816
