ROC_AUC_score,prediction_threshold,TN,FP,FN,TP,sensitivity,specificity,BA,Accuracy,precision,ROC_ACU_score_discretized,MCC,f1_score,cohen_kappa,PPV_score,NPV_score,FPR_score,FDR_score,PLR_score,NLR_score,DOR_score
0.9336392556023853,0.4978506485479309,12800,1923,0.13255360623781676,445,0.8674463937621832,0.8693880323303674,0.8684172130462753,0.869322656865319,0.18792229729729729,0.8684172130462754,0.36684311459159036,0.30892051371051715,0.2684282789571669,0.18792229729729729,0.9947155735156978,0.13061196766963254,0.8120777027027027,6.641400548809476,0.15246771442495127,43.5593894344009
