ROC_AUC_score,prediction_threshold,TN,FP,FN,TP,sensitivity,specificity,BA,Accuracy,precision,ROC_ACU_score_discretized,MCC,f1_score,cohen_kappa,PPV_score,NPV_score,FPR_score,FDR_score,PLR_score,NLR_score,DOR_score
0.9208493548402386,0.4978506485479309,15913,2491,0.14174454828660435,551,0.8582554517133957,0.8646489893501412,0.8614522205317685,0.8644334768455318,0.1811308349769888,0.8614522205317685,0.3561317082663511,0.29913137893593916,0.25781593158153115,0.1811308349769888,0.9943139215196201,0.13535101064985872,0.8188691650230112,6.340960792185198,0.16393305264039879,38.6801849294824
