ROC_AUC_score,prediction_threshold,TN,FP,FN,TP,sensitivity,specificity,BA,Accuracy,precision,ROC_ACU_score_discretized,MCC,f1_score,cohen_kappa,PPV_score,NPV_score,FPR_score,FDR_score,PLR_score,NLR_score,DOR_score
0.9328186435433599,0.45182182936598425,12596,2127,0.12085769980506822,451,0.8791423001949318,0.8555321605651022,0.867337230380017,0.8563271199789971,0.17494181536074477,0.8673372303800171,0.35344983177634826,0.2918149466192171,0.2496733817706802,0.17494181536074477,0.995101911834413,0.14446783943489777,0.8250581846392553,6.085384149398203,0.14126610941807077,43.07745272002062
