ROC_AUC_score,prediction_threshold,TN,FP,FN,TP,sensitivity,specificity,BA,Accuracy,precision,ROC_ACU_score_discretized,MCC,f1_score,cohen_kappa,PPV_score,NPV_score,FPR_score,FDR_score,PLR_score,NLR_score,DOR_score
0.9247239696639157,0.45182182936598425,15732,2672,0.14018691588785046,552,0.8598130841121495,0.8548141708324277,0.8573136274722886,0.8549826735272498,0.17121588089330025,0.8573136274722887,0.34393390864452456,0.28556647697878945,0.2430080374464939,0.17121588089330025,0.9943117178612059,0.14518582916757228,0.8287841191066998,5.9221556886227535,0.1639969488939741,36.11137724550897
