ROC_AUC_score,prediction_threshold,TN,FP,FN,TP,sensitivity,specificity,BA,Accuracy,precision,ROC_ACU_score_discretized,MCC,f1_score,cohen_kappa,PPV_score,NPV_score,FPR_score,FDR_score,PLR_score,NLR_score,DOR_score
0.9380367723704499,0.48293499718653893,12789,1934,0.12280701754385964,450,0.8771929824561403,0.8686409019900836,0.872916942223112,0.8689288527172486,0.18875838926174496,0.872916942223112,0.3703057577620579,0.31066620642043496,0.2702250954771275,0.18875838926174496,0.9950980392156863,0.13135909800991646,0.8112416107382551,6.677824343692739,0.1413783500897839,47.23371251292657
