ROC_AUC_score,prediction_threshold,TN,FP,FN,TP,sensitivity,specificity,BA,Accuracy,precision,ROC_ACU_score_discretized,MCC,f1_score,cohen_kappa,PPV_score,NPV_score,FPR_score,FDR_score,PLR_score,NLR_score,DOR_score
0.9233966305577619,0.48293499718653893,15977,2427,0.1542056074766355,543,0.8457943925233645,0.8681264942403826,0.8569604433818736,0.8673737267667752,0.18282828282828284,0.8569604433818737,0.3551456429415881,0.30066445182724255,0.25962298450837806,0.18282828282828284,0.9938417516795223,0.13187350575961748,0.8171717171717172,6.4136794396374155,0.1776303436189522,36.106890911588096
