{"performances": [0.9283399382905383, 0.9290166840338786, 0.9287750495794969, 0.9288212605819809, 0.9294251351290964, 0.9281116762507947, 0.9288994638169542, 0.9290358116649436, 0.9291197701163434, 0.929012282986023], "mean": 0.928855707245005, "std": 0.00036139327752987105}