ROC_AUC_score,prediction_threshold,TN,FP,FN,TP,sensitivity,specificity,BA,Accuracy,precision,ROC_ACU_score_discretized,MCC,f1_score,cohen_kappa,PPV_score,NPV_score,FPR_score,FDR_score,PLR_score,NLR_score,DOR_score
0.9348981099839943,0.5824692335220459,13269,1454,0.15789473684210525,432,0.8421052631578947,0.9012429532024723,0.8716741081801835,0.8992517721186664,0.22905620360551432,0.8716741081801834,0.40713427482265996,0.36015006252605253,0.3243825537044467,0.22905620360551432,0.9939325842696629,0.09875704679752768,0.7709437963944857,8.527039745167592,0.17519663957542517,48.67125171939473
