ROC_AUC_score,prediction_threshold,TN,FP,FN,TP,sensitivity,specificity,BA,Accuracy,precision,ROC_ACU_score_discretized,MCC,f1_score,cohen_kappa,PPV_score,NPV_score,FPR_score,FDR_score,PLR_score,NLR_score,DOR_score
0.9201086246319199,0.5824692335220459,16483,1921,0.19626168224299065,516,0.8037383177570093,0.8956205172788524,0.8496794175179309,0.8925233644859814,0.21173574066475173,0.8496794175179309,0.37785413993997724,0.33517375771354335,0.2976997714034595,0.21173574066475173,0.9924137515804684,0.10437948272114758,0.7882642593352482,7.7001561686621525,0.21913486622580844,35.13889095461192
