ROC_AUC_score,prediction_threshold,TN,FP,FN,TP,sensitivity,specificity,BA,Accuracy,precision,ROC_ACU_score_discretized,MCC,f1_score,cohen_kappa,PPV_score,NPV_score,FPR_score,FDR_score,PLR_score,NLR_score,DOR_score
0.9255434109204216,0.5428147846577189,16279,2125,0.17133956386292834,532,0.8286604361370716,0.8845359704412085,0.85659820328914,0.8826525254646646,0.20022581859239744,0.85659820328914,0.3715016678308777,0.3225219763564717,0.2836254677331642,0.20022581859239744,0.9932881810970773,0.11546402955879156,0.7997741814076026,7.176784313725492,0.19370559207158508,37.04995935828878
