ROC_AUC_score,prediction_threshold,TN,FP,FN,TP,sensitivity,specificity,BA,Accuracy,precision,ROC_ACU_score_discretized,MCC,f1_score,cohen_kappa,PPV_score,NPV_score,FPR_score,FDR_score,PLR_score,NLR_score,DOR_score
0.9190103031961633,0.4810960564998197,12602,2121,0.13255360623781676,445,0.8674463937621832,0.8559396862052571,0.8616930399837202,0.8563271199789971,0.17342166796570538,0.8616930399837202,0.3486666046520044,0.2890548879506333,0.24678384264406772,0.17342166796570538,0.9946329913180741,0.1440603137947429,0.8265783320342946,6.021411247223302,0.15486325540702875,38.882117203316966
