ROC_AUC_score,prediction_threshold,TN,FP,FN,TP,sensitivity,specificity,BA,Accuracy,precision,ROC_ACU_score_discretized,MCC,f1_score,cohen_kappa,PPV_score,NPV_score,FPR_score,FDR_score,PLR_score,NLR_score,DOR_score
0.9253044848031817,0.4810960564998197,15797,2607,0.13239875389408098,557,0.867601246105919,0.858346011736579,0.8629736289212491,0.8586579859288039,0.17604298356510745,0.862973628921249,0.35201231891286794,0.2926957435627956,0.2507021110242377,0.17604298356510745,0.994648029215464,0.141653988263421,0.8239570164348925,6.124792226058048,0.15424869700998076,39.70725422505021
