ROC_AUC_score,prediction_threshold,TN,FP,FN,TP,sensitivity,specificity,BA,Accuracy,precision,ROC_ACU_score_discretized,MCC,f1_score,cohen_kappa,PPV_score,NPV_score,FPR_score,FDR_score,PLR_score,NLR_score,DOR_score
0.9293091301763733,0.49960720290604205,12957,1766,0.15594541910331383,433,0.8440545808966862,0.8800516199144196,0.8620531004055529,0.878839590443686,0.19690768531150524,0.8620531004055529,0.3716701283916002,0.3193215339233038,0.2800082367696505,0.19690768531150524,0.9938636189307356,0.11994838008558038,0.8030923146884947,7.036815172447287,0.17720030913468315,39.71107729331823
