ROC_AUC_score,prediction_threshold,TN,FP,FN,TP,sensitivity,specificity,BA,Accuracy,precision,ROC_ACU_score_discretized,MCC,f1_score,cohen_kappa,PPV_score,NPV_score,FPR_score,FDR_score,PLR_score,NLR_score,DOR_score
0.9272887649373257,0.49960720290604205,16129,2275,0.14330218068535824,550,0.8566978193146417,0.8763855683547055,0.8665416938346736,0.875721936364591,0.19469026548672566,0.8665416938346735,0.37224507988801836,0.3172771848860686,0.2775939344267916,0.19469026548672566,0.9943283398064238,0.1236144316452945,0.8053097345132744,6.93040293040293,0.1635149936966541,42.38389870998565
