ROC_AUC_score,prediction_threshold,TN,FP,FN,TP,sensitivity,specificity,BA,Accuracy,precision,ROC_ACU_score_discretized,MCC,f1_score,cohen_kappa,PPV_score,NPV_score,FPR_score,FDR_score,PLR_score,NLR_score,DOR_score
0.9219914101856782,0.4483031248581644,12621,2102,0.14230019493177387,440,0.8576998050682261,0.8572301840657475,0.8574649945669868,0.8572459963244946,0.17309205350118018,0.8574649945669868,0.3458862782018536,0.28805237315875615,0.24579215095636808,0.17309205350118018,0.9942492516149362,0.14276981593425253,0.8269079464988198,6.0075709943004245,0.16599998177485994,36.19019068597421
