ROC_AUC_score,prediction_threshold,TN,FP,FN,TP,sensitivity,specificity,BA,Accuracy,precision,ROC_ACU_score_discretized,MCC,f1_score,cohen_kappa,PPV_score,NPV_score,FPR_score,FDR_score,PLR_score,NLR_score,DOR_score
0.9260579949773888,0.4483031248581644,15673,2731,0.1277258566978193,560,0.8722741433021807,0.8516083460117366,0.8619412446569586,0.8523049459204033,0.1701610452749924,0.8619412446569586,0.3455560910679749,0.28476989575387746,0.24201083287161917,0.1701610452749924,0.9947953030783878,0.14839165398826343,0.8298389547250076,5.878188697668744,0.14998192220166318,39.19264809638211
