ROC_AUC_score,prediction_threshold,TN,FP,FN,TP,sensitivity,specificity,BA,Accuracy,precision,ROC_ACU_score_discretized,MCC,f1_score,cohen_kappa,PPV_score,NPV_score,FPR_score,FDR_score,PLR_score,NLR_score,DOR_score
0.935410893221265,0.5442425049120234,13143,1580,0.15009746588693956,436,0.8499025341130604,0.8926849147592203,0.8712937244361403,0.8912444211079024,0.21626984126984128,0.8712937244361403,0.3953151438052444,0.3448003163305655,0.30763361031222847,0.21626984126984128,0.9941754916792739,0.10731508524077973,0.7837301587301587,7.919693044143412,0.16814159554541672,47.10133157981259
