ROC_AUC_score,prediction_threshold,TN,FP,FN,TP,sensitivity,specificity,BA,Accuracy,precision,ROC_ACU_score_discretized,MCC,f1_score,cohen_kappa,PPV_score,NPV_score,FPR_score,FDR_score,PLR_score,NLR_score,DOR_score
0.9334543790764707,0.5442425049120234,16379,2025,0.16043613707165108,539,0.839563862928349,0.8899695718322104,0.8647667173802797,0.8882705029927543,0.21021840873634945,0.8647667173802797,0.3857490467758772,0.33624454148471616,0.2984182255973329,0.21021840873634945,0.9937507584031064,0.11003042816778962,0.7897815912636506,7.6302880658436205,0.1802714858456967,42.32664988613209
