ROC_AUC_score,prediction_threshold,TN,FP,FN,TP,sensitivity,specificity,BA,Accuracy,precision,ROC_ACU_score_discretized,MCC,f1_score,cohen_kappa,PPV_score,NPV_score,FPR_score,FDR_score,PLR_score,NLR_score,DOR_score
0.9300307074144643,0.44606943005813615,12670,2053,0.1364522417153996,443,0.8635477582846004,0.8605583101270121,0.8620530342058063,0.8606589656077711,0.17748397435897437,0.8620530342058064,0.35290029485345004,0.2944499833831838,0.25270636685492,0.17748397435897437,0.9945054945054945,0.13944168987298783,0.8225160256410257,6.1928951023985235,0.1585624589404758,39.05650267900633
