ROC_AUC_score,prediction_threshold,TN,FP,FN,TP,sensitivity,specificity,BA,Accuracy,precision,ROC_ACU_score_discretized,MCC,f1_score,cohen_kappa,PPV_score,NPV_score,FPR_score,FDR_score,PLR_score,NLR_score,DOR_score
0.9277678020693051,0.44606943005813615,15791,2613,0.1261682242990654,561,0.8738317757009346,0.8580199956531189,0.8659258856770268,0.8585529770030452,0.1767485822306238,0.8659258856770268,0.35442754459599796,0.2940251572327044,0.25208684259779157,0.1767485822306238,0.9948966733870968,0.1419800043468811,0.8232514177693762,6.154611557596635,0.14704578557406112,41.8550693824326
