ROC_AUC_score,prediction_threshold,TN,FP,FN,TP,sensitivity,specificity,BA,Accuracy,precision,ROC_ACU_score_discretized,MCC,f1_score,cohen_kappa,PPV_score,NPV_score,FPR_score,FDR_score,PLR_score,NLR_score,DOR_score
0.9116053319394314,0.43777507391416415,12337,2386,0.13060428849902533,446,0.8693957115009746,0.8379406370984175,0.8536681742996961,0.8389997374639013,0.1574858757062147,0.8536681742996961,0.327986003875429,0.26666666666666666,0.22232936877226284,0.1574858757062147,0.994598516607546,0.16205936290158257,0.8425141242937854,5.364674375703626,0.15586341408536522,34.419073951282975
