ROC_AUC_score,prediction_threshold,TN,FP,FN,TP,sensitivity,specificity,BA,Accuracy,precision,ROC_ACU_score_discretized,MCC,f1_score,cohen_kappa,PPV_score,NPV_score,FPR_score,FDR_score,PLR_score,NLR_score,DOR_score
0.9253723625028014,0.43777507391416415,15357,3047,0.11838006230529595,566,0.881619937694704,0.8344381656161703,0.8580290516554372,0.8360285624278063,0.15665651812897868,0.8580290516554372,0.3296193747760868,0.2660399529964747,0.22147404745432298,0.15665651812897868,0.9950754875915246,0.1655618343838296,0.8433434818710213,5.325019144513727,0.14186798636886547,37.53503014181332
