{"performances": [0.9250993282646803, 0.926185710000738, 0.9252435472174882, 0.9247866845958586, 0.9250331432757745, 0.9260488543395348, 0.9250252721709555, 0.9251948817844692, 0.9255401947700655, 0.925706334326616], "mean": 0.925386395074618, "std": 0.00044250554203408086}