ROC_AUC_score,prediction_threshold,TN,FP,FN,TP,sensitivity,specificity,BA,Accuracy,precision,ROC_ACU_score_discretized,MCC,f1_score,cohen_kappa,PPV_score,NPV_score,FPR_score,FDR_score,PLR_score,NLR_score,DOR_score
0.9229462753308364,0.5261984803844344,12988,1735,0.15594541910331383,433,0.8440545808966862,0.8821571690552197,0.8631058749759529,0.8808742452087162,0.1997232472324723,0.8631058749759528,0.37496083547261916,0.3230138008205893,0.28402529992998005,0.1997232472324723,0.9938781756963575,0.11784283094478028,0.8002767527675276,7.162545011263346,0.17677736414059822,40.51731988472621
