ROC_AUC_score,prediction_threshold,TN,FP,FN,TP,sensitivity,specificity,BA,Accuracy,precision,ROC_ACU_score_discretized,MCC,f1_score,cohen_kappa,PPV_score,NPV_score,FPR_score,FDR_score,PLR_score,NLR_score,DOR_score
0.9341164233759778,0.501842913697028,12945,1778,0.12475633528265107,449,0.8752436647173489,0.8792365686341099,0.8772401166757294,0.8791021265423996,0.20161652447238437,0.8772401166757294,0.38523225190734506,0.32773722627737223,0.28881206397954384,0.20161652447238437,0.9950803290029979,0.1207634313658901,0.7983834755276156,7.24758856897274,0.1418916588927363,51.07832712317213
