ROC_AUC_score,prediction_threshold,TN,FP,FN,TP,sensitivity,specificity,BA,Accuracy,precision,ROC_ACU_score_discretized,MCC,f1_score,cohen_kappa,PPV_score,NPV_score,FPR_score,FDR_score,PLR_score,NLR_score,DOR_score
0.9289679339653237,0.501842913697028,16186,2218,0.13862928348909656,553,0.8613707165109035,0.8794827211475766,0.87042671882924,0.8788722041373517,0.19956694334175387,0.87042671882924,0.3792077156345107,0.32405508350424844,0.28491524774406096,0.19956694334175387,0.994531490015361,0.12051727885242339,0.8004330566582462,7.147279831680194,0.15762593187528312,45.34329945998523
