ROC_AUC_score,prediction_threshold,TN,FP,FN,TP,sensitivity,specificity,BA,Accuracy,precision,ROC_ACU_score_discretized,MCC,f1_score,cohen_kappa,PPV_score,NPV_score,FPR_score,FDR_score,PLR_score,NLR_score,DOR_score
0.9276439417500487,0.4968349964217127,12834,1889,0.1442495126705653,439,0.8557504873294347,0.871697344291245,0.8637239158103398,0.871160409556314,0.18857388316151202,0.8637239158103399,0.364701648102653,0.3090461105244632,0.2686919327085239,0.18857388316151202,0.9942671211651689,0.12830265570875501,0.811426116838488,6.669780002621106,0.16548118864334835,40.3053667749274
