ROC_AUC_score,prediction_threshold,TN,FP,FN,TP,sensitivity,specificity,BA,Accuracy,precision,ROC_ACU_score_discretized,MCC,f1_score,cohen_kappa,PPV_score,NPV_score,FPR_score,FDR_score,PLR_score,NLR_score,DOR_score
0.9335234416735899,0.4968349964217127,15999,2405,0.12149532710280374,564,0.8785046728971962,0.869321886546403,0.8739132797217997,0.869631418670587,0.18996295048837994,0.8739132797217996,0.37206336273654944,0.31237884242592084,0.2720274076392206,0.18996295048837994,0.9951483485724949,0.13067811345359703,0.81003704951162,6.7226611226611235,0.13975873492093258,48.10190308651847
