ROC_AUC_score,prediction_threshold,TN,FP,FN,TP,sensitivity,specificity,BA,Accuracy,precision,ROC_ACU_score_discretized,MCC,f1_score,cohen_kappa,PPV_score,NPV_score,FPR_score,FDR_score,PLR_score,NLR_score,DOR_score
0.9330822509343762,0.38653692334655587,12192,2531,0.09161793372319688,466,0.9083820662768031,0.828092100794675,0.868237083535739,0.8307954843791021,0.15548882215548882,0.868237083535739,0.33419351458958013,0.26552706552706556,0.22071966598786374,0.15548882215548882,0.9961598169785113,0.171907899205325,0.8445111778445111,5.284120569653643,0.11063737190014997,47.76072026026208
