ROC_AUC_score,prediction_threshold,TN,FP,FN,TP,sensitivity,specificity,BA,Accuracy,precision,ROC_ACU_score_discretized,MCC,f1_score,cohen_kappa,PPV_score,NPV_score,FPR_score,FDR_score,PLR_score,NLR_score,DOR_score
0.9304585350198149,0.38653692334655587,15169,3235,0.10903426791277258,572,0.8909657320872274,0.8242229950010868,0.8575943635441571,0.8264727501837656,0.1502495403204623,0.8575943635441571,0.32275621501571616,0.25713643515396717,0.2116590149523343,0.1502495403204623,0.9954065227377125,0.17577700499891327,0.8497504596795377,5.068727460072129,0.13228734040916784,38.31604327666152
