ROC_AUC_score,prediction_threshold,TN,FP,FN,TP,sensitivity,specificity,BA,Accuracy,precision,ROC_ACU_score_discretized,MCC,f1_score,cohen_kappa,PPV_score,NPV_score,FPR_score,FDR_score,PLR_score,NLR_score,DOR_score
0.9398086747883164,0.4460319680539445,12598,2125,0.10916179337231968,457,0.8908382066276803,0.8556680024451538,0.8732531045364171,0.8568521921764243,0.17699457784663053,0.8732531045364171,0.35892047092320645,0.2953150242326332,0.2533703102806507,0.17699457784663053,0.9955745218903114,0.14433199755484616,0.8230054221533695,6.1721463134961585,0.12757493918246252,48.38055462184874
