ROC_AUC_score,prediction_threshold,TN,FP,FN,TP,sensitivity,specificity,BA,Accuracy,precision,ROC_ACU_score_discretized,MCC,f1_score,cohen_kappa,PPV_score,NPV_score,FPR_score,FDR_score,PLR_score,NLR_score,DOR_score
0.9297652853470159,0.4460319680539445,15741,2663,0.13239875389408098,557,0.867601246105919,0.8553031949576179,0.8614522205317685,0.8557177360075606,0.17298136645962733,0.8614522205317685,0.34808956366536287,0.2884515794924909,0.2460742667957263,0.17298136645962733,0.9946290913686339,0.14469680504238208,0.8270186335403726,5.995994492427085,0.15479745039493464,38.73445251927282
