ROC_AUC_score,prediction_threshold,TN,FP,FN,TP,sensitivity,specificity,BA,Accuracy,precision,ROC_ACU_score_discretized,MCC,f1_score,cohen_kappa,PPV_score,NPV_score,FPR_score,FDR_score,PLR_score,NLR_score,DOR_score
0.9251548312773678,0.4354803075632693,12358,2365,0.11306042884990253,455,0.8869395711500975,0.8393669768389594,0.8631532739945285,0.8409687582042531,0.16134751773049646,0.8631532739945285,0.3373349910864882,0.27302730273027304,0.22910496575069295,0.16134751773049646,0.9953286082474226,0.16063302316104056,0.8386524822695035,5.521526979299317,0.13469725634869031,40.99212655828534
