ROC_AUC_score,prediction_threshold,TN,FP,FN,TP,sensitivity,specificity,BA,Accuracy,precision,ROC_ACU_score_discretized,MCC,f1_score,cohen_kappa,PPV_score,NPV_score,FPR_score,FDR_score,PLR_score,NLR_score,DOR_score
0.9259411133026073,0.4354803075632693,15478,2926,0.12305295950155763,563,0.8769470404984424,0.8410128232992827,0.8589799318988626,0.8422240890475691,0.16136428776153625,0.8589799318988626,0.334973446943476,0.2725732268215928,0.2286538322878362,0.16136428776153625,0.9949219001092756,0.15898717670071724,0.8386357122384638,5.51583504215083,0.14631520006891496,37.69830502608651
