ROC_AUC_score,prediction_threshold,TN,FP,FN,TP,sensitivity,specificity,BA,Accuracy,precision,ROC_ACU_score_discretized,MCC,f1_score,cohen_kappa,PPV_score,NPV_score,FPR_score,FDR_score,PLR_score,NLR_score,DOR_score
0.9440060035226209,0.47673861375319737,12695,2028,0.10136452241715399,461,0.898635477582846,0.8622563336276574,0.8804459056052517,0.863481228668942,0.18521494576134995,0.8804459056052517,0.3712473032393685,0.307128580946036,0.26615589694864095,0.18521494576134995,0.9959206087706911,0.1377436663723426,0.8147850542386501,6.523969495292032,0.11755729527749179,55.49608367470794
