ROC_AUC_score,prediction_threshold,TN,FP,FN,TP,sensitivity,specificity,BA,Accuracy,precision,ROC_ACU_score_discretized,MCC,f1_score,cohen_kappa,PPV_score,NPV_score,FPR_score,FDR_score,PLR_score,NLR_score,DOR_score
0.9272204640600278,0.47673861375319737,15821,2583,0.13239875389408098,557,0.867601246105919,0.8596500760704194,0.8636256610881692,0.8599180930379082,0.17738853503184712,0.8636256610881692,0.3537226196559082,0.29455314648334213,0.25272691796902036,0.17738853503184712,0.9946561046146108,0.14034992392958054,0.8226114649681529,6.181700864627692,0.15401470619219176,40.13708182459976
