ROC_AUC_score,prediction_threshold,TN,FP,FN,TP,sensitivity,specificity,BA,Accuracy,precision,ROC_ACU_score_discretized,MCC,f1_score,cohen_kappa,PPV_score,NPV_score,FPR_score,FDR_score,PLR_score,NLR_score,DOR_score
0.9327201383203985,0.4440320233837476,12305,2418,0.09551656920077972,464,0.9044834307992202,0.8357671670175916,0.8701252989084058,0.8380808611184037,0.16099930603747398,0.8701252989084057,0.340945386879811,0.2733431516936672,0.2292852009650007,0.16099930603747398,0.996033673304193,0.16423283298240848,0.8390006939625261,5.5073240494859075,0.11428609901203418,48.18892321196468
