ROC_AUC_score,prediction_threshold,TN,FP,FN,TP,sensitivity,specificity,BA,Accuracy,precision,ROC_ACU_score_discretized,MCC,f1_score,cohen_kappa,PPV_score,NPV_score,FPR_score,FDR_score,PLR_score,NLR_score,DOR_score
0.9244381554599062,0.4440320233837476,15388,3016,0.11682242990654206,567,0.883177570093458,0.836122582047381,0.8596500760704195,0.8377087052399455,0.1582472788166341,0.8596500760704195,0.33217236337164824,0.2684023668639053,0.22403935384328988,0.1582472788166341,0.9951497122162581,0.163877417952619,0.8417527211833659,5.389257294429708,0.13971926176241223,38.57204244031831
