ROC_AUC_score,prediction_threshold,TN,FP,FN,TP,sensitivity,specificity,BA,Accuracy,precision,ROC_ACU_score_discretized,MCC,f1_score,cohen_kappa,PPV_score,NPV_score,FPR_score,FDR_score,PLR_score,NLR_score,DOR_score
0.9337131345196064,0.504062679734207,12892,1831,0.12475633528265107,449,0.8752436647173489,0.8756367588127419,0.8754402117650455,0.8756235232344447,0.1969298245614035,0.8754402117650454,0.37968612535156115,0.32151808091657713,0.2820511060735049,0.1969298245614035,0.9950602037665947,0.12436324118725803,0.8030701754385965,7.037800368997011,0.14247498637654915,49.396743582741664
