ROC_AUC_score,prediction_threshold,TN,FP,FN,TP,sensitivity,specificity,BA,Accuracy,precision,ROC_ACU_score_discretized,MCC,f1_score,cohen_kappa,PPV_score,NPV_score,FPR_score,FDR_score,PLR_score,NLR_score,DOR_score
0.9214788739546664,0.504062679734207,16019,2385,0.1557632398753894,542,0.8442367601246106,0.8704086068246033,0.8573226834746069,0.8695264097448283,0.1851725316023232,0.8573226834746069,0.3576298824862178,0.3037265340431493,0.26297741594713386,0.1851725316023232,0.9937961411998263,0.12959139317539664,0.8148274683976768,6.514605171208943,0.17895415860332525,36.403765199161406
