ROC_AUC_score,prediction_threshold,TN,FP,FN,TP,sensitivity,specificity,BA,Accuracy,precision,ROC_ACU_score_discretized,MCC,f1_score,cohen_kappa,PPV_score,NPV_score,FPR_score,FDR_score,PLR_score,NLR_score,DOR_score
0.9306321225035057,0.5566185597326825,16500,1904,0.1822429906542056,525,0.8177570093457944,0.8965442295153228,0.8571506194305586,0.8938884805208442,0.21613832853025935,0.8571506194305586,0.38646926602073767,0.3419081732334744,0.30484067324972475,0.21613832853025935,0.9929590178732624,0.10345577048467725,0.7838616714697406,7.904411764705882,0.20327272727272724,38.88574660633485
