ROC_AUC_score,prediction_threshold,TN,FP,FN,TP,sensitivity,specificity,BA,Accuracy,precision,ROC_ACU_score_discretized,MCC,f1_score,cohen_kappa,PPV_score,NPV_score,FPR_score,FDR_score,PLR_score,NLR_score,DOR_score
0.9213956124661538,0.5537183889177675,13099,1624,0.17543859649122806,423,0.8245614035087719,0.8896963933980846,0.8571288984534282,0.8875032817012339,0.2066438690766976,0.8571288984534282,0.3777869683816608,0.33046875000000003,0.29236538387854427,0.2066438690766976,0.9931761316248389,0.11030360660191538,0.7933561309233024,7.475380260997318,0.1971892859104016,37.90966748768472
