ROC_AUC_score,prediction_threshold,TN,FP,FN,TP,sensitivity,specificity,BA,Accuracy,precision,ROC_ACU_score_discretized,MCC,f1_score,cohen_kappa,PPV_score,NPV_score,FPR_score,FDR_score,PLR_score,NLR_score,DOR_score
0.9273352298464169,0.5537183889177675,16326,2078,0.16355140186915887,537,0.8364485981308412,0.8870897630949793,0.8617691806129102,0.8853827575343904,0.20535372848948374,0.8617691806129102,0.37941748748320825,0.32975130488179305,0.2913966219641627,0.20535372848948374,0.9936096403140405,0.11291023690502065,0.7946462715105163,7.4080846968238685,0.18436849197598917,40.18086071772309
