{"performances": [0.9340641781110838, 0.9337317297269115, 0.9337486568340486, 0.9335065145664528, 0.933866384864187, 0.9339985009353922, 0.9338475111397293, 0.9338525046363347, 0.9343424597524174, 0.9347972911211908], "mean": 0.9339755731687749, "std": 0.00034534578746522665}