ROC_AUC_score,prediction_threshold,TN,FP,FN,TP,sensitivity,specificity,BA,Accuracy,precision,ROC_ACU_score_discretized,MCC,f1_score,cohen_kappa,PPV_score,NPV_score,FPR_score,FDR_score,PLR_score,NLR_score,DOR_score
0.9302790888637594,0.6049279240072152,13379,1344,0.15789473684210525,432,0.8421052631578947,0.9087142566053115,0.8754097598816031,0.9064715148332896,0.24324324324324326,0.8754097598816031,0.4220349160786479,0.37745740498034075,0.3431373367668462,0.24324324324324326,0.9939821693907875,0.09128574339468858,0.7567567567567568,9.2249373433584,0.17375620080172782,53.09126984126985
