ROC_AUC_score,prediction_threshold,TN,FP,FN,TP,sensitivity,specificity,BA,Accuracy,precision,ROC_ACU_score_discretized,MCC,f1_score,cohen_kappa,PPV_score,NPV_score,FPR_score,FDR_score,PLR_score,NLR_score,DOR_score
0.9293495555957292,0.6049279240072152,16753,1651,0.20093457943925233,513,0.7990654205607477,0.9102912410345577,0.8546783307976527,0.9065420560747663,0.23706099815157117,0.8546783307976528,0.4034109680091779,0.36564504632929434,0.33085533262935574,0.23706099815157117,0.9923587252695178,0.0897087589654423,0.7629390018484289,8.907328891580862,0.2207365844923297,40.35275308833267
