ROC_AUC_score,prediction_threshold,TN,FP,FN,TP,sensitivity,specificity,BA,Accuracy,precision,ROC_ACU_score_discretized,MCC,f1_score,cohen_kappa,PPV_score,NPV_score,FPR_score,FDR_score,PLR_score,NLR_score,DOR_score
0.9444116755698707,0.5171608934372,12983,1740,0.11695906432748537,453,0.8830409356725146,0.8818175643550906,0.8824292500138027,0.8818587555788922,0.20656634746922026,0.8824292500138027,0.3930337753558819,0.3348115299334812,0.29641389359360737,0.20656634746922026,0.9953998313271487,0.11818243564490932,0.7934336525307798,7.471845802245073,0.1326340833469589,56.33428160919538
