ROC_AUC_score,prediction_threshold,TN,FP,FN,TP,sensitivity,specificity,BA,Accuracy,precision,ROC_ACU_score_discretized,MCC,f1_score,cohen_kappa,PPV_score,NPV_score,FPR_score,FDR_score,PLR_score,NLR_score,DOR_score
0.9279614481749532,0.5171608934372,16121,2283,0.15109034267912771,545,0.8489096573208723,0.8759508802434254,0.8624302687821488,0.8750393783471595,0.1927157001414427,0.8624302687821489,0.36790842444794614,0.3141210374639769,0.27424604778970896,0.1927157001414427,0.9940189912442965,0.12404911975657466,0.8072842998585573,6.843334793400499,0.17248723197485677,39.67444265322805
