ROC_AUC_score,prediction_threshold,TN,FP,FN,TP,sensitivity,specificity,BA,Accuracy,precision,ROC_ACU_score_discretized,MCC,f1_score,cohen_kappa,PPV_score,NPV_score,FPR_score,FDR_score,PLR_score,NLR_score,DOR_score
0.9345706860372421,0.5244803241660946,12955,1768,0.13840155945419103,442,0.8615984405458089,0.879915778034368,0.8707571092900885,0.8792990286164347,0.2,0.8707571092900885,0.37981721754211106,0.3246419390378259,0.2855970428275576,0.2,0.9945493628128359,0.12008422196563201,0.8,7.1749512670565325,0.15728955305627595,45.6161971830986
