ROC_AUC_score,prediction_threshold,TN,FP,FN,TP,sensitivity,specificity,BA,Accuracy,precision,ROC_ACU_score_discretized,MCC,f1_score,cohen_kappa,PPV_score,NPV_score,FPR_score,FDR_score,PLR_score,NLR_score,DOR_score
0.9191366701401092,0.5244803241660946,16145,2259,0.17289719626168223,531,0.8271028037383178,0.8772549445772658,0.8521788741577918,0.8755644229759529,0.19032258064516128,0.8521788741577918,0.3595075172349418,0.3094405594405594,0.2694002244482313,0.19032258064516128,0.9931717519685039,0.12274505542273419,0.8096774193548387,6.738379814077026,0.1970888820068132,34.18954811385092
