ROC_AUC_score,prediction_threshold,TN,FP,FN,TP,sensitivity,specificity,BA,Accuracy,precision,ROC_ACU_score_discretized,MCC,f1_score,cohen_kappa,PPV_score,NPV_score,FPR_score,FDR_score,PLR_score,NLR_score,DOR_score
0.9260577958211808,0.48991324753842896,12728,1995,0.13450292397660818,444,0.8654970760233918,0.8644977246485092,0.8649974003359504,0.8645313730637962,0.1820418204182042,0.8649974003359504,0.3591010048382964,0.3008130081300813,0.2596196971822321,0.1820418204182042,0.9946081112760803,0.13550227535149087,0.8179581795817958,6.387325037740551,0.1555850526168764,41.05359049798408
