ROC_AUC_score,prediction_threshold,TN,FP,FN,TP,sensitivity,specificity,BA,Accuracy,precision,ROC_ACU_score_discretized,MCC,f1_score,cohen_kappa,PPV_score,NPV_score,FPR_score,FDR_score,PLR_score,NLR_score,DOR_score
0.9310358340087248,0.48991324753842896,15884,2520,0.13239875389408098,557,0.867601246105919,0.8630732449467508,0.8653372455263348,0.863225874199307,0.1810204744881378,0.8653372455263348,0.35829847812048643,0.29954288787308414,0.25816484230263437,0.1810204744881378,0.9946771870499092,0.1369267550532493,0.8189795255118621,6.336243386243389,0.15340384453957856,41.304332399626546
