{"performances": [0.9288257462653724, 0.9292255645359503, 0.9287829206843154, 0.9290681424395754, 0.92930952298735, 0.9289830837262114, 0.9284805179153117, 0.9289995876556703, 0.9286469960140049, 0.9289683571430024], "mean": 0.9289290439366764, "std": 0.0002396306422267392}