ROC_AUC_score,prediction_threshold,TN,FP,FN,TP,sensitivity,specificity,BA,Accuracy,precision,ROC_ACU_score_discretized,MCC,f1_score,cohen_kappa,PPV_score,NPV_score,FPR_score,FDR_score,PLR_score,NLR_score,DOR_score
0.9216810657735527,0.4718198914743143,12644,2079,0.15009746588693956,436,0.8499025341130604,0.8587923656863411,0.8543474498997008,0.8584930427933841,0.17335984095427434,0.8543474498997008,0.34433924660457693,0.28797886393659183,0.24579483897518262,0.17335984095427434,0.9939470167439667,0.1412076343136589,0.8266401590457256,6.018814338502447,0.17477736398714108,34.437035787685126
