ROC_AUC_score,prediction_threshold,TN,FP,FN,TP,sensitivity,specificity,BA,Accuracy,precision,ROC_ACU_score_discretized,MCC,f1_score,cohen_kappa,PPV_score,NPV_score,FPR_score,FDR_score,PLR_score,NLR_score,DOR_score
0.9315850339997874,0.4718198914743143,15829,2575,0.10903426791277258,572,0.8909657320872274,0.8600847641816997,0.8755252481344635,0.8611256956841331,0.1817604067365745,0.8755252481344634,0.3649719497344513,0.3019266297176036,0.26052101690336404,0.1817604067365745,0.9955972073715328,0.13991523581830037,0.8182395932634254,6.367896440129451,0.1267715374734138,50.23127877947296
