ROC_AUC_score,prediction_threshold,TN,FP,FN,TP,sensitivity,specificity,BA,Accuracy,precision,ROC_ACU_score_discretized,MCC,f1_score,cohen_kappa,PPV_score,NPV_score,FPR_score,FDR_score,PLR_score,NLR_score,DOR_score
0.9248160209741982,0.5127407932503962,12877,1846,0.12085769980506822,451,0.8791423001949318,0.8746179447123548,0.8768801224536433,0.8747702809136256,0.19634305616020897,0.8768801224536433,0.3799786649901103,0.3209964412811388,0.2814422268218473,0.19634305616020897,0.995208285029755,0.12538205528764518,0.803656943839791,7.011707522085577,0.13818342115632676,50.74203159403066
