ROC_AUC_score,prediction_threshold,TN,FP,FN,TP,sensitivity,specificity,BA,Accuracy,precision,ROC_ACU_score_discretized,MCC,f1_score,cohen_kappa,PPV_score,NPV_score,FPR_score,FDR_score,PLR_score,NLR_score,DOR_score
0.9251951356910761,0.5127407932503962,16173,2231,0.15109034267912771,545,0.8489096573208723,0.8787763529667464,0.8638430051438093,0.8777696104168854,0.1963256484149856,0.8638430051438094,0.37218952382018106,0.3188999414862493,0.27944746231907236,0.1963256484149856,0.9940381069452981,0.12122364703325364,0.8036743515850144,7.002838786792173,0.17193264494321808,40.73012887753171
