{"performances": [0.9251614507478735, 0.9246038718387781, 0.9247774593224688, 0.9242445939897935, 0.9247804215662179, 0.9247562158030118, 0.9245661243898624, 0.9250409297450575, 0.9249964960888227, 0.924788715848715], "mean": 0.9247716279340601, "std": 0.0002497659774391713}