ROC_AUC_score,prediction_threshold,TN,FP,FN,TP,sensitivity,specificity,BA,Accuracy,precision,ROC_ACU_score_discretized,MCC,f1_score,cohen_kappa,PPV_score,NPV_score,FPR_score,FDR_score,PLR_score,NLR_score,DOR_score
0.9217140332473662,0.5714623763001492,13295,1428,0.16374269005847952,429,0.8362573099415205,0.9030088976431434,0.8696331037923319,0.9007613546862694,0.2310177705977383,0.8696331037923319,0.40760538651470596,0.3620253164556962,0.3264879427393924,0.2310177705977383,0.9937215038493161,0.09699110235685662,0.7689822294022617,8.622000262093144,0.18133009595569718,47.548644457783126
