ROC_AUC_score,prediction_threshold,TN,FP,FN,TP,sensitivity,specificity,BA,Accuracy,precision,ROC_ACU_score_discretized,MCC,f1_score,cohen_kappa,PPV_score,NPV_score,FPR_score,FDR_score,PLR_score,NLR_score,DOR_score
0.9253470564776316,0.5714623763001492,16527,1877,0.1838006230529595,524,0.8161993769470405,0.8980113018908933,0.8571053394189669,0.8952535965557072,0.2182423990004165,0.8571053394189668,0.3883398745728394,0.3443969766677621,0.30756451304690324,0.2182423990004165,0.992910784019225,0.10198869810910671,0.7817576009995835,8.002841413603267,0.20467517799156937,39.100204979095736
