ROC_AUC_score,prediction_threshold,TN,FP,FN,TP,sensitivity,specificity,BA,Accuracy,precision,ROC_ACU_score_discretized,MCC,f1_score,cohen_kappa,PPV_score,NPV_score,FPR_score,FDR_score,PLR_score,NLR_score,DOR_score
0.9329596490036474,0.5110609984515944,12944,1779,0.1286549707602339,447,0.8713450292397661,0.8791686476940841,0.875256838466925,0.8789052244683644,0.20080862533692723,0.875256838466925,0.38327829093617244,0.32639649507119384,0.2873971722638742,0.20080862533692723,0.9949269792467332,0.12083135230591592,0.7991913746630728,7.211249502808925,0.1463370777582605,49.27834840819665
