ROC_AUC_score,prediction_threshold,TN,FP,FN,TP,sensitivity,specificity,BA,Accuracy,precision,ROC_ACU_score_discretized,MCC,f1_score,cohen_kappa,PPV_score,NPV_score,FPR_score,FDR_score,PLR_score,NLR_score,DOR_score
0.927670979016481,0.5110609984515944,16133,2271,0.16043613707165108,539,0.839563862928349,0.8766029124103456,0.8580833876693472,0.8753544051244356,0.19181494661921708,0.8580833876693472,0.3644560082990917,0.3122827346465817,0.27235094776283886,0.19181494661921708,0.9936560729243656,0.12339708758965443,0.808185053380783,6.80375752238368,0.18302031033699037,37.1748769841779
