{"performances": [0.9200435399049781, 0.9198245877741599, 0.9197384287988322, 0.9199303821937668, 0.9192250296393647, 0.9199243730707328, 0.9202338852247344, 0.9201086246319199, 0.9196455836161854, 0.9195314102785459], "mean": 0.919820584513322, "std": 0.000283199494596438}