ROC_AUC_score,prediction_threshold,TN,FP,FN,TP,sensitivity,specificity,BA,Accuracy,precision,ROC_ACU_score_discretized,MCC,f1_score,cohen_kappa,PPV_score,NPV_score,FPR_score,FDR_score,PLR_score,NLR_score,DOR_score
0.9382662206922135,0.46987049318459656,12654,2069,0.10721247563352826,458,0.8927875243664717,0.8594715750865992,0.8761295497265355,0.8605933315830927,0.1812425801345469,0.8761295497265356,0.3648093641476437,0.3013157894736842,0.25988661155614,0.1812425801345469,0.9956723581713747,0.1405284249134008,0.8187574198654531,6.3530742973647,0.12474231695530562,50.92958390087436
