ROC_AUC_score,prediction_threshold,TN,FP,FN,TP,sensitivity,specificity,BA,Accuracy,precision,ROC_ACU_score_discretized,MCC,f1_score,cohen_kappa,PPV_score,NPV_score,FPR_score,FDR_score,PLR_score,NLR_score,DOR_score
0.9232452175844206,0.46987049318459656,15706,2698,0.13707165109034267,554,0.8629283489096573,0.8534014344707672,0.8581648916902123,0.8537225664181456,0.17035670356703567,0.8581648916902123,0.3435700511516567,0.28454031843862354,0.24185608492787125,0.17035670356703567,0.9944282638976827,0.14659856552923278,0.8296432964329643,5.886335557202866,0.1606180228362834,36.64803895141181
