ROC_AUC_score,prediction_threshold,TN,FP,FN,TP,sensitivity,specificity,BA,Accuracy,precision,ROC_ACU_score_discretized,MCC,f1_score,cohen_kappa,PPV_score,NPV_score,FPR_score,FDR_score,PLR_score,NLR_score,DOR_score
0.9327229187097562,0.5693162467924829,13260,1463,0.15984405458089668,431,0.8401559454191033,0.90063166474224,0.8703938050806717,0.8985954318718824,0.2275607180570222,0.8703938050806715,0.40499540252754274,0.3581221437474035,0.3222070217030857,0.2275607180570222,0.9938539949033128,0.09936833525775997,0.7724392819429778,8.45496649651774,0.17747994084423394,47.63899771601952
