ROC_AUC_score,prediction_threshold,TN,FP,FN,TP,sensitivity,specificity,BA,Accuracy,precision,ROC_ACU_score_discretized,MCC,f1_score,cohen_kappa,PPV_score,NPV_score,FPR_score,FDR_score,PLR_score,NLR_score,DOR_score
0.9241219570985856,0.5693162467924829,16507,1897,0.1853582554517134,523,0.8146417445482866,0.8969245816126928,0.8557831630804897,0.894151002835241,0.21611570247933884,0.8557831630804899,0.385600370752516,0.34160679294578705,0.3045527484709183,0.21611570247933884,0.9928425357873211,0.1030754183873071,0.7838842975206611,7.903356176418903,0.20665980089255062,38.24331651479778
