{"performances": [0.9336515798746176, 0.9337422245333367, 0.9350067640720119, 0.9337341841574465, 0.9336215342594492, 0.934101502382321, 0.9329475814887865, 0.9335912347376738, 0.9341582081912303, 0.9342296405833489], "mean": 0.9338784454280221, "std": 0.0005128644105662359}