ROC_AUC_score,prediction_threshold,TN,FP,FN,TP,sensitivity,specificity,BA,Accuracy,precision,ROC_ACU_score_discretized,MCC,f1_score,cohen_kappa,PPV_score,NPV_score,FPR_score,FDR_score,PLR_score,NLR_score,DOR_score
0.9315231145021269,0.47741860581912,12723,2000,0.13060428849902533,446,0.8693957115009746,0.8641581199483801,0.8667769157246774,0.8643344709897611,0.18233851185609157,0.8667769157246773,0.3604336499947638,0.3014531936465022,0.26027591476132894,0.18233851185609157,0.9947615324472244,0.1358418800516199,0.8176614881439084,6.400056530214425,0.15113471190530148,42.346701492537306
