ROC_AUC_score,prediction_threshold,TN,FP,FN,TP,sensitivity,specificity,BA,Accuracy,precision,ROC_ACU_score_discretized,MCC,f1_score,cohen_kappa,PPV_score,NPV_score,FPR_score,FDR_score,PLR_score,NLR_score,DOR_score
0.9269239857785216,0.47741860581912,15829,2575,0.13551401869158877,555,0.8644859813084113,0.8600847641816997,0.8622853727450555,0.8602331198151842,0.17731629392971246,0.8622853727450555,0.35287044712722065,0.2942735949098621,0.2524548162358644,0.17731629392971246,0.9945338024629304,0.13991523581830037,0.8226837060702875,6.178640776699031,0.15755891085981422,39.21479745564113
