ROC_AUC_score,prediction_threshold,TN,FP,FN,TP,sensitivity,specificity,BA,Accuracy,precision,ROC_ACU_score_discretized,MCC,f1_score,cohen_kappa,PPV_score,NPV_score,FPR_score,FDR_score,PLR_score,NLR_score,DOR_score
0.9320654228263875,0.5045334538498496,12834,1889,0.1111111111111111,456,0.8888888888888888,0.871697344291245,0.8802931165900669,0.8722761879758467,0.19445628997867803,0.8802931165900669,0.38018114223787325,0.31910426871938413,0.2792823504239993,0.19445628997867803,0.9955783104491506,0.12830265570875501,0.805543710021322,6.928063055114406,0.12746523990095757,54.352567496029636
