ROC_AUC_score,prediction_threshold,TN,FP,FN,TP,sensitivity,specificity,BA,Accuracy,precision,ROC_ACU_score_discretized,MCC,f1_score,cohen_kappa,PPV_score,NPV_score,FPR_score,FDR_score,PLR_score,NLR_score,DOR_score
0.9337422245333367,0.5045334538498496,16062,2342,0.14018691588785046,552,0.8598130841121495,0.8727450554227342,0.8662790697674418,0.8723091462774336,0.19073946095369732,0.8662790697674418,0.36830134781832263,0.3122171945701358,0.27205219613910003,0.19073946095369732,0.9944279346210996,0.1272549445772658,0.8092605390463027,6.75661827497865,0.16062756817332838,42.06387702818103
