{"performances": [0.9225870070233952, 0.9225509522851933, 0.9223539207581177, 0.9223017852681356, 0.9225347022623419, 0.9225786281053624, 0.9227997807601084, 0.9227804838579721, 0.922540796020911, 0.9228366818536673], "mean": 0.9225864738195204, "std": 0.00016939972794797746}