ROC_AUC_score,prediction_threshold,TN,FP,FN,TP,sensitivity,specificity,BA,Accuracy,precision,ROC_ACU_score_discretized,MCC,f1_score,cohen_kappa,PPV_score,NPV_score,FPR_score,FDR_score,PLR_score,NLR_score,DOR_score
0.9342905287095723,0.4669824938752697,12714,2009,0.11306042884990253,455,0.8869395711500975,0.8635468314881478,0.8752432013191227,0.8643344709897611,0.1846590909090909,0.8752432013191226,0.36766294364169344,0.3056768558951965,0.26469358461927706,0.1846590909090909,0.9954588161603508,0.1364531685118522,0.8153409090909091,6.499955851688844,0.13092564841569254,49.646161239937534
