ROC_AUC_score,prediction_threshold,TN,FP,FN,TP,sensitivity,specificity,BA,Accuracy,precision,ROC_ACU_score_discretized,MCC,f1_score,cohen_kappa,PPV_score,NPV_score,FPR_score,FDR_score,PLR_score,NLR_score,DOR_score
0.9264573900702882,0.4669824938752697,15877,2527,0.14330218068535824,550,0.8566978193146417,0.8626928928493806,0.8596953560820111,0.8624908117189961,0.17874553136171595,0.8596953560820111,0.35276528809844826,0.295778435063189,0.25417801228046044,0.17874553136171595,0.994238837748137,0.13730710715061942,0.821254468638284,6.239282416567734,0.16611030631311544,37.5610794721357
