ROC_AUC_score,prediction_threshold,TN,FP,FN,TP,sensitivity,specificity,BA,Accuracy,precision,ROC_ACU_score_discretized,MCC,f1_score,cohen_kappa,PPV_score,NPV_score,FPR_score,FDR_score,PLR_score,NLR_score,DOR_score
0.9341329733126312,0.6086869988051816,13339,1384,0.16374269005847952,429,0.8362573099415205,0.905997419004279,0.8711273644728997,0.9036492517721186,0.23662437948152235,0.8711273644728997,0.4135100933076994,0.3688736027515047,0.33391159504875667,0.23662437948152235,0.9937420844818595,0.09400258099572098,0.7633756205184776,8.896110097015175,0.1807319608464648,49.22267237819982
