ROC_AUC_score,prediction_threshold,TN,FP,FN,TP,sensitivity,specificity,BA,Accuracy,precision,ROC_ACU_score_discretized,MCC,f1_score,cohen_kappa,PPV_score,NPV_score,FPR_score,FDR_score,PLR_score,NLR_score,DOR_score
0.9253876815347605,0.6086869988051816,16709,1695,0.17601246105919002,529,0.82398753894081,0.9079004564225168,0.8659439976816634,0.9050719311141447,0.23785971223021582,0.8659439976816634,0.4113031582840294,0.36915561758548504,0.3343316923840649,0.23785971223021582,0.993282606111045,0.09209954357748315,0.7621402877697842,8.94670599803343,0.1938675763560556,46.14854204192445
