ROC_AUC_score,prediction_threshold,TN,FP,FN,TP,sensitivity,specificity,BA,Accuracy,precision,ROC_ACU_score_discretized,MCC,f1_score,cohen_kappa,PPV_score,NPV_score,FPR_score,FDR_score,PLR_score,NLR_score,DOR_score
0.924236243593354,0.5292616964170312,13041,1682,0.14619883040935672,438,0.8538011695906432,0.8857569788765877,0.8697790742336154,0.884681018640063,0.20660377358490567,0.8697790742336154,0.38544332637517276,0.3327003418154197,0.2944449827032667,0.20660377358490567,0.9942817932296432,0.11424302112341235,0.7933962264150943,7.473552092677195,0.16505523963783145,45.27909631391199
