ROC_AUC_score,prediction_threshold,TN,FP,FN,TP,sensitivity,specificity,BA,Accuracy,precision,ROC_ACU_score_discretized,MCC,f1_score,cohen_kappa,PPV_score,NPV_score,FPR_score,FDR_score,PLR_score,NLR_score,DOR_score
0.9341582081912303,0.5292616964170312,16217,2187,0.14797507788161993,547,0.8520249221183801,0.8811671375787872,0.8665960298485836,0.8801848157093353,0.20007315288953914,0.8665960298485835,0.37738837476127174,0.32405213270142186,0.28501724987678667,0.20007315288953914,0.9941760666993624,0.11883286242121278,0.7999268471104609,7.169943606157595,0.1679307722348975,42.69582942266502
