ROC_AUC_score,prediction_threshold,TN,FP,FN,TP,sensitivity,specificity,BA,Accuracy,precision,ROC_ACU_score_discretized,MCC,f1_score,cohen_kappa,PPV_score,NPV_score,FPR_score,FDR_score,PLR_score,NLR_score,DOR_score
0.923587353677045,0.4296424277889589,12205,2518,0.11306042884990253,455,0.8869395711500975,0.8289750730150105,0.857957322082554,0.8309267524284589,0.15304406323578876,0.857957322082554,0.32585340682975855,0.26104417670682734,0.2160196561099611,0.15304406323578876,0.9952703253689962,0.17102492698498947,0.8469559367642112,5.18602514139908,0.13638580040615444,38.02467064720221
