ROC_AUC_score,prediction_threshold,TN,FP,FN,TP,sensitivity,specificity,BA,Accuracy,precision,ROC_ACU_score_discretized,MCC,f1_score,cohen_kappa,PPV_score,NPV_score,FPR_score,FDR_score,PLR_score,NLR_score,DOR_score
0.9264709317559978,0.4296424277889589,15303,3101,0.11214953271028037,570,0.8878504672897196,0.8315040208650294,0.8596772440773746,0.8334033392838391,0.15527104331244893,0.8596772440773743,0.3291295147125917,0.2643171806167401,0.21953342858959013,0.15527104331244893,0.9953170731707317,0.16849597913497066,0.8447289566875511,5.269267978071591,0.13487551460497943,39.06763947113835
