ROC_AUC_score,prediction_threshold,TN,FP,FN,TP,sensitivity,specificity,BA,Accuracy,precision,ROC_ACU_score_discretized,MCC,f1_score,cohen_kappa,PPV_score,NPV_score,FPR_score,FDR_score,PLR_score,NLR_score,DOR_score
0.9299664936602489,0.5091145486386939,12853,1870,0.1364522417153996,443,0.8635477582846004,0.8729878421517354,0.8682678002181679,0.872669992123917,0.19152615650670127,0.868267800218168,0.37023808704489203,0.313517338995046,0.27347392689345273,0.19152615650670127,0.994583301091078,0.1270121578482646,0.8084738434932988,6.798937778194746,0.15630485915940467,43.4979297173415
