ROC_AUC_score,prediction_threshold,TN,FP,FN,TP,sensitivity,specificity,BA,Accuracy,precision,ROC_ACU_score_discretized,MCC,f1_score,cohen_kappa,PPV_score,NPV_score,FPR_score,FDR_score,PLR_score,NLR_score,DOR_score
0.9251614507478735,0.5091145486386939,16048,2356,0.13551401869158877,555,0.8644859813084113,0.8719843512279939,0.8682351662682026,0.8717315971857608,0.1906561319134318,0.8682351662682025,0.36937993067546565,0.3124120461581762,0.27221331476714716,0.1906561319134318,0.9946079950418345,0.12801564877200608,0.8093438680865682,6.752971137521222,0.15540877367896308,43.452959428604885
