ROC_AUC_score,prediction_threshold,TN,FP,FN,TP,sensitivity,specificity,BA,Accuracy,precision,ROC_ACU_score_discretized,MCC,f1_score,cohen_kappa,PPV_score,NPV_score,FPR_score,FDR_score,PLR_score,NLR_score,DOR_score
0.9318040662267563,0.45526388054539146,12772,1951,0.1267056530214425,448,0.8732943469785575,0.8674862460096447,0.870390296494101,0.8676818062483591,0.18674447686536055,0.870390296494101,0.36685930600728345,0.30769230769230765,0.26702906309662,0.18674447686536055,0.9949365116460233,0.13251375399035523,0.8132555231346394,6.590216643037057,0.1460607054051596,45.11970981350784
