ROC_AUC_score,prediction_threshold,TN,FP,FN,TP,sensitivity,specificity,BA,Accuracy,precision,ROC_ACU_score_discretized,MCC,f1_score,cohen_kappa,PPV_score,NPV_score,FPR_score,FDR_score,PLR_score,NLR_score,DOR_score
0.9298562685478776,0.45526388054539146,15861,2543,0.13395638629283488,556,0.8660436137071651,0.8618235166268202,0.8639335651669926,0.8619657670902027,0.17941271377863827,0.8639335651669926,0.35589791904464424,0.29724672547447206,0.25567908892812263,0.17941271377863827,0.9946071361384586,0.13817648337317975,0.8205872862213617,6.267662865382093,0.15543366328310534,40.32371580901515
