ROC_AUC_score,prediction_threshold,TN,FP,FN,TP,sensitivity,specificity,BA,Accuracy,precision,ROC_ACU_score_discretized,MCC,f1_score,cohen_kappa,PPV_score,NPV_score,FPR_score,FDR_score,PLR_score,NLR_score,DOR_score
0.9330921808963684,0.45511340928858096,12452,2271,0.11306042884990253,455,0.8869395711500975,0.8457515452013856,0.8663455581757415,0.847138356524022,0.1669112252384446,0.8663455581757414,0.34481502685794096,0.28095091077493056,0.23775043967537068,0.1669112252384446,0.9953637090327738,0.1542484547986144,0.8330887747615554,5.750071028640638,0.13368042836147725,43.01355927056289
