ROC_AUC_score,prediction_threshold,TN,FP,FN,TP,sensitivity,specificity,BA,Accuracy,precision,ROC_ACU_score_discretized,MCC,f1_score,cohen_kappa,PPV_score,NPV_score,FPR_score,FDR_score,PLR_score,NLR_score,DOR_score
0.9196455836161854,0.45511340928858096,15445,2959,0.1277258566978193,560,0.8722741433021807,0.8392197348402521,0.8557469390712165,0.8403339283839126,0.1591361182154021,0.8557469390712165,0.33085780491280625,0.2691660658495554,0.22497888120498832,0.1591361182154021,0.9947188767952598,0.1607802651597479,0.8408638817845979,5.425256280274868,0.1521959641739506,35.64651868215201
