ROC_AUC_score,prediction_threshold,TN,FP,FN,TP,sensitivity,specificity,BA,Accuracy,precision,ROC_ACU_score_discretized,MCC,f1_score,cohen_kappa,PPV_score,NPV_score,FPR_score,FDR_score,PLR_score,NLR_score,DOR_score
0.9350772464983312,0.5796992063688616,13248,1475,0.15594541910331383,433,0.8440545808966862,0.8998166134619303,0.8719355971793082,0.8979390916250984,0.22693920335429768,0.8719355971793082,0.40539921444735694,0.3577034283353986,0.3217054330146617,0.22693920335429768,0.9939975990396158,0.10018338653806969,0.7730607966457023,8.425095318333499,0.17330800161972293,48.613423728813565
