ROC_AUC_score,prediction_threshold,TN,FP,FN,TP,sensitivity,specificity,BA,Accuracy,precision,ROC_ACU_score_discretized,MCC,f1_score,cohen_kappa,PPV_score,NPV_score,FPR_score,FDR_score,PLR_score,NLR_score,DOR_score
0.9190462793879971,0.5796992063688616,16569,1835,0.2071651090342679,509,0.7928348909657321,0.9002934144751141,0.8465641527204231,0.8966712170534495,0.21715017064846417,0.8465641527204231,0.38078007719822987,0.34092431346282653,0.30409630895148787,0.21715017064846417,0.9920368818105616,0.0997065855248859,0.7828498293515358,7.9516802906448705,0.23010843543162932,34.55623117739855
