ROC_AUC_score,prediction_threshold,TN,FP,FN,TP,sensitivity,specificity,BA,Accuracy,precision,ROC_ACU_score_discretized,MCC,f1_score,cohen_kappa,PPV_score,NPV_score,FPR_score,FDR_score,PLR_score,NLR_score,DOR_score
0.9266124172983116,0.4964236396632409,12900,1823,0.15009746588693956,436,0.8499025341130604,0.8761801263329484,0.8630413302230044,0.8752953531110528,0.19300575475874282,0.8630413302230044,0.3685510359908481,0.3145743145743146,0.27477533201968973,0.19300575475874282,0.9940664252138399,0.12381987366705155,0.8069942452412572,6.864023592839596,0.17130891397313272,40.06810523541184
