ROC_AUC_score,prediction_threshold,TN,FP,FN,TP,sensitivity,specificity,BA,Accuracy,precision,ROC_ACU_score_discretized,MCC,f1_score,cohen_kappa,PPV_score,NPV_score,FPR_score,FDR_score,PLR_score,NLR_score,DOR_score
0.9246932469644618,0.4964236396632409,16010,2394,0.16043613707165108,539,0.839563862928349,0.8699195826994132,0.854741722813881,0.8688963561902762,0.18377088305489261,0.8547417228138809,0.354749390379092,0.30153846153846153,0.26064535875998507,0.18377088305489261,0.9936076460001241,0.13008041730058684,0.8162291169451074,6.454191033138401,0.18442640016656253,34.996025662862664
