ROC_AUC_score,prediction_threshold,TN,FP,FN,TP,sensitivity,specificity,BA,Accuracy,precision,ROC_ACU_score_discretized,MCC,f1_score,cohen_kappa,PPV_score,NPV_score,FPR_score,FDR_score,PLR_score,NLR_score,DOR_score
0.9221676339111644,0.4998378338623644,12829,1894,0.15789473684210525,432,0.8421052631578947,0.871357739591116,0.8567315013745054,0.8703728012601732,0.18572656921754085,0.8567315013745053,0.35781646396127453,0.30433251144769286,0.2637097181479109,0.18572656921754085,0.993725793958172,0.12864226040888405,0.8142734307824592,6.546101261601734,0.18120541043934185,36.1253079901443
