ROC_AUC_score,prediction_threshold,TN,FP,FN,TP,sensitivity,specificity,BA,Accuracy,precision,ROC_ACU_score_discretized,MCC,f1_score,cohen_kappa,PPV_score,NPV_score,FPR_score,FDR_score,PLR_score,NLR_score,DOR_score
0.9297616460189815,0.4998378338623644,16053,2351,0.1573208722741433,541,0.8426791277258567,0.872256031297544,0.8574675795117004,0.8712590570198467,0.18706777316735823,0.8574675795117004,0.3595432154255783,0.30616864742501415,0.265655811073647,0.18706777316735823,0.9937476785935372,0.127743968702456,0.8129322268326418,6.596625549411599,0.1803608878921904,36.57459012596285
