ROC_AUC_score,prediction_threshold,TN,FP,FN,TP,sensitivity,specificity,BA,Accuracy,precision,ROC_ACU_score_discretized,MCC,f1_score,cohen_kappa,PPV_score,NPV_score,FPR_score,FDR_score,PLR_score,NLR_score,DOR_score
0.9424889701292178,0.4995814979971075,12886,1837,0.12085769980506822,451,0.8791423001949318,0.8752292331725872,0.8771857666837595,0.8753609871357312,0.1971153846153846,0.8771857666837595,0.38090158063602375,0.32202784719742944,0.2825637064840518,0.1971153846153846,0.9952116156935434,0.1247707668274129,0.8028846153846154,7.046059926929769,0.1380869093768446,51.02627004056406
