ROC_AUC_score,prediction_threshold,TN,FP,FN,TP,sensitivity,specificity,BA,Accuracy,precision,ROC_ACU_score_discretized,MCC,f1_score,cohen_kappa,PPV_score,NPV_score,FPR_score,FDR_score,PLR_score,NLR_score,DOR_score
0.9283471323110715,0.4995814979971075,15997,2407,0.1526479750778816,544,0.8473520249221184,0.8692132145185829,0.8582826197203506,0.8684763204872414,0.18434429007116232,0.8582826197203507,0.35739565457687106,0.3028110214305594,0.26194503941126424,0.18434429007116232,0.9939111525318421,0.1307867854814171,0.8156557099288377,6.478881041407007,0.17561626138234254,36.892261516156104
