ROC_AUC_score,prediction_threshold,TN,FP,FN,TP,sensitivity,specificity,BA,Accuracy,precision,ROC_ACU_score_discretized,MCC,f1_score,cohen_kappa,PPV_score,NPV_score,FPR_score,FDR_score,PLR_score,NLR_score,DOR_score
0.9328821953001092,0.5473043227527332,13048,1675,0.15594541910331383,433,0.8440545808966862,0.8862324254567683,0.8651435031767272,0.8848122866894198,0.2054079696394687,0.8651435031767273,0.381518695805242,0.33040824112934,0.2920664425284879,0.2054079696394687,0.9939061547836685,0.11376757454323168,0.7945920303605313,7.4191137877862126,0.17596447006882968,42.162567164179094
