ROC_AUC_score,prediction_threshold,TN,FP,FN,TP,sensitivity,specificity,BA,Accuracy,precision,ROC_ACU_score_discretized,MCC,f1_score,cohen_kappa,PPV_score,NPV_score,FPR_score,FDR_score,PLR_score,NLR_score,DOR_score
0.9322690583991967,0.5473043227527332,16270,2134,0.14330218068535824,550,0.8566978193146417,0.8840469463160182,0.87037238281533,0.8831250656305786,0.20491803278688525,0.87037238281533,0.38422247719657815,0.3307276007215875,0.2922225000893144,0.20491803278688525,0.9943772154993277,0.11595305368398175,0.7950819672131147,7.388316151202746,0.16209793075189513,45.57933662034959
