ROC_AUC_score,prediction_threshold,TN,FP,FN,TP,sensitivity,specificity,BA,Accuracy,precision,ROC_ACU_score_discretized,MCC,f1_score,cohen_kappa,PPV_score,NPV_score,FPR_score,FDR_score,PLR_score,NLR_score,DOR_score
0.937161082122242,0.5189380076025191,12935,1788,0.12280701754385964,450,0.8771929824561403,0.8785573592338518,0.8778751708449961,0.8785114203202941,0.20107238605898123,0.8778751708449961,0.38509411641552,0.32715376226826604,0.288156852149808,0.20107238605898123,0.9951531004769965,0.1214426407661482,0.7989276139410187,7.223105302405903,0.1397825836334168,51.67385746244805
