ROC_AUC_score,prediction_threshold,TN,FP,FN,TP,sensitivity,specificity,BA,Accuracy,precision,ROC_ACU_score_discretized,MCC,f1_score,cohen_kappa,PPV_score,NPV_score,FPR_score,FDR_score,PLR_score,NLR_score,DOR_score
0.929808026292537,0.5189380076025191,16159,2245,0.13862928348909656,553,0.8613707165109035,0.8780156487720061,0.8696931826414548,0.8774545836396094,0.19764117226590422,0.8696931826414549,0.37693915593388394,0.3215116279069768,0.28214892940574754,0.19764117226590422,0.9945224027572624,0.12198435122799392,0.8023588277340958,7.061321455085377,0.15788930833178616,44.7232401591552
