ROC_AUC_score,prediction_threshold,TN,FP,FN,TP,sensitivity,specificity,BA,Accuracy,precision,ROC_ACU_score_discretized,MCC,f1_score,cohen_kappa,PPV_score,NPV_score,FPR_score,FDR_score,PLR_score,NLR_score,DOR_score
0.92966422561721,0.5568827705162914,13173,1550,0.1617933723196881,430,0.8382066276803118,0.8947225429599945,0.8664645853201531,0.8928196377001838,0.21717171717171718,0.8664645853201531,0.393169665260308,0.3449659045326915,0.3079528440636241,0.21717171717171718,0.9937386843693422,0.10527745704000543,0.7828282828282829,7.961881406024018,0.1808307766387891,44.02945977458217
