ROC_AUC_score,prediction_threshold,TN,FP,FN,TP,sensitivity,specificity,BA,Accuracy,precision,ROC_ACU_score_discretized,MCC,f1_score,cohen_kappa,PPV_score,NPV_score,FPR_score,FDR_score,PLR_score,NLR_score,DOR_score
0.9337486568340486,0.5568827705162914,16402,2002,0.16199376947040497,538,0.838006230529595,0.8912193001521408,0.864612765340868,0.8894256011760999,0.21181102362204723,0.864612765340868,0.38712187521863484,0.3381521055939661,0.3005097813836497,0.21181102362204723,0.9936992608748334,0.10878069984785917,0.7881889763779527,7.703629703629701,0.18176645124578306,42.38202182432949
