ROC_AUC_score,prediction_threshold,TN,FP,FN,TP,sensitivity,specificity,BA,Accuracy,precision,ROC_ACU_score_discretized,MCC,f1_score,cohen_kappa,PPV_score,NPV_score,FPR_score,FDR_score,PLR_score,NLR_score,DOR_score
0.9354843749400064,0.42496514127546475,12469,2254,0.10331384015594541,460,0.8966861598440545,0.8469062011818244,0.8717961805129395,0.8485823050669467,0.1694915254237288,0.8717961805129394,0.3505500123913,0.2850945150294391,0.2421748536630841,0.1694915254237288,0.9957674492892509,0.15309379881817564,0.8305084745762712,5.857103075148188,0.12198970796503208,48.01309202926451
