ROC_AUC_score,prediction_threshold,TN,FP,FN,TP,sensitivity,specificity,BA,Accuracy,precision,ROC_ACU_score_discretized,MCC,f1_score,cohen_kappa,PPV_score,NPV_score,FPR_score,FDR_score,PLR_score,NLR_score,DOR_score
0.9268990182954944,0.42496514127546475,15599,2805,0.1292834890965732,559,0.8707165109034268,0.8475874809823951,0.859151995942911,0.8483671112044524,0.16617122473246135,0.859151995942911,0.3399407184858536,0.27908137793310034,0.23581983053367017,0.16617122473246135,0.9947073077413595,0.15241251901760486,0.8338287752675386,5.712893642305406,0.15253114515887767,37.45394841397677
