ROC_AUC_score,prediction_threshold,TN,FP,FN,TP,sensitivity,specificity,BA,Accuracy,precision,ROC_ACU_score_discretized,MCC,f1_score,cohen_kappa,PPV_score,NPV_score,FPR_score,FDR_score,PLR_score,NLR_score,DOR_score
0.9361251884872286,0.4436568305156597,12498,2225,0.11306042884990253,455,0.8869395711500975,0.8488759084425729,0.8679077397963352,0.8501575216592282,0.16977611940298507,0.8679077397963351,0.3486042745315966,0.28499843407453807,0.24216457800222868,0.16977611940298507,0.9953806944886907,0.15112409155742715,0.8302238805970149,5.868948901592309,0.13318840566147502,44.06501356063542
