ROC_AUC_score,prediction_threshold,TN,FP,FN,TP,sensitivity,specificity,BA,Accuracy,precision,ROC_ACU_score_discretized,MCC,f1_score,cohen_kappa,PPV_score,NPV_score,FPR_score,FDR_score,PLR_score,NLR_score,DOR_score
0.9323531861216681,0.4436568305156597,15653,2751,0.11370716510903427,569,0.8862928348909658,0.8505216257335362,0.868407230312251,0.8517273968287304,0.1713855421686747,0.868407230312251,0.3505125638206588,0.28722867238768296,0.24455211633373208,0.1713855421686747,0.9953580058501844,0.14947837426646382,0.8286144578313253,5.929237852901975,0.13369109222939154,44.35028358305575
