ROC_AUC_score,prediction_threshold,TN,FP,FN,TP,sensitivity,specificity,BA,Accuracy,precision,ROC_ACU_score_discretized,MCC,f1_score,cohen_kappa,PPV_score,NPV_score,FPR_score,FDR_score,PLR_score,NLR_score,DOR_score
0.935092207641066,0.55852868930052,13172,1551,0.13840155945419103,442,0.8615984405458089,0.8946546220199687,0.8781265312828888,0.893541611971646,0.2217762167586553,0.8781265312828888,0.40455460226989787,0.3527533918595371,0.316128430241275,0.2217762167586553,0.9946386770369252,0.10534537798003124,0.7782237832413447,8.178796802163726,0.15469831155815786,52.86933464098578
