ROC_AUC_score,prediction_threshold,TN,FP,FN,TP,sensitivity,specificity,BA,Accuracy,precision,ROC_ACU_score_discretized,MCC,f1_score,cohen_kappa,PPV_score,NPV_score,FPR_score,FDR_score,PLR_score,NLR_score,DOR_score
0.9248871469767171,0.55852868930052,16386,2018,0.16978193146417445,533,0.8302180685358256,0.8903499239295806,0.8602839962327031,0.8883230074556338,0.20893767150137202,0.8602839962327031,0.38182750002919214,0.33385530848731604,0.29593373774040344,0.20893767150137202,0.9933919369505911,0.10965007607041947,0.791062328498628,7.5715229600264315,0.190691240489849,39.70566734254101
