ROC_AUC_score,prediction_threshold,TN,FP,FN,TP,sensitivity,specificity,BA,Accuracy,precision,ROC_ACU_score_discretized,MCC,f1_score,cohen_kappa,PPV_score,NPV_score,FPR_score,FDR_score,PLR_score,NLR_score,DOR_score
0.9284981832803536,0.4689390672243617,12937,1786,0.13840155945419103,442,0.8615984405458089,0.8786932011139034,0.8701458208298561,0.8781176161722237,0.19838420107719928,0.8701458208298563,0.37791734701083673,0.32251003283473184,0.28327871948762307,0.19838420107719928,0.9945418204182042,0.12130679888609658,0.8016157989228008,7.102639328194815,0.15750839915313097,45.09371796287238
