ROC_AUC_score,prediction_threshold,TN,FP,FN,TP,sensitivity,specificity,BA,Accuracy,precision,ROC_ACU_score_discretized,MCC,f1_score,cohen_kappa,PPV_score,NPV_score,FPR_score,FDR_score,PLR_score,NLR_score,DOR_score
0.9373486293444266,0.4689390672243617,15977,2427,0.1277258566978193,560,0.8722741433021807,0.8681264942403826,0.8702003187712817,0.868266302635724,0.1874790759959826,0.8702003187712817,0.3674629438917864,0.3086249655552494,0.2680071723830473,0.1874790759959826,0.994893829005542,0.13187350575961748,0.8125209240040174,6.614476033511883,0.1471281634015564,44.95723918920279
