ROC_AUC_score,prediction_threshold,TN,FP,FN,TP,sensitivity,specificity,BA,Accuracy,precision,ROC_ACU_score_discretized,MCC,f1_score,cohen_kappa,PPV_score,NPV_score,FPR_score,FDR_score,PLR_score,NLR_score,DOR_score
0.929660783230386,0.5213127444680977,12950,1773,0.14035087719298245,441,0.8596491228070176,0.879576173334239,0.8696126480706283,0.8789052244683644,0.1991869918699187,0.8696126480706282,0.3783606864791063,0.3234323432343234,0.28430342759305904,0.1991869918699187,0.9944708954077714,0.12042382666576106,0.8008130081300813,7.138530194634926,0.15956648377701008,44.73702763677385
