ROC_AUC_score,prediction_threshold,TN,FP,FN,TP,sensitivity,specificity,BA,Accuracy,precision,ROC_ACU_score_discretized,MCC,f1_score,cohen_kappa,PPV_score,NPV_score,FPR_score,FDR_score,PLR_score,NLR_score,DOR_score
0.9244040473390247,0.5213127444680977,16134,2270,0.15109034267912771,545,0.8489096573208723,0.8766572484242556,0.862783452872564,0.875721936364591,0.1936056838365897,0.862783452872564,0.36896846843795994,0.3153022852183975,0.2755319258691189,0.1936056838365897,0.9940237816523936,0.1233427515757444,0.8063943161634103,6.882525697503674,0.172348250072311,39.93382987419958
