ROC_AUC_score,prediction_threshold,TN,FP,FN,TP,sensitivity,specificity,BA,Accuracy,precision,ROC_ACU_score_discretized,MCC,f1_score,cohen_kappa,PPV_score,NPV_score,FPR_score,FDR_score,PLR_score,NLR_score,DOR_score
0.9275839647796164,0.4778036482911692,12573,2150,0.1286549707602339,447,0.8713450292397661,0.8539699789445085,0.8626575040921374,0.8545550013126805,0.17212167886022334,0.8626575040921373,0.3479294341911162,0.287459807073955,0.24500446539600962,0.17212167886022334,0.9947780678851175,0.1460300210554914,0.8278783211397767,5.966889704882359,0.15065514471509775,39.606279069767425
