ROC_AUC_score,prediction_threshold,TN,FP,FN,TP,sensitivity,specificity,BA,Accuracy,precision,ROC_ACU_score_discretized,MCC,f1_score,cohen_kappa,PPV_score,NPV_score,FPR_score,FDR_score,PLR_score,NLR_score,DOR_score
0.922540796020911,0.4778036482911692,15696,2708,0.14174454828660435,551,0.8582554517133957,0.852858074331667,0.8555567630225314,0.853040008400714,0.16907026695305308,0.8555567630225315,0.34077723986955527,0.282491668802871,0.23966914401697004,0.16907026695305308,0.9942357636029645,0.14714192566833298,0.830929733046947,5.832840965041853,0.16619945633707098,35.09542746765791
