ROC_AUC_score,prediction_threshold,TN,FP,FN,TP,sensitivity,specificity,BA,Accuracy,precision,ROC_ACU_score_discretized,MCC,f1_score,cohen_kappa,PPV_score,NPV_score,FPR_score,FDR_score,PLR_score,NLR_score,DOR_score
0.9277873304012143,0.4525678470993693,12689,2034,0.1286549707602339,447,0.8713450292397661,0.8618488079875025,0.8665969186136343,0.8621685481753741,0.18016928657799275,0.8665969186136343,0.3581970715043896,0.2985971943887776,0.25714420242743863,0.18016928657799275,0.9948255586044689,0.13815119201249745,0.8198307134220073,6.307184299654412,0.14927788907738387,42.25129614731384
