ROC_AUC_score,prediction_threshold,TN,FP,FN,TP,sensitivity,specificity,BA,Accuracy,precision,ROC_ACU_score_discretized,MCC,f1_score,cohen_kappa,PPV_score,NPV_score,FPR_score,FDR_score,PLR_score,NLR_score,DOR_score
0.9348988537640132,0.4525678470993693,15752,2652,0.10747663551401869,573,0.8925233644859814,0.8559008911106282,0.8742121277983048,0.8571353565053029,0.17767441860465116,0.8742121277983047,0.36015517183407875,0.29635376260667184,0.25443562911582973,0.17767441860465116,0.9956387080462676,0.14409910888937189,0.8223255813953488,6.193815987933637,0.12557135601828334,49.32507049642603
