ROC_AUC_score,prediction_threshold,TN,FP,FN,TP,sensitivity,specificity,BA,Accuracy,precision,ROC_ACU_score_discretized,MCC,f1_score,cohen_kappa,PPV_score,NPV_score,FPR_score,FDR_score,PLR_score,NLR_score,DOR_score
0.9374704997379152,0.5095364560399488,12957,1766,0.13060428849902533,446,0.8693957115009746,0.8800516199144196,0.8747236657076971,0.8796928327645052,0.20162748643761302,0.874723665707697,0.3837365803515781,0.32733944954128447,0.2884434976361442,0.20162748643761302,0.9948556511056511,0.11994838008558038,0.798372513562387,7.248082140673187,0.1484052589002972,48.83979310694543
