ROC_AUC_score,prediction_threshold,TN,FP,FN,TP,sensitivity,specificity,BA,Accuracy,precision,ROC_ACU_score_discretized,MCC,f1_score,cohen_kappa,PPV_score,NPV_score,FPR_score,FDR_score,PLR_score,NLR_score,DOR_score
0.9310571621637177,0.5095364560399488,16148,2256,0.13707165109034267,554,0.8629283489096573,0.8774179526189959,0.8701731507643267,0.8769295390108159,0.19715302491103204,0.8701731507643267,0.3767609265125736,0.32097334878331407,0.28154617588715014,0.19715302491103204,0.994579945799458,0.12258204738100413,0.802846975088968,7.039598108747047,0.15622161671207993,45.06161347517732
