ROC_AUC_score,prediction_threshold,TN,FP,FN,TP,sensitivity,specificity,BA,Accuracy,precision,ROC_ACU_score_discretized,MCC,f1_score,cohen_kappa,PPV_score,NPV_score,FPR_score,FDR_score,PLR_score,NLR_score,DOR_score
0.9253240378297128,0.5214470905261067,13012,1711,0.1539961013645224,434,0.8460038986354775,0.8837872716158391,0.8648955851256583,0.882515095825676,0.20233100233100232,0.8648955851256585,0.3784908487140633,0.326561324303988,0.2878611052837753,0.20233100233100232,0.99396531968528,0.11621272838416084,0.7976689976689977,7.2797869080129365,0.17424566556946391,41.77886941532449
