ROC_AUC_score,prediction_threshold,TN,FP,FN,TP,sensitivity,specificity,BA,Accuracy,precision,ROC_ACU_score_discretized,MCC,f1_score,cohen_kappa,PPV_score,NPV_score,FPR_score,FDR_score,PLR_score,NLR_score,DOR_score
0.923953193840429,0.5214470905261067,16212,2192,0.1573208722741433,541,0.8426791277258567,0.8808954575092371,0.8617872926175469,0.8796072666176625,0.19795096963044273,0.8617872926175469,0.37249478483682885,0.3205925925925926,0.28136081443215466,0.19795096963044273,0.9938086188929075,0.11910454249076288,0.8020490303695572,7.075121654501218,0.17859198947281843,39.61611982366122
