{"performances": [0.9284342222772917, 0.9250606498248722, 0.9256542834721695, 0.9267862837619616, 0.9236661947389196, 0.9259322265713603, 0.9279008491314025, 0.9277270923766404, 0.9284784866624554, 0.9246932469644618], "mean": 0.9264333535781535, "std": 0.0015989196679529365}