ROC_AUC_score,prediction_threshold,TN,FP,FN,TP,sensitivity,specificity,BA,Accuracy,precision,ROC_ACU_score_discretized,MCC,f1_score,cohen_kappa,PPV_score,NPV_score,FPR_score,FDR_score,PLR_score,NLR_score,DOR_score
0.9433702211561416,0.4462437076714453,12556,2167,0.0935672514619883,465,0.9064327485380117,0.8528153229640698,0.8796240357510408,0.8546206353373589,0.17667173252279636,0.8796240357510408,0.3622791969235628,0.2957074721780604,0.25364579191250813,0.17667173252279636,0.9961916851793081,0.1471846770359302,0.8233282674772037,6.158472245835323,0.10971572501392592,56.13117212736502
