ROC_AUC_score,prediction_threshold,TN,FP,FN,TP,sensitivity,specificity,BA,Accuracy,precision,ROC_ACU_score_discretized,MCC,f1_score,cohen_kappa,PPV_score,NPV_score,FPR_score,FDR_score,PLR_score,NLR_score,DOR_score
0.923567678975382,0.4462437076714453,15630,2774,0.14018691588785046,552,0.8598130841121495,0.8492718974136058,0.8545424907628776,0.8496272183135567,0.16596512327119664,0.8545424907628777,0.3370811912994848,0.27822580645161293,0.2349968186893,0.16596512327119664,0.9942748091603053,0.15072810258639427,0.8340348767288034,5.704397981254507,0.16506717850287908,34.55803893294882
