ROC_AUC_score,prediction_threshold,TN,FP,FN,TP,sensitivity,specificity,BA,Accuracy,precision,ROC_ACU_score_discretized,MCC,f1_score,cohen_kappa,PPV_score,NPV_score,FPR_score,FDR_score,PLR_score,NLR_score,DOR_score
0.9268743034959159,0.5032216150810694,12916,1807,0.15009746588693956,436,0.8499025341130604,0.8772668613733614,0.8635846977432109,0.8763454975059071,0.19438252340615247,0.8635846977432109,0.3701886293854343,0.3164005805515239,0.27676300428898626,0.19438252340615247,0.9940737320095436,0.1227331386266386,0.8056174765938475,6.9248007801585985,0.1710967010106389,40.47302337949818
