ROC_AUC_score,prediction_threshold,TN,FP,FN,TP,sensitivity,specificity,BA,Accuracy,precision,ROC_ACU_score_discretized,MCC,f1_score,cohen_kappa,PPV_score,NPV_score,FPR_score,FDR_score,PLR_score,NLR_score,DOR_score
0.924589145255569,0.5032216150810694,16078,2326,0.1573208722741433,541,0.8426791277258567,0.8736144316452945,0.8581467796855756,0.8725716685918303,0.1886989884897105,0.8581467796855756,0.3615138901796067,0.3083499572527786,0.2680320841480317,0.1886989884897105,0.9937573397614191,0.1263855683547055,0.8113010115102895,6.667526511894526,0.18008044118256827,37.02526753105234
