{"performances": [0.9315884194212148, 0.9316861734649315, 0.9308647009555693, 0.9317254443534896, 0.9316842268476108, 0.930833216536294, 0.9310911856490632, 0.9311841154672457, 0.9318346241945236, 0.931168203986537], "mean": 0.931366031087648, "std": 0.00035846140199855393}