ROC_AUC_score,prediction_threshold,TN,FP,FN,TP,sensitivity,specificity,BA,Accuracy,precision,ROC_ACU_score_discretized,MCC,f1_score,cohen_kappa,PPV_score,NPV_score,FPR_score,FDR_score,PLR_score,NLR_score,DOR_score
0.9235138719583038,0.4771275633899303,12692,2031,0.13450292397660818,444,0.8654970760233918,0.86205257080758,0.8637748234154858,0.8621685481753741,0.17939393939393938,0.8637748234154858,0.35578654236921264,0.29718875502008024,0.25567078890996087,0.17939393939393938,0.9945929002429277,0.13794742919242003,0.8206060606060606,6.274108050365535,0.15602635910081963,40.211846809239404
