ROC_AUC_score,prediction_threshold,TN,FP,FN,TP,sensitivity,specificity,BA,Accuracy,precision,ROC_ACU_score_discretized,MCC,f1_score,cohen_kappa,PPV_score,NPV_score,FPR_score,FDR_score,PLR_score,NLR_score,DOR_score
0.9279039806462229,0.4771275633899303,15815,2589,0.13239875389408098,557,0.867601246105919,0.8593240599869594,0.8634626530464392,0.8596030662606321,0.17705022250476796,0.8634626530464393,0.3532933745596143,0.2940865892291447,0.25221833995274234,0.17705022250476796,0.9946540880503144,0.14067594001304065,0.822949777495232,6.167374790781513,0.1540731373168932,40.028877831549785
