ROC_AUC_score,prediction_threshold,TN,FP,FN,TP,sensitivity,specificity,BA,Accuracy,precision,ROC_ACU_score_discretized,MCC,f1_score,cohen_kappa,PPV_score,NPV_score,FPR_score,FDR_score,PLR_score,NLR_score,DOR_score
0.9249260449530703,0.5247661797685585,12920,1803,0.13450292397660818,444,0.8654970760233918,0.8775385451334646,0.8715178105784283,0.8771331058020477,0.19759679572763686,0.8715178105784283,0.37798718696533495,0.3217391304347827,0.28239731063838536,0.19759679572763686,0.994687812764647,0.12246145486653535,0.8024032042723631,7.067506073373486,0.15327295276374636,46.11058863247242
