ROC_AUC_score,prediction_threshold,TN,FP,FN,TP,sensitivity,specificity,BA,Accuracy,precision,ROC_ACU_score_discretized,MCC,f1_score,cohen_kappa,PPV_score,NPV_score,FPR_score,FDR_score,PLR_score,NLR_score,DOR_score
0.9305870117629852,0.5247661797685585,16198,2206,0.13395638629283488,556,0.8660436137071651,0.8801347533144969,0.873089183510831,0.8796597710805418,0.20130340333091962,0.873089183510831,0.38244932284511407,0.32667450058754405,0.28771160400022344,0.20130340333091962,0.9947187423237533,0.11986524668550315,0.7986965966690803,7.225143547899669,0.1521998600650286,47.47142043897194
