ROC_AUC_score,prediction_threshold,TN,FP,FN,TP,sensitivity,specificity,BA,Accuracy,precision,ROC_ACU_score_discretized,MCC,f1_score,cohen_kappa,PPV_score,NPV_score,FPR_score,FDR_score,PLR_score,NLR_score,DOR_score
0.9233454598029182,0.49312625646132613,12710,2013,0.1364522417153996,443,0.8635477582846004,0.8632751477280446,0.8634114530063225,0.8632843265949068,0.18037459283387622,0.8634114530063226,0.35653801003937974,0.2984169754125969,0.2570297829647594,0.18037459283387622,0.9945226917057903,0.13672485227195544,0.8196254071661238,6.315953127284737,0.1580634425472721,39.95834220424386
