ROC_AUC_score,prediction_threshold,TN,FP,FN,TP,sensitivity,specificity,BA,Accuracy,precision,ROC_ACU_score_discretized,MCC,f1_score,cohen_kappa,PPV_score,NPV_score,FPR_score,FDR_score,PLR_score,NLR_score,DOR_score
0.9195314102785459,0.49312625646132613,15764,2640,0.14485981308411214,549,0.8551401869158879,0.8565529232775484,0.8558465550967181,0.8565053029507508,0.17215428033866415,0.8558465550967183,0.34401597882511104,0.28660924040720437,0.24419482638079693,0.17215428033866415,0.9941350822980387,0.14344707672245163,0.8278457196613358,5.961363636363638,0.16911951281400656,35.249413489736085
