ROC_AUC_score,prediction_threshold,TN,FP,FN,TP,sensitivity,specificity,BA,Accuracy,precision,ROC_ACU_score_discretized,MCC,f1_score,cohen_kappa,PPV_score,NPV_score,FPR_score,FDR_score,PLR_score,NLR_score,DOR_score
0.9258913696581935,0.5112550564309332,12886,1837,0.14814814814814814,437,0.8518518518518519,0.8752292331725872,0.8635405425122196,0.8744421107902337,0.19217238346525944,0.8635405425122195,0.36805137666126697,0.3135988518119842,0.2736916842048396,0.19217238346525944,0.9941367072982564,0.1247707668274129,0.8078276165347406,6.827335228532836,0.16926782439742238,40.33451279259665
