ROC_AUC_score,prediction_threshold,TN,FP,FN,TP,sensitivity,specificity,BA,Accuracy,precision,ROC_ACU_score_discretized,MCC,f1_score,cohen_kappa,PPV_score,NPV_score,FPR_score,FDR_score,PLR_score,NLR_score,DOR_score
0.9316150796149557,0.5112550564309332,16229,2175,0.1588785046728972,540,0.8411214953271028,0.8818191697457075,0.8614703325364051,0.880447338023732,0.19889502762430938,0.861470332536405,0.37319427624028134,0.32171581769436997,0.28260107687896274,0.19889502762430938,0.9937542097850713,0.11818083025429255,0.8011049723756906,7.117241379310348,0.18017129829317888,39.50263691683572
