ROC_AUC_score,prediction_threshold,TN,FP,FN,TP,sensitivity,specificity,BA,Accuracy,precision,ROC_ACU_score_discretized,MCC,f1_score,cohen_kappa,PPV_score,NPV_score,FPR_score,FDR_score,PLR_score,NLR_score,DOR_score
0.9287019461004311,0.4430082305101609,12492,2231,0.11500974658869395,454,0.884990253411306,0.848468382802418,0.866729318106862,0.8496980834864793,0.1690875232774674,0.8667293181068619,0.34723313021590607,0.2839274546591619,0.24101583126600323,0.1690875232774674,0.9952991793482591,0.151531617197582,0.8309124767225325,5.840300986541756,0.13554983181438857,43.086006882981685
