ROC_AUC_score,prediction_threshold,TN,FP,FN,TP,sensitivity,specificity,BA,Accuracy,precision,ROC_ACU_score_discretized,MCC,f1_score,cohen_kappa,PPV_score,NPV_score,FPR_score,FDR_score,PLR_score,NLR_score,DOR_score
0.9338666387707941,0.4430082305101609,15697,2707,0.1292834890965732,559,0.8707165109034268,0.8529124103455771,0.861814460624502,0.8535125485666282,0.1711573790569504,0.861814460624502,0.34647982602972305,0.28607983623336747,0.24345552928559244,0.1711573790569504,0.9947401774397973,0.14708758965442295,0.8288426209430496,5.919714320896443,0.15157885795587261,39.05369390380141
