ROC_AUC_score,prediction_threshold,TN,FP,FN,TP,sensitivity,specificity,BA,Accuracy,precision,ROC_ACU_score_discretized,MCC,f1_score,cohen_kappa,PPV_score,NPV_score,FPR_score,FDR_score,PLR_score,NLR_score,DOR_score
0.930003168319873,0.5405457429178671,13054,1669,0.15984405458089668,431,0.8401559454191033,0.8866399510969232,0.8633979482580132,0.8850748227881333,0.20523809523809525,0.8633979482580132,0.3803015434232064,0.32988901645618063,0.2915477115743583,0.20523809523809525,0.9937576126674786,0.11336004890307681,0.7947619047619048,7.411393639547907,0.18028068144588186,41.11030411083021
