ROC_AUC_score,prediction_threshold,TN,FP,FN,TP,sensitivity,specificity,BA,Accuracy,precision,ROC_ACU_score_discretized,MCC,f1_score,cohen_kappa,PPV_score,NPV_score,FPR_score,FDR_score,PLR_score,NLR_score,DOR_score
0.9300638795169138,0.5405457429178671,16257,2147,0.1588785046728972,540,0.8411214953271028,0.883340578135188,0.8622310367311454,0.8819174629843537,0.20096762188314105,0.8622310367311452,0.37560128675745774,0.3244217482727546,0.2855449940926402,0.20096762188314105,0.9937649000550156,0.116659421864812,0.7990323781168589,7.210060549604096,0.17986098296118597,40.08685169456695
