ROC_AUC_score,prediction_threshold,TN,FP,FN,TP,sensitivity,specificity,BA,Accuracy,precision,ROC_ACU_score_discretized,MCC,f1_score,cohen_kappa,PPV_score,NPV_score,FPR_score,FDR_score,PLR_score,NLR_score,DOR_score
0.9315151705325333,0.5210068719035302,12879,1844,0.12475633528265107,449,0.8752436647173489,0.8747537865924064,0.8749987256548777,0.8747702809136256,0.19581334496293065,0.8749987256548777,0.37835294887075216,0.32002851033499646,0.28043125577635697,0.19581334496293065,0.9950552422158696,0.12524621340759357,0.8041866550370693,6.988184639714494,0.14261879993528004,48.9990425027115
