ROC_AUC_score,prediction_threshold,TN,FP,FN,TP,sensitivity,specificity,BA,Accuracy,precision,ROC_ACU_score_discretized,MCC,f1_score,cohen_kappa,PPV_score,NPV_score,FPR_score,FDR_score,PLR_score,NLR_score,DOR_score
0.9280730824465221,0.5210068719035302,16176,2228,0.1308411214953271,558,0.8691588785046729,0.8789393610084765,0.8740491197565747,0.878609681822955,0.20028715003589376,0.8740491197565746,0.382059877750192,0.32555425904317387,0.2864593447443615,0.20028715003589376,0.9948339483394834,0.12106063899152358,0.7997128499641063,7.179533213644527,0.14886251236399606,48.22928956142602
