ROC_AUC_score,prediction_threshold,TN,FP,FN,TP,sensitivity,specificity,BA,Accuracy,precision,ROC_ACU_score_discretized,MCC,f1_score,cohen_kappa,PPV_score,NPV_score,FPR_score,FDR_score,PLR_score,NLR_score,DOR_score
0.9305932728611889,0.5626638150031428,13248,1475,0.1364522417153996,443,0.8635477582846004,0.8998166134619303,0.8816821858732653,0.8985954318718824,0.23096976016684045,0.8816821858732654,0.41509253039762944,0.3644590703414233,0.3287980946454445,0.23096976016684045,0.9947439555488812,0.10018338653806969,0.7690302398331595,8.61967026794859,0.15164450141725758,56.84129782082324
