ROC_AUC_score,prediction_threshold,TN,FP,FN,TP,sensitivity,specificity,BA,Accuracy,precision,ROC_ACU_score_discretized,MCC,f1_score,cohen_kappa,PPV_score,NPV_score,FPR_score,FDR_score,PLR_score,NLR_score,DOR_score
0.9345040289900409,0.5626638150031428,16476,1928,0.1573208722741433,541,0.8426791277258567,0.8952401651814823,0.8689596464536695,0.8934684448178095,0.21911705143782909,0.8689596464536695,0.3964778939327889,0.34779813564770173,0.31093049434300646,0.21911705143782909,0.9939072208481631,0.10475983481851771,0.7808829485621709,8.043914246196406,0.17573035526422265,45.7741875847336
