ROC_AUC_score,prediction_threshold,TN,FP,FN,TP,sensitivity,specificity,BA,Accuracy,precision,ROC_ACU_score_discretized,MCC,f1_score,cohen_kappa,PPV_score,NPV_score,FPR_score,FDR_score,PLR_score,NLR_score,DOR_score
0.9264306327941099,0.4554942701972682,12474,2249,0.12280701754385964,450,0.8771929824561403,0.8472458058819534,0.8622193941690468,0.8482541349435547,0.16672841793256762,0.8622193941690469,0.3422632570804229,0.28019925280199254,0.23702613566919928,0.16672841793256762,0.9949748743718593,0.15275419411804658,0.8332715820674323,5.74251324175267,0.14494851044558651,39.617607825700304
