ROC_AUC_score,prediction_threshold,TN,FP,FN,TP,sensitivity,specificity,BA,Accuracy,precision,ROC_ACU_score_discretized,MCC,f1_score,cohen_kappa,PPV_score,NPV_score,FPR_score,FDR_score,PLR_score,NLR_score,DOR_score
0.9283399382905383,0.4554942701972682,15557,2847,0.1308411214953271,558,0.8691588785046729,0.8453053683981743,0.8572321234514235,0.8461094193006405,0.16387665198237886,0.8572321234514235,0.3365218834958711,0.27575982209043737,0.23220987011152228,0.16387665198237886,0.9946294993926219,0.1546946316018257,0.8361233480176211,5.618545837723919,0.1547856270489169,36.29888604546137
