ROC_AUC_score,prediction_threshold,TN,FP,FN,TP,sensitivity,specificity,BA,Accuracy,precision,ROC_ACU_score_discretized,MCC,f1_score,cohen_kappa,PPV_score,NPV_score,FPR_score,FDR_score,PLR_score,NLR_score,DOR_score
0.911904025196153,0.486259410474007,12672,2051,0.16569200779727095,428,0.834307992202729,0.8606941520070638,0.8475010721048963,0.8598057232869519,0.17265026220250101,0.8475010721048963,0.3396490794981264,0.286096256684492,0.24391063395759627,0.17265026220250101,0.9933369914556714,0.13930584799293622,0.827349737797499,5.989037820185656,0.19250974043554459,31.110310608885186
