ROC_AUC_score,prediction_threshold,TN,FP,FN,TP,sensitivity,specificity,BA,Accuracy,precision,ROC_ACU_score_discretized,MCC,f1_score,cohen_kappa,PPV_score,NPV_score,FPR_score,FDR_score,PLR_score,NLR_score,DOR_score
0.9250995821712875,0.486259410474007,15884,2520,0.1308411214953271,558,0.8691588785046729,0.8630732449467508,0.8661160617257118,0.8632783786621863,0.18128654970760233,0.8661160617257118,0.3590151984978819,0.29999999999999993,0.2586465010940079,0.18128654970760233,0.9947394789579158,0.1369267550532493,0.8187134502923976,6.34761904761905,0.15159909342734829,41.87108843537416
