ROC_AUC_score,prediction_threshold,TN,FP,FN,TP,sensitivity,specificity,BA,Accuracy,precision,ROC_ACU_score_discretized,MCC,f1_score,cohen_kappa,PPV_score,NPV_score,FPR_score,FDR_score,PLR_score,NLR_score,DOR_score
0.9285882149357485,0.5045076774993087,12893,1830,0.14619883040935672,438,0.8538011695906432,0.8757046797527678,0.8647529246717055,0.8749671829876609,0.1931216931216931,0.8647529246717055,0.369681392234643,0.31499460625674214,0.2751890978472168,0.1931216931216931,0.9942165330043183,0.12429532024723222,0.8068783068783069,6.869133672067235,0.16694992477444814,41.14487431693988
