ROC_AUC_score,prediction_threshold,TN,FP,FN,TP,sensitivity,specificity,BA,Accuracy,precision,ROC_ACU_score_discretized,MCC,f1_score,cohen_kappa,PPV_score,NPV_score,FPR_score,FDR_score,PLR_score,NLR_score,DOR_score
0.9277943776275104,0.5045076774993087,16101,2303,0.1277258566978193,560,0.8722741433021807,0.8748641599652249,0.8735691516337027,0.8747768560327628,0.19559902200489,0.8735691516337027,0.3772979426403201,0.3195435092724679,0.2798888613718633,0.19559902200489,0.9949329543347958,0.12513584003477504,0.80440097799511,6.970618034447821,0.14599507276980728,47.745570464823174
