ROC_AUC_score,prediction_threshold,TN,FP,FN,TP,sensitivity,specificity,BA,Accuracy,precision,ROC_ACU_score_discretized,MCC,f1_score,cohen_kappa,PPV_score,NPV_score,FPR_score,FDR_score,PLR_score,NLR_score,DOR_score
0.9217549446907736,0.4751396682084808,12568,2155,0.14230019493177387,440,0.8576998050682261,0.8536303742443796,0.8556650896563028,0.8537673930165398,0.16955684007707128,0.855665089656303,0.3413254540059761,0.28314028314028317,0.24043332376094018,0.16955684007707128,0.9942251404161063,0.14636962575562046,0.8304431599229287,5.859820988408119,0.16670001352486533,35.151892699361156
