ROC_AUC_score,prediction_threshold,TN,FP,FN,TP,sensitivity,specificity,BA,Accuracy,precision,ROC_ACU_score_discretized,MCC,f1_score,cohen_kappa,PPV_score,NPV_score,FPR_score,FDR_score,PLR_score,NLR_score,DOR_score
0.9321487066674521,0.4751396682084808,15684,2720,0.11214953271028037,570,0.8878504672897196,0.8522060421647468,0.8700282547272332,0.8534075396408695,0.17325227963525835,0.8700282547272332,0.3533194732323905,0.28992878942014244,0.24748037600542694,0.17325227963525835,0.9954303122619954,0.1477939578352532,0.8267477203647416,6.007352941176472,0.1315990818668707,45.64889705882354
