ROC_AUC_score,prediction_threshold,TN,FP,FN,TP,sensitivity,specificity,BA,Accuracy,precision,ROC_ACU_score_discretized,MCC,f1_score,cohen_kappa,PPV_score,NPV_score,FPR_score,FDR_score,PLR_score,NLR_score,DOR_score
0.9348953295946364,0.5166122396242825,12897,1826,0.1442495126705653,439,0.8557504873294347,0.875976363512871,0.8658634254211528,0.8752953531110528,0.19381898454746138,0.8658634254211528,0.3710094721280561,0.31605471562275017,0.27632108200952765,0.19381898454746138,0.9942949656926992,0.12402363648712898,0.8061810154525386,6.899898370729061,0.16467283670998936,41.90064681329741
