ROC_AUC_score,prediction_threshold,TN,FP,FN,TP,sensitivity,specificity,BA,Accuracy,precision,ROC_ACU_score_discretized,MCC,f1_score,cohen_kappa,PPV_score,NPV_score,FPR_score,FDR_score,PLR_score,NLR_score,DOR_score
0.9154152456360225,0.5166122396242825,16174,2230,0.17133956386292834,532,0.8286604361370716,0.8788306889806564,0.853745562558864,0.8771395568623332,0.19261404779145547,0.8537455625588639,0.3626204050918939,0.3125734430082256,0.2727945695290239,0.19261404779145547,0.9932449029722427,0.12116931101934363,0.8073859522085446,6.838863976083709,0.19496310951733237,35.07773338768855
