ROC_AUC_score,prediction_threshold,TN,FP,FN,TP,sensitivity,specificity,BA,Accuracy,precision,ROC_ACU_score_discretized,MCC,f1_score,cohen_kappa,PPV_score,NPV_score,FPR_score,FDR_score,PLR_score,NLR_score,DOR_score
0.9323357825915586,0.544534846684839,13114,1609,0.14230019493177387,440,0.8576998050682261,0.8907152074984718,0.874207506283349,0.8896035704909425,0.21473889702293802,0.874207506283349,0.3956902478370466,0.3434816549570648,0.3061111343066695,0.21473889702293802,0.9944642450898612,0.10928479250152823,0.785261102977062,7.848299707905215,0.15975947613089123,49.12572260486814
