ROC_AUC_score,prediction_threshold,TN,FP,FN,TP,sensitivity,specificity,BA,Accuracy,precision,ROC_ACU_score_discretized,MCC,f1_score,cohen_kappa,PPV_score,NPV_score,FPR_score,FDR_score,PLR_score,NLR_score,DOR_score
0.9306083399179781,0.544534846684839,16383,2021,0.1791277258566978,527,0.8208722741433022,0.8901869158878505,0.8555295950155763,0.8878504672897196,0.20682888540031397,0.8555295950155765,0.3769762749322221,0.33040752351097186,0.2922992159986897,0.20682888540031397,0.9930294581161353,0.10981308411214953,0.793171114599686,7.47517730496454,0.2012248468941382,37.14838112858466
