ROC_AUC_score,prediction_threshold,TN,FP,FN,TP,sensitivity,specificity,BA,Accuracy,precision,ROC_ACU_score_discretized,MCC,f1_score,cohen_kappa,PPV_score,NPV_score,FPR_score,FDR_score,PLR_score,NLR_score,DOR_score
0.9213393426815321,0.4943635362325448,12709,2014,0.14035087719298245,441,0.8596491228070176,0.8632072267880188,0.8614281747975181,0.8630874245208716,0.17963340122199592,0.8614281747975181,0.3546505789727154,0.2971698113207547,0.25571213718412256,0.17963340122199592,0.994366637978249,0.13679277321198124,0.8203665987780041,6.28431679994425,0.16259233337888745,38.65075719960278
