ROC_AUC_score,prediction_threshold,TN,FP,FN,TP,sensitivity,specificity,BA,Accuracy,precision,ROC_ACU_score_discretized,MCC,f1_score,cohen_kappa,PPV_score,NPV_score,FPR_score,FDR_score,PLR_score,NLR_score,DOR_score
0.921125012779966,0.4943635362325448,15887,2517,0.14953271028037382,546,0.8504672897196262,0.8632362529884807,0.8568517713540534,0.8628058384962722,0.178256611165524,0.8568517713540534,0.3506217319908656,0.2947368421052632,0.2531096744356339,0.178256611165524,0.993993618219358,0.13676374701151922,0.821743388834476,6.218514104092171,0.1732233901932398,35.898813071116386
