ROC_AUC_score,prediction_threshold,TN,FP,FN,TP,sensitivity,specificity,BA,Accuracy,precision,ROC_ACU_score_discretized,MCC,f1_score,cohen_kappa,PPV_score,NPV_score,FPR_score,FDR_score,PLR_score,NLR_score,DOR_score
0.9261198911835044,0.5505706505691862,13163,1560,0.16374269005847952,429,0.8362573099415205,0.8940433335597364,0.8651503217506284,0.8920976634287214,0.21568627450980393,0.8651503217506284,0.39100504609703496,0.3429256594724221,0.3057607537168071,0.21568627450980393,0.9936589416471654,0.10595666644026354,0.7843137254901961,7.89244639376218,0.18314849393990687,43.09315476190474
