ROC_AUC_score,prediction_threshold,TN,FP,FN,TP,sensitivity,specificity,BA,Accuracy,precision,ROC_ACU_score_discretized,MCC,f1_score,cohen_kappa,PPV_score,NPV_score,FPR_score,FDR_score,PLR_score,NLR_score,DOR_score
0.9187062984411488,0.5505706505691862,16337,2067,0.18691588785046728,522,0.8130841121495327,0.8876874592479895,0.8503857856987611,0.885172739682873,0.20162224797219003,0.8503857856987611,0.36902750910445836,0.3231197771587744,0.28446650124069484,0.20162224797219003,0.9927082700370663,0.11231254075201043,0.7983777520278099,7.239477503628445,0.21056497520964684,34.38120464441218
