ROC_AUC_score,prediction_threshold,TN,FP,FN,TP,sensitivity,specificity,BA,Accuracy,precision,ROC_ACU_score_discretized,MCC,f1_score,cohen_kappa,PPV_score,NPV_score,FPR_score,FDR_score,PLR_score,NLR_score,DOR_score
0.926731974040696,0.5611239229357992,13135,1588,0.15204678362573099,435,0.847953216374269,0.8921415472390137,0.8700473818066414,0.8906537148857968,0.21502718734552645,0.8700473818066414,0.3934101052808648,0.3430599369085174,0.30576684594311965,0.21502718734552645,0.9940967229243927,0.10785845276098621,0.7849728126544736,7.861722421082089,0.1704289908885906,46.129020538655276
