ROC_AUC_score,prediction_threshold,TN,FP,FN,TP,sensitivity,specificity,BA,Accuracy,precision,ROC_ACU_score_discretized,MCC,f1_score,cohen_kappa,PPV_score,NPV_score,FPR_score,FDR_score,PLR_score,NLR_score,DOR_score
0.9310293170724772,0.5611239229357992,16461,1943,0.16199376947040497,538,0.838006230529595,0.894425124972832,0.8662156777512136,0.8925233644859814,0.21684804514308748,0.8662156777512134,0.39271858322400305,0.34454050592379126,0.30744960294380397,0.21684804514308748,0.9937217023845457,0.105574875027168,0.7831519548569126,7.937553611254074,0.18111495858898813,43.82605210024149
