ROC_AUC_score,prediction_threshold,TN,FP,FN,TP,sensitivity,specificity,BA,Accuracy,precision,ROC_ACU_score_discretized,MCC,f1_score,cohen_kappa,PPV_score,NPV_score,FPR_score,FDR_score,PLR_score,NLR_score,DOR_score
0.9243847958247554,0.477365984436175,12671,2052,0.1267056530214425,448,0.8732943469785575,0.860626231067038,0.8669602890227976,0.8610527697558414,0.1792,0.8669602890227978,0.3574533519306911,0.2973780285429804,0.25579563475454736,0.1792,0.9948963567839196,0.13937376893296202,0.8208,6.265844381367105,0.147224949051748,42.559664117558825
