ROC_AUC_score,prediction_threshold,TN,FP,FN,TP,sensitivity,specificity,BA,Accuracy,precision,ROC_ACU_score_discretized,MCC,f1_score,cohen_kappa,PPV_score,NPV_score,FPR_score,FDR_score,PLR_score,NLR_score,DOR_score
0.9201736247233265,0.477365984436175,15737,2667,0.14174454828660435,551,0.8582554517133957,0.8550858509019779,0.8566706513076867,0.8551926913787672,0.17122436295835922,0.8566706513076868,0.34356977948247863,0.2854922279792746,0.24294332453305034,0.17122436295835922,0.9942506949709375,0.14491414909802217,0.8287756370416408,5.9225096862892155,0.16576645273347307,35.728035369205244
