ROC_AUC_score,prediction_threshold,TN,FP,FN,TP,sensitivity,specificity,BA,Accuracy,precision,ROC_ACU_score_discretized,MCC,f1_score,cohen_kappa,PPV_score,NPV_score,FPR_score,FDR_score,PLR_score,NLR_score,DOR_score
0.9305032412057939,0.534498731389241,12995,1728,0.14230019493177387,440,0.8576998050682261,0.8826326156354004,0.8701662103518133,0.8817931215542137,0.2029520295202952,0.8701662103518133,0.3822516821201012,0.32823573293547187,0.2895479697927791,0.2029520295202952,0.9944138353229263,0.1173673843645996,0.7970479704797048,7.307820734964985,0.16122245248022374,45.32756215119228
