ROC_AUC_score,prediction_threshold,TN,FP,FN,TP,sensitivity,specificity,BA,Accuracy,precision,ROC_ACU_score_discretized,MCC,f1_score,cohen_kappa,PPV_score,NPV_score,FPR_score,FDR_score,PLR_score,NLR_score,DOR_score
0.9311854696358166,0.534498731389241,16229,2175,0.15109034267912771,545,0.8489096573208723,0.8818191697457075,0.8653644135332899,0.8807098603381287,0.20036764705882354,0.8653644135332899,0.3769254992330759,0.3242117787031529,0.28522647738760976,0.20036764705882354,0.9940585569030993,0.11818083025429255,0.7996323529411765,7.183141762452111,0.17133937190625828,41.923474345301614
