ROC_AUC_score,prediction_threshold,TN,FP,FN,TP,sensitivity,specificity,BA,Accuracy,precision,ROC_ACU_score_discretized,MCC,f1_score,cohen_kappa,PPV_score,NPV_score,FPR_score,FDR_score,PLR_score,NLR_score,DOR_score
0.9250993282646803,0.5160085306917854,16146,2258,0.1557632398753894,542,0.8442367601246106,0.8773092805911759,0.8607730203578932,0.8761944765305051,0.19357142857142856,0.8607730203578932,0.3677353957562441,0.3149331783846601,0.27518322292756037,0.19357142857142856,0.9938446386802905,0.12269071940882417,0.8064285714285714,6.881015648066136,0.1775465543581486,38.75612046058459
