ROC_AUC_score,prediction_threshold,TN,FP,FN,TP,sensitivity,specificity,BA,Accuracy,precision,ROC_ACU_score_discretized,MCC,f1_score,cohen_kappa,PPV_score,NPV_score,FPR_score,FDR_score,PLR_score,NLR_score,DOR_score
0.9371363234170086,0.531672822841004,12950,1773,0.13840155945419103,442,0.8615984405458089,0.879576173334239,0.870587306940024,0.8789708584930428,0.199548532731377,0.870587306940024,0.3792873336840896,0.3240469208211144,0.28495003641780714,0.199548532731377,0.9945472697949467,0.12042382666576106,0.800451467268623,7.154717337933417,0.15735028261344056,45.46999992056115
