ROC_AUC_score,prediction_threshold,TN,FP,FN,TP,sensitivity,specificity,BA,Accuracy,precision,ROC_ACU_score_discretized,MCC,f1_score,cohen_kappa,PPV_score,NPV_score,FPR_score,FDR_score,PLR_score,NLR_score,DOR_score
0.9298132736957494,0.531672822841004,16269,2135,0.16666666666666666,535,0.8333333333333334,0.8839926103021082,0.8586629718177208,0.8822849942245091,0.20037453183520598,0.8586629718177209,0.37288989897209707,0.3230676328502415,0.28416347381864626,0.20037453183520598,0.993466047874939,0.11600738969789176,0.799625468164794,7.183450429352066,0.18853852930932036,38.100702576112404
