ROC_AUC_score,prediction_threshold,TN,FP,FN,TP,sensitivity,specificity,BA,Accuracy,precision,ROC_ACU_score_discretized,MCC,f1_score,cohen_kappa,PPV_score,NPV_score,FPR_score,FDR_score,PLR_score,NLR_score,DOR_score
0.9301497345588762,0.4585162820322459,12732,1991,0.13840155945419103,442,0.8615984405458089,0.8647694084086124,0.8631839244772106,0.864662641113153,0.1816687217427045,0.8631839244772107,0.35767330214146215,0.3000678886625933,0.25884938351220277,0.1816687217427045,0.9944544247442005,0.13523059159138762,0.8183312782572956,6.37132789560821,0.16004446747125786,39.8097353584086
