ROC_AUC_score,prediction_threshold,TN,FP,FN,TP,sensitivity,specificity,BA,Accuracy,precision,ROC_ACU_score_discretized,MCC,f1_score,cohen_kappa,PPV_score,NPV_score,FPR_score,FDR_score,PLR_score,NLR_score,DOR_score
0.9295580975556579,0.4585162820322459,15872,2532,0.11370716510903427,569,0.8862928348909658,0.8624212127798305,0.8743570238353982,0.863225874199307,0.1834891970332151,0.8743570238353983,0.3659961045434454,0.304034197168047,0.2628632110415521,0.1834891970332151,0.9954217623079336,0.13757878722016953,0.8165108029667849,6.442074776198002,0.13184643817204295,48.860438442727656
