ROC_AUC_score,prediction_threshold,TN,FP,FN,TP,sensitivity,specificity,BA,Accuracy,precision,ROC_ACU_score_discretized,MCC,f1_score,cohen_kappa,PPV_score,NPV_score,FPR_score,FDR_score,PLR_score,NLR_score,DOR_score
0.9240512815013149,0.46571514140574616,12621,2102,0.1442495126705653,439,0.8557504873294347,0.8572301840657475,0.856490335697591,0.8571803622998162,0.17276662731208187,0.856490335697591,0.34499746976597545,0.2874918140144073,0.24520127845395823,0.17276662731208187,0.9941709334383616,0.14276981593425253,0.8272333726879182,5.993917423858833,0.16827395412794016,35.6199951140484
