ROC_AUC_score,prediction_threshold,TN,FP,FN,TP,sensitivity,specificity,BA,Accuracy,precision,ROC_ACU_score_discretized,MCC,f1_score,cohen_kappa,PPV_score,NPV_score,FPR_score,FDR_score,PLR_score,NLR_score,DOR_score
0.9268492526005114,0.5371295168886387,16300,2104,0.16978193146417445,533,0.8302180685358256,0.8856770267333188,0.8579475476345721,0.8838076236480101,0.20212362533181646,0.8579475476345721,0.37409068214674146,0.32509911558401955,0.2864109503675605,0.20212362533181646,0.9933573039185812,0.11432297326668116,0.7978763746681835,7.262040557667934,0.1916973415132924,37.882844385530404
