ROC_AUC_score,prediction_threshold,TN,FP,FN,TP,sensitivity,specificity,BA,Accuracy,precision,ROC_ACU_score_discretized,MCC,f1_score,cohen_kappa,PPV_score,NPV_score,FPR_score,FDR_score,PLR_score,NLR_score,DOR_score
0.923255825346003,0.5673257066169866,13184,1539,0.1617933723196881,430,0.8382066276803118,0.8954696733002785,0.8668381504902951,0.893541611971646,0.21838496698831894,0.8668381504902951,0.39450463203241637,0.34649476228847703,0.30961288548707633,0.21838496698831894,0.9937438757820155,0.10453032669972152,0.781615033011681,8.018788940440048,0.18067990144590176,44.38118947524992
