ROC_AUC_score,prediction_threshold,TN,FP,FN,TP,sensitivity,specificity,BA,Accuracy,precision,ROC_ACU_score_discretized,MCC,f1_score,cohen_kappa,PPV_score,NPV_score,FPR_score,FDR_score,PLR_score,NLR_score,DOR_score
0.9283296973907204,0.5673257066169866,16527,1877,0.14953271028037382,546,0.8504672897196262,0.8980113018908933,0.8742392958052597,0.8964086947390528,0.22534048699958728,0.8742392958052597,0.4053886635596612,0.35628058727569334,0.32004243998962223,0.22534048699958728,0.9942248691571919,0.10198869810910671,0.7746595130004127,8.338838572189664,0.16651539904398865,50.07848295151837
