ROC_AUC_score,prediction_threshold,TN,FP,FN,TP,sensitivity,specificity,BA,Accuracy,precision,ROC_ACU_score_discretized,MCC,f1_score,cohen_kappa,PPV_score,NPV_score,FPR_score,FDR_score,PLR_score,NLR_score,DOR_score
0.9272004034477357,0.5083392980300601,12893,1830,0.1442495126705653,439,0.8557504873294347,0.8757046797527678,0.8657275835411012,0.8750328170123391,0.19347730277655356,0.8657275835411011,0.3706018196745013,0.31560028756290437,0.2758265537166864,0.19347730277655356,0.9942932058301843,0.12429532024723222,0.8065226972234465,6.8848166256564305,0.16472392577745543,41.79609363461823
