ROC_AUC_score,prediction_threshold,TN,FP,FN,TP,sensitivity,specificity,BA,Accuracy,precision,ROC_ACU_score_discretized,MCC,f1_score,cohen_kappa,PPV_score,NPV_score,FPR_score,FDR_score,PLR_score,NLR_score,DOR_score
0.936074187448076,0.5083392980300601,16088,2316,0.12461059190031153,562,0.8753894080996885,0.8741577917843947,0.8747735999420416,0.8741993069410899,0.19527449617790132,0.8747735999420416,0.37770181115927004,0.31931818181818183,0.2796102860694837,0.19527449617790132,0.9950519544779812,0.1258422082156053,0.8047255038220987,6.956246401842256,0.14254931211669156,48.79887737478409
