ROC_AUC_score,prediction_threshold,TN,FP,FN,TP,sensitivity,specificity,BA,Accuracy,precision,ROC_ACU_score_discretized,MCC,f1_score,cohen_kappa,PPV_score,NPV_score,FPR_score,FDR_score,PLR_score,NLR_score,DOR_score
0.9387849619066798,0.4350478502953604,12558,2165,0.10136452241715399,461,0.898635477582846,0.8529511648441215,0.8757933212134837,0.8544893672880021,0.17555217060167555,0.8757933212134837,0.3589475450713599,0.29372411596049697,0.25156063849644095,0.17555217060167555,0.9958762886597938,0.14704883515587855,0.8244478293983244,6.111136321686949,0.11883977253923858,51.42332563510394
