ROC_AUC_score,prediction_threshold,TN,FP,FN,TP,sensitivity,specificity,BA,Accuracy,precision,ROC_ACU_score_discretized,MCC,f1_score,cohen_kappa,PPV_score,NPV_score,FPR_score,FDR_score,PLR_score,NLR_score,DOR_score
0.9274292599265636,0.4350478502953604,15630,2774,0.11993769470404984,565,0.8800623052959502,0.8492718974136058,0.864667101354778,0.8503097763309881,0.16921233902365979,0.864667101354778,0.3461747406930474,0.28384827932680234,0.24092738015107318,0.16921233902365979,0.9950977271280321,0.15072810258639427,0.8307876609763403,5.838740687334776,0.14122414160801872,41.34378599050555
