ROC_AUC_score,prediction_threshold,TN,FP,FN,TP,sensitivity,specificity,BA,Accuracy,precision,ROC_ACU_score_discretized,MCC,f1_score,cohen_kappa,PPV_score,NPV_score,FPR_score,FDR_score,PLR_score,NLR_score,DOR_score
0.9303105999431476,0.5256227263426712,13011,1712,0.1442495126705653,439,0.8557504873294347,0.8837193506758133,0.869734919002624,0.8827776319243896,0.20409112040911204,0.869734919002624,0.3830630253568015,0.32957957957957956,0.291030863656186,0.20409112040911204,0.9943446694688575,0.11628064932418665,0.795908879590888,7.359354220181812,0.16323000346235747,45.08579344531445
