ROC_AUC_score,prediction_threshold,TN,FP,FN,TP,sensitivity,specificity,BA,Accuracy,precision,ROC_ACU_score_discretized,MCC,f1_score,cohen_kappa,PPV_score,NPV_score,FPR_score,FDR_score,PLR_score,NLR_score,DOR_score
0.9338200045906315,0.5256227263426712,16276,2128,0.14174454828660435,551,0.8582554517133957,0.8843729623994784,0.871314207056437,0.883492596870734,0.20567375886524822,0.871314207056437,0.38549991826522634,0.33182776272207165,0.2934005975062165,0.20567375886524822,0.9944400317712471,0.11562703760052162,0.7943262411347518,7.422619047619048,0.16027689030883915,46.31122448979593
