ROC_AUC_score,prediction_threshold,TN,FP,FN,TP,sensitivity,specificity,BA,Accuracy,precision,ROC_ACU_score_discretized,MCC,f1_score,cohen_kappa,PPV_score,NPV_score,FPR_score,FDR_score,PLR_score,NLR_score,DOR_score
0.9251197454116624,0.5298584539010761,13145,1578,0.16764132553606237,427,0.8323586744639376,0.8928207566392719,0.8625897155516047,0.8907849829351536,0.21296758104738153,0.8625897155516048,0.38694460220924637,0.33915806195393167,0.30171532755643127,0.21296758104738153,0.9935001133701157,0.10717924336072811,0.7870324189526184,7.766043576763339,0.1877659365437388,41.36023668464643
