ROC_AUC_score,prediction_threshold,TN,FP,FN,TP,sensitivity,specificity,BA,Accuracy,precision,ROC_ACU_score_discretized,MCC,f1_score,cohen_kappa,PPV_score,NPV_score,FPR_score,FDR_score,PLR_score,NLR_score,DOR_score
0.9291930644902471,0.5298584539010761,16320,2084,0.16510903426791276,536,0.8348909657320872,0.8867637470115193,0.8608273563718032,0.885015226294235,0.20458015267175572,0.8608273563718034,0.3781259851960031,0.328632740649908,0.2901987632830537,0.20458015267175572,0.9935468160233776,0.11323625298848077,0.7954198473282442,7.373000639795268,0.18619281045751634,39.598739724043035
