ROC_AUC_score,prediction_threshold,TN,FP,FN,TP,sensitivity,specificity,BA,Accuracy,precision,ROC_ACU_score_discretized,MCC,f1_score,cohen_kappa,PPV_score,NPV_score,FPR_score,FDR_score,PLR_score,NLR_score,DOR_score
0.9321636632503626,0.5277294329440964,12916,1807,0.13840155945419103,442,0.8615984405458089,0.8772668613733614,0.8694326509595851,0.8767393016539774,0.19653179190751446,0.8694326509595852,0.3757274825182322,0.32005792903692976,0.28061169459982227,0.19653179190751446,0.9945329945329945,0.1227331386266386,0.8034682080924855,7.020096203738763,0.15776449054227742,44.49731482419697
