ROC_AUC_score,prediction_threshold,TN,FP,FN,TP,sensitivity,specificity,BA,Accuracy,precision,ROC_ACU_score_discretized,MCC,f1_score,cohen_kappa,PPV_score,NPV_score,FPR_score,FDR_score,PLR_score,NLR_score,DOR_score
0.9270786149022189,0.5277294329440964,16253,2151,0.1542056074766355,543,0.8457943925233645,0.883123234079548,0.8644588133014562,0.8818649585214743,0.20155902004454343,0.8644588133014562,0.37750077175167673,0.3255395683453237,0.28670656123103233,0.20155902004454343,0.9939456947162426,0.11687676592045207,0.7984409799554566,7.236634123663415,0.17461391743062815,41.44362734739306
