ROC_AUC_score,prediction_threshold,TN,FP,FN,TP,sensitivity,specificity,BA,Accuracy,precision,ROC_ACU_score_discretized,MCC,f1_score,cohen_kappa,PPV_score,NPV_score,FPR_score,FDR_score,PLR_score,NLR_score,DOR_score
0.9328103023752866,0.5687895589532539,13225,1498,0.15789473684210525,432,0.8421052631578947,0.8982544318413367,0.8701798474996156,0.896363875032817,0.22383419689119172,0.8701798474996157,0.4015107637395779,0.35366352844862875,0.31734647758282264,0.22383419689119172,0.9939125206673681,0.10174556815866331,0.7761658031088083,8.276579298714074,0.17577952442543035,47.08500222518912
