ROC_AUC_score,prediction_threshold,TN,FP,FN,TP,sensitivity,specificity,BA,Accuracy,precision,ROC_ACU_score_discretized,MCC,f1_score,cohen_kappa,PPV_score,NPV_score,FPR_score,FDR_score,PLR_score,NLR_score,DOR_score
0.9345429613364559,0.5687895589532539,16479,1925,0.1573208722741433,541,0.8426791277258567,0.8954031732232124,0.8690411504745346,0.8936259582064475,0.21938361719383617,0.8690411504745346,0.39677072245769895,0.3481338481338481,0.311294955235738,0.21938361719383617,0.9939083232810615,0.10459682677678765,0.7806163828061639,8.05645021645022,0.17569836357384142,45.8538716728816
