ROC_AUC_score,prediction_threshold,TN,FP,FN,TP,sensitivity,specificity,BA,Accuracy,precision,ROC_ACU_score_discretized,MCC,f1_score,cohen_kappa,PPV_score,NPV_score,FPR_score,FDR_score,PLR_score,NLR_score,DOR_score
0.9391544888922784,0.5962716575517372,13357,1366,0.16569200779727095,428,0.834307992202729,0.9072199959247436,0.8707639940637363,0.9047650301916513,0.23857302118171683,0.8707639940637363,0.41499343012968826,0.37104464672735155,0.3362885876912798,0.23857302118171683,0.9936765362297277,0.0927800040752564,0.7614269788182831,8.992325453294857,0.1826370764991556,49.2360347945913
