ROC_AUC_score,prediction_threshold,TN,FP,FN,TP,sensitivity,specificity,BA,Accuracy,precision,ROC_ACU_score_discretized,MCC,f1_score,cohen_kappa,PPV_score,NPV_score,FPR_score,FDR_score,PLR_score,NLR_score,DOR_score
0.9294954672592509,0.5962716575517372,16710,1694,0.16510903426791276,536,0.8348909657320872,0.9079547924364268,0.8714228790842571,0.9054919668171795,0.24035874439461882,0.8714228790842571,0.41697353666564835,0.37325905292479106,0.33863962877949705,0.24035874439461882,0.9936964795432921,0.09204520756357314,0.7596412556053812,9.070444706808342,0.18184719728705367,49.879485865763726
