{"performances": [0.9293024982378884, 0.9296810729890089, 0.9293815478282184, 0.9290496072572603, 0.929353956643585, 0.9298538141173429, 0.9291781686359664, 0.929808026292537, 0.9287116575632683, 0.9303276884816453], "mean": 0.929464803804672, "std": 0.00043906855125331224}