ROC_AUC_score,prediction_threshold,TN,FP,FN,TP,sensitivity,specificity,BA,Accuracy,precision,ROC_ACU_score_discretized,MCC,f1_score,cohen_kappa,PPV_score,NPV_score,FPR_score,FDR_score,PLR_score,NLR_score,DOR_score
0.9334103368785948,0.6202373756742601,13396,1327,0.15594541910331383,433,0.8440545808966862,0.9098689125857502,0.8769617467412182,0.9076529272775007,0.24602272727272728,0.8769617467412182,0.4254487778000767,0.38099428068631763,0.3469423988568946,0.24602272727272728,0.9940635203324428,0.09013108741424981,0.7539772727272728,9.364744231003701,0.17139328198403175,54.63892238131124
