ROC_AUC_score,prediction_threshold,TN,FP,FN,TP,sensitivity,specificity,BA,Accuracy,precision,ROC_ACU_score_discretized,MCC,f1_score,cohen_kappa,PPV_score,NPV_score,FPR_score,FDR_score,PLR_score,NLR_score,DOR_score
0.9353103517385155,0.6202373756742601,16746,1658,0.20249221183800623,512,0.7975077881619937,0.9099108889371875,0.8537093385495906,0.9061220203717316,0.2359447004608295,0.8537093385495907,0.4018236763984591,0.36415362731152207,0.329258834637173,0.2359447004608295,0.9922967527850202,0.09008911106281244,0.7640552995391705,8.852432649778846,0.2225407062383057,39.77893662429245
