ROC_AUC_score,prediction_threshold,TN,FP,FN,TP,sensitivity,specificity,BA,Accuracy,precision,ROC_ACU_score_discretized,MCC,f1_score,cohen_kappa,PPV_score,NPV_score,FPR_score,FDR_score,PLR_score,NLR_score,DOR_score
0.930394011623881,0.5248389021251034,12890,1833,0.13840155945419103,442,0.8615984405458089,0.8755009169326904,0.8685496787392497,0.8750328170123391,0.19428571428571428,0.8685496787392497,0.37305504318618365,0.3170731707317073,0.2773645994509042,0.19428571428571428,0.9945220276213255,0.12449908306730965,0.8057142857142857,6.920520371061619,0.15808271216788636,43.77784437119169
