ROC_AUC_score,prediction_threshold,TN,FP,FN,TP,sensitivity,specificity,BA,Accuracy,precision,ROC_ACU_score_discretized,MCC,f1_score,cohen_kappa,PPV_score,NPV_score,FPR_score,FDR_score,PLR_score,NLR_score,DOR_score
0.9310387962524738,0.5248389021251034,16118,2286,0.1526479750778816,544,0.8473520249221184,0.8757878722016953,0.8615699485619068,0.8748293604956421,0.192226148409894,0.8615699485619068,0.3669280085669439,0.31336405529953915,0.2734395331954469,0.192226148409894,0.9939565860878145,0.12421212779830472,0.8077738515901061,6.821813939924176,0.17429788642097863,39.13882193297266
