ROC_AUC_score,prediction_threshold,TN,FP,FN,TP,sensitivity,specificity,BA,Accuracy,precision,ROC_ACU_score_discretized,MCC,f1_score,cohen_kappa,PPV_score,NPV_score,FPR_score,FDR_score,PLR_score,NLR_score,DOR_score
0.9312268044362833,0.5382002400252097,13037,1686,0.15204678362573099,435,0.847953216374269,0.8854852951164844,0.8667192557453767,0.8842215804673142,0.2050919377652051,0.8667192557453768,0.38217833768346354,0.33029612756264237,0.2918992088572828,0.2050919377652051,0.9940526115135341,0.11451470488351559,0.7949080622347949,7.40475397667756,0.17171011699943525,43.12357423122549
