ROC_AUC_score,prediction_threshold,TN,FP,FN,TP,sensitivity,specificity,BA,Accuracy,precision,ROC_ACU_score_discretized,MCC,f1_score,cohen_kappa,PPV_score,NPV_score,FPR_score,FDR_score,PLR_score,NLR_score,DOR_score
0.9328428026956079,0.5382002400252097,16258,2146,0.16666666666666666,535,0.8333333333333334,0.883394914149098,0.8583641237412156,0.8817074451328363,0.19955240581872435,0.8583641237412157,0.37193901415088143,0.32199819440264826,0.282999774727259,0.19955240581872435,0.9934616559731133,0.11660508585090197,0.8004475941812756,7.146629388008696,0.18866609259031447,37.87977632805219
