ROC_AUC_score,prediction_threshold,TN,FP,FN,TP,sensitivity,specificity,BA,Accuracy,precision,ROC_ACU_score_discretized,MCC,f1_score,cohen_kappa,PPV_score,NPV_score,FPR_score,FDR_score,PLR_score,NLR_score,DOR_score
0.9310199964278616,0.4557111503352163,12651,2072,0.1111111111111111,456,0.8888888888888888,0.8592678122665217,0.8740783505777052,0.8602651614597007,0.18037974683544303,0.8740783505777054,0.3627624037165565,0.29990134824071024,0.25838536400098155,0.18037974683544303,0.9955146364494807,0.14073218773347823,0.819620253164557,6.316173316173313,0.12930905769416565,48.845559845559805
