ROC_AUC_score,prediction_threshold,TN,FP,FN,TP,sensitivity,specificity,BA,Accuracy,precision,ROC_ACU_score_discretized,MCC,f1_score,cohen_kappa,PPV_score,NPV_score,FPR_score,FDR_score,PLR_score,NLR_score,DOR_score
0.9349052860647251,0.4557111503352163,15729,2675,0.12461059190031153,562,0.8753894080996885,0.8546511627906976,0.865020285445193,0.8553502047674052,0.17361754711152302,0.865020285445193,0.350789893819881,0.2897654034544986,0.24742717358943422,0.17361754711152302,0.9949395913720033,0.14534883720930233,0.826382452888477,6.022679127725855,0.14580286943437815,41.30699999999998
