ROC_AUC_score,prediction_threshold,TN,FP,FN,TP,sensitivity,specificity,BA,Accuracy,precision,ROC_ACU_score_discretized,MCC,f1_score,cohen_kappa,PPV_score,NPV_score,FPR_score,FDR_score,PLR_score,NLR_score,DOR_score
0.9305538178122068,0.6314202694785654,13498,1225,0.1871345029239766,417,0.8128654970760234,0.9167968484683828,0.8648311727722031,0.9132974533998425,0.25395858708891594,0.8648311727722031,0.4244422072383647,0.38700696055684447,0.353853145576176,0.25395858708891594,0.9929380609092247,0.0832031515316172,0.7460414129110841,9.769647929347181,0.20411774237292246,47.862806122449
