ROC_AUC_score,prediction_threshold,TN,FP,FN,TP,sensitivity,specificity,BA,Accuracy,precision,ROC_ACU_score_discretized,MCC,f1_score,cohen_kappa,PPV_score,NPV_score,FPR_score,FDR_score,PLR_score,NLR_score,DOR_score
0.9324372292086036,0.6314202694785654,16905,1499,0.21962616822429906,501,0.780373831775701,0.9185503151488806,0.8494620734622909,0.9138926808778747,0.2505,0.8494620734622907,0.41145981974348955,0.37925813777441336,0.3458756464609345,0.2505,0.9917282646955298,0.08144968485111932,0.7495,9.581054036024012,0.2391008577343981,40.07118220657742
