ROC_AUC_score,prediction_threshold,TN,FP,FN,TP,sensitivity,specificity,BA,Accuracy,precision,ROC_ACU_score_discretized,MCC,f1_score,cohen_kappa,PPV_score,NPV_score,FPR_score,FDR_score,PLR_score,NLR_score,DOR_score
0.9312908857910055,0.5059132250817814,12954,1769,0.1364522417153996,443,0.8635477582846004,0.8798478570943422,0.8716978076894712,0.8792990286164347,0.20027124773960217,0.8716978076894715,0.38063794390343575,0.3251376146788991,0.28611434378225276,0.20027124773960217,0.9946253071253072,0.12015214290565782,0.7997287522603979,7.187119075875734,0.15508617838318883,46.34274408463217
