ROC_AUC_score,prediction_threshold,TN,FP,FN,TP,sensitivity,specificity,BA,Accuracy,precision,ROC_ACU_score_discretized,MCC,f1_score,cohen_kappa,PPV_score,NPV_score,FPR_score,FDR_score,PLR_score,NLR_score,DOR_score
0.9253003376619331,0.5059132250817814,16143,2261,0.16043613707165108,539,0.839563862928349,0.8771462725494458,0.8583550677388974,0.8758794497532291,0.1925,0.8583550677388972,0.3652707802969611,0.31319000581057527,0.27333890542864836,0.1925,0.9936599778406993,0.12285372745055423,0.8075,6.833849329205367,0.18290693592682067,37.36243950825094
