ROC_AUC_score,prediction_threshold,TN,FP,FN,TP,sensitivity,specificity,BA,Accuracy,precision,ROC_ACU_score_discretized,MCC,f1_score,cohen_kappa,PPV_score,NPV_score,FPR_score,FDR_score,PLR_score,NLR_score,DOR_score
0.9272210577686795,0.45392691506777355,12603,2120,0.14035087719298245,441,0.8596491228070176,0.8560076071452829,0.8578283649761502,0.8561302179049619,0.1721983600156189,0.8578283649761502,0.3452095685715869,0.28692257644762525,0.24453935563249596,0.1721983600156189,0.9943195266272189,0.1439923928547171,0.827801639984381,5.970100959947038,0.1639598480450909,36.411969339622644
