ROC_AUC_score,prediction_threshold,TN,FP,FN,TP,sensitivity,specificity,BA,Accuracy,precision,ROC_ACU_score_discretized,MCC,f1_score,cohen_kappa,PPV_score,NPV_score,FPR_score,FDR_score,PLR_score,NLR_score,DOR_score
0.9302991663061192,0.45392691506777355,15789,2615,0.13239875389408098,557,0.867601246105919,0.8579113236252989,0.862756284865609,0.8582379502257692,0.17559899117276168,0.862756284865609,0.3514461500422844,0.29208180388044047,0.2500327701036783,0.17559899117276168,0.9946453319894166,0.14208867637470116,0.8244010088272383,6.106054811982156,0.154326852027783,39.56573163873582
