ROC_AUC_score,prediction_threshold,TN,FP,FN,TP,sensitivity,specificity,BA,Accuracy,precision,ROC_ACU_score_discretized,MCC,f1_score,cohen_kappa,PPV_score,NPV_score,FPR_score,FDR_score,PLR_score,NLR_score,DOR_score
0.9368851615783556,0.4935899641747082,12732,1991,0.10331384015594541,460,0.8966861598440545,0.8647694084086124,0.8807277841263335,0.8658440535573642,0.18767849857201144,0.8807277841263335,0.3738345043929775,0.310391363022942,0.26972573289043733,0.18767849857201144,0.9958545170121236,0.13523059159138762,0.8123215014279885,6.630793737510807,0.11946981374615026,55.50183372345363
