ROC_AUC_score,prediction_threshold,TN,FP,FN,TP,sensitivity,specificity,BA,Accuracy,precision,ROC_ACU_score_discretized,MCC,f1_score,cohen_kappa,PPV_score,NPV_score,FPR_score,FDR_score,PLR_score,NLR_score,DOR_score
0.9274822417719025,0.4935899641747082,15974,2430,0.13239875389408098,557,0.867601246105919,0.8679634861986525,0.8677823661522858,0.867951275858448,0.18647472380314697,0.8677823661522858,0.3650628703572306,0.30697161752548907,0.2662566913285628,0.18647472380314697,0.9947070178715984,0.13203651380134754,0.813525276196853,6.570919067215365,0.1525395434247318,43.07682401355606
