{"performances": [0.9301654421597365, 0.9302783459643407, 0.9311737052963566, 0.9314062837484197, 0.930261842034882, 0.9308981319921648, 0.9302634501100601, 0.9312057821643812, 0.9309590695778582, 0.9312916025975662], "mean": 0.9307903655645766, "std": 0.00046902655270117014}