ROC_AUC_score,prediction_threshold,TN,FP,FN,TP,sensitivity,specificity,BA,Accuracy,precision,ROC_ACU_score_discretized,MCC,f1_score,cohen_kappa,PPV_score,NPV_score,FPR_score,FDR_score,PLR_score,NLR_score,DOR_score
0.9319450716870437,0.5219724622203151,12977,1746,0.15009746588693956,436,0.8499025341130604,0.8814100387149358,0.865656286413998,0.880349173011289,0.1998166819431714,0.8656562864139982,0.37658299164633297,0.3235621521335807,0.28455458369687014,0.1998166819431714,0.9941014248506205,0.11858996128506419,0.8001833180568286,7.1667325370828125,0.17029243972053726,42.08485443536989
