ROC_AUC_score,prediction_threshold,TN,FP,FN,TP,sensitivity,specificity,BA,Accuracy,precision,ROC_ACU_score_discretized,MCC,f1_score,cohen_kappa,PPV_score,NPV_score,FPR_score,FDR_score,PLR_score,NLR_score,DOR_score
0.9282272037570054,0.5219724622203151,16143,2261,0.15109034267912771,545,0.8489096573208723,0.8771462725494458,0.8630279649351591,0.8761944765305051,0.19422665716322166,0.863027964935159,0.36970630513842295,0.3161252900232019,0.2764277537960804,0.19422665716322166,0.9940270935960591,0.12285372745055423,0.8057733428367784,6.909921863482235,0.17225216296020976,40.115152952119544
