ROC_AUC_score,prediction_threshold,TN,FP,FN,TP,sensitivity,specificity,BA,Accuracy,precision,ROC_ACU_score_discretized,MCC,f1_score,cohen_kappa,PPV_score,NPV_score,FPR_score,FDR_score,PLR_score,NLR_score,DOR_score
0.9340641255761531,0.512177850908969,12970,1753,0.13060428849902533,446,0.8693957115009746,0.8809345921347551,0.8751651518178649,0.8805460750853242,0.2028194633924511,0.8751651518178648,0.3851304683981694,0.3289085545722714,0.2901489658292328,0.2028194633924511,0.994860780854491,0.11906540786524486,0.7971805366075488,7.301832892429461,0.1482565103755706,49.25134737039272
