ROC_AUC_score,prediction_threshold,TN,FP,FN,TP,sensitivity,specificity,BA,Accuracy,precision,ROC_ACU_score_discretized,MCC,f1_score,cohen_kappa,PPV_score,NPV_score,FPR_score,FDR_score,PLR_score,NLR_score,DOR_score
0.9303204944611121,0.512177850908969,16166,2238,0.14485981308411214,549,0.8551401869158879,0.8783960008693762,0.8667680938926321,0.8776120970282474,0.1969860064585576,0.8667680938926321,0.37456722227359934,0.32020997375328086,0.2808024710617453,0.1969860064585576,0.9942800910265084,0.12160399913062378,0.8030139935414424,7.032171581769435,0.16491401707286896,42.64144253221482
