ROC_AUC_score,prediction_threshold,TN,FP,FN,TP,sensitivity,specificity,BA,Accuracy,precision,ROC_ACU_score_discretized,MCC,f1_score,cohen_kappa,PPV_score,NPV_score,FPR_score,FDR_score,PLR_score,NLR_score,DOR_score
0.9264203056336381,0.4974453968435025,12813,1910,0.12475633528265107,449,0.8752436647173489,0.8702710045507029,0.8727573346340259,0.8704384352848517,0.1903348876642645,0.8727573346340258,0.371742070632861,0.3126740947075209,0.2724307334040713,0.1903348876642645,0.9950298982682302,0.12972899544929703,0.8096651123357355,6.746708102425929,0.14335343201174366,47.063457133507846
