ROC_AUC_score,prediction_threshold,TN,FP,FN,TP,sensitivity,specificity,BA,Accuracy,precision,ROC_ACU_score_discretized,MCC,f1_score,cohen_kappa,PPV_score,NPV_score,FPR_score,FDR_score,PLR_score,NLR_score,DOR_score
0.935592611250026,0.4974453968435025,16048,2356,0.14018691588785046,552,0.8598130841121495,0.8719843512279939,0.8658987176700716,0.8715740837971228,0.18982118294360384,0.8658987176700718,0.3671913592221868,0.31098591549295773,0.2707117540250986,0.18982118294360384,0.9944231007559797,0.12801564877200608,0.8101788170563962,6.7164685908319175,0.1607676969092722,41.77747594793434
