ROC_AUC_score,prediction_threshold,TN,FP,FN,TP,sensitivity,specificity,BA,Accuracy,precision,ROC_ACU_score_discretized,MCC,f1_score,cohen_kappa,PPV_score,NPV_score,FPR_score,FDR_score,PLR_score,NLR_score,DOR_score
0.9398936752629685,0.4922335633798506,12831,1892,0.10916179337231968,457,0.8908382066276803,0.8714935814711675,0.8811658940494239,0.8721449199264899,0.19455087271179225,0.8811658940494238,0.3807881681565254,0.31935709294199865,0.27953707793970384,0.19455087271179225,0.9956545355784899,0.12850641852883243,0.8054491272882077,6.932246784449964,0.12525828725903382,55.343617864693414
