ROC_AUC_score,prediction_threshold,TN,FP,FN,TP,sensitivity,specificity,BA,Accuracy,precision,ROC_ACU_score_discretized,MCC,f1_score,cohen_kappa,PPV_score,NPV_score,FPR_score,FDR_score,PLR_score,NLR_score,DOR_score
0.9349205204611485,0.4922335633798506,15966,2438,0.11838006230529595,566,0.881619937694704,0.8675287980873723,0.8745743678910382,0.8680037803213273,0.18841544607190414,0.874574367891038,0.37094750737014603,0.3104772353263851,0.26992527816752054,0.18841544607190414,0.9952624361052238,0.13247120191262768,0.8115845539280959,6.655181843040741,0.1364566370203349,48.77140451621257
