ROC_AUC_score,prediction_threshold,TN,FP,FN,TP,sensitivity,specificity,BA,Accuracy,precision,ROC_ACU_score_discretized,MCC,f1_score,cohen_kappa,PPV_score,NPV_score,FPR_score,FDR_score,PLR_score,NLR_score,DOR_score
0.9075740321696346,0.46959678231497476,12714,2009,0.17153996101364521,425,0.8284600389863548,0.8635468314881478,0.8460034352372513,0.8623654502494092,0.17460969597370585,0.8460034352372513,0.3406967937644539,0.28842891075670174,0.24652181976420284,0.17460969597370585,0.9931260740509296,0.1364531685118522,0.8253903040262942,6.071387333995074,0.1986458113893266,30.563882981130376
