ROC_AUC_score,prediction_threshold,TN,FP,FN,TP,sensitivity,specificity,BA,Accuracy,precision,ROC_ACU_score_discretized,MCC,f1_score,cohen_kappa,PPV_score,NPV_score,FPR_score,FDR_score,PLR_score,NLR_score,DOR_score
0.9308536137003943,0.46959678231497476,16001,2403,0.14797507788161993,547,0.8520249221183801,0.869430558574223,0.8607277403463016,0.8688438517273969,0.1854237288135593,0.8607277403463015,0.3598845259892787,0.30456570155902,0.26380518431195943,0.1854237288135593,0.9940979125248509,0.130569441425777,0.8145762711864407,6.525454293244557,0.1701976959773347,38.34043848697902
