ROC_AUC_score,prediction_threshold,TN,FP,FN,TP,sensitivity,specificity,BA,Accuracy,precision,ROC_ACU_score_discretized,MCC,f1_score,cohen_kappa,PPV_score,NPV_score,FPR_score,FDR_score,PLR_score,NLR_score,DOR_score
0.9288951169610502,0.5305574543510996,12963,1760,0.16569200779727095,428,0.834307992202729,0.8804591455545745,0.8573835688786517,0.8789052244683644,0.1956124314442413,0.8573835688786517,0.3676425610982713,0.3169196593854128,0.27750728470475705,0.1956124314442413,0.9934855916615574,0.11954085444542552,0.8043875685557587,6.979270777954989,0.18818818412398525,37.08665775401069
