ROC_AUC_score,prediction_threshold,TN,FP,FN,TP,sensitivity,specificity,BA,Accuracy,precision,ROC_ACU_score_discretized,MCC,f1_score,cohen_kappa,PPV_score,NPV_score,FPR_score,FDR_score,PLR_score,NLR_score,DOR_score
0.9237633563338864,0.5305574543510996,16175,2229,0.16043613707165108,539,0.839563862928349,0.8788850249945664,0.8592244439614577,0.8775595925653681,0.19472543352601157,0.8592244439614577,0.36790521018147815,0.31612903225806455,0.2765387859816928,0.19472543352601157,0.993672441331859,0.1211149750054336,0.8052745664739884,6.931957529534921,0.18254507985574442,37.97394887341185
