ROC_AUC_score,prediction_threshold,TN,FP,FN,TP,sensitivity,specificity,BA,Accuracy,precision,ROC_ACU_score_discretized,MCC,f1_score,cohen_kappa,PPV_score,NPV_score,FPR_score,FDR_score,PLR_score,NLR_score,DOR_score
0.9236412402707885,0.5010828560285348,12934,1789,0.15594541910331383,433,0.8440545808966862,0.878489438293826,0.8612720095952561,0.877330007876083,0.19486948694869488,0.8612720095952561,0.3692697400142279,0.316636197440585,0.27708589400621797,0.19486948694869488,0.9938527739357614,0.12151056170617401,0.8051305130513051,6.946347453628793,0.17751541715309183,39.13095304639463
