ROC_AUC_score,prediction_threshold,TN,FP,FN,TP,sensitivity,specificity,BA,Accuracy,precision,ROC_ACU_score_discretized,MCC,f1_score,cohen_kappa,PPV_score,NPV_score,FPR_score,FDR_score,PLR_score,NLR_score,DOR_score
0.9345341592407448,0.5010828560285348,16115,2289,0.1526479750778816,544,0.8473520249221184,0.8756248641599652,0.8614884445410418,0.8746718471070041,0.19202259089304624,0.8614884445410418,0.3666849306098262,0.31309352517985606,0.27314499601405506,0.19202259089304624,0.9939554678344539,0.12437513584003478,0.8079774091069538,6.812873161497014,0.17433033405729653,39.080250711031454
