ROC_AUC_score,prediction_threshold,TN,FP,FN,TP,sensitivity,specificity,BA,Accuracy,precision,ROC_ACU_score_discretized,MCC,f1_score,cohen_kappa,PPV_score,NPV_score,FPR_score,FDR_score,PLR_score,NLR_score,DOR_score
0.9207014419231607,0.42848572154106984,12225,2498,0.12280701754385964,450,0.8771929824561403,0.8303334918155267,0.8537632371358335,0.8319112627986348,0.15264586160108548,0.8537632371358336,0.32306892949104454,0.2600404507367813,0.2150143878703321,0.15264586160108548,0.994873046875,0.16966650818447326,0.8473541383989145,5.170100993075162,0.14790083593441689,34.956536657897736
