ROC_AUC_score,prediction_threshold,TN,FP,FN,TP,sensitivity,specificity,BA,Accuracy,precision,ROC_ACU_score_discretized,MCC,f1_score,cohen_kappa,PPV_score,NPV_score,FPR_score,FDR_score,PLR_score,NLR_score,DOR_score
0.9202338852247344,0.42848572154106984,15174,3230,0.11682242990654206,567,0.883177570093458,0.8244946750706368,0.8538361225820474,0.8264727501837656,0.14932841717145115,0.8538361225820474,0.3196795156206439,0.2554629421040775,0.2099014475313533,0.14932841717145115,0.995081644698013,0.1755053249293632,0.8506715828285488,5.03219814241486,0.14168973243706334,35.51561609907122
