ROC_AUC_score,prediction_threshold,TN,FP,FN,TP,sensitivity,specificity,BA,Accuracy,precision,ROC_ACU_score_discretized,MCC,f1_score,cohen_kappa,PPV_score,NPV_score,FPR_score,FDR_score,PLR_score,NLR_score,DOR_score
0.9304044711838461,0.5441339538755574,13004,1719,0.15204678362573099,435,0.847953216374269,0.8832439040956327,0.8655985602349509,0.8820556576529273,0.201949860724234,0.8655985602349509,0.3785570940533461,0.32620922384701917,0.2874557234557785,0.201949860724234,0.9940376089282984,0.11675609590436732,0.7980501392757661,7.262603376776244,0.1721458624516793,42.18866067033607
