ROC_AUC_score,prediction_threshold,TN,FP,FN,TP,sensitivity,specificity,BA,Accuracy,precision,ROC_ACU_score_discretized,MCC,f1_score,cohen_kappa,PPV_score,NPV_score,FPR_score,FDR_score,PLR_score,NLR_score,DOR_score
0.9276643774446973,0.5441339538755574,16340,2064,0.14018691588785046,552,0.8598130841121495,0.8878504672897196,0.8738317757009346,0.8869053869578915,0.21100917431192662,0.8738317757009345,0.39200552139107114,0.3388581952117864,0.30102163593008247,0.21100917431192662,0.9945222154595252,0.11214953271028037,0.7889908256880734,7.666666666666666,0.15789473684210528,48.55555555555554
