ROC_AUC_score,prediction_threshold,TN,FP,FN,TP,sensitivity,specificity,BA,Accuracy,precision,ROC_ACU_score_discretized,MCC,f1_score,cohen_kappa,PPV_score,NPV_score,FPR_score,FDR_score,PLR_score,NLR_score,DOR_score
0.932247074931096,0.5379730873066371,13025,1698,0.14619883040935672,438,0.8538011695906432,0.8846702438361747,0.8692357067134089,0.8836308742452087,0.2050561797752809,0.8692357067134089,0.38366683090805204,0.3306908267270668,0.2922609636374669,0.2050561797752809,0.9942748091603053,0.1153297561638253,0.7949438202247191,7.403129929259738,0.16525799463469942,44.797408716136594
