ROC_AUC_score,prediction_threshold,TN,FP,FN,TP,sensitivity,specificity,BA,Accuracy,precision,ROC_ACU_score_discretized,MCC,f1_score,cohen_kappa,PPV_score,NPV_score,FPR_score,FDR_score,PLR_score,NLR_score,DOR_score
0.928992393635137,0.5379730873066371,16320,2084,0.1542056074766355,543,0.8457943925233645,0.8867637470115193,0.8662790697674418,0.8853827575343904,0.20669965740388277,0.866279069767442,0.3834090296527016,0.3322116855307434,0.2939613851347668,0.20669965740388277,0.9939704001461721,0.11323625298848077,0.7933003425961173,7.469289827255281,0.17389705882352935,42.95236433432214
