ROC_AUC_score,prediction_threshold,TN,FP,FN,TP,sensitivity,specificity,BA,Accuracy,precision,ROC_ACU_score_discretized,MCC,f1_score,cohen_kappa,PPV_score,NPV_score,FPR_score,FDR_score,PLR_score,NLR_score,DOR_score
0.9268454404063923,0.5435007813725091,13150,1573,0.15789473684210525,432,0.8421052631578947,0.8931603613394009,0.8676328122486479,0.8914413231819375,0.21546134663341646,0.8676328122486477,0.39232644003211853,0.34312946783161236,0.30591174986678926,0.21546134663341646,0.993878013755574,0.10683963866059906,0.7845386533665836,7.881955365208952,0.176782069241545,44.58571731299001
