ROC_AUC_score,prediction_threshold,TN,FP,FN,TP,sensitivity,specificity,BA,Accuracy,precision,ROC_ACU_score_discretized,MCC,f1_score,cohen_kappa,PPV_score,NPV_score,FPR_score,FDR_score,PLR_score,NLR_score,DOR_score
0.9279506994619211,0.5435007813725091,16406,1998,0.16822429906542055,534,0.8317757009345794,0.8914366442077809,0.8616061725711801,0.8894256011760999,0.2109004739336493,0.8616061725711802,0.38444256518553127,0.33648393194706994,0.29877213854407514,0.2109004739336493,0.9934600944653021,0.10856335579221908,0.7890995260663507,7.66166166166166,0.18871144703157383,40.5998776554332
