ROC_AUC_score,prediction_threshold,TN,FP,FN,TP,sensitivity,specificity,BA,Accuracy,precision,ROC_ACU_score_discretized,MCC,f1_score,cohen_kappa,PPV_score,NPV_score,FPR_score,FDR_score,PLR_score,NLR_score,DOR_score
0.9354507620922176,0.5339095264000904,16283,2121,0.1542056074766355,543,0.8457943925233645,0.8847533144968485,0.8652738535101065,0.8834400924078547,0.20382882882882883,0.8652738535101064,0.380120802313051,0.32849364791288566,0.2899191374663074,0.20382882882882883,0.9939567818337199,0.1152466855031515,0.7961711711711712,7.338991041961337,0.1742922065958361,42.1073964539311
