ROC_AUC_score,prediction_threshold,TN,FP,FN,TP,sensitivity,specificity,BA,Accuracy,precision,ROC_ACU_score_discretized,MCC,f1_score,cohen_kappa,PPV_score,NPV_score,FPR_score,FDR_score,PLR_score,NLR_score,DOR_score
0.9240160632361164,0.4852839941170068,12694,2029,0.14230019493177387,440,0.8576998050682261,0.8621884126876316,0.8599441088779288,0.8620372801260173,0.17820980153908464,0.8599441088779288,0.3523846077556092,0.29510395707578807,0.2534812251159997,0.17820980153908464,0.9942821336257539,0.1378115873123684,0.8217901984609154,6.223713272557659,0.16504535764774755,37.70910834002847
