ROC_AUC_score,prediction_threshold,TN,FP,FN,TP,sensitivity,specificity,BA,Accuracy,precision,ROC_ACU_score_discretized,MCC,f1_score,cohen_kappa,PPV_score,NPV_score,FPR_score,FDR_score,PLR_score,NLR_score,DOR_score
0.9288265926207293,0.4852839941170068,15944,2460,0.12305295950155763,563,0.8769470404984424,0.8663334057813519,0.8716402231398972,0.8666911687493437,0.18623883559378102,0.8716402231398971,0.36710081123263305,0.30723055934515686,0.2664398614497139,0.18623883559378102,0.9950695874680148,0.13366659421864813,0.813761164406219,6.560704607046071,0.14203880247533027,46.18952351548834
