ROC_AUC_score,prediction_threshold,TN,FP,FN,TP,sensitivity,specificity,BA,Accuracy,precision,ROC_ACU_score_discretized,MCC,f1_score,cohen_kappa,PPV_score,NPV_score,FPR_score,FDR_score,PLR_score,NLR_score,DOR_score
0.9236362090900463,0.500944205763035,12859,1864,0.15204678362573099,435,0.847953216374269,0.8733953677918902,0.8606742920830797,0.8725387240745602,0.18921270117442365,0.8606742920830797,0.36350948523390386,0.30938833570412516,0.2691511478192661,0.18921270117442365,0.9939707814794775,0.12660463220810975,0.8107872988255763,6.697647641994828,0.1740870048465384,38.47299026081214
