ROC_AUC_score,prediction_threshold,TN,FP,FN,TP,sensitivity,specificity,BA,Accuracy,precision,ROC_ACU_score_discretized,MCC,f1_score,cohen_kappa,PPV_score,NPV_score,FPR_score,FDR_score,PLR_score,NLR_score,DOR_score
0.9172615698469995,0.500944205763035,16138,2266,0.16510903426791276,536,0.8348909657320872,0.8768745924798956,0.8558827791059914,0.8754594140501942,0.19129193433261957,0.8558827791059915,0.36264361844516013,0.3112659698025552,0.2712976003092812,0.19129193433261957,0.9934745136665846,0.12312540752010433,0.8087080656673804,6.780817887614002,0.1882926426240344,36.01212343253008
