ROC_AUC_score,prediction_threshold,TN,FP,FN,TP,sensitivity,specificity,BA,Accuracy,precision,ROC_ACU_score_discretized,MCC,f1_score,cohen_kappa,PPV_score,NPV_score,FPR_score,FDR_score,PLR_score,NLR_score,DOR_score
0.9260613706074978,0.49967003252021475,12876,1847,0.15204678362573099,435,0.847953216374269,0.874550023772329,0.861251620073299,0.8736545024940929,0.19062226117440842,0.8612516200732991,0.36520513157933454,0.3112701252236136,0.2712002061064196,0.19062226117440842,0.9939786938397406,0.12544997622767098,0.8093777388255916,6.759293559652607,0.17385716024554498,38.878430719253686
