ROC_AUC_score,prediction_threshold,TN,FP,FN,TP,sensitivity,specificity,BA,Accuracy,precision,ROC_ACU_score_discretized,MCC,f1_score,cohen_kappa,PPV_score,NPV_score,FPR_score,FDR_score,PLR_score,NLR_score,DOR_score
0.9351136587535828,0.49967003252021475,16197,2207,0.1277258566978193,560,0.8722741433021807,0.8800804173005868,0.8761772803013838,0.8798172844691798,0.2023852547885797,0.8761772803013838,0.38532549331214294,0.32854209445585214,0.2896732554855491,0.2023852547885797,0.9949628355550095,0.11991958269941318,0.7976147452114203,7.273825706086694,0.14512975653927684,50.11946467448362
