{"performances": [0.9249082212251026, 0.9248030192542458, 0.9245340475218378, 0.9250123229339957, 0.924587706451462, 0.9250952657589675, 0.9252487099851652, 0.9247804215662179, 0.9246974787412461, 0.9248334880470928], "mean": 0.9248500681485332, "std": 0.00021167686369674325}