ROC_AUC_score,prediction_threshold,TN,FP,FN,TP,sensitivity,specificity,BA,Accuracy,precision,ROC_ACU_score_discretized,MCC,f1_score,cohen_kappa,PPV_score,NPV_score,FPR_score,FDR_score,PLR_score,NLR_score,DOR_score
0.9293565291949488,0.44541265306583105,12403,2320,0.11695906432748537,453,0.8830409356725146,0.8424234191401209,0.8627321774063177,0.843791021265424,0.16336098088712586,0.8627321774063177,0.33914598877136976,0.2757151552038953,0.23207593464163512,0.16336098088712586,0.9951857498194656,0.1575765808598791,0.8366390191128742,5.603884351683806,0.13883643506357876,40.363211206896544
