ROC_AUC_score,prediction_threshold,TN,FP,FN,TP,sensitivity,specificity,BA,Accuracy,precision,ROC_ACU_score_discretized,MCC,f1_score,cohen_kappa,PPV_score,NPV_score,FPR_score,FDR_score,PLR_score,NLR_score,DOR_score
0.9190363770303218,0.44541265306583105,15466,2938,0.1261682242990654,561,0.8738317757009346,0.8403607911323625,0.8570962834166486,0.8414890265672582,0.16033152329236924,0.8570962834166486,0.3328462601853511,0.27094904612412457,0.22691084864266076,0.16033152329236924,0.9947899916382582,0.15963920886763747,0.8396684767076308,5.4737916950306325,0.15013578171472905,36.45894158283539
