ROC_AUC_score,prediction_threshold,TN,FP,FN,TP,sensitivity,specificity,BA,Accuracy,precision,ROC_ACU_score_discretized,MCC,f1_score,cohen_kappa,PPV_score,NPV_score,FPR_score,FDR_score,PLR_score,NLR_score,DOR_score
0.9214009084458827,0.40709937014540376,12350,2373,0.10331384015594541,460,0.8966861598440545,0.838823609318753,0.8677548845814038,0.8407718561302179,0.16237204376985528,0.8677548845814038,0.34100333387348447,0.27495517035265993,0.23111647831907633,0.16237204376985528,0.9957268402805772,0.16117639068124703,0.8376279562301447,5.56338404188117,0.12316515535352106,45.17011346198187
