ROC_AUC_score,prediction_threshold,TN,FP,FN,TP,sensitivity,specificity,BA,Accuracy,precision,ROC_ACU_score_discretized,MCC,f1_score,cohen_kappa,PPV_score,NPV_score,FPR_score,FDR_score,PLR_score,NLR_score,DOR_score
0.9246355255291243,0.40709937014540376,15367,3037,0.12305295950155763,563,0.8769470404984424,0.8349815257552706,0.8559642831268566,0.8363960936679617,0.15638888888888888,0.8559642831268566,0.32817143803738114,0.26544082979726547,0.22086430782889155,0.15638888888888888,0.9948854072251716,0.1650184742447294,0.8436111111111111,5.314235539457799,0.14737207435847374,36.05999008015073
