ROC_AUC_score,prediction_threshold,TN,FP,FN,TP,sensitivity,specificity,BA,Accuracy,precision,ROC_ACU_score_discretized,MCC,f1_score,cohen_kappa,PPV_score,NPV_score,FPR_score,FDR_score,PLR_score,NLR_score,DOR_score
0.9375196199499025,0.513193112271047,12842,1881,0.11695906432748537,453,0.8830409356725146,0.8722407118114515,0.877640823741983,0.8726043580992386,0.19408740359897173,0.877640823741983,0.3782568711972715,0.3182297154899895,0.2783923208822717,0.19408740359897173,0.9953495582080297,0.12775928818854854,0.8059125964010283,6.911755287563228,0.1340903522888621,51.5455077086656
