ROC_AUC_score,prediction_threshold,TN,FP,FN,TP,sensitivity,specificity,BA,Accuracy,precision,ROC_ACU_score_discretized,MCC,f1_score,cohen_kappa,PPV_score,NPV_score,FPR_score,FDR_score,PLR_score,NLR_score,DOR_score
0.931168203986537,0.513193112271047,16181,2223,0.14174454828660435,551,0.8582554517133957,0.8792110410780265,0.8687332463957111,0.8785046728971962,0.19863013698630136,0.868733246395711,0.3773047066995297,0.32259953161592503,0.28336697056162585,0.19863013698630136,0.9944075712881023,0.12078895892197349,0.8013698630136986,7.1054131054131044,0.16121788929402794,44.073353996430924
