ROC_AUC_score,prediction_threshold,TN,FP,FN,TP,sensitivity,specificity,BA,Accuracy,precision,ROC_ACU_score_discretized,MCC,f1_score,cohen_kappa,PPV_score,NPV_score,FPR_score,FDR_score,PLR_score,NLR_score,DOR_score
0.9277464189578067,0.5063554743391768,12913,1810,0.13255360623781676,445,0.8674463937621832,0.877063098553284,0.8722547461577337,0.8767393016539774,0.1973392461197339,0.8722547461577336,0.37818102082754895,0.32153179190751446,0.28215047118615144,0.1973392461197339,0.994761574609044,0.12293690144671603,0.802660753880266,7.056029422851176,0.1511334890915648,46.68739844003902
