ROC_AUC_score,prediction_threshold,TN,FP,FN,TP,sensitivity,specificity,BA,Accuracy,precision,ROC_ACU_score_discretized,MCC,f1_score,cohen_kappa,PPV_score,NPV_score,FPR_score,FDR_score,PLR_score,NLR_score,DOR_score
0.9349664775570256,0.5063554743391768,16095,2309,0.13395638629283488,556,0.8660436137071651,0.8745381438817649,0.870290878794465,0.8742518114039693,0.19406631762652704,0.8702908787944649,0.37387949232180934,0.317080125463359,0.277276533992466,0.19406631762652704,0.9946851245287683,0.12546185611823515,0.805933682373473,6.902843943987298,0.1531738635186911,45.065416419067965
