ROC_AUC_score,prediction_threshold,TN,FP,FN,TP,sensitivity,specificity,BA,Accuracy,precision,ROC_ACU_score_discretized,MCC,f1_score,cohen_kappa,PPV_score,NPV_score,FPR_score,FDR_score,PLR_score,NLR_score,DOR_score
0.9319391137098483,0.498600634995748,12864,1859,0.13840155945419103,442,0.8615984405458089,0.8737349724920193,0.8676667065189141,0.873326332370701,0.192090395480226,0.8676667065189141,0.3704244231128551,0.3141435678749112,0.27417672793596215,0.192090395480226,0.9945110166215694,0.12626502750798071,0.807909604519774,6.823729876361453,0.15840222013713118,43.078498965822874
