ROC_AUC_score,prediction_threshold,TN,FP,FN,TP,sensitivity,specificity,BA,Accuracy,precision,ROC_ACU_score_discretized,MCC,f1_score,cohen_kappa,PPV_score,NPV_score,FPR_score,FDR_score,PLR_score,NLR_score,DOR_score
0.9261175783945113,0.498600634995748,16067,2337,0.15109034267912771,545,0.8489096573208723,0.8730167354922843,0.8609631964065783,0.8722041373516749,0.18910478834142957,0.8609631964065784,0.36357594083275047,0.30930760499432464,0.2690049402046272,0.18910478834142957,0.9939990101460034,0.12698326450771572,0.8108952116585705,6.685208957352733,0.1730669488184892,38.627877841448
