ROC_AUC_score,prediction_threshold,TN,FP,FN,TP,sensitivity,specificity,BA,Accuracy,precision,ROC_ACU_score_discretized,MCC,f1_score,cohen_kappa,PPV_score,NPV_score,FPR_score,FDR_score,PLR_score,NLR_score,DOR_score
0.9316620015705229,0.48563840270980296,12651,2072,0.1286549707602339,447,0.8713450292397661,0.8592678122665217,0.8653064207531439,0.8596744552375951,0.17745136959110758,0.8653064207531439,0.3547625112441753,0.29485488126649073,0.2530663209317233,0.17745136959110758,0.9948100967209248,0.14073218773347823,0.8225486304088924,6.191512000722525,0.14972627733008648,41.3522069147069
