ROC_AUC_score,prediction_threshold,TN,FP,FN,TP,sensitivity,specificity,BA,Accuracy,precision,ROC_ACU_score_discretized,MCC,f1_score,cohen_kappa,PPV_score,NPV_score,FPR_score,FDR_score,PLR_score,NLR_score,DOR_score
0.9127940830958461,0.48563840270980296,15832,2572,0.16510903426791276,536,0.8348909657320872,0.8602477722234297,0.8475693689777585,0.8593930484091148,0.17245817245817247,0.8475693689777584,0.3394983759586655,0.28586666666666666,0.24360365849788312,0.17245817245817247,0.9933492282595056,0.13975222777657031,0.8275418275418276,5.97407983411094,0.1919319521643928,31.1260306933889
