ROC_AUC_score,prediction_threshold,TN,FP,FN,TP,sensitivity,specificity,BA,Accuracy,precision,ROC_ACU_score_discretized,MCC,f1_score,cohen_kappa,PPV_score,NPV_score,FPR_score,FDR_score,PLR_score,NLR_score,DOR_score
0.9328798121092311,0.5098451490833449,12950,1773,0.1189083820662768,452,0.8810916179337231,0.879576173334239,0.880333895633981,0.8796271987398268,0.20314606741573032,0.880333895633981,0.38853622828569656,0.3301680058436815,0.2913904936936832,0.20314606741573032,0.9953116593651525,0.12042382666576106,0.7968539325842696,7.316588770918337,0.13518827097774472,54.1214760570673
