ROC_AUC_score,prediction_threshold,TN,FP,FN,TP,sensitivity,specificity,BA,Accuracy,precision,ROC_ACU_score_discretized,MCC,f1_score,cohen_kappa,PPV_score,NPV_score,FPR_score,FDR_score,PLR_score,NLR_score,DOR_score
0.926185710000738,0.5098451490833449,16103,2301,0.1526479750778816,544,0.8473520249221184,0.874972831993045,0.8611624284575816,0.8740417935524519,0.19121265377855887,0.8611624284575817,0.36571615084532555,0.312016059650129,0.2719718487552554,0.19121265377855887,0.9939509906795877,0.12502716800695501,0.8087873462214411,6.777343184122845,0.17446024550290837,38.847493104151695
