ROC_AUC_score,prediction_threshold,TN,FP,FN,TP,sensitivity,specificity,BA,Accuracy,precision,ROC_ACU_score_discretized,MCC,f1_score,cohen_kappa,PPV_score,NPV_score,FPR_score,FDR_score,PLR_score,NLR_score,DOR_score
0.9400627494158204,0.48138853909414875,12832,1891,0.10526315789473684,459,0.8947368421052632,0.8715615024111933,0.8831491722582283,0.8723418220005251,0.19531914893617022,0.8831491722582283,0.3827028807018488,0.32064268250087324,0.2808946698980198,0.19531914893617022,0.9958094055564178,0.12843849758880663,0.8046808510638298,6.966266803974504,0.12077536422102637,57.67953463775779
