ROC_AUC_score,prediction_threshold,TN,FP,FN,TP,sensitivity,specificity,BA,Accuracy,precision,ROC_ACU_score_discretized,MCC,f1_score,cohen_kappa,PPV_score,NPV_score,FPR_score,FDR_score,PLR_score,NLR_score,DOR_score
0.9342296405833489,0.48138853909414875,16036,2368,0.1277258566978193,560,0.8722741433021807,0.8713323190610737,0.8718032311816272,0.8713640659456053,0.1912568306010929,0.8718032311816272,0.3720708700271225,0.31372549019607837,0.27355894483645504,0.1912568306010929,0.9949125201637921,0.12866768093892633,0.8087431693989071,6.779279279279279,0.1465868462625759,46.247528015820684
