ROC_AUC_score,prediction_threshold,TN,FP,FN,TP,sensitivity,specificity,BA,Accuracy,precision,ROC_ACU_score_discretized,MCC,f1_score,cohen_kappa,PPV_score,NPV_score,FPR_score,FDR_score,PLR_score,NLR_score,DOR_score
0.9136433160609132,0.44249558568857245,15459,2945,0.14797507788161993,547,0.8520249221183801,0.8399804390349924,0.8460026805766863,0.8403864328467919,0.15664375715922108,0.8460026805766863,0.3227564429830793,0.2646347363328495,0.22022975784929133,0.15664375715922108,0.9938922463674938,0.1600195609650076,0.8433562428407789,5.3245048104131305,0.1761649093300558,30.22454829773927
