ROC_AUC_score,prediction_threshold,TN,FP,FN,TP,sensitivity,specificity,BA,Accuracy,precision,ROC_ACU_score_discretized,MCC,f1_score,cohen_kappa,PPV_score,NPV_score,FPR_score,FDR_score,PLR_score,NLR_score,DOR_score
0.92284181213068,0.4725248251632355,12566,2157,0.14619883040935672,438,0.8538011695906432,0.8534945323643279,0.8536478509774856,0.8535048569178262,0.16878612716763006,0.8536478509774856,0.33938954596239757,0.28185328185328185,0.23906964929731533,0.16878612716763006,0.9940669250850407,0.14650546763567207,0.8312138728323699,5.827776828874845,0.17129439599848478,34.02199350950393
