ROC_AUC_score,prediction_threshold,TN,FP,FN,TP,sensitivity,specificity,BA,Accuracy,precision,ROC_ACU_score_discretized,MCC,f1_score,cohen_kappa,PPV_score,NPV_score,FPR_score,FDR_score,PLR_score,NLR_score,DOR_score
0.9288994638169542,0.4725248251632355,15723,2681,0.13395638629283488,556,0.8660436137071651,0.8543251467072376,0.8601843802072013,0.854720151212853,0.17176397899289467,0.8601843802072012,0.3461425173517783,0.2866718226346997,0.24414917942721037,0.17176397899289467,0.9945600607249035,0.14567485329276245,0.8282360210071054,5.945045381076714,0.1567978969238271,37.91533877501453
