ROC_AUC_score,prediction_threshold,TN,FP,FN,TP,sensitivity,specificity,BA,Accuracy,precision,ROC_ACU_score_discretized,MCC,f1_score,cohen_kappa,PPV_score,NPV_score,FPR_score,FDR_score,PLR_score,NLR_score,DOR_score
0.9344373597475619,0.529588749968222,13109,1614,0.14035087719298245,441,0.8596491228070176,0.8903756027983427,0.8750123628026801,0.8893410343922289,0.2145985401459854,0.8750123628026801,0.3960521053072562,0.34345794392523366,0.3060629670985312,0.2145985401459854,0.9945375919884683,0.10962439720165727,0.7854014598540145,7.8417682993108535,0.15763109046550314,49.74759913258983
