ROC_AUC_score,prediction_threshold,TN,FP,FN,TP,sensitivity,specificity,BA,Accuracy,precision,ROC_ACU_score_discretized,MCC,f1_score,cohen_kappa,PPV_score,NPV_score,FPR_score,FDR_score,PLR_score,NLR_score,DOR_score
0.9282251725041488,0.529588749968222,16298,2106,0.17445482866043613,530,0.8255451713395638,0.8855683547054988,0.8555567630225314,0.8835451013336133,0.20106221547799696,0.8555567630225314,0.37165122810634876,0.32336790726052467,0.2845835477628059,0.20106221547799696,0.9931748933577087,0.1144316452945012,0.798937784522003,7.2143083254194345,0.19699758661594471,36.6213030796364
