ROC_AUC_score,prediction_threshold,TN,FP,FN,TP,sensitivity,specificity,BA,Accuracy,precision,ROC_ACU_score_discretized,MCC,f1_score,cohen_kappa,PPV_score,NPV_score,FPR_score,FDR_score,PLR_score,NLR_score,DOR_score
0.9214234163597317,0.4825430487881397,12684,2039,0.14230019493177387,440,0.8576998050682261,0.8615092032873735,0.8596045041777998,0.8613809398792334,0.17749092375958048,0.8596045041777998,0.35147902735247094,0.2941176470588235,0.25240602009290425,0.17749092375958048,0.994277651485459,0.1384907967126265,0.8225090762404196,6.1931899117309905,0.1651754785541239,37.494608557780786
