ROC_AUC_score,prediction_threshold,TN,FP,FN,TP,sensitivity,specificity,BA,Accuracy,precision,ROC_ACU_score_discretized,MCC,f1_score,cohen_kappa,PPV_score,NPV_score,FPR_score,FDR_score,PLR_score,NLR_score,DOR_score
0.9274217273638874,0.4825430487881397,15833,2571,0.14330218068535824,550,0.8566978193146417,0.8603021082373397,0.8584999637759907,0.860180615352305,0.1762255687279718,0.8584999637759907,0.3495876914656421,0.29231995748073347,0.2504072034688991,0.1762255687279718,0.9942229199372057,0.1396978917626603,0.8237744312720282,6.132503565409047,0.1665719278300596,36.815948793397915
