ROC_AUC_score,prediction_threshold,TN,FP,FN,TP,sensitivity,specificity,BA,Accuracy,precision,ROC_ACU_score_discretized,MCC,f1_score,cohen_kappa,PPV_score,NPV_score,FPR_score,FDR_score,PLR_score,NLR_score,DOR_score
0.9222076185581193,0.5149686244517684,12969,1754,0.1617933723196881,430,0.8382066276803118,0.8808666711947294,0.8595366494375206,0.8794302966657915,0.19688644688644688,0.8595366494375205,0.3701392593093801,0.31887282165368924,0.27958759464563687,0.19688644688644688,0.9936408213300644,0.11913332880527067,0.8031135531135531,7.035870113647228,0.1836752117096745,38.30604058194008
