ROC_AUC_score,prediction_threshold,TN,FP,FN,TP,sensitivity,specificity,BA,Accuracy,precision,ROC_ACU_score_discretized,MCC,f1_score,cohen_kappa,PPV_score,NPV_score,FPR_score,FDR_score,PLR_score,NLR_score,DOR_score
0.9226064731966029,0.5149686244517684,16184,2220,0.15109034267912771,545,0.8489096573208723,0.8793740491197566,0.8641418532203144,0.8783471595085582,0.19710669077757687,0.8641418532203144,0.37310933427344767,0.3199295567948342,0.28056783412935704,0.19710669077757687,0.9940421350039924,0.12062595088024343,0.8028933092224232,7.037537537537538,0.1718157851375844,40.959784526794856
