ROC_AUC_score,prediction_threshold,TN,FP,FN,TP,sensitivity,specificity,BA,Accuracy,precision,ROC_ACU_score_discretized,MCC,f1_score,cohen_kappa,PPV_score,NPV_score,FPR_score,FDR_score,PLR_score,NLR_score,DOR_score
0.9367164846239833,0.5138115742883355,12956,1767,0.14035087719298245,441,0.8596491228070176,0.8799836989743938,0.8698164108907056,0.8792990286164347,0.19972826086956522,0.8698164108907056,0.3789959806558378,0.3241455347298787,0.2850789916285438,0.19972826086956522,0.9944734418176235,0.12001630102560619,0.8002717391304348,7.16276968595796,0.15949258759742826,44.909734012450464
