ROC_AUC_score,prediction_threshold,TN,FP,FN,TP,sensitivity,specificity,BA,Accuracy,precision,ROC_ACU_score_discretized,MCC,f1_score,cohen_kappa,PPV_score,NPV_score,FPR_score,FDR_score,PLR_score,NLR_score,DOR_score
0.9268056652996335,0.5138115742883355,16085,2319,0.14174454828660435,551,0.8582554517133957,0.8739947837426646,0.8661251177280301,0.8734642444607792,0.19198606271777002,0.8661251177280302,0.36940828276850807,0.31378132118451024,0.2737719571488548,0.19198606271777002,0.9943743818001978,0.12600521625733535,0.8080139372822299,6.811269225240762,0.16218008496528855,41.9981850835667
