ROC_AUC_score,prediction_threshold,TN,FP,FN,TP,sensitivity,specificity,BA,Accuracy,precision,ROC_ACU_score_discretized,MCC,f1_score,cohen_kappa,PPV_score,NPV_score,FPR_score,FDR_score,PLR_score,NLR_score,DOR_score
0.9244303412504259,0.48510290235965414,12875,1848,0.1539961013645224,434,0.8460038986354775,0.8744821028323032,0.8602430007338904,0.8735232344447361,0.1901840490797546,0.8602430007338904,0.3641854739830933,0.31055456171735246,0.2704430115153613,0.1901840490797546,0.9939014976069168,0.1255178971676968,0.8098159509202454,6.740105735719771,0.17609977478756228,38.27435749904103
