ROC_AUC_score,prediction_threshold,TN,FP,FN,TP,sensitivity,specificity,BA,Accuracy,precision,ROC_ACU_score_discretized,MCC,f1_score,cohen_kappa,PPV_score,NPV_score,FPR_score,FDR_score,PLR_score,NLR_score,DOR_score
0.9260433530297154,0.48510290235965414,16081,2323,0.16199376947040497,538,0.838006230529595,0.8737774396870246,0.8558918351083098,0.8725716685918303,0.188046137714086,0.8558918351083098,0.3595475764644824,0.30716528689694544,0.26679474950865756,0.188046137714086,0.993574297188755,0.12622256031297543,0.811953862285914,6.639116085521597,0.18539477229857182,35.810697374085244
