ROC_AUC_score,prediction_threshold,TN,FP,FN,TP,sensitivity,specificity,BA,Accuracy,precision,ROC_ACU_score_discretized,MCC,f1_score,cohen_kappa,PPV_score,NPV_score,FPR_score,FDR_score,PLR_score,NLR_score,DOR_score
0.9381297168146958,0.4343106854875919,12557,2166,0.10916179337231968,457,0.8908382066276803,0.8528832439040956,0.871860725265888,0.8541611971646101,0.17422798322531452,0.8718607252658879,0.3553520319154478,0.291454081632653,0.2491634636978708,0.17422798322531452,0.9955601363672402,0.14711675609590436,0.8257720167746855,6.055314365733767,0.12799148553162878,47.31029052895398
