ROC_AUC_score,prediction_threshold,TN,FP,FN,TP,sensitivity,specificity,BA,Accuracy,precision,ROC_ACU_score_discretized,MCC,f1_score,cohen_kappa,PPV_score,NPV_score,FPR_score,FDR_score,PLR_score,NLR_score,DOR_score
0.9361388489973397,0.4343106854875919,15548,2856,0.11059190031152648,571,0.8894080996884736,0.8448163442729841,0.8671122219807288,0.846319437152158,0.16661803326524657,0.8671122219807288,0.34496004887134724,0.2806586384861145,0.23735651196355756,0.16661803326524657,0.9954542544337025,0.15518365572701587,0.8333819667347534,5.731325863678805,0.13090644027098872,43.781847950447805
