ROC_AUC_score,prediction_threshold,TN,FP,FN,TP,sensitivity,specificity,BA,Accuracy,precision,ROC_ACU_score_discretized,MCC,f1_score,cohen_kappa,PPV_score,NPV_score,FPR_score,FDR_score,PLR_score,NLR_score,DOR_score
0.9286074128622666,0.5182642484676575,12944,1779,0.13840155945419103,442,0.8615984405458089,0.8791686476940841,0.8703835441199466,0.8785770543449725,0.1990094552003602,0.8703835441199466,0.37865365373256993,0.32333577176298467,0.2841767107764185,0.1990094552003602,0.9945447560507107,0.12083135230591592,0.8009905447996398,7.130586756692494,0.15742322001267423,45.29564797441195
