ROC_AUC_score,prediction_threshold,TN,FP,FN,TP,sensitivity,specificity,BA,Accuracy,precision,ROC_ACU_score_discretized,MCC,f1_score,cohen_kappa,PPV_score,NPV_score,FPR_score,FDR_score,PLR_score,NLR_score,DOR_score
0.9229312197470279,0.5182642484676575,16182,2222,0.1573208722741433,541,0.8426791277258567,0.8792653770919365,0.8609722524088966,0.8780321327312821,0.19580166485703945,0.8609722524088966,0.3699727924236193,0.31776798825256974,0.27828685328502056,0.19580166485703945,0.9937972118160044,0.12073462290806346,0.8041983351429606,6.97959795979598,0.1789230832612367,39.00892960583188
