ROC_AUC_score,prediction_threshold,TN,FP,FN,TP,sensitivity,specificity,BA,Accuracy,precision,ROC_ACU_score_discretized,MCC,f1_score,cohen_kappa,PPV_score,NPV_score,FPR_score,FDR_score,PLR_score,NLR_score,DOR_score
0.9141920208386212,0.4729460711507718,12597,2126,0.14035087719298245,441,0.8596491228070176,0.855600081505128,0.8576246021560727,0.8557364137568916,0.17179587066614727,0.8576246021560728,0.3446911393339669,0.2863636363636364,0.2439296579077328,0.17179587066614727,0.9943168363722472,0.14439991849487196,0.8282041293338528,5.953252133155088,0.1640379427571867,36.29192144873
