ROC_AUC_score,prediction_threshold,TN,FP,FN,TP,sensitivity,specificity,BA,Accuracy,precision,ROC_ACU_score_discretized,MCC,f1_score,cohen_kappa,PPV_score,NPV_score,FPR_score,FDR_score,PLR_score,NLR_score,DOR_score
0.9281116762507947,0.4729460711507718,15694,2710,0.13551401869158877,555,0.8644859813084113,0.852749402303847,0.8586176918061291,0.8531450173264727,0.16998468606431852,0.858617691806129,0.3434602488295967,0.2841054517532634,0.24136554384959763,0.16998468606431852,0.9944870413788733,0.147250597696153,0.8300153139356815,5.8708487084870855,0.15891423473939081,36.94350426262884
