ROC_AUC_score,prediction_threshold,TN,FP,FN,TP,sensitivity,specificity,BA,Accuracy,precision,ROC_ACU_score_discretized,MCC,f1_score,cohen_kappa,PPV_score,NPV_score,FPR_score,FDR_score,PLR_score,NLR_score,DOR_score
0.9274628192433131,0.5320688379562415,12928,1795,0.1539961013645224,434,0.8460038986354775,0.8780819126536711,0.8620429056445743,0.877001837752691,0.19470614625392552,0.8620429056445743,0.369575583836008,0.3165572574762946,0.2769777218921232,0.19470614625392552,0.9939263473514262,0.12191808734632888,0.8052938537460744,6.939117214267482,0.17537783109451302,39.566672543281236
