ROC_AUC_score,prediction_threshold,TN,FP,FN,TP,sensitivity,specificity,BA,Accuracy,precision,ROC_ACU_score_discretized,MCC,f1_score,cohen_kappa,PPV_score,NPV_score,FPR_score,FDR_score,PLR_score,NLR_score,DOR_score
0.9282094302945113,0.5320688379562415,16209,2195,0.14330218068535824,550,0.8566978193146417,0.8807324494675071,0.8687151343910744,0.8799222933949385,0.20036429872495445,0.8687151343910744,0.3789363678560529,0.3247711839385887,0.2857463689542519,0.20036429872495445,0.9943561744678241,0.11926755053249294,0.7996357012750456,7.182991647684131,0.1627079605980217,44.146528671882734
