ROC_AUC_score,prediction_threshold,TN,FP,FN,TP,sensitivity,specificity,BA,Accuracy,precision,ROC_ACU_score_discretized,MCC,f1_score,cohen_kappa,PPV_score,NPV_score,FPR_score,FDR_score,PLR_score,NLR_score,DOR_score
0.9239380799346053,0.5415637755612949,13105,1618,0.17543859649122806,423,0.8245614035087719,0.8901039190382395,0.8573326612735057,0.8878970858493043,0.2072513473787359,0.8573326612735057,0.37847164555418417,0.3312451057165231,0.29320960410365626,0.2072513473787359,0.993179234558545,0.10989608096176051,0.792748652621264,7.503101077787175,0.19709900466542166,38.0676761433869
