ROC_AUC_score,prediction_threshold,TN,FP,FN,TP,sensitivity,specificity,BA,Accuracy,precision,ROC_ACU_score_discretized,MCC,f1_score,cohen_kappa,PPV_score,NPV_score,FPR_score,FDR_score,PLR_score,NLR_score,DOR_score
0.9230090844398584,0.5415637755612949,16384,2020,0.1791277258566978,527,0.8208722741433022,0.8902412519017605,0.8555567630225314,0.887902971752599,0.20691009030231644,0.8555567630225315,0.3770676566676826,0.330511132016306,0.2924119029265767,0.20691009030231644,0.9930298805988241,0.10975874809823952,0.7930899096976836,7.478877887788781,0.20121256510416663,37.16904003443825
