ROC_AUC_score,prediction_threshold,TN,FP,FN,TP,sensitivity,specificity,BA,Accuracy,precision,ROC_ACU_score_discretized,MCC,f1_score,cohen_kappa,PPV_score,NPV_score,FPR_score,FDR_score,PLR_score,NLR_score,DOR_score
0.9262684434149061,0.5536700102181319,13134,1589,0.16374269005847952,429,0.8362573099415205,0.892073626298988,0.8641654681202542,0.8901942767130481,0.21258671952428146,0.8641654681202543,0.3875628501974544,0.3389964440932438,0.30149254156709193,0.21258671952428146,0.9936450295052202,0.10792637370101202,0.7874132804757186,7.748405521881064,0.1835528875994361,42.21347658005936
