ROC_AUC_score,prediction_threshold,TN,FP,FN,TP,sensitivity,specificity,BA,Accuracy,precision,ROC_ACU_score_discretized,MCC,f1_score,cohen_kappa,PPV_score,NPV_score,FPR_score,FDR_score,PLR_score,NLR_score,DOR_score
0.9326076851774739,0.5536700102181319,16353,2051,0.16043613707165108,539,0.839563862928349,0.8885568354705499,0.8640603491994494,0.8869053869578915,0.20810810810810812,0.8640603491994494,0.3833672256146482,0.33353960396039606,0.2954782659826245,0.20810810810810812,0.9937408847836655,0.11144316452945012,0.7918918918918919,7.5335608646188845,0.18055810350802093,41.72374830179927
