ROC_AUC_score,prediction_threshold,TN,FP,FN,TP,sensitivity,specificity,BA,Accuracy,precision,ROC_ACU_score_discretized,MCC,f1_score,cohen_kappa,PPV_score,NPV_score,FPR_score,FDR_score,PLR_score,NLR_score,DOR_score
0.9335889437949587,0.5187823168440051,12877,1846,0.1364522417153996,443,0.8635477582846004,0.8746179447123548,0.8690828514984776,0.8742452087161985,0.19353429445172565,0.8690828514984776,0.3726518067563096,0.31620271234832265,0.27639612542107317,0.19353429445172565,0.9945933420869699,0.12538205528764518,0.8064657055482743,6.8873313354410435,0.15601354001520762,44.1457282154465
