ROC_AUC_score,prediction_threshold,TN,FP,FN,TP,sensitivity,specificity,BA,Accuracy,precision,ROC_ACU_score_discretized,MCC,f1_score,cohen_kappa,PPV_score,NPV_score,FPR_score,FDR_score,PLR_score,NLR_score,DOR_score
0.9275823656106184,0.5187823168440051,16187,2217,0.14018691588785046,552,0.8598130841121495,0.8795370571614867,0.8696750706368181,0.8788722041373517,0.19934994582881907,0.8696750706368181,0.37855163554764143,0.3236587510993843,0.28450159427107846,0.19934994582881907,0.9944707255636788,0.12046294283851337,0.800650054171181,7.137573297248536,0.15938716253783902,44.78135618703955
