ROC_AUC_score,prediction_threshold,TN,FP,FN,TP,sensitivity,specificity,BA,Accuracy,precision,ROC_ACU_score_discretized,MCC,f1_score,cohen_kappa,PPV_score,NPV_score,FPR_score,FDR_score,PLR_score,NLR_score,DOR_score
0.9199253160938603,0.5286832093036099,13022,1701,0.15594541910331383,433,0.8440545808966862,0.8844664810160973,0.8642605309563918,0.8831058020477816,0.20290534208059982,0.8642605309563917,0.3786456269740691,0.32716282584057427,0.28853780765957004,0.20290534208059982,0.993894061975271,0.11553351898390274,0.7970946579194002,7.305711695791834,0.17631580444310319,41.43537624926514
