ROC_AUC_score,prediction_threshold,TN,FP,FN,TP,sensitivity,specificity,BA,Accuracy,precision,ROC_ACU_score_discretized,MCC,f1_score,cohen_kappa,PPV_score,NPV_score,FPR_score,FDR_score,PLR_score,NLR_score,DOR_score
0.9293371988075191,0.5286832093036099,16251,2153,0.14018691588785046,552,0.8598130841121495,0.8830145620517279,0.8714138230819387,0.8822324897616297,0.20406654343807765,0.8714138230819387,0.38405085413220397,0.3298476247385719,0.2912306987676325,0.20406654343807765,0.994492381127226,0.11698543794827211,0.7959334565619224,7.34974454249884,0.15875946095624885,46.294844403158386
