ROC_AUC_score,prediction_threshold,TN,FP,FN,TP,sensitivity,specificity,BA,Accuracy,precision,ROC_ACU_score_discretized,MCC,f1_score,cohen_kappa,PPV_score,NPV_score,FPR_score,FDR_score,PLR_score,NLR_score,DOR_score
0.9254008295357848,0.47689633553368416,12592,2131,0.1442495126705653,439,0.8557504873294347,0.855260476804999,0.8555054820672168,0.8552769755841428,0.1708171206225681,0.8555054820672168,0.3424891620127278,0.28478754459941613,0.24225108720345168,0.1708171206225681,0.9941575872414338,0.14473952319500102,0.829182879377432,5.912348392750476,0.16866149738315858,35.05452331731074
