ROC_AUC_score,prediction_threshold,TN,FP,FN,TP,sensitivity,specificity,BA,Accuracy,precision,ROC_ACU_score_discretized,MCC,f1_score,cohen_kappa,PPV_score,NPV_score,FPR_score,FDR_score,PLR_score,NLR_score,DOR_score
0.9249964960888227,0.47689633553368416,15802,2602,0.1292834890965732,559,0.8707165109034268,0.8586176918061291,0.864667101354778,0.8590255171689594,0.176842771274913,0.8646671013547781,0.35378901934537654,0.29397843807520374,0.25206806864454256,0.176842771274913,0.994774944916588,0.1413823081938709,0.823157228725087,6.158595951831925,0.15057165759608485,40.90142892862767
