ROC_AUC_score,prediction_threshold,TN,FP,FN,TP,sensitivity,specificity,BA,Accuracy,precision,ROC_ACU_score_discretized,MCC,f1_score,cohen_kappa,PPV_score,NPV_score,FPR_score,FDR_score,PLR_score,NLR_score,DOR_score
0.9261905925128879,0.5190603547320644,13008,1715,0.1442495126705653,439,0.8557504873294347,0.8835155878557359,0.8696330375925854,0.8825807298503544,0.20380687093779015,0.8696330375925853,0.38273457227850277,0.32920884889388824,0.29062787382436717,0.20380687093779015,0.9943433725730011,0.11648441214426408,0.7961931290622098,7.346480714257298,0.16326764875835892,44.99654873532425
