ROC_AUC_score,prediction_threshold,TN,FP,FN,TP,sensitivity,specificity,BA,Accuracy,precision,ROC_ACU_score_discretized,MCC,f1_score,cohen_kappa,PPV_score,NPV_score,FPR_score,FDR_score,PLR_score,NLR_score,DOR_score
0.9266769346498561,0.5190603547320644,16196,2208,0.16199376947040497,538,0.838006230529595,0.8800260812866768,0.859016155908136,0.878609681822955,0.19592134013109977,0.859016155908136,0.3689126486483154,0.31759149940968123,0.27814885496183206,0.19592134013109977,0.9936196319018404,0.11997391871332319,0.8040786598689003,6.984903381642512,0.1840783732608875,37.94526895206243
