ROC_AUC_score,prediction_threshold,TN,FP,FN,TP,sensitivity,specificity,BA,Accuracy,precision,ROC_ACU_score_discretized,MCC,f1_score,cohen_kappa,PPV_score,NPV_score,FPR_score,FDR_score,PLR_score,NLR_score,DOR_score
0.9238701589945792,0.4935074318085711,12703,2020,0.13840155945419103,442,0.8615984405458089,0.8627997011478639,0.8621990708468363,0.8627592543974797,0.17952883834281072,0.8621990708468363,0.3549986372682063,0.29714285714285715,0.255662005601353,0.17952883834281072,0.9944418349772977,0.1372002988521361,0.8204711616571893,6.279858336710863,0.16040983703409079,39.148835587784106
