ROC_AUC_score,prediction_threshold,TN,FP,FN,TP,sensitivity,specificity,BA,Accuracy,precision,ROC_ACU_score_discretized,MCC,f1_score,cohen_kappa,PPV_score,NPV_score,FPR_score,FDR_score,PLR_score,NLR_score,DOR_score
0.92410892322609,0.4935074318085711,15874,2530,0.14330218068535824,550,0.8566978193146417,0.8625298848076505,0.859613852061146,0.8623332983303581,0.17857142857142858,0.859613852061146,0.35254666714727356,0.2955400322407308,0.25391811444538936,0.17857142857142858,0.9942377552298635,0.1374701151923495,0.8214285714285714,6.231884057971013,0.16614169921464872,37.509451795841194
