ROC_AUC_score,prediction_threshold,TN,FP,FN,TP,sensitivity,specificity,BA,Accuracy,precision,ROC_ACU_score_discretized,MCC,f1_score,cohen_kappa,PPV_score,NPV_score,FPR_score,FDR_score,PLR_score,NLR_score,DOR_score
0.9322567400941015,0.5067599575867029,12853,1870,0.1267056530214425,448,0.8732943469785575,0.8729878421517354,0.8731410945651464,0.872998162247309,0.19327006039689387,0.8731410945651464,0.37480515848183354,0.3164959378311551,0.2766097422323843,0.19327006039689387,0.9949682613407648,0.1270121578482646,0.8067299396031061,6.875675224901233,0.1451402263623044,47.372636774989715
