ROC_AUC_score,prediction_threshold,TN,FP,FN,TP,sensitivity,specificity,BA,Accuracy,precision,ROC_ACU_score_discretized,MCC,f1_score,cohen_kappa,PPV_score,NPV_score,FPR_score,FDR_score,PLR_score,NLR_score,DOR_score
0.9309766737692808,0.5067599575867029,16005,2399,0.14018691588785046,552,0.8598130841121495,0.869647902629863,0.8647304933710063,0.8693163918933109,0.1870552355133853,0.8647304933710064,0.36382756585909765,0.3072641246868912,0.2666591629120306,0.1870552355133853,0.994408201304753,0.13035209737013692,0.8129447644866147,6.596081700708626,0.1611996251171509,40.91871613172153
