ROC_AUC_score,prediction_threshold,TN,FP,FN,TP,sensitivity,specificity,BA,Accuracy,precision,ROC_ACU_score_discretized,MCC,f1_score,cohen_kappa,PPV_score,NPV_score,FPR_score,FDR_score,PLR_score,NLR_score,DOR_score
0.9369577165006444,0.48400374955973,12799,1924,0.1286549707602339,447,0.8713450292397661,0.8693201113903416,0.8703325703150538,0.8693882908899974,0.18852804723745256,0.870332570315054,0.3685598915231353,0.3099861303744799,0.2695466881089703,0.18852804723745256,0.9948698017877964,0.13067988860965835,0.8114719527625475,6.667782154624258,0.14799493198710242,45.05412492912492
