ROC_AUC_score,prediction_threshold,TN,FP,FN,TP,sensitivity,specificity,BA,Accuracy,precision,ROC_ACU_score_discretized,MCC,f1_score,cohen_kappa,PPV_score,NPV_score,FPR_score,FDR_score,PLR_score,NLR_score,DOR_score
0.9343281563468864,0.48400374955973,15946,2458,0.13395638629283488,556,0.8660436137071651,0.8664420778091719,0.8662428457581686,0.866428646434947,0.18447246184472463,0.8662428457581685,0.36220738078113396,0.3041575492341357,0.2632085909534657,0.18447246184472463,0.9946357285429142,0.13355792219082807,0.8155275381552753,6.484404665039328,0.1546051256323425,41.941718545991264
