ROC_AUC_score,prediction_threshold,TN,FP,FN,TP,sensitivity,specificity,BA,Accuracy,precision,ROC_ACU_score_discretized,MCC,f1_score,cohen_kappa,PPV_score,NPV_score,FPR_score,FDR_score,PLR_score,NLR_score,DOR_score
0.9189327170931321,0.5368093894832487,13080,1643,0.17543859649122806,423,0.8245614035087719,0.8884058955375942,0.8564836495231831,0.8862562352323444,0.2047434656340755,0.856483649523183,0.37563703465156334,0.32803412175261726,0.28971756764579726,0.2047434656340755,0.9931662870159453,0.11159410446240577,0.7952565343659245,7.388933380316278,0.19747572294651,37.41692026780279
