ROC_AUC_score,prediction_threshold,TN,FP,FN,TP,sensitivity,specificity,BA,Accuracy,precision,ROC_ACU_score_discretized,MCC,f1_score,cohen_kappa,PPV_score,NPV_score,FPR_score,FDR_score,PLR_score,NLR_score,DOR_score
0.9354047203608047,0.5368093894832487,16282,2122,0.13239875389408098,557,0.867601246105919,0.8846989784829384,0.8761501122944287,0.8841226504252861,0.20791340052258306,0.8761501122944287,0.3905205747296337,0.33544113218909966,0.29722177498703006,0.20791340052258306,0.9948066230830329,0.11530102151706151,0.792086599477417,7.524662268300342,0.14965401465831385,50.28039030880966
