ROC_AUC_score,prediction_threshold,TN,FP,FN,TP,sensitivity,specificity,BA,Accuracy,precision,ROC_ACU_score_discretized,MCC,f1_score,cohen_kappa,PPV_score,NPV_score,FPR_score,FDR_score,PLR_score,NLR_score,DOR_score
0.9292899322498553,0.5254410178006779,12991,1732,0.15009746588693956,436,0.8499025341130604,0.8823609318752972,0.8661317329941788,0.8812680493567866,0.2011070110701107,0.8661317329941788,0.37808548403582576,0.3252517717269675,0.28639215844260824,0.2011070110701107,0.9941077441077442,0.11763906812470284,0.7988929889298892,7.2246622458121195,0.1701089208108238,42.470801715605404
