ROC_AUC_score,prediction_threshold,TN,FP,FN,TP,sensitivity,specificity,BA,Accuracy,precision,ROC_ACU_score_discretized,MCC,f1_score,cohen_kappa,PPV_score,NPV_score,FPR_score,FDR_score,PLR_score,NLR_score,DOR_score
0.9206965431419115,0.5511811743691891,13140,1583,0.15594541910331383,433,0.8440545808966862,0.8924811519391428,0.8682678664179144,0.890850616959832,0.21478174603174602,0.8682678664179144,0.392093523242102,0.34242783708975877,0.30512655036163916,0.21478174603174602,0.9939485627836612,0.10751884806085717,0.785218253968254,7.850294121631021,0.17473245094810425,44.92751105495892
