ROC_AUC_score,prediction_threshold,TN,FP,FN,TP,sensitivity,specificity,BA,Accuracy,precision,ROC_ACU_score_discretized,MCC,f1_score,cohen_kappa,PPV_score,NPV_score,FPR_score,FDR_score,PLR_score,NLR_score,DOR_score
0.9254809498950858,0.5511811743691891,16349,2055,0.17445482866043613,530,0.8255451713395638,0.8883394914149098,0.8569423313772369,0.8862228289404599,0.20502901353965183,0.8569423313772367,0.37617791650946814,0.32847846296870165,0.29014365478683646,0.20502901353965183,0.9931960391227751,0.1116605085850902,0.7949709864603481,7.393349553933493,0.19638306114543197,37.647592978797334
