ROC_AUC_score,prediction_threshold,TN,FP,FN,TP,sensitivity,specificity,BA,Accuracy,precision,ROC_ACU_score_discretized,MCC,f1_score,cohen_kappa,PPV_score,NPV_score,FPR_score,FDR_score,PLR_score,NLR_score,DOR_score
0.9399944312773149,0.5037974704096041,12838,1885,0.11695906432748537,453,0.8830409356725146,0.8719690280513482,0.8775049818619314,0.8723418220005251,0.19375534644995723,0.8775049818619315,0.37785579036791916,0.31778323395299896,0.2779067389672393,0.19375534644995723,0.9953481159869747,0.12803097194865176,0.8062446535500428,6.89708843284161,0.13413213149194322,51.42010610079576
