ROC_AUC_score,prediction_threshold,TN,FP,FN,TP,sensitivity,specificity,BA,Accuracy,precision,ROC_ACU_score_discretized,MCC,f1_score,cohen_kappa,PPV_score,NPV_score,FPR_score,FDR_score,PLR_score,NLR_score,DOR_score
0.9255401947700655,0.5037974704096041,16066,2338,0.14797507788161993,547,0.8520249221183801,0.8729623994783743,0.8624936607983772,0.8722566418145542,0.18960138648180241,0.8624936607983771,0.3649614675254225,0.3101786220584066,0.26991871015162194,0.18960138648180241,0.9941216508879401,0.12703760052162574,0.8103986135181975,6.706871970345025,0.16950910826175355,39.56644005222639
