ROC_AUC_score,prediction_threshold,TN,FP,FN,TP,sensitivity,specificity,BA,Accuracy,precision,ROC_ACU_score_discretized,MCC,f1_score,cohen_kappa,PPV_score,NPV_score,FPR_score,FDR_score,PLR_score,NLR_score,DOR_score
0.9252344033727976,0.45668771161953425,12423,2300,0.1267056530214425,448,0.8732943469785575,0.8437818379406371,0.8585380924595973,0.8447755316355999,0.16302765647743814,0.8585380924595973,0.33640878510749794,0.2747623428396197,0.23113141560974038,0.16302765647743814,0.9947950032030749,0.1562181620593629,0.8369723435225619,5.5902229002457835,0.1501639965736697,37.22745150501671
