ROC_AUC_score,prediction_threshold,TN,FP,FN,TP,sensitivity,specificity,BA,Accuracy,precision,ROC_ACU_score_discretized,MCC,f1_score,cohen_kappa,PPV_score,NPV_score,FPR_score,FDR_score,PLR_score,NLR_score,DOR_score
0.9227804838579721,0.45668771161953425,15499,2905,0.13239875389408098,557,0.867601246105919,0.8421538795913932,0.8548775628486561,0.8430116559907592,0.1608896591565569,0.8548775628486562,0.33214610381170034,0.27144249512670565,0.2275112922515996,0.1608896591565569,0.9945456878850103,0.15784612040860682,0.839110340843443,5.496500286861734,0.1572144439426199,34.96180216664981
