ROC_AUC_score,prediction_threshold,TN,FP,FN,TP,sensitivity,specificity,BA,Accuracy,precision,ROC_ACU_score_discretized,MCC,f1_score,cohen_kappa,PPV_score,NPV_score,FPR_score,FDR_score,PLR_score,NLR_score,DOR_score
0.9193824781716265,0.5381839464666518,12992,1731,0.16374269005847952,429,0.8362573099415205,0.882428852815323,0.8593430813784217,0.8808742452087162,0.1986111111111111,0.8593430813784217,0.37164799169013113,0.32098765432098764,0.2819117526539049,0.1986111111111111,0.9935760171306209,0.11757114718467704,0.8013888888888889,7.112776646024848,0.18555908449284128,38.33160023108032
