ROC_AUC_score,prediction_threshold,TN,FP,FN,TP,sensitivity,specificity,BA,Accuracy,precision,ROC_ACU_score_discretized,MCC,f1_score,cohen_kappa,PPV_score,NPV_score,FPR_score,FDR_score,PLR_score,NLR_score,DOR_score
0.9292255645359503,0.5381839464666518,16210,2194,0.16822429906542055,534,0.8317757009345794,0.8807867854814171,0.8562812432079983,0.8791347264517484,0.19574780058651026,0.8562812432079983,0.3671055359222828,0.3169139465875371,0.2774842891501683,0.19574780058651026,0.9933815418556196,0.11921321451858291,0.8042521994134897,6.977210574293528,0.19099321406539174,36.53119619163375
