ROC_AUC_score,prediction_threshold,TN,FP,FN,TP,sensitivity,specificity,BA,Accuracy,precision,ROC_ACU_score_discretized,MCC,f1_score,cohen_kappa,PPV_score,NPV_score,FPR_score,FDR_score,PLR_score,NLR_score,DOR_score
0.9292635847507029,0.5495877719587999,13102,1621,0.16374269005847952,429,0.8362573099415205,0.8899001562181621,0.8630787330798413,0.8880939879233395,0.20926829268292682,0.8630787330798413,0.3838434900300032,0.33476394849785407,0.29689328654288005,0.20926829268292682,0.9936296071591082,0.11009984378183794,0.7907317073170732,7.595445018056145,0.184001192621813,41.27932493170003
