ROC_AUC_score,prediction_threshold,TN,FP,FN,TP,sensitivity,specificity,BA,Accuracy,precision,ROC_ACU_score_discretized,MCC,f1_score,cohen_kappa,PPV_score,NPV_score,FPR_score,FDR_score,PLR_score,NLR_score,DOR_score
0.9197662738900727,0.5495877719587999,16328,2076,0.17289719626168223,531,0.8271028037383178,0.8871984351227994,0.8571506194305586,0.885172739682873,0.20368239355581128,0.8571506194305586,0.37505660351690534,0.3268698060941828,0.2883748478167879,0.20368239355581128,0.9932477644625586,0.11280156487720061,0.7963176064441887,7.332369942196532,0.19487996080352765,37.62505858459617
