{"performances": [0.9226178989939204, 0.9226064731966029, 0.9223703400520408, 0.9226482831512315, 0.9226938170694303, 0.9223392788104442, 0.9229312197470279, 0.9222787644024293, 0.9230884725723312, 0.9224925537655705], "mean": 0.9226067101761029, "std": 0.00024388790958028184}