ROC_AUC_score,prediction_threshold,TN,FP,FN,TP,sensitivity,specificity,BA,Accuracy,precision,ROC_ACU_score_discretized,MCC,f1_score,cohen_kappa,PPV_score,NPV_score,FPR_score,FDR_score,PLR_score,NLR_score,DOR_score
0.9361720579078313,0.47133076031263743,12631,2092,0.11695906432748537,453,0.8830409356725146,0.8579093934660056,0.8704751645692601,0.8587555788920976,0.17799607072691553,0.8704751645692601,0.35830603119190263,0.2962720732504906,0.25449099985589074,0.17799607072691553,0.9952722401701993,0.14209060653399444,0.8220039292730845,6.21463274182908,0.1363303225471908,45.58510994263864
