ROC_AUC_score,prediction_threshold,TN,FP,FN,TP,sensitivity,specificity,BA,Accuracy,precision,ROC_ACU_score_discretized,MCC,f1_score,cohen_kappa,PPV_score,NPV_score,FPR_score,FDR_score,PLR_score,NLR_score,DOR_score
0.9268021952426703,0.47133076031263743,15908,2496,0.13395638629283488,556,0.8660436137071651,0.8643773092805912,0.8652104614938781,0.8644334768455318,0.182175622542595,0.8652104614938781,0.3593569271565481,0.30102869518137515,0.2598001636313271,0.182175622542595,0.994622983618857,0.13562269071940883,0.817824377457405,6.3856837606837615,0.15497443634230157,41.204755515802034
