ROC_AUC_score,prediction_threshold,TN,FP,FN,TP,sensitivity,specificity,BA,Accuracy,precision,ROC_ACU_score_discretized,MCC,f1_score,cohen_kappa,PPV_score,NPV_score,FPR_score,FDR_score,PLR_score,NLR_score,DOR_score
0.929586904313165,0.4981392167761995,12873,1850,0.1286549707602339,447,0.8713450292397661,0.8743462609522515,0.8728456450960088,0.8742452087161985,0.19460165433173704,0.8728456450960087,0.3759110179348445,0.31814946619217077,0.27842940596994725,0.19460165433173704,0.9948991421284489,0.12565373904774843,0.805398345668263,6.934493440809228,0.1471441881847995,47.127199017199004
