ROC_AUC_score,prediction_threshold,TN,FP,FN,TP,sensitivity,specificity,BA,Accuracy,precision,ROC_ACU_score_discretized,MCC,f1_score,cohen_kappa,PPV_score,NPV_score,FPR_score,FDR_score,PLR_score,NLR_score,DOR_score
0.9337247049774497,0.4981392167761995,15998,2406,0.12461059190031153,562,0.8753894080996885,0.8692675505324929,0.8723284793160907,0.869473905281949,0.18935309973045822,0.8723284793160907,0.3705372876191439,0.3113573407202216,0.27094852412993187,0.18935309973045822,0.9950242567483518,0.13073244946750706,0.8106469002695418,6.696037683568855,0.14335125223986334,46.71070241064006
