ROC_AUC_score,prediction_threshold,TN,FP,FN,TP,sensitivity,specificity,BA,Accuracy,precision,ROC_ACU_score_discretized,MCC,f1_score,cohen_kappa,PPV_score,NPV_score,FPR_score,FDR_score,PLR_score,NLR_score,DOR_score
0.9192386923219813,0.5474846125024954,13152,1571,0.17348927875243664,424,0.8265107212475633,0.8932962032194526,0.859903462233508,0.8910475190338671,0.21253132832080202,0.859903462233508,0.38489388917700273,0.33811802232854865,0.30065678385670924,0.21253132832080202,0.9932784532890265,0.10670379678054745,0.787468671679198,7.745841724333467,0.19421248867640856,39.88333488295582
