ROC_AUC_score,prediction_threshold,TN,FP,FN,TP,sensitivity,specificity,BA,Accuracy,precision,ROC_ACU_score_discretized,MCC,f1_score,cohen_kappa,PPV_score,NPV_score,FPR_score,FDR_score,PLR_score,NLR_score,DOR_score
0.92668235132414,0.5474846125024954,16356,2048,0.17133956386292834,532,0.8286604361370716,0.88871984351228,0.8586901398246758,0.886695369106374,0.2062015503875969,0.8586901398246757,0.3783285812801712,0.33022967101179396,0.2920104099853288,0.2062015503875969,0.9933195675938297,0.11128015648772006,0.7937984496124031,7.446614583333334,0.19279367408494336,38.624786931818186
