ROC_AUC_score,prediction_threshold,TN,FP,FN,TP,sensitivity,specificity,BA,Accuracy,precision,ROC_ACU_score_discretized,MCC,f1_score,cohen_kappa,PPV_score,NPV_score,FPR_score,FDR_score,PLR_score,NLR_score,DOR_score
0.933728625260314,0.5111805922781758,12896,1827,0.13840155945419103,442,0.8615984405458089,0.8759084425728452,0.868753441559327,0.8754266211604096,0.19479947113265755,0.868753441559327,0.3736680048300576,0.3177570093457944,0.27810861289615063,0.19479947113265755,0.9945245623505823,0.12409155742715479,0.8052005288673424,6.943247859964938,0.15800916251892488,43.9420584811551
