ROC_AUC_score,prediction_threshold,TN,FP,FN,TP,sensitivity,specificity,BA,Accuracy,precision,ROC_ACU_score_discretized,MCC,f1_score,cohen_kappa,PPV_score,NPV_score,FPR_score,FDR_score,PLR_score,NLR_score,DOR_score
0.9233653154095582,0.5111805922781758,16079,2325,0.14797507788161993,547,0.8520249221183801,0.8736687676592045,0.8628468448887923,0.8729391998319858,0.19045961002785516,0.8628468448887923,0.36599574456327266,0.3113261240751281,0.2711682018449211,0.19045961002785516,0.994126375664647,0.1263312323407955,0.8095403899721448,6.744372759856632,0.16937205879304262,39.819866440294305
