ROC_AUC_score,prediction_threshold,TN,FP,FN,TP,sensitivity,specificity,BA,Accuracy,precision,ROC_ACU_score_discretized,MCC,f1_score,cohen_kappa,PPV_score,NPV_score,FPR_score,FDR_score,PLR_score,NLR_score,DOR_score
0.917780179504585,0.4692750384643192,12609,2114,0.14035087719298245,441,0.8596491228070176,0.8564151327854378,0.8580321277962277,0.8565240220530322,0.1726027397260274,0.8580321277962276,0.34572965301015646,0.28748370273794,0.2451514096466353,0.1726027397260274,0.9943222143364088,0.14358486721456226,0.8273972602739726,5.987045428139888,0.16388182765582365,36.532698675496704
