ROC_AUC_score,prediction_threshold,TN,FP,FN,TP,sensitivity,specificity,BA,Accuracy,precision,ROC_ACU_score_discretized,MCC,f1_score,cohen_kappa,PPV_score,NPV_score,FPR_score,FDR_score,PLR_score,NLR_score,DOR_score
0.9248334880470928,0.4692750384643192,15628,2776,0.13395638629283488,556,0.8660436137071651,0.8491632253857857,0.8576034195464755,0.8497322272393153,0.16686674669867949,0.8576034195464753,0.3397499599923622,0.2798188223452441,0.23667192098149792,0.16686674669867949,0.9945271732213313,0.1508367746142143,0.8331332533013205,5.741594620557157,0.15775104513266788,36.39655519067086
