ROC_AUC_score,prediction_threshold,TN,FP,FN,TP,sensitivity,specificity,BA,Accuracy,precision,ROC_ACU_score_discretized,MCC,f1_score,cohen_kappa,PPV_score,NPV_score,FPR_score,FDR_score,PLR_score,NLR_score,DOR_score
0.9301849528240744,0.42759421046600643,12432,2291,0.10721247563352826,458,0.8927875243664717,0.8443931264008694,0.8685903253836705,0.8460225781044893,0.16660603855947617,0.8685903253836706,0.3457915213146276,0.28080931943592885,0.2375395584555574,0.16660603855947617,0.9955954192360055,0.1556068735991306,0.8333939614405238,5.737455574529709,0.12696985832950752,45.18754017697708
