ROC_AUC_score,prediction_threshold,TN,FP,FN,TP,sensitivity,specificity,BA,Accuracy,precision,ROC_ACU_score_discretized,MCC,f1_score,cohen_kappa,PPV_score,NPV_score,FPR_score,FDR_score,PLR_score,NLR_score,DOR_score
0.9355794927419949,0.42759421046600643,15495,2909,0.10124610591900311,577,0.8987538940809969,0.8419365355357531,0.870345214808375,0.8438517273968287,0.16551921973608721,0.870345214808375,0.34569402388619885,0.27955426356589147,0.23606252669737593,0.16551921973608721,0.9958226221079691,0.1580634644642469,0.8344807802639128,5.686031855162141,0.12025384532644934,47.28357616944763
