ROC_AUC_score,prediction_threshold,TN,FP,FN,TP,sensitivity,specificity,BA,Accuracy,precision,ROC_ACU_score_discretized,MCC,f1_score,cohen_kappa,PPV_score,NPV_score,FPR_score,FDR_score,PLR_score,NLR_score,DOR_score
0.9408503940010318,0.4581570076844829,12625,2098,0.10721247563352826,458,0.8927875243664717,0.8575018678258507,0.8751446960961612,0.8586899448674192,0.17918622848200313,0.8751446960961613,0.36219762096515584,0.2984685565330727,0.256786010992906,0.17918622848200313,0.9956624605678234,0.14249813217414928,0.8208137715179968,6.265257731767188,0.1250288537625693,50.11049484357393
