ROC_AUC_score,prediction_threshold,TN,FP,FN,TP,sensitivity,specificity,BA,Accuracy,precision,ROC_ACU_score_discretized,MCC,f1_score,cohen_kappa,PPV_score,NPV_score,FPR_score,FDR_score,PLR_score,NLR_score,DOR_score
0.927739025987172,0.4581570076844829,15764,2640,0.1277258566978193,560,0.8722741433021807,0.8565529232775484,0.8644135332898646,0.8570828520424236,0.175,0.8644135332898646,0.35181415102975144,0.29151483602290473,0.24936635909003602,0.175,0.9948251924775968,0.14344707672245163,0.825,6.080808080808082,0.14911612957794132,40.7790096082779
