ROC_AUC_score,prediction_threshold,TN,FP,FN,TP,sensitivity,specificity,BA,Accuracy,precision,ROC_ACU_score_discretized,MCC,f1_score,cohen_kappa,PPV_score,NPV_score,FPR_score,FDR_score,PLR_score,NLR_score,DOR_score
0.9316172505418119,0.5019552069330756,12844,1879,0.14619883040935672,438,0.8538011695906432,0.8723765536915031,0.8630888616410732,0.8717511157784196,0.18903754855416488,0.8630888616410732,0.36477267217666315,0.3095406360424028,0.26925189536796157,0.18903754855416488,0.9941945971050391,0.1276234463084969,0.8109624514458351,6.690002458692413,0.16758684055722203,39.91961681745609
