ROC_AUC_score,prediction_threshold,TN,FP,FN,TP,sensitivity,specificity,BA,Accuracy,precision,ROC_ACU_score_discretized,MCC,f1_score,cohen_kappa,PPV_score,NPV_score,FPR_score,FDR_score,PLR_score,NLR_score,DOR_score
0.9290496072572603,0.5019552069330756,16056,2348,0.14174454828660435,551,0.8582554517133957,0.8724190393392741,0.8653372455263348,0.8719416150372782,0.1900655398413246,0.865337245526335,0.3670942160099561,0.3112115221688789,0.2709744588671895,0.1900655398413246,0.9943642781940918,0.12758096066072594,0.8099344601586754,6.727143668370247,0.16247301112771959,41.40468390212857
