ROC_AUC_score,prediction_threshold,TN,FP,FN,TP,sensitivity,specificity,BA,Accuracy,precision,ROC_ACU_score_discretized,MCC,f1_score,cohen_kappa,PPV_score,NPV_score,FPR_score,FDR_score,PLR_score,NLR_score,DOR_score
0.9195421519604592,0.47419570307313025,12675,2048,0.13840155945419103,442,0.8615984405458089,0.8608979148271412,0.8612481776864751,0.8609215017064846,0.17751004016064256,0.8612481776864751,0.3524567794899662,0.29437229437229434,0.25264223904608085,0.17751004016064256,0.994429624980386,0.1391020851728588,0.8224899598393575,6.194000898513643,0.1607641940705369,38.528485365316875
