ROC_AUC_score,prediction_threshold,TN,FP,FN,TP,sensitivity,specificity,BA,Accuracy,precision,ROC_ACU_score_discretized,MCC,f1_score,cohen_kappa,PPV_score,NPV_score,FPR_score,FDR_score,PLR_score,NLR_score,DOR_score
0.9265308537152631,0.47419570307313025,15735,2669,0.1292834890965732,559,0.8707165109034268,0.8549771788741578,0.8628468448887923,0.8555077181560433,0.17317224287484512,0.8628468448887924,0.3490876015928873,0.28888888888888886,0.24651912558219669,0.17317224287484512,0.9947528132507271,0.14502282112584222,0.8268277571251549,6.003996503059824,0.1512127952547399,39.70561150559528
