ROC_AUC_score,prediction_threshold,TN,FP,FN,TP,sensitivity,specificity,BA,Accuracy,precision,ROC_ACU_score_discretized,MCC,f1_score,cohen_kappa,PPV_score,NPV_score,FPR_score,FDR_score,PLR_score,NLR_score,DOR_score
0.9308983212935852,0.578945125969999,13252,1471,0.1617933723196881,430,0.8382066276803118,0.9000882972220335,0.8691474624511727,0.8980047256497768,0.22619673855865335,0.8691474624511727,0.4029945317417297,0.3562551781275891,0.320205718878238,0.22619673855865335,0.9937757780277465,0.09991170277796645,0.7738032614413467,8.389473949243529,0.17975277849854882,46.67229079472204
