ROC_AUC_score,prediction_threshold,TN,FP,FN,TP,sensitivity,specificity,BA,Accuracy,precision,ROC_ACU_score_discretized,MCC,f1_score,cohen_kappa,PPV_score,NPV_score,FPR_score,FDR_score,PLR_score,NLR_score,DOR_score
0.9247009487982094,0.578945125969999,16575,1829,0.17757009345794392,528,0.822429906542056,0.9006194305585742,0.8615246685503151,0.8979838286254331,0.2240135765803988,0.8615246685503151,0.39627494103803207,0.35211737245748576,0.3158694301912023,0.2240135765803988,0.9931691533345317,0.09938056944142577,0.7759864234196012,8.275560415527607,0.19716440422322778,41.97289286639231
