ROC_AUC_score,prediction_threshold,TN,FP,FN,TP,sensitivity,specificity,BA,Accuracy,precision,ROC_ACU_score_discretized,MCC,f1_score,cohen_kappa,PPV_score,NPV_score,FPR_score,FDR_score,PLR_score,NLR_score,DOR_score
0.9242726534539917,0.4742125053181064,12562,2161,0.1286549707602339,447,0.8713450292397661,0.8532228486042247,0.8622839389219954,0.8538330270412182,0.1713957055214724,0.8622839389219953,0.3469883031071254,0.2864466517141942,0.2438995780081482,0.1713957055214724,0.9947735191637631,0.14677715139577532,0.8286042944785276,5.936516828087496,0.1507870669083684,39.370198981952804
