ROC_AUC_score,prediction_threshold,TN,FP,FN,TP,sensitivity,specificity,BA,Accuracy,precision,ROC_ACU_score_discretized,MCC,f1_score,cohen_kappa,PPV_score,NPV_score,FPR_score,FDR_score,PLR_score,NLR_score,DOR_score
0.9284054461951586,0.4742125053181064,15667,2737,0.1261682242990654,561,0.8738317757009346,0.8512823299282765,0.8625570528146056,0.8520424236060065,0.17010309278350516,0.8625570528146056,0.3458533216941923,0.2847715736040609,0.24199690514760996,0.17010309278350516,0.9948564897129795,0.14871767007172354,0.8298969072164949,5.875776397515528,0.1482096125614348,39.645042558086054
