ROC_AUC_score,prediction_threshold,TN,FP,FN,TP,sensitivity,specificity,BA,Accuracy,precision,ROC_ACU_score_discretized,MCC,f1_score,cohen_kappa,PPV_score,NPV_score,FPR_score,FDR_score,PLR_score,NLR_score,DOR_score
0.933109392830488,0.5045630313714264,12813,1910,0.13255360623781676,445,0.8674463937621832,0.8702710045507029,0.8688586991564431,0.8701758991861381,0.18895966029723993,0.8688586991564431,0.3681091550769994,0.31032078103207816,0.269952596155416,0.18895966029723993,0.9947209067618974,0.12972899544929703,0.8110403397027601,6.686603798618125,0.15231302151247766,43.90040806898674
