ROC_AUC_score,prediction_threshold,TN,FP,FN,TP,sensitivity,specificity,BA,Accuracy,precision,ROC_ACU_score_discretized,MCC,f1_score,cohen_kappa,PPV_score,NPV_score,FPR_score,FDR_score,PLR_score,NLR_score,DOR_score
0.9271150928180993,0.5045630313714264,16071,2333,0.13239875389408098,557,0.867601246105919,0.8732340795479243,0.8704176628269217,0.8730442087577444,0.19273356401384084,0.8704176628269217,0.3726743181708921,0.3154020385050963,0.275433658352637,0.19273356401384084,0.9947387967318643,0.12676592045207563,0.8072664359861592,6.84412058865552,0.15161885798436103,45.140299034315824
