ROC_AUC_score,prediction_threshold,TN,FP,FN,TP,sensitivity,specificity,BA,Accuracy,precision,ROC_ACU_score_discretized,MCC,f1_score,cohen_kappa,PPV_score,NPV_score,FPR_score,FDR_score,PLR_score,NLR_score,DOR_score
0.9288428191612252,0.596338767389851,13369,1354,0.1695906432748538,426,0.8304093567251462,0.9080350472050533,0.8692222019650997,0.9054213704384353,0.2393258426966292,0.8692222019650998,0.41467385284075275,0.37156563453990404,0.3369023398099925,0.2393258426966292,0.9935344827586207,0.09196495279494668,0.7606741573033707,9.029628477890938,0.18676662734203553,48.34711964549483
