ROC_AUC_score,prediction_threshold,TN,FP,FN,TP,sensitivity,specificity,BA,Accuracy,precision,ROC_ACU_score_discretized,MCC,f1_score,cohen_kappa,PPV_score,NPV_score,FPR_score,FDR_score,PLR_score,NLR_score,DOR_score
0.9269295717238769,0.596338767389851,16619,1785,0.20249221183800623,512,0.7975077881619937,0.9030102151706151,0.8502590016663044,0.8994539535860548,0.22289943404440574,0.8502590016663044,0.38821113550190894,0.3484178291936032,0.3121768924367103,0.22289943404440574,0.9922383425876171,0.09698978482938492,0.7771005659555943,8.222595704948645,0.22424133020438455,36.668511096746386
