ROC_AUC_score,prediction_threshold,TN,FP,FN,TP,sensitivity,specificity,BA,Accuracy,precision,ROC_ACU_score_discretized,MCC,f1_score,cohen_kappa,PPV_score,NPV_score,FPR_score,FDR_score,PLR_score,NLR_score,DOR_score
0.9301641661036377,0.4510773346401483,12491,2232,0.12280701754385964,450,0.8771929824561403,0.8484004618623922,0.8627967221592663,0.8493699133630874,0.16778523489932887,0.8627967221592663,0.34366059678600513,0.28169014084507044,0.23865262847656066,0.16778523489932887,0.9949816791460889,0.15159953813760782,0.8322147651006712,5.786251021819782,0.1447512384355333,39.97375832053249
