ROC_AUC_score,prediction_threshold,TN,FP,FN,TP,sensitivity,specificity,BA,Accuracy,precision,ROC_ACU_score_discretized,MCC,f1_score,cohen_kappa,PPV_score,NPV_score,FPR_score,FDR_score,PLR_score,NLR_score,DOR_score
0.9277237915907487,0.4510773346401483,15681,2723,0.11682242990654206,567,0.883177570093458,0.8520430341230167,0.8676103021082373,0.8530925128635934,0.1723404255319149,0.8676103021082374,0.35101070428101877,0.2884028484231943,0.2458632134896792,0.1723404255319149,0.9952399086062452,0.14795696587698326,0.8276595744680851,5.969151670951157,0.13710860276768058,43.53593830334192
