ROC_AUC_score,prediction_threshold,TN,FP,FN,TP,sensitivity,specificity,BA,Accuracy,precision,ROC_ACU_score_discretized,MCC,f1_score,cohen_kappa,PPV_score,NPV_score,FPR_score,FDR_score,PLR_score,NLR_score,DOR_score
0.9306553682235125,0.4956503481173933,12884,1839,0.1111111111111111,456,0.8888888888888888,0.8750933912925355,0.8819911400907121,0.8755578892097663,0.19869281045751633,0.8819911400907121,0.38526970530077465,0.3247863247863248,0.2854595048414196,0.19869281045751633,0.995595394482652,0.1249066087074645,0.8013071895424837,7.116428010392121,0.12697057504570705,56.047852093529066
