ROC_AUC_score,prediction_threshold,TN,FP,FN,TP,sensitivity,specificity,BA,Accuracy,precision,ROC_ACU_score_discretized,MCC,f1_score,cohen_kappa,PPV_score,NPV_score,FPR_score,FDR_score,PLR_score,NLR_score,DOR_score
0.9313415375636207,0.4956503481173933,16074,2330,0.1542056074766355,543,0.8457943925233645,0.8733970875896544,0.8595957400565095,0.8724666596660716,0.18900104420466413,0.8595957400565095,0.36266450660636207,0.30896159317211946,0.26866307844802206,0.18900104420466413,0.9938786867000556,0.12660291241034557,0.8109989557953359,6.680686695278969,0.17655841731989544,37.83839250877878
