ROC_AUC_score,prediction_threshold,TN,FP,FN,TP,sensitivity,specificity,BA,Accuracy,precision,ROC_ACU_score_discretized,MCC,f1_score,cohen_kappa,PPV_score,NPV_score,FPR_score,FDR_score,PLR_score,NLR_score,DOR_score
0.9331745333811559,0.4761106065644411,12707,2016,0.10916179337231968,457,0.8908382066276803,0.8630713849079671,0.8769547957678236,0.8640063008663691,0.18479579458148,0.8769547957678236,0.3687972418573534,0.3060951105157401,0.2651093066670379,0.18479579458148,0.9956123168534043,0.13692861509203288,0.81520420541852,6.50585858937467,0.1264806078398255,51.437597434807245
