ROC_AUC_score,prediction_threshold,TN,FP,FN,TP,sensitivity,specificity,BA,Accuracy,precision,ROC_ACU_score_discretized,MCC,f1_score,cohen_kappa,PPV_score,NPV_score,FPR_score,FDR_score,PLR_score,NLR_score,DOR_score
0.925231190429278,0.4761106065644411,15940,2464,0.13862928348909656,553,0.8613707165109035,0.8661160617257118,0.8637433891183076,0.8659561062690329,0.18329466357308585,0.8637433891183076,0.3595902116874557,0.3022683793386171,0.26120065420469585,0.18329466357308585,0.9944475637906295,0.1338839382742882,0.8167053364269141,6.433712121212119,0.16005855290673354,40.195990806945865
