ROC_AUC_score,prediction_threshold,TN,FP,FN,TP,sensitivity,specificity,BA,Accuracy,precision,ROC_ACU_score_discretized,MCC,f1_score,cohen_kappa,PPV_score,NPV_score,FPR_score,FDR_score,PLR_score,NLR_score,DOR_score
0.9287623202693428,0.5104561956507442,12854,1869,0.13255360623781676,445,0.8674463937621832,0.8730557630917611,0.8702510784269721,0.8728668941979523,0.19230769230769232,0.8702510784269722,0.37216593661526925,0.314821365405023,0.2748507003094598,0.19230769230769232,0.9947376567094877,0.1269442369082388,0.8076923076923077,6.833286921006216,0.15182719345257323,45.00700280112043
