ROC_AUC_score,prediction_threshold,TN,FP,FN,TP,sensitivity,specificity,BA,Accuracy,precision,ROC_ACU_score_discretized,MCC,f1_score,cohen_kappa,PPV_score,NPV_score,FPR_score,FDR_score,PLR_score,NLR_score,DOR_score
0.9292483588089817,0.5130729593753977,12934,1789,0.15984405458089668,431,0.8401559454191033,0.878489438293826,0.8593226918564647,0.8771987398267261,0.19414414414414413,0.8593226918564646,0.36741444067519113,0.3154043175997073,0.2757897995105363,0.19414414414414413,0.993700061462815,0.12151056170617401,0.8058558558558558,6.914262707884548,0.1819533025819191,38.00020450176553
