ROC_AUC_score,prediction_threshold,TN,FP,FN,TP,sensitivity,specificity,BA,Accuracy,precision,ROC_ACU_score_discretized,MCC,f1_score,cohen_kappa,PPV_score,NPV_score,FPR_score,FDR_score,PLR_score,NLR_score,DOR_score
0.9245306621004103,0.5130729593753977,16083,2321,0.1526479750778816,544,0.8473520249221184,0.8738861117148446,0.8606190683184816,0.8729917042948651,0.1898778359511344,0.8606190683184816,0.36411394907546696,0.3102366695181067,0.2700342111598226,0.1898778359511344,0.9939435139978988,0.1261138882851554,0.8101221640488656,6.718942984345831,0.17467719538228774,38.46491220357166
