ROC_AUC_score,prediction_threshold,TN,FP,FN,TP,sensitivity,specificity,BA,Accuracy,precision,ROC_ACU_score_discretized,MCC,f1_score,cohen_kappa,PPV_score,NPV_score,FPR_score,FDR_score,PLR_score,NLR_score,DOR_score
0.9312927393839106,0.4469094041000418,12440,2283,0.10526315789473684,459,0.8947368421052632,0.8449364939210758,0.8698366680131695,0.8466132843265949,0.1673960612691466,0.8698366680131695,0.3473060318246497,0.2820276497695852,0.23884956714731775,0.1673960612691466,0.995677925404194,0.15506350607892413,0.8326039387308534,5.770131636581597,0.12458114740226772,46.31625054752518
