ROC_AUC_score,prediction_threshold,TN,FP,FN,TP,sensitivity,specificity,BA,Accuracy,precision,ROC_ACU_score_discretized,MCC,f1_score,cohen_kappa,PPV_score,NPV_score,FPR_score,FDR_score,PLR_score,NLR_score,DOR_score
0.9130477357962951,0.4469094041000418,15475,2929,0.1526479750778816,544,0.8473520249221184,0.8408498152575528,0.8441009200898355,0.8410689908642235,0.15663691333141377,0.8441009200898356,0.32166286248364123,0.26439854191980566,0.22001928215937028,0.15663691333141377,0.9937070570859822,0.1591501847424473,0.8433630866685863,5.324228974621602,0.1815401184706516,29.32811226231702
