ROC_AUC_score,prediction_threshold,TN,FP,FN,TP,sensitivity,specificity,BA,Accuracy,precision,ROC_ACU_score_discretized,MCC,f1_score,cohen_kappa,PPV_score,NPV_score,FPR_score,FDR_score,PLR_score,NLR_score,DOR_score
0.9315108013492566,0.5030965269732925,12847,1876,0.14230019493177387,440,0.8576998050682261,0.8725803165115805,0.8651400607899034,0.8720792859018115,0.18998272884283246,0.8651400607899034,0.36689837092037186,0.31106398020501946,0.27086745736699525,0.18998272884283246,0.9943498452012384,0.12741968348841948,0.8100172711571675,6.731297563976275,0.16307976725932183,41.276104798901756
