ROC_AUC_score,prediction_threshold,TN,FP,FN,TP,sensitivity,specificity,BA,Accuracy,precision,ROC_ACU_score_discretized,MCC,f1_score,cohen_kappa,PPV_score,NPV_score,FPR_score,FDR_score,PLR_score,NLR_score,DOR_score
0.9275939606790072,0.5030965269732925,16105,2299,0.1292834890965732,559,0.8707165109034268,0.875081504020865,0.8728990074621459,0.8749343694214008,0.19559132260321904,0.872899007462146,0.3768921911029821,0.31942857142857145,0.27978067076153723,0.19559132260321904,0.9948727452433902,0.12491849597913497,0.804408677396781,6.970276931999421,0.14773879747490423,47.179732413778666
