ROC_AUC_score,prediction_threshold,TN,FP,FN,TP,sensitivity,specificity,BA,Accuracy,precision,ROC_ACU_score_discretized,MCC,f1_score,cohen_kappa,PPV_score,NPV_score,FPR_score,FDR_score,PLR_score,NLR_score,DOR_score
0.924648535615265,0.5259255433003269,13012,1711,0.16569200779727095,428,0.834307992202729,0.8837872716158391,0.8590476319092841,0.8821212916776057,0.20009350163627865,0.8590476319092841,0.37286154509962205,0.32277526395173456,0.2838797403634291,0.20009350163627865,0.9935099641139192,0.11621272838416084,0.7999064983637214,7.179144692694785,0.18747951358739787,38.29295561591087
