ROC_AUC_score,prediction_threshold,TN,FP,FN,TP,sensitivity,specificity,BA,Accuracy,precision,ROC_ACU_score_discretized,MCC,f1_score,cohen_kappa,PPV_score,NPV_score,FPR_score,FDR_score,PLR_score,NLR_score,DOR_score
0.9187602112773805,0.5259255433003269,16289,2115,0.1791277258566978,527,0.8208722741433022,0.8850793305803086,0.8529758023618055,0.8829150477790613,0.19947009841029523,0.8529758023618055,0.3686016450814622,0.3209500609013399,0.2820087980783146,0.19947009841029523,0.9929895147524994,0.11492066941969137,0.8005299015897047,7.142947202521671,0.20238606830785597,35.29367046972968
