ROC_AUC_score,prediction_threshold,TN,FP,FN,TP,sensitivity,specificity,BA,Accuracy,precision,ROC_ACU_score_discretized,MCC,f1_score,cohen_kappa,PPV_score,NPV_score,FPR_score,FDR_score,PLR_score,NLR_score,DOR_score
0.9327049123786776,0.4701209129631876,12736,1987,0.11695906432748537,453,0.8830409356725146,0.8650410921687156,0.8740410139206152,0.8656471514833289,0.18565573770491803,0.8740410139206151,0.3679374811993392,0.30680663731798175,0.26596336681284904,0.18565573770491803,0.9953110346983433,0.1349589078312844,0.8143442622950819,6.543035579218134,0.13520636809779893,48.392954202315046
