ROC_AUC_score,prediction_threshold,TN,FP,FN,TP,sensitivity,specificity,BA,Accuracy,precision,ROC_ACU_score_discretized,MCC,f1_score,cohen_kappa,PPV_score,NPV_score,FPR_score,FDR_score,PLR_score,NLR_score,DOR_score
0.9312331194424076,0.4701209129631876,15913,2491,0.14641744548286603,548,0.8535825545171339,0.8646489893501412,0.8591157719336375,0.8642759634568938,0.1803224744981902,0.8591157719336375,0.3539710782038425,0.29774517794077693,0.25635555555555556,0.1803224744981902,0.99412756918848,0.13535101064985872,0.8196775255018098,6.306436504750432,0.16933743899118125,37.24183229840188
