ROC_AUC_score,prediction_threshold,TN,FP,FN,TP,sensitivity,specificity,BA,Accuracy,precision,ROC_ACU_score_discretized,MCC,f1_score,cohen_kappa,PPV_score,NPV_score,FPR_score,FDR_score,PLR_score,NLR_score,DOR_score
0.9372109967311888,0.5337595558076856,13023,1700,0.14035087719298245,441,0.8596491228070176,0.8845344019561231,0.8720917623815703,0.8836965082698871,0.20597851471275105,0.8720917623815704,0.38625650335504297,0.3323285606631499,0.29397438963790434,0.20597851471275105,0.9945017182130584,0.11546559804387693,0.7940214852872489,7.4450670794633655,0.15867203907796057,46.921102941176486
