ROC_AUC_score,prediction_threshold,TN,FP,FN,TP,sensitivity,specificity,BA,Accuracy,precision,ROC_ACU_score_discretized,MCC,f1_score,cohen_kappa,PPV_score,NPV_score,FPR_score,FDR_score,PLR_score,NLR_score,DOR_score
0.9296416328293796,0.5337595558076856,16332,2072,0.14797507788161993,547,0.8520249221183801,0.8874157791784395,0.8697203506484098,0.8862228289404599,0.20885834287896143,0.8697203506484098,0.3875074892992103,0.3354799141367679,0.29744094129646825,0.20885834287896143,0.9942168381323431,0.11258422082156053,0.7911416571210386,7.56788931788932,0.16674830598416193,45.38510465352573
