ROC_AUC_score,prediction_threshold,TN,FP,FN,TP,sensitivity,specificity,BA,Accuracy,precision,ROC_ACU_score_discretized,MCC,f1_score,cohen_kappa,PPV_score,NPV_score,FPR_score,FDR_score,PLR_score,NLR_score,DOR_score
0.9319098534218452,0.4269102852452771,12216,2507,0.08966861598440545,467,0.9103313840155945,0.8297222033552945,0.8700267936854444,0.832436334996062,0.1570275722932078,0.8700267936854446,0.3367975074942044,0.2678520217952394,0.22323996066187235,0.1570275722932078,0.9962485728266188,0.17027779664470558,0.8429724277067921,5.346154354551895,0.10807064776836947,49.469069214893956
