ROC_AUC_score,prediction_threshold,TN,FP,FN,TP,sensitivity,specificity,BA,Accuracy,precision,ROC_ACU_score_discretized,MCC,f1_score,cohen_kappa,PPV_score,NPV_score,FPR_score,FDR_score,PLR_score,NLR_score,DOR_score
0.927860054803202,0.4269102852452771,15292,3112,0.1059190031152648,574,0.8940809968847352,0.8309063247120191,0.8624936607983771,0.8330358080436837,0.15572436245252305,0.8624936607983773,0.3311927069751052,0.2652495378927911,0.22049378091639216,0.15572436245252305,0.9955729166666667,0.16909367528798086,0.8442756375474769,5.287489288774634,0.12747406051094257,41.478942991078156
