ROC_AUC_score,prediction_threshold,TN,FP,FN,TP,sensitivity,specificity,BA,Accuracy,precision,ROC_ACU_score_discretized,MCC,f1_score,cohen_kappa,PPV_score,NPV_score,FPR_score,FDR_score,PLR_score,NLR_score,DOR_score
0.9287472267271148,0.4601718945014065,12729,1994,0.13450292397660818,444,0.8654970760233918,0.864565645588535,0.8650313608059634,0.8645970070884746,0.18211648892534865,0.8650313608059633,0.3591940285966195,0.3009149440867503,0.25973074736043644,0.18211648892534865,0.9946085325832161,0.13543435441146506,0.8178835110746514,6.39052831007643,0.15557282973584752,41.07740613143779
