ROC_AUC_score,prediction_threshold,TN,FP,FN,TP,sensitivity,specificity,BA,Accuracy,precision,ROC_ACU_score_discretized,MCC,f1_score,cohen_kappa,PPV_score,NPV_score,FPR_score,FDR_score,PLR_score,NLR_score,DOR_score
0.937211350505545,0.4601718945014065,16024,2380,0.13707165109034267,554,0.8629283489096573,0.8706802868941534,0.8668043179019054,0.8704189856137772,0.18882072256305385,0.8668043179019054,0.36676111134270256,0.3098434004474273,0.26943391206013434,0.18882072256305385,0.9945382323733863,0.12931971310584656,0.8111792774369462,6.6728291316526605,0.15743052088533868,42.38586707410236
