ROC_AUC_score,prediction_threshold,TN,FP,FN,TP,sensitivity,specificity,BA,Accuracy,precision,ROC_ACU_score_discretized,MCC,f1_score,cohen_kappa,PPV_score,NPV_score,FPR_score,FDR_score,PLR_score,NLR_score,DOR_score
0.9265807738194302,0.44441027311907333,12643,2080,0.14035087719298245,441,0.8596491228070176,0.8587244447463153,0.8591867837766665,0.8587555788920976,0.17493058310194368,0.8591867837766664,0.348708535279935,0.2907053394858273,0.24866489007957437,0.17493058310194368,0.9943373967754621,0.1412755552536847,0.8250694168980564,6.084910593792172,0.16344111088446417,37.22998798076923
