ROC_AUC_score,prediction_threshold,TN,FP,FN,TP,sensitivity,specificity,BA,Accuracy,precision,ROC_ACU_score_discretized,MCC,f1_score,cohen_kappa,PPV_score,NPV_score,FPR_score,FDR_score,PLR_score,NLR_score,DOR_score
0.9200444708958706,0.44441027311907333,15796,2608,0.1542056074766355,543,0.8457943925233645,0.858291675722669,0.8520430341230167,0.8578704189856138,0.17232624563630594,0.8520430341230167,0.3419754341966122,0.28631689955180595,0.24397576183587455,0.17232624563630594,0.9937716262975779,0.14170832427733102,0.8276737543636941,5.968558282208588,0.17966573816155984,33.220347648261765
