ROC_AUC_score,prediction_threshold,TN,FP,FN,TP,sensitivity,specificity,BA,Accuracy,precision,ROC_ACU_score_discretized,MCC,f1_score,cohen_kappa,PPV_score,NPV_score,FPR_score,FDR_score,PLR_score,NLR_score,DOR_score
0.9225031342270035,0.4456630247751703,12639,2084,0.15009746588693956,436,0.8499025341130604,0.858452760986212,0.8541776475496362,0.8581648726699921,0.173015873015873,0.8541776475496362,0.34390021970663315,0.2875041213320145,0.2452769344591762,0.173015873015873,0.9939446366782007,0.14154723901378796,0.8269841269841269,6.004373805060743,0.17484650607274405,34.34082807787221
