ROC_AUC_score,prediction_threshold,TN,FP,FN,TP,sensitivity,specificity,BA,Accuracy,precision,ROC_ACU_score_discretized,MCC,f1_score,cohen_kappa,PPV_score,NPV_score,FPR_score,FDR_score,PLR_score,NLR_score,DOR_score
0.9357870401815248,0.5322705325059447,13011,1712,0.13840155945419103,442,0.8615984405458089,0.8837193506758133,0.8726588956108111,0.8829745339984247,0.2051996285979573,0.8726588956108112,0.38586768094737023,0.3314585676790401,0.2930069866008086,0.2051996285979573,0.994572695306528,0.11628064932418665,0.7948003714020427,7.409645934670525,0.15661257088955924,47.311948795577166
