ROC_AUC_score,prediction_threshold,TN,FP,FN,TP,sensitivity,specificity,BA,Accuracy,precision,ROC_ACU_score_discretized,MCC,f1_score,cohen_kappa,PPV_score,NPV_score,FPR_score,FDR_score,PLR_score,NLR_score,DOR_score
0.9272609198460852,0.5322705325059447,16229,2175,0.14641744548286603,548,0.8535825545171339,0.8818191697457075,0.8677008621314207,0.8808673737267668,0.20124862284245318,0.8677008621314206,0.37916169769580155,0.32570579494799407,0.28679802364143014,0.20124862284245318,0.9942412546713226,0.11818083025429255,0.7987513771575468,7.222681992337168,0.16604021607410605,43.49959403277086
