ROC_AUC_score,prediction_threshold,TN,FP,FN,TP,sensitivity,specificity,BA,Accuracy,precision,ROC_ACU_score_discretized,MCC,f1_score,cohen_kappa,PPV_score,NPV_score,FPR_score,FDR_score,PLR_score,NLR_score,DOR_score
0.9218844313951504,0.5642490401265491,13219,1504,0.17348927875243664,424,0.8265107212475633,0.8978469062011818,0.8621788137243726,0.8954449986873195,0.21991701244813278,0.8621788137243726,0.39300670993740483,0.34739860712822607,0.310737970589682,0.21991701244813278,0.993312293357379,0.10215309379881818,0.7800829875518672,8.090902492638213,0.19322813004555,41.872280659813505
