ROC_AUC_score,prediction_threshold,TN,FP,FN,TP,sensitivity,specificity,BA,Accuracy,precision,ROC_ACU_score_discretized,MCC,f1_score,cohen_kappa,PPV_score,NPV_score,FPR_score,FDR_score,PLR_score,NLR_score,DOR_score
0.9283127702835832,0.5642490401265491,16506,1898,0.1526479750778816,544,0.8473520249221184,0.8968702455987829,0.8721111352604507,0.8952010920928279,0.22276822276822278,0.8721111352604507,0.4017418694092771,0.3527885862516213,0.31629102777264595,0.22276822276822278,0.9940978077571669,0.10312975440121713,0.7772317772317773,8.21636810677907,0.1702007350862313,48.274574740328184
