ROC_AUC_score,prediction_threshold,TN,FP,FN,TP,sensitivity,specificity,BA,Accuracy,precision,ROC_ACU_score_discretized,MCC,f1_score,cohen_kappa,PPV_score,NPV_score,FPR_score,FDR_score,PLR_score,NLR_score,DOR_score
0.9382709870739697,0.43054345949645934,12486,2237,0.10526315789473684,459,0.8947368421052632,0.8480608571622631,0.8713988496337631,0.8496324494618009,0.17025222551928784,0.8713988496337631,0.35109017507085283,0.2860704269242755,0.2432575236804536,0.17025222551928784,0.9956937799043062,0.15193914283773688,0.8297477744807121,5.888784321106744,0.12412217473043492,47.44345105051407
