ROC_AUC_score,prediction_threshold,TN,FP,FN,TP,sensitivity,specificity,BA,Accuracy,precision,ROC_ACU_score_discretized,MCC,f1_score,cohen_kappa,PPV_score,NPV_score,FPR_score,FDR_score,PLR_score,NLR_score,DOR_score
0.9244143728743786,0.43054345949645934,15515,2889,0.1277258566978193,560,0.8722741433021807,0.8430232558139535,0.8576486995580671,0.8440092407854668,0.16236590316033633,0.8576486995580671,0.33523020218130894,0.2737716939623564,0.23000829923850852,0.16236590316033633,0.9947425787010322,0.1569767441860465,0.8376340968396637,5.556709357332412,0.1515092920829305,36.675700090334246
