ROC_AUC_score,prediction_threshold,TN,FP,FN,TP,sensitivity,specificity,BA,Accuracy,precision,ROC_ACU_score_discretized,MCC,f1_score,cohen_kappa,PPV_score,NPV_score,FPR_score,FDR_score,PLR_score,NLR_score,DOR_score
0.9388941914885927,0.4545954079322343,12469,2254,0.09941520467836257,462,0.9005847953216374,0.8469062011818244,0.8737454982517309,0.8487135731163035,0.17010309278350516,0.8737454982517308,0.35228630244962983,0.2861567048621864,0.24329549384892557,0.17010309278350516,0.995926517571885,0.15309379881817564,0.8298969072164949,5.88256874069231,0.11738632275880446,50.11289733284615
