ROC_AUC_score,prediction_threshold,TN,FP,FN,TP,sensitivity,specificity,BA,Accuracy,precision,ROC_ACU_score_discretized,MCC,f1_score,cohen_kappa,PPV_score,NPV_score,FPR_score,FDR_score,PLR_score,NLR_score,DOR_score
0.9273128014294604,0.4545954079322343,15709,2695,0.12149532710280374,564,0.8785046728971962,0.8535644425124973,0.8660345577048467,0.854405124435577,0.17305922061982204,0.8660345577048467,0.35081950125535005,0.28915662650602403,0.2467318815144901,0.17305922061982204,0.9950592259453981,0.14643555748750273,0.826940779380178,5.999257884972171,0.14233878668279332,42.1477379763094
