ROC_AUC_score,prediction_threshold,TN,FP,FN,TP,sensitivity,specificity,BA,Accuracy,precision,ROC_ACU_score_discretized,MCC,f1_score,cohen_kappa,PPV_score,NPV_score,FPR_score,FDR_score,PLR_score,NLR_score,DOR_score
0.9160175450512446,0.5419125664970564,12982,1741,0.16374269005847952,429,0.8362573099415205,0.8817496434150649,0.8590034766782927,0.8802179049619323,0.1976958525345622,0.8590034766782927,0.37058197780489377,0.3197912784196794,0.28060988051051117,0.1976958525345622,0.9935711005663554,0.11825035658493513,0.8023041474654378,7.071922098948311,0.1857020201610687,38.08209567572004
