ROC_AUC_score,prediction_threshold,TN,FP,FN,TP,sensitivity,specificity,BA,Accuracy,precision,ROC_ACU_score_discretized,MCC,f1_score,cohen_kappa,PPV_score,NPV_score,FPR_score,FDR_score,PLR_score,NLR_score,DOR_score
0.9337315604558403,0.5419125664970564,16252,2152,0.1308411214953271,558,0.8691588785046729,0.8830688980656379,0.8761138882851554,0.8826000210017851,0.2059040590405904,0.8761138882851554,0.3886113534499147,0.3329355608591886,0.29448218160159967,0.2059040590405904,0.9948579823702253,0.1169311019343621,0.7940959409594096,7.433085501858738,0.14816637952252032,50.16715347849178
