ROC_AUC_score,prediction_threshold,TN,FP,FN,TP,sensitivity,specificity,BA,Accuracy,precision,ROC_ACU_score_discretized,MCC,f1_score,cohen_kappa,PPV_score,NPV_score,FPR_score,FDR_score,PLR_score,NLR_score,DOR_score
0.9312376611947281,0.524302147748875,12976,1747,0.1442495126705653,439,0.8557504873294347,0.88134211777491,0.8685463025521724,0.8804804410606458,0.20082342177493137,0.8685463025521722,0.37927005802839664,0.3253056687662097,0.28638430368088497,0.20082342177493137,0.9943295019157088,0.11865788222509,0.7991765782250686,7.211914381769472,0.16367028167761505,44.06367672767215
