ROC_AUC_score,prediction_threshold,TN,FP,FN,TP,sensitivity,specificity,BA,Accuracy,precision,ROC_ACU_score_discretized,MCC,f1_score,cohen_kappa,PPV_score,NPV_score,FPR_score,FDR_score,PLR_score,NLR_score,DOR_score
0.9268569544342589,0.524302147748875,16244,2160,0.14797507788161993,547,0.8520249221183801,0.8826342099543577,0.8673295660363689,0.8816024362070776,0.20206871074990765,0.8673295660363688,0.37971053214129835,0.3266646760226934,0.28785851912042837,0.20206871074990765,0.9941856906787441,0.11736579004564225,0.7979312892500924,7.259567901234566,0.16765164573586142,43.301500974658865
