{"performances": [0.9317894288184676, 0.929993378115688, 0.9302843550873743, 0.9301909174559776, 0.9302193549959681, 0.9311261401253011, 0.9287969701832393, 0.9302991663061192, 0.9311498380752931, 0.9303204944611121], "mean": 0.930417004362454, "std": 0.0007654027676438613}