ROC_AUC_score,prediction_threshold,TN,FP,FN,TP,sensitivity,specificity,BA,Accuracy,precision,ROC_ACU_score_discretized,MCC,f1_score,cohen_kappa,PPV_score,NPV_score,FPR_score,FDR_score,PLR_score,NLR_score,DOR_score
0.9393173402689483,0.5428489601969642,13065,1658,0.13255360623781676,445,0.8674463937621832,0.8873870814372071,0.8774167375996952,0.8867156734050932,0.21160247265810747,0.8774167375996952,0.3947356783390405,0.3402140672782875,0.3024523432521926,0.21160247265810747,0.9948222036092287,0.11261291856279292,0.7883975273418925,7.702903049071549,0.14937518137308656,51.567489179025074
