ROC_AUC_score,prediction_threshold,TN,FP,FN,TP,sensitivity,specificity,BA,Accuracy,precision,ROC_ACU_score_discretized,MCC,f1_score,cohen_kappa,PPV_score,NPV_score,FPR_score,FDR_score,PLR_score,NLR_score,DOR_score
0.9231822487458707,0.5428489601969642,16333,2071,0.1588785046728972,540,0.8411214953271028,0.8874701151923495,0.8642958052597262,0.8859078021631839,0.20681731137495213,0.8642958052597262,0.3823133843156689,0.3320012296341838,0.29378749758080125,0.20681731137495213,0.9937937328871311,0.11252988480765051,0.7931826886250479,7.474649927571224,0.17902406171554522,41.75220836765417
