ROC_AUC_score,prediction_threshold,TN,FP,FN,TP,sensitivity,specificity,BA,Accuracy,precision,ROC_ACU_score_discretized,MCC,f1_score,cohen_kappa,PPV_score,NPV_score,FPR_score,FDR_score,PLR_score,NLR_score,DOR_score
0.9262293855644037,0.42334145295051995,12280,2443,0.13255360623781676,445,0.8674463937621832,0.8340691435169463,0.8507577686395648,0.8351929640325545,0.15408587257617729,0.8507577686395648,0.32284735153578425,0.26168773890032343,0.2169081985980098,0.15408587257617729,0.9944930353093618,0.16593085648305372,0.8459141274238227,5.22775818885003,0.15892400200646387,32.89470516000096
