ROC_AUC_score,prediction_threshold,TN,FP,FN,TP,sensitivity,specificity,BA,Accuracy,precision,ROC_ACU_score_discretized,MCC,f1_score,cohen_kappa,PPV_score,NPV_score,FPR_score,FDR_score,PLR_score,NLR_score,DOR_score
0.928913259409271,0.42334145295051995,15385,3019,0.10903426791277258,572,0.8909657320872274,0.8359595740056509,0.8634626530464391,0.837813714165704,0.1592871066555277,0.8634626530464391,0.33540629327044713,0.27025750059059767,0.2259910864858624,0.1592871066555277,0.9954707214493691,0.16404042599434907,0.8407128933444723,5.4313790438334975,0.1304300725815188,41.64207637344436
