ROC_AUC_score,prediction_threshold,TN,FP,FN,TP,sensitivity,specificity,BA,Accuracy,precision,ROC_ACU_score_discretized,MCC,f1_score,cohen_kappa,PPV_score,NPV_score,FPR_score,FDR_score,PLR_score,NLR_score,DOR_score
0.934494953527116,0.5165221728907594,12979,1744,0.13840155945419103,442,0.8615984405458089,0.8815458805949874,0.8715721605703981,0.8808742452087162,0.20219579139981703,0.8715721605703981,0.38238396078148623,0.327528714338644,0.28873559098341917,0.20219579139981703,0.99455938697318,0.11845411940501256,0.797804208600183,7.273689128529782,0.15699870250743936,46.32961299909545
