ROC_AUC_score,prediction_threshold,TN,FP,FN,TP,sensitivity,specificity,BA,Accuracy,precision,ROC_ACU_score_discretized,MCC,f1_score,cohen_kappa,PPV_score,NPV_score,FPR_score,FDR_score,PLR_score,NLR_score,DOR_score
0.9357060228678447,0.5165221728907594,16179,2225,0.1261682242990654,561,0.8738317757009346,0.8791023690502064,0.8764670723755705,0.878924708600231,0.20136396267049533,0.8764670723755705,0.38452961403140695,0.3273045507584597,0.2883110938496962,0.20136396267049533,0.9950184501845019,0.12089763094979353,0.7986360373295046,7.227865168539324,0.14351937697014644,50.36159800249688
