ROC_AUC_score,prediction_threshold,TN,FP,FN,TP,sensitivity,specificity,BA,Accuracy,precision,ROC_ACU_score_discretized,MCC,f1_score,cohen_kappa,PPV_score,NPV_score,FPR_score,FDR_score,PLR_score,NLR_score,DOR_score
0.9391685232385604,0.4982007092177456,12770,1953,0.10721247563352826,458,0.8927875243664717,0.8673504041295932,0.8800689642480324,0.8682068784457863,0.18996267109083367,0.8800689642480325,0.37568335141324194,0.3132694938440493,0.27289635053663597,0.18996267109083367,0.9957115009746589,0.13264959587040684,0.8100373289091664,6.730420236173869,0.12360918392736392,54.44919238467625
