ROC_AUC_score,prediction_threshold,TN,FP,FN,TP,sensitivity,specificity,BA,Accuracy,precision,ROC_ACU_score_discretized,MCC,f1_score,cohen_kappa,PPV_score,NPV_score,FPR_score,FDR_score,PLR_score,NLR_score,DOR_score
0.927197020016643,0.4982007092177456,15899,2505,0.14953271028037382,546,0.8504672897196262,0.863888285155401,0.8571777874375135,0.8634358920508243,0.17895771878072764,0.8571777874375137,0.3514996028351647,0.29569455727051175,0.2541538996877929,0.17895771878072764,0.9939981244138794,0.136111714844599,0.8210422812192724,6.24830339321357,0.1730926473363105,36.09802894211575
