{"performances": [0.9354433141650774, 0.9346832870546223, 0.9351902539133781, 0.9352683725128157, 0.9361219218902028, 0.9374339419643976, 0.9373486293444266, 0.9355391215914731, 0.935455755588823, 0.9357937899183504], "mean": 0.9358278387943566, "std": 0.0008590223451333148}