ROC_AUC_score,prediction_threshold,TN,FP,FN,TP,sensitivity,specificity,BA,Accuracy,precision,ROC_ACU_score_discretized,MCC,f1_score,cohen_kappa,PPV_score,NPV_score,FPR_score,FDR_score,PLR_score,NLR_score,DOR_score
0.9227716817622609,0.5908730008912052,16537,1867,0.19470404984423675,517,0.8052959501557633,0.8985546620299935,0.8519253060928784,0.8954111099443453,0.21686241610738255,0.8519253060928783,0.38387287771553313,0.34170522141440846,0.30478020469785505,0.21686241610738255,0.9924978994118353,0.10144533797000652,0.7831375838926175,7.938225316907694,0.2166858156457237,36.63472522763792
