ROC_AUC_score,prediction_threshold,TN,FP,FN,TP,sensitivity,specificity,BA,Accuracy,precision,ROC_ACU_score_discretized,MCC,f1_score,cohen_kappa,PPV_score,NPV_score,FPR_score,FDR_score,PLR_score,NLR_score,DOR_score
0.927400591481496,0.39025731987000734,12188,2535,0.11500974658869395,454,0.884990253411306,0.8278204170345718,0.8564053352229388,0.8297453399842478,0.1518902643024423,0.8564053352229388,0.32378238249791985,0.2592804111936036,0.21411067438423548,0.1518902643024423,0.9951824936719197,0.17217958296542824,0.8481097356975578,5.139925641410121,0.13893079250289972,36.99630261090494
