ROC_AUC_score,prediction_threshold,TN,FP,FN,TP,sensitivity,specificity,BA,Accuracy,precision,ROC_ACU_score_discretized,MCC,f1_score,cohen_kappa,PPV_score,NPV_score,FPR_score,FDR_score,PLR_score,NLR_score,DOR_score
0.9317254443534896,0.39025731987000734,15293,3111,0.10903426791277258,572,0.8909657320872274,0.8309606607259291,0.8609631964065783,0.8329833035808044,0.15530817268531089,0.8609631964065783,0.3298964719507171,0.26450867052023125,0.21971352738357408,0.15530817268531089,0.9954435982555491,0.16903933927407086,0.8446918273146891,5.270759669988212,0.13121471697290701,40.168967259034744
