ROC_AUC_score,prediction_threshold,TN,FP,FN,TP,sensitivity,specificity,BA,Accuracy,precision,ROC_ACU_score_discretized,MCC,f1_score,cohen_kappa,PPV_score,NPV_score,FPR_score,FDR_score,PLR_score,NLR_score,DOR_score
0.9257548657806757,0.508710039963807,12783,1940,0.15204678362573099,435,0.847953216374269,0.8682333763499287,0.8580932963620989,0.8675505381990024,0.1831578947368421,0.8580932963620989,0.35613433743687356,0.3012465373961219,0.26028190475897195,0.1831578947368421,0.9939351527874971,0.13176662365007133,0.8168421052631579,6.435265569421837,0.1751220210687348,36.747323552735935
