ROC_AUC_score,prediction_threshold,TN,FP,FN,TP,sensitivity,specificity,BA,Accuracy,precision,ROC_ACU_score_discretized,MCC,f1_score,cohen_kappa,PPV_score,NPV_score,FPR_score,FDR_score,PLR_score,NLR_score,DOR_score
0.9247774593224688,0.508710039963807,16044,2360,0.13395638629283488,556,0.8660436137071651,0.8717670071723539,0.8689053104397595,0.8715740837971228,0.1906721536351166,0.8689053104397594,0.36979206299438483,0.3125351320966835,0.27233041187835516,0.1906721536351166,0.994668319900806,0.12823299282764616,0.8093278463648834,6.753672316384184,0.15366076622621125,43.951832873472625
