ROC_AUC_score,prediction_threshold,TN,FP,FN,TP,sensitivity,specificity,BA,Accuracy,precision,ROC_ACU_score_discretized,MCC,f1_score,cohen_kappa,PPV_score,NPV_score,FPR_score,FDR_score,PLR_score,NLR_score,DOR_score
0.9290683963461824,0.5195134246180988,16170,2234,0.14641744548286603,548,0.8535825545171339,0.8786133449250163,0.8660979497210751,0.8777696104168854,0.196980589503954,0.866097949721075,0.37416113389915645,0.32009345794392524,0.28069322742358815,0.196980589503954,0.9942203639940974,0.1213866550749837,0.803019410496046,7.031930766935243,0.16664605236033808,42.19680374864283
