{"performances": [0.9221895585478168, 0.9208953119361157, 0.9225548455198347, 0.9251306434128839, 0.9214701564944909, 0.924013115799694, 0.922024011440016, 0.9243571592522553, 0.9257996873224772, 0.9227885242338624], "mean": 0.9231223013959446, "std": 0.001540096929634392}