ROC_AUC_score,prediction_threshold,TN,FP,FN,TP,sensitivity,specificity,BA,Accuracy,precision,ROC_ACU_score_discretized,MCC,f1_score,cohen_kappa,PPV_score,NPV_score,FPR_score,FDR_score,PLR_score,NLR_score,DOR_score
0.9351620702799947,0.524861008745488,16178,2226,0.14641744548286603,548,0.8535825545171339,0.8790480330362964,0.8663152937767151,0.8781896461199202,0.19754866618601297,0.8663152937767151,0.37483054709325286,0.32084309133489464,0.2815088036745773,0.19754866618601297,0.9942232055063913,0.12095196696370354,0.802451333813987,7.05720275531596,0.16656364610376234,42.36940605226432
