ROC_AUC_score,prediction_threshold,TN,FP,FN,TP,sensitivity,specificity,BA,Accuracy,precision,ROC_ACU_score_discretized,MCC,f1_score,cohen_kappa,PPV_score,NPV_score,FPR_score,FDR_score,PLR_score,NLR_score,DOR_score
0.934362421634395,0.5226447830531522,12999,1724,0.13450292397660818,444,0.8654970760233918,0.8829042993955036,0.8742006877094477,0.8823181937516409,0.2047970479704797,0.8742006877094477,0.3864178802043767,0.3312196941439761,0.29270378114295004,0.2047970479704797,0.9947199265381084,0.11709570060449637,0.7952029520295203,7.391365110378421,0.15234145316621303,48.51841016846563
