ROC_AUC_score,prediction_threshold,TN,FP,FN,TP,sensitivity,specificity,BA,Accuracy,precision,ROC_ACU_score_discretized,MCC,f1_score,cohen_kappa,PPV_score,NPV_score,FPR_score,FDR_score,PLR_score,NLR_score,DOR_score
0.9273452168396278,0.5226447830531522,16172,2232,0.1557632398753894,542,0.8442367601246106,0.8787220169528364,0.8614793885387235,0.8775595925653681,0.19538572458543618,0.8614793885387234,0.3698822278806992,0.3173302107728337,0.27779246990048034,0.19538572458543618,0.9938544739429696,0.12127798304716365,0.8046142754145638,6.961170848267623,0.177261109736994,39.27071684587814
