ROC_AUC_score,prediction_threshold,TN,FP,FN,TP,sensitivity,specificity,BA,Accuracy,precision,ROC_ACU_score_discretized,MCC,f1_score,cohen_kappa,PPV_score,NPV_score,FPR_score,FDR_score,PLR_score,NLR_score,DOR_score
0.9228800755842227,0.5038282456600369,12904,1819,0.1442495126705653,439,0.8557504873294347,0.8764518100930517,0.8661011487112432,0.8757547912838015,0.19441984056687334,0.8661011487112431,0.37172525848600857,0.3168531216167449,0.2771898966694808,0.19441984056687334,0.9942980428417322,0.12354818990694831,0.8055801594331267,6.926451030759358,0.16458350705585342,42.0847213348588
