ROC_AUC_score,prediction_threshold,TN,FP,FN,TP,sensitivity,specificity,BA,Accuracy,precision,ROC_ACU_score_discretized,MCC,f1_score,cohen_kappa,PPV_score,NPV_score,FPR_score,FDR_score,PLR_score,NLR_score,DOR_score
0.9223163425802735,0.5038282456600369,16140,2264,0.16666666666666666,535,0.8333333333333334,0.8769832645077157,0.8551582989205245,0.8755119185130736,0.1911396927474098,0.8551582989205245,0.36206583797868036,0.3109561174077303,0.27097821768495967,0.1911396927474098,0.993414168769619,0.12301673549228428,0.8088603072525902,6.774146054181388,0.1900454357703428,35.64487632508833
