ROC_AUC_score,prediction_threshold,TN,FP,FN,TP,sensitivity,specificity,BA,Accuracy,precision,ROC_ACU_score_discretized,MCC,f1_score,cohen_kappa,PPV_score,NPV_score,FPR_score,FDR_score,PLR_score,NLR_score,DOR_score
0.9272380049038126,0.5262922085082207,12944,1779,0.15204678362573099,435,0.847953216374269,0.8791686476940841,0.8635609320341766,0.8781176161722237,0.19647696476964768,0.8635609320341766,0.3721657376701821,0.319031903190319,0.2796484905367538,0.19647696476964768,0.9940101366917524,0.12083135230591592,0.8035230352303523,7.01765891212949,0.17294381916885332,40.577679768236266
