ROC_AUC_score,prediction_threshold,TN,FP,FN,TP,sensitivity,specificity,BA,Accuracy,precision,ROC_ACU_score_discretized,MCC,f1_score,cohen_kappa,PPV_score,NPV_score,FPR_score,FDR_score,PLR_score,NLR_score,DOR_score
0.9321206923051403,0.5262922085082207,16212,2192,0.16199376947040497,538,0.838006230529595,0.8808954575092371,0.8594508440194161,0.8794497532290245,0.19706959706959706,0.8594508440194161,0.3702584322062927,0.3190984578884935,0.2797890937799582,0.19706959706959706,0.9936258886982103,0.11910454249076288,0.802930402930403,7.035888077858882,0.1838967020314171,38.260001403705786
