ROC_AUC_score,prediction_threshold,TN,FP,FN,TP,sensitivity,specificity,BA,Accuracy,precision,ROC_ACU_score_discretized,MCC,f1_score,cohen_kappa,PPV_score,NPV_score,FPR_score,FDR_score,PLR_score,NLR_score,DOR_score
0.9218989953394053,0.5752653880224539,13223,1500,0.18908382066276802,416,0.8109161793372319,0.898118589961285,0.8545173846492584,0.8951824625886059,0.21711899791231734,0.8545173846492584,0.38572208551896586,0.3425277892136682,0.3056448029229024,0.21711899791231734,0.9927177177177177,0.10188141003871494,0.7828810020876826,7.9594126055880405,0.21053324446932878,37.80596563573881
