ROC_AUC_score,prediction_threshold,TN,FP,FN,TP,sensitivity,specificity,BA,Accuracy,precision,ROC_ACU_score_discretized,MCC,f1_score,cohen_kappa,PPV_score,NPV_score,FPR_score,FDR_score,PLR_score,NLR_score,DOR_score
0.9349619918736345,0.5752653880224539,16525,1879,0.1573208722741433,541,0.8426791277258567,0.8979026298630732,0.870290878794465,0.8960411634988974,0.22355371900826446,0.870290878794465,0.40132393819074064,0.3533638145003266,0.31697144939108046,0.22355371900826446,0.9939251774329364,0.10209737013692675,0.7764462809917355,8.253681036012063,0.17520927887039833,47.107556684353916
