ROC_AUC_score,prediction_threshold,TN,FP,FN,TP,sensitivity,specificity,BA,Accuracy,precision,ROC_ACU_score_discretized,MCC,f1_score,cohen_kappa,PPV_score,NPV_score,FPR_score,FDR_score,PLR_score,NLR_score,DOR_score
0.933757753148824,0.4596028322287062,12662,2061,0.11695906432748537,453,0.8830409356725146,0.8600149426068057,0.8715279391396602,0.8607902336571278,0.1801909307875895,0.8715279391396602,0.36109209460656194,0.2993062438057483,0.2577962778509366,0.1801909307875895,0.9952837604150291,0.13998505739319433,0.8198090692124105,6.308108537557706,0.13599654905177438,46.38432799611839
