ROC_AUC_score,prediction_threshold,TN,FP,FN,TP,sensitivity,specificity,BA,Accuracy,precision,ROC_ACU_score_discretized,MCC,f1_score,cohen_kappa,PPV_score,NPV_score,FPR_score,FDR_score,PLR_score,NLR_score,DOR_score
0.9282163704084375,0.4596028322287062,15852,2552,0.13551401869158877,555,0.8644859813084113,0.8613344925016301,0.8629102369050207,0.8614407224614092,0.17862890247827487,0.8629102369050207,0.35452892917681283,0.29607895438783677,0.2544227491040223,0.17862890247827487,0.9945416901938641,0.13866550749836992,0.8213710975217251,6.234326018808778,0.15733030532424927,39.625716138795816
