{"performances": [0.9287721719712836, 0.9284684150337085, 0.9281475617179252, 0.928516995831192, 0.9284054461951586, 0.9288010326889523, 0.9286825429389928, 0.9285202119815482, 0.9287531289757542, 0.9281518781302454], "mean": 0.9285219385464762, "std": 0.0002265653239030289}