ROC_AUC_score,prediction_threshold,TN,FP,FN,TP,sensitivity,specificity,BA,Accuracy,precision,ROC_ACU_score_discretized,MCC,f1_score,cohen_kappa,PPV_score,NPV_score,FPR_score,FDR_score,PLR_score,NLR_score,DOR_score
0.9229425681450262,0.46639545098644986,12633,2090,0.12085769980506822,451,0.8791423001949318,0.8580452353460571,0.8685937677704945,0.8587555788920976,0.1774891774891775,0.8685937677704946,0.3567107001750551,0.29535036018336613,0.2535262643533631,0.1774891774891775,0.995116187475384,0.1419547646539428,0.8225108225108225,6.1931158305119505,0.14085236398559484,43.96884550084888
