ROC_AUC_score,prediction_threshold,TN,FP,FN,TP,sensitivity,specificity,BA,Accuracy,precision,ROC_ACU_score_discretized,MCC,f1_score,cohen_kappa,PPV_score,NPV_score,FPR_score,FDR_score,PLR_score,NLR_score,DOR_score
0.9286091639295534,0.46639545098644986,15854,2550,0.11370716510903427,569,0.8862928348909658,0.8614431645294501,0.8738679997102079,0.8622807938674787,0.182430266110933,0.873867999710208,0.364667650525366,0.30257910130284504,0.2612787367688242,0.182430266110933,0.9954165881835876,0.1385568354705499,0.8175697338890671,6.396601307189544,0.13199613136537566,48.46052108514642
