ROC_AUC_score,prediction_threshold,TN,FP,FN,TP,sensitivity,specificity,BA,Accuracy,precision,ROC_ACU_score_discretized,MCC,f1_score,cohen_kappa,PPV_score,NPV_score,FPR_score,FDR_score,PLR_score,NLR_score,DOR_score
0.9288606930928112,0.429707344054313,12375,2348,0.10721247563352826,458,0.8927875243664717,0.8405216328193982,0.8666545785929349,0.8422814386978209,0.1632216678545973,0.8666545785929349,0.34124362690740245,0.27598674299487796,0.2322788025027318,0.1632216678545973,0.995575221238938,0.1594783671806018,0.8367783321454028,5.598173220292828,0.12755468919211616,43.888415672913084
