ROC_AUC_score,prediction_threshold,TN,FP,FN,TP,sensitivity,specificity,BA,Accuracy,precision,ROC_ACU_score_discretized,MCC,f1_score,cohen_kappa,PPV_score,NPV_score,FPR_score,FDR_score,PLR_score,NLR_score,DOR_score
0.9277454582878841,0.429707344054313,15482,2922,0.12305295950155763,563,0.8769470404984424,0.8412301673549228,0.8590886039266826,0.8424341068990864,0.16154949784791967,0.8590886039266825,0.33522399848373646,0.27283741216379936,0.22894227077337015,0.16154949784791967,0.9949232054495213,0.15876983264507716,0.8384505021520804,5.523385808806753,0.1462773974077423,37.759666952581476
