ROC_AUC_score,prediction_threshold,TN,FP,FN,TP,sensitivity,specificity,BA,Accuracy,precision,ROC_ACU_score_discretized,MCC,f1_score,cohen_kappa,PPV_score,NPV_score,FPR_score,FDR_score,PLR_score,NLR_score,DOR_score
0.9180999242807298,0.5083960558765227,12875,1848,0.16374269005847952,429,0.8362573099415205,0.8744821028323032,0.8553697063869119,0.8731950643213442,0.18840579710144928,0.8553697063869119,0.3595836839661033,0.30752688172043013,0.2672563574874769,0.18840579710144928,0.9935180183656146,0.1255178971676968,0.8115942028985508,6.662454747981064,0.1872453301538636,35.581420068027214
