ROC_AUC_score,prediction_threshold,TN,FP,FN,TP,sensitivity,specificity,BA,Accuracy,precision,ROC_ACU_score_discretized,MCC,f1_score,cohen_kappa,PPV_score,NPV_score,FPR_score,FDR_score,PLR_score,NLR_score,DOR_score
0.9228922874006126,0.5083960558765227,16068,2336,0.16043613707165108,539,0.839563862928349,0.8730710715061943,0.8563174672172716,0.8719416150372782,0.1874782608695652,0.8563174672172715,0.35925545525040836,0.30651123116292295,0.26606438263068743,0.1874782608695652,0.9936305732484076,0.1269289284938057,0.8125217391304348,6.614440639269408,0.18376068376068372,35.99486301369865
