ROC_AUC_score,prediction_threshold,TN,FP,FN,TP,sensitivity,specificity,BA,Accuracy,precision,ROC_ACU_score_discretized,MCC,f1_score,cohen_kappa,PPV_score,NPV_score,FPR_score,FDR_score,PLR_score,NLR_score,DOR_score
0.926884763055881,0.508316513449526,12929,1794,0.1539961013645224,434,0.8460038986354775,0.8781498335936969,0.8620768661145872,0.8770674717773694,0.1947935368043088,0.8620768661145872,0.3696789777316474,0.3166727471725647,0.2771034149705536,0.1947935368043088,0.9939268142681427,0.12185016640630306,0.8052064631956912,6.942985172580899,0.17536426640806438,39.591789791569624
