ROC_AUC_score,prediction_threshold,TN,FP,FN,TP,sensitivity,specificity,BA,Accuracy,precision,ROC_ACU_score_discretized,MCC,f1_score,cohen_kappa,PPV_score,NPV_score,FPR_score,FDR_score,PLR_score,NLR_score,DOR_score
0.9258483527554962,0.508316513449526,16078,2326,0.15109034267912771,545,0.8489096573208723,0.8736144316452945,0.8612620444830834,0.8727816864433476,0.18982932776036224,0.8612620444830834,0.3644493806067385,0.31027611727867915,0.27005967552491117,0.18982932776036224,0.9940030911901082,0.1263855683547055,0.8101706722396378,6.7168243049584415,0.1729485425218725,38.837125812199176
