ROC_AUC_score,prediction_threshold,TN,FP,FN,TP,sensitivity,specificity,BA,Accuracy,precision,ROC_ACU_score_discretized,MCC,f1_score,cohen_kappa,PPV_score,NPV_score,FPR_score,FDR_score,PLR_score,NLR_score,DOR_score
0.9351427842474791,0.5132169509949218,12906,1817,0.13840155945419103,442,0.8615984405458089,0.8765876519731033,0.8690930462594562,0.8760829614071934,0.19566179725542276,0.8690930462594562,0.3746945960460811,0.3189033189033189,0.27935569834377594,0.19566179725542276,0.9945287816906835,0.1234123480268967,0.8043382027445772,6.981460561450711,0.15788673174059006,44.21815870456639
