ROC_AUC_score,prediction_threshold,TN,FP,FN,TP,sensitivity,specificity,BA,Accuracy,precision,ROC_ACU_score_discretized,MCC,f1_score,cohen_kappa,PPV_score,NPV_score,FPR_score,FDR_score,PLR_score,NLR_score,DOR_score
0.9296810729890089,0.5132169509949218,16127,2277,0.14485981308411214,549,0.8551401869158879,0.8762768963268854,0.8657085416213867,0.8755644229759529,0.1942675159235669,0.8657085416213867,0.37134469354344307,0.31660899653979235,0.27688415336514727,0.1942675159235669,0.9942663378545006,0.12372310367311454,0.8057324840764332,6.911725955204215,0.16531282941650643,41.80997917463556
