{"performances": [0.9281434992122125, 0.9274576974665537, 0.9270165770545614, 0.9279598400997752, 0.9272519484793026, 0.9263797792840646, 0.9271241488204176, 0.9264756713459961, 0.9259411133026073, 0.9275999698020408], "mean": 0.9271350244867532, "std": 0.0006690305789618438}