ROC_AUC_score,prediction_threshold,TN,FP,FN,TP,sensitivity,specificity,BA,Accuracy,precision,ROC_ACU_score_discretized,MCC,f1_score,cohen_kappa,PPV_score,NPV_score,FPR_score,FDR_score,PLR_score,NLR_score,DOR_score
0.9276416909586636,0.5628844328942048,13174,1549,0.16569200779727095,428,0.834307992202729,0.8947904639000204,0.8645492280513747,0.8927540036755054,0.21648963075366717,0.8645492280513747,0.39136708471658493,0.3437751004016064,0.3067069816407689,0.21648963075366717,0.993589260125198,0.10520953609997963,0.7835103692463329,7.929965506262607,0.18517408765744808,42.82438005544372
