ROC_AUC_score,prediction_threshold,TN,FP,FN,TP,sensitivity,specificity,BA,Accuracy,precision,ROC_ACU_score_discretized,MCC,f1_score,cohen_kappa,PPV_score,NPV_score,FPR_score,FDR_score,PLR_score,NLR_score,DOR_score
0.9195298022033678,0.5628844328942048,16458,1946,0.1806853582554517,526,0.8193146417445483,0.8942621169311019,0.856788379337825,0.8917357975427911,0.2127831715210356,0.8567883793378251,0.3832008135373909,0.3378291586384072,0.3003880845094048,0.2127831715210356,0.9930010860383733,0.10573788306889807,0.7872168284789643,7.748544021925315,0.2020496617653016,38.349700535138375
