ROC_AUC_score,prediction_threshold,TN,FP,FN,TP,sensitivity,specificity,BA,Accuracy,precision,ROC_ACU_score_discretized,MCC,f1_score,cohen_kappa,PPV_score,NPV_score,FPR_score,FDR_score,PLR_score,NLR_score,DOR_score
0.9288781356619616,0.5663901635516306,16624,1780,0.1806853582554517,526,0.8193146417445483,0.9032818952401652,0.8612982684923567,0.9004515383807624,0.22810060711188204,0.8612982684923568,0.3997717708167055,0.3568521031207598,0.32104805742427656,0.22810060711188204,0.9930704898446834,0.09671810475983482,0.7718993928881179,8.471161048689142,0.20003208213025347,42.34901201084852
