ROC_AUC_score,prediction_threshold,TN,FP,FN,TP,sensitivity,specificity,BA,Accuracy,precision,ROC_ACU_score_discretized,MCC,f1_score,cohen_kappa,PPV_score,NPV_score,FPR_score,FDR_score,PLR_score,NLR_score,DOR_score
0.9323973483559094,0.49921082881422435,12850,1873,0.14230019493177387,440,0.8576998050682261,0.8727840793316579,0.865241942199942,0.8722761879758467,0.19022913964548205,0.865241942199942,0.36719604024179464,0.31139419674451524,0.27122693903848405,0.19022913964548205,0.9943511568521242,0.12721592066834206,0.809770860354518,6.742079140426849,0.1630416941619072,41.35187121971196
