ROC_AUC_score,prediction_threshold,TN,FP,FN,TP,sensitivity,specificity,BA,Accuracy,precision,ROC_ACU_score_discretized,MCC,f1_score,cohen_kappa,PPV_score,NPV_score,FPR_score,FDR_score,PLR_score,NLR_score,DOR_score
0.9280195081524333,0.49921082881422435,15969,2435,0.14330218068535824,550,0.8566978193146417,0.8676918061291023,0.862194812721872,0.8673212223038959,0.18425460636515914,0.862194812721872,0.3596146612850802,0.30328094844223874,0.26235433414345366,0.18425460636515914,0.9942718386152792,0.13230819387089762,0.8157453936348409,6.475017111567419,0.1651533178867389,39.2060976698509
