ROC_AUC_score,prediction_threshold,TN,FP,FN,TP,sensitivity,specificity,BA,Accuracy,precision,ROC_ACU_score_discretized,MCC,f1_score,cohen_kappa,PPV_score,NPV_score,FPR_score,FDR_score,PLR_score,NLR_score,DOR_score
0.912008620795803,0.5735572784570956,13229,1494,0.1968810916179337,412,0.8031189083820662,0.8985261156014399,0.8508225119917531,0.8953137306379627,0.2161594963273872,0.8508225119917531,0.38255842018662306,0.34063662670525013,0.3036907847972088,0.2161594963273872,0.9924231057764441,0.10147388439856007,0.7838405036726128,7.914537943848166,0.21911560298517188,36.12037589301097
