ROC_AUC_score,prediction_threshold,TN,FP,FN,TP,sensitivity,specificity,BA,Accuracy,precision,ROC_ACU_score_discretized,MCC,f1_score,cohen_kappa,PPV_score,NPV_score,FPR_score,FDR_score,PLR_score,NLR_score,DOR_score
0.9310150983024821,0.5735572784570956,16512,1892,0.1791277258566978,527,0.8208722741433022,0.897196261682243,0.8590342679127726,0.8946235430011551,0.21785861926415875,0.8590342679127727,0.3891926600041347,0.3443319176739627,0.30743461993292365,0.21785861926415875,0.9930835388223973,0.102803738317757,0.7821413807358413,7.984848484848484,0.19965277777777773,39.99367588932807
