ROC_AUC_score,prediction_threshold,TN,FP,FN,TP,sensitivity,specificity,BA,Accuracy,precision,ROC_ACU_score_discretized,MCC,f1_score,cohen_kappa,PPV_score,NPV_score,FPR_score,FDR_score,PLR_score,NLR_score,DOR_score
0.926166231006134,0.5544188271693155,13106,1617,0.16374269005847952,429,0.8362573099415205,0.8901718399782653,0.863214574959893,0.888356524022053,0.20967741935483872,0.863214574959893,0.3843039862156993,0.33528722157092616,0.2974619926717812,0.20967741935483872,0.9936315390447309,0.1098281600217347,0.7903225806451613,7.614233997692646,0.18394503477269908,41.39407191448009
