ROC_AUC_score,prediction_threshold,TN,FP,FN,TP,sensitivity,specificity,BA,Accuracy,precision,ROC_ACU_score_discretized,MCC,f1_score,cohen_kappa,PPV_score,NPV_score,FPR_score,FDR_score,PLR_score,NLR_score,DOR_score
0.9245661243898624,0.5544188271693155,16386,2018,0.16666666666666666,535,0.8333333333333334,0.8903499239295806,0.861841628631457,0.8884280163813925,0.20955738347042696,0.8618416286314571,0.38335127725672297,0.33489827856025045,0.2970297765734825,0.20955738347042696,0.9935123991996605,0.10965007607041947,0.790442616529573,7.599933927981503,0.18719231864599856,40.599603567889034
