ROC_AUC_score,prediction_threshold,TN,FP,FN,TP,sensitivity,specificity,BA,Accuracy,precision,ROC_ACU_score_discretized,MCC,f1_score,cohen_kappa,PPV_score,NPV_score,FPR_score,FDR_score,PLR_score,NLR_score,DOR_score
0.9323850352030393,0.5093718796379479,12840,1883,0.12475633528265107,449,0.8752436647173489,0.8721048699313998,0.8736742673243744,0.8722105539511683,0.1925385934819897,0.8736742673243744,0.3744152899760083,0.3156414762741652,0.2756593846703508,0.1925385934819897,0.9950402975821451,0.12789513006860015,0.8074614065180102,6.843447942450092,0.1430519878790087,47.83888741370152
