ROC_AUC_score,prediction_threshold,TN,FP,FN,TP,sensitivity,specificity,BA,Accuracy,precision,ROC_ACU_score_discretized,MCC,f1_score,cohen_kappa,PPV_score,NPV_score,FPR_score,FDR_score,PLR_score,NLR_score,DOR_score
0.9263345839080085,0.5093718796379479,16145,2259,0.1573208722741433,541,0.8426791277258567,0.8772549445772658,0.8599670361515612,0.8760894676047464,0.19321428571428573,0.8599670361515612,0.36691385726981646,0.3143521208599651,0.2745684504279231,0.19321428571428573,0.9937830850670935,0.12274505542273419,0.8067857142857143,6.865279622251735,0.17933312687106426,38.28227245035262
