ROC_AUC_score,prediction_threshold,TN,FP,FN,TP,sensitivity,specificity,BA,Accuracy,precision,ROC_ACU_score_discretized,MCC,f1_score,cohen_kappa,PPV_score,NPV_score,FPR_score,FDR_score,PLR_score,NLR_score,DOR_score
0.9265740214452756,0.46751913306578674,12746,1977,0.1364522417153996,443,0.8635477582846004,0.8657203015689737,0.8646340299267871,0.8656471514833289,0.18305785123966942,0.8646340299267872,0.3598819783197162,0.3020797817933856,0.26102042570670825,0.18305785123966942,0.994538077403246,0.13427969843102627,0.8169421487603306,6.43096289591511,0.1576170057096994,40.80119950863502
