ROC_AUC_score,prediction_threshold,TN,FP,FN,TP,sensitivity,specificity,BA,Accuracy,precision,ROC_ACU_score_discretized,MCC,f1_score,cohen_kappa,PPV_score,NPV_score,FPR_score,FDR_score,PLR_score,NLR_score,DOR_score
0.930920137231443,0.46751913306578674,15879,2525,0.1292834890965732,559,0.8707165109034268,0.8628015648772006,0.8667590378903137,0.863068360810669,0.18125810635538261,0.8667590378903138,0.359363205808595,0.30005367686527107,0.258688639775159,0.18125810635538261,0.9948001503570981,0.1371984351227994,0.8187418936446174,6.346402640264027,0.1498415097508239,42.35410234999406
