ROC_AUC_score,prediction_threshold,TN,FP,FN,TP,sensitivity,specificity,BA,Accuracy,precision,ROC_ACU_score_discretized,MCC,f1_score,cohen_kappa,PPV_score,NPV_score,FPR_score,FDR_score,PLR_score,NLR_score,DOR_score
0.9326115707359519,0.551229794813237,13122,1601,0.1442495126705653,439,0.8557504873294347,0.8912585750186782,0.8735045311740565,0.8900630086636913,0.21519607843137256,0.8735045311740564,0.39568216194931216,0.3439091265178222,0.3065977750310097,0.21519607843137256,0.9943922400727493,0.10874142498132174,0.7848039215686274,7.869590521518591,0.16184922839877555,48.62297212890591
