ROC_AUC_score,prediction_threshold,TN,FP,FN,TP,sensitivity,specificity,BA,Accuracy,precision,ROC_ACU_score_discretized,MCC,f1_score,cohen_kappa,PPV_score,NPV_score,FPR_score,FDR_score,PLR_score,NLR_score,DOR_score
0.9263708925528179,0.551229794813237,16419,1985,0.1557632398753894,542,0.8442367601246106,0.8921430123886112,0.8681898862566109,0.8905281948965662,0.2144835773644638,0.8681898862566109,0.3917698219492706,0.3420637425055223,0.3046848946526328,0.2144835773644638,0.9939463647920577,0.10785698761138883,0.7855164226355362,7.82737195633921,0.17459447388188484,44.831727959697716
