ROC_AUC_score,prediction_threshold,TN,FP,FN,TP,sensitivity,specificity,BA,Accuracy,precision,ROC_ACU_score_discretized,MCC,f1_score,cohen_kappa,PPV_score,NPV_score,FPR_score,FDR_score,PLR_score,NLR_score,DOR_score
0.9330978740745771,0.5363955143430549,13105,1618,0.15204678362573099,435,0.847953216374269,0.8901039190382395,0.8690285677062543,0.888684694145445,0.21188504627374574,0.8690285677062543,0.389892805242846,0.33904910366328916,0.3014107524039855,0.21188504627374574,0.9940832890844269,0.10989608096176051,0.7881149537262543,7.715955009071918,0.17081913737669877,45.17031948274223
