ROC_AUC_score,prediction_threshold,TN,FP,FN,TP,sensitivity,specificity,BA,Accuracy,precision,ROC_ACU_score_discretized,MCC,f1_score,cohen_kappa,PPV_score,NPV_score,FPR_score,FDR_score,PLR_score,NLR_score,DOR_score
0.9343403438640252,0.5363955143430549,16350,2054,0.1557632398753894,542,0.8442367601246106,0.8883938274288198,0.8663152937767151,0.8869053869578915,0.20878274268104777,0.8663152937767151,0.3853659845628946,0.3347745521927115,0.2967652949678291,0.20878274268104777,0.993920972644377,0.11160617257118018,0.7912172573189522,7.564427134047384,0.17533129459734967,43.143622200584204
