ROC_AUC_score,prediction_threshold,TN,FP,FN,TP,sensitivity,specificity,BA,Accuracy,precision,ROC_ACU_score_discretized,MCC,f1_score,cohen_kappa,PPV_score,NPV_score,FPR_score,FDR_score,PLR_score,NLR_score,DOR_score
0.9236036388147122,0.4408205889152858,12364,2359,0.1286549707602339,447,0.8713450292397661,0.8397745024791143,0.8555597658594403,0.8408374901548963,0.15930149679258732,0.8555597658594402,0.3309177388424957,0.26935824043386564,0.2252501440154493,0.15930149679258732,0.9946902654867257,0.1602254975208857,0.8406985032074127,5.438241994699906,0.15320180641401843,35.49724459516745
