ROC_AUC_score,prediction_threshold,TN,FP,FN,TP,sensitivity,specificity,BA,Accuracy,precision,ROC_ACU_score_discretized,MCC,f1_score,cohen_kappa,PPV_score,NPV_score,FPR_score,FDR_score,PLR_score,NLR_score,DOR_score
0.9191708628965259,0.4408205889152858,15432,2972,0.1261682242990654,561,0.8738317757009346,0.8385133666594219,0.8561725711801782,0.8397038748293605,0.1587885649589584,0.8561725711801782,0.33074583083665754,0.26874251497005985,0.22450103745394245,0.1587885649589584,0.9947785728099013,0.16148663334057814,0.8412114350410416,5.411170928667565,0.15046656298600306,35.96261402721701
