ROC_AUC_score,prediction_threshold,TN,FP,FN,TP,sensitivity,specificity,BA,Accuracy,precision,ROC_ACU_score_discretized,MCC,f1_score,cohen_kappa,PPV_score,NPV_score,FPR_score,FDR_score,PLR_score,NLR_score,DOR_score
0.9294670827717938,0.5082882630609996,12937,1786,0.1442495126705653,439,0.8557504873294347,0.8786932011139034,0.867221844221669,0.8779207140981885,0.19730337078651686,0.867221844221669,0.3751414005848002,0.32067202337472606,0.2813447755017725,0.19730337078651686,0.9943125048036277,0.12130679888609658,0.8026966292134832,7.054431368953674,0.16416368362438996,42.971936382070744
