ROC_AUC_score,prediction_threshold,TN,FP,FN,TP,sensitivity,specificity,BA,Accuracy,precision,ROC_ACU_score_discretized,MCC,f1_score,cohen_kappa,PPV_score,NPV_score,FPR_score,FDR_score,PLR_score,NLR_score,DOR_score
0.9341399269155223,0.5082882630609996,16130,2274,0.1526479750778816,544,0.8473520249221184,0.8764399043686155,0.861895964645367,0.8754594140501942,0.1930447125621008,0.861895964645367,0.367903880474483,0.31445086705202313,0.27462272189999726,0.1930447125621008,0.9939610549667242,0.12356009563138448,0.8069552874378992,6.85781295807681,0.17416821657367226,39.374652235564405
