ROC_AUC_score,prediction_threshold,TN,FP,FN,TP,sensitivity,specificity,BA,Accuracy,precision,ROC_ACU_score_discretized,MCC,f1_score,cohen_kappa,PPV_score,NPV_score,FPR_score,FDR_score,PLR_score,NLR_score,DOR_score
0.927866372898671,0.4456773438237874,12594,2129,0.11695906432748537,453,0.8830409356725146,0.8553963186850506,0.8692186271787826,0.8563271199789971,0.17544539116963595,0.8692186271787826,0.3550409144090559,0.2927302100161551,0.2506316410840643,0.17544539116963595,0.9952584163110479,0.1446036813149494,0.824554608830364,6.1066283212336465,0.1367308483479091,44.66167214654767
