ROC_AUC_score,prediction_threshold,TN,FP,FN,TP,sensitivity,specificity,BA,Accuracy,precision,ROC_ACU_score_discretized,MCC,f1_score,cohen_kappa,PPV_score,NPV_score,FPR_score,FDR_score,PLR_score,NLR_score,DOR_score
0.9275175347902833,0.4456773438237874,15693,2711,0.11682242990654206,567,0.883177570093458,0.852695066289937,0.8679363181916975,0.8537225664181456,0.17297132397803539,0.8679363181916976,0.3518305116963336,0.2892857142857143,0.24682575361772952,0.17297132397803539,0.9952435312024354,0.14730493371006304,0.8270286760219646,5.99557358908152,0.13700375963805514,43.762109922537825
