ROC_AUC_score,prediction_threshold,TN,FP,FN,TP,sensitivity,specificity,BA,Accuracy,precision,ROC_ACU_score_discretized,MCC,f1_score,cohen_kappa,PPV_score,NPV_score,FPR_score,FDR_score,PLR_score,NLR_score,DOR_score
0.9333863725703203,0.5981380509279455,13416,1307,0.17543859649122806,423,0.8245614035087719,0.9112273313862664,0.8678943674475192,0.9083092675242845,0.2445086705202312,0.8678943674475191,0.4183343713664653,0.37717342844404816,0.34305224719198235,0.2445086705202312,0.9933362949800089,0.08877266861373362,0.7554913294797688,9.288460247788567,0.19252999822155267,48.24422341239483
