ROC_AUC_score,prediction_threshold,TN,FP,FN,TP,sensitivity,specificity,BA,Accuracy,precision,ROC_ACU_score_discretized,MCC,f1_score,cohen_kappa,PPV_score,NPV_score,FPR_score,FDR_score,PLR_score,NLR_score,DOR_score
0.9274240125233508,0.5981380509279455,16676,1728,0.18847352024922118,521,0.8115264797507789,0.9061073679634862,0.8588169238571326,0.9029192481360916,0.23165851489550912,0.8588169238571326,0.40134323951279205,0.3604289173296437,0.32503024958470916,0.23165851489550912,0.9927963326784545,0.0938926320365138,0.7683414851044909,8.643132716049386,0.20800351802990322,41.55281986531989
