ROC_AUC_score,prediction_threshold,TN,FP,FN,TP,sensitivity,specificity,BA,Accuracy,precision,ROC_ACU_score_discretized,MCC,f1_score,cohen_kappa,PPV_score,NPV_score,FPR_score,FDR_score,PLR_score,NLR_score,DOR_score
0.9327835576776546,0.4543694365951533,12521,2202,0.10136452241715399,461,0.898635477582846,0.8504380900631665,0.8745367838230063,0.8520609083749016,0.17311303041682313,0.8745367838230063,0.3557756904158102,0.29030226700251893,0.24783231806665396,0.17311303041682313,0.9958641533444683,0.14956190993683352,0.8268869695831769,6.008451469778494,0.1191909482906923,50.410300076853225
