ROC_AUC_score,prediction_threshold,TN,FP,FN,TP,sensitivity,specificity,BA,Accuracy,precision,ROC_ACU_score_discretized,MCC,f1_score,cohen_kappa,PPV_score,NPV_score,FPR_score,FDR_score,PLR_score,NLR_score,DOR_score
0.9236362337592868,0.4543694365951533,15579,2825,0.1308411214953271,558,0.8691588785046729,0.8465007607041948,0.8578298196044338,0.8472645174839861,0.16494235885308897,0.8578298196044338,0.3379416176639501,0.2772670807453416,0.23385524092481502,0.16494235885308897,0.9946370427121242,0.15349923929580525,0.8350576411469111,5.662300884955753,0.15456704538160346,36.633299620733254
