ROC_AUC_score,prediction_threshold,TN,FP,FN,TP,sensitivity,specificity,BA,Accuracy,precision,ROC_ACU_score_discretized,MCC,f1_score,cohen_kappa,PPV_score,NPV_score,FPR_score,FDR_score,PLR_score,NLR_score,DOR_score
0.9312003245376378,0.5247813388056932,13149,1574,0.15009746588693956,436,0.8499025341130604,0.8930924403993751,0.8714974872562178,0.8916382252559727,0.21691542288557214,0.8714974872562178,0.3960321349360186,0.345620293301625,0.30852383770397673,0.21691542288557214,0.9941781339785272,0.10690755960062487,0.7830845771144279,7.949882471249417,0.16806487111213111,47.30246373702532
