ROC_AUC_score,prediction_threshold,TN,FP,FN,TP,sensitivity,specificity,BA,Accuracy,precision,ROC_ACU_score_discretized,MCC,f1_score,cohen_kappa,PPV_score,NPV_score,FPR_score,FDR_score,PLR_score,NLR_score,DOR_score
0.9353816148595626,0.5247813388056932,16300,2104,0.15109034267912771,545,0.8489096573208723,0.8856770267333188,0.8672933420270956,0.8844376772025622,0.20573801434503586,0.8672933420270956,0.38312765409019545,0.33120632026739594,0.29283225934549917,0.20573801434503586,0.9940842837104349,0.11432297326668116,0.7942619856549641,7.425538656527249,0.17059304703476477,43.5277919328917
