ROC_AUC_score,prediction_threshold,TN,FP,FN,TP,sensitivity,specificity,BA,Accuracy,precision,ROC_ACU_score_discretized,MCC,f1_score,cohen_kappa,PPV_score,NPV_score,FPR_score,FDR_score,PLR_score,NLR_score,DOR_score
0.9349142574315078,0.5515591233945966,16322,2082,0.15109034267912771,545,0.8489096573208723,0.8868724190393392,0.8678910381801057,0.8855927753859077,0.20746098210886943,0.8678910381801058,0.38509638581346367,0.33343530131538696,0.295255088506027,0.20746098210886943,0.9940922102442292,0.11312758096066072,0.7925390178911306,7.504002561639446,0.17036310909610747,44.047109737861085
