ROC_AUC_score,prediction_threshold,TN,FP,FN,TP,sensitivity,specificity,BA,Accuracy,precision,ROC_ACU_score_discretized,MCC,f1_score,cohen_kappa,PPV_score,NPV_score,FPR_score,FDR_score,PLR_score,NLR_score,DOR_score
0.9254308842207476,0.5608173207224258,13196,1527,0.16764132553606237,427,0.8323586744639376,0.8962847245805882,0.8643216995222629,0.8941323181937516,0.21852610030706243,0.8643216995222629,0.39307720185144335,0.34616943656262666,0.30933094803477035,0.21852610030706243,0.9935250715253727,0.1037152754194118,0.7814738996929376,8.025420277755435,0.18704025734066734,42.9074488661458
