ROC_AUC_score,prediction_threshold,TN,FP,FN,TP,sensitivity,specificity,BA,Accuracy,precision,ROC_ACU_score_discretized,MCC,f1_score,cohen_kappa,PPV_score,NPV_score,FPR_score,FDR_score,PLR_score,NLR_score,DOR_score
0.9193503748677146,0.5608173207224258,16424,1980,0.16822429906542055,534,0.8317757009345794,0.8924146924581613,0.8620951966963704,0.8903706815079282,0.21241050119331742,0.8620951966963704,0.3861277824138044,0.338403041825095,0.30085778781038375,0.21241050119331742,0.9934672150979917,0.10758530754183873,0.7875894988066826,7.731313131313133,0.1885046273745738,41.01391694725029
