{"performances": [0.9131899234962465, 0.9136433160609132, 0.9131614859562561, 0.9128079633236985, 0.9133214471187018, 0.913359617745296, 0.9130477357962951, 0.9127940830958461, 0.9133041814694218, 0.9131162905802003], "mean": 0.9131746044642876, "std": 0.00024318688578488427}