{"performances": [0.9294797250496133, 0.9273583353476592, 0.9261139390664768, 0.9266334319845139, 0.9269866160749289, 0.9285038773231608, 0.9294642367465829, 0.9268105741607033, 0.9262556189532142, 0.9269813686717163], "mean": 0.927458772337857, "std": 0.0011839264058506923}