ROC_AUC_score,prediction_threshold,TN,FP,FN,TP,sensitivity,specificity,BA,Accuracy,precision,ROC_ACU_score_discretized,MCC,f1_score,cohen_kappa,PPV_score,NPV_score,FPR_score,FDR_score,PLR_score,NLR_score,DOR_score
0.9267426983996476,0.4791894597175983,12774,1949,0.1364522417153996,443,0.8635477582846004,0.8676220878896964,0.8655849230871484,0.867484904174324,0.18520066889632106,0.8655849230871485,0.3625303539584768,0.3049913941480206,0.26419177853872466,0.18520066889632106,0.9945499844285269,0.1323779121103036,0.814799331103679,6.523352306425949,0.15727151673523002,41.47828190280731
