ROC_AUC_score,prediction_threshold,TN,FP,FN,TP,sensitivity,specificity,BA,Accuracy,precision,ROC_ACU_score_discretized,MCC,f1_score,cohen_kappa,PPV_score,NPV_score,FPR_score,FDR_score,PLR_score,NLR_score,DOR_score
0.9248868084345743,0.4791894597175983,15939,2465,0.14330218068535824,550,0.8566978193146417,0.8660617257118017,0.8613797725132217,0.8657460884175154,0.1824212271973466,0.8613797725132217,0.35734976173338273,0.3007929997265518,0.2596435066350449,0.1824212271973466,0.994261119081779,0.1339382742881982,0.8175787728026535,6.396213657876942,0.16546416546416548,38.65618661257605
