ROC_AUC_score,prediction_threshold,TN,FP,FN,TP,sensitivity,specificity,BA,Accuracy,precision,ROC_ACU_score_discretized,MCC,f1_score,cohen_kappa,PPV_score,NPV_score,FPR_score,FDR_score,PLR_score,NLR_score,DOR_score
0.9325845612393334,0.4603971779310136,12720,2003,0.13450292397660818,444,0.8654970760233918,0.8639543571283027,0.8647257165758473,0.8640063008663691,0.18144666939109114,0.8647257165758471,0.3583586914753766,0.3,0.2587339635931657,0.18144666939109114,0.994604738447103,0.13604564287169735,0.8185533306089089,6.361814004139991,0.15568290485122666,40.863921509040786
