ROC_AUC_score,prediction_threshold,TN,FP,FN,TP,sensitivity,specificity,BA,Accuracy,precision,ROC_ACU_score_discretized,MCC,f1_score,cohen_kappa,PPV_score,NPV_score,FPR_score,FDR_score,PLR_score,NLR_score,DOR_score
0.9188806476446608,0.4603971779310136,15847,2557,0.15109034267912771,545,0.8489096573208723,0.8610628124320799,0.8549862348764761,0.8606531555182191,0.1756931012250161,0.8549862348764762,0.34701288053517554,0.2911324786324786,0.24919581442066852,0.1756931012250161,0.9939162067235323,0.13893718756792,0.8243068987749839,6.110024768609045,0.17546959466565698,34.82098867471142
