ROC_AUC_score,prediction_threshold,TN,FP,FN,TP,sensitivity,specificity,BA,Accuracy,precision,ROC_ACU_score_discretized,MCC,f1_score,cohen_kappa,PPV_score,NPV_score,FPR_score,FDR_score,PLR_score,NLR_score,DOR_score
0.929708447047948,0.47155269226878926,12691,2032,0.13255360623781676,445,0.8674463937621832,0.8619846498675542,0.8647155218148688,0.8621685481753741,0.17965280581348406,0.8647155218148688,0.3565904918705361,0.29765886287625415,0.25616257574991796,0.17965280581348406,0.9946704287169841,0.13801535013244584,0.8203471941865159,6.285144318582985,0.15377722359462423,40.87175052107458
