ROC_AUC_score,prediction_threshold,TN,FP,FN,TP,sensitivity,specificity,BA,Accuracy,precision,ROC_ACU_score_discretized,MCC,f1_score,cohen_kappa,PPV_score,NPV_score,FPR_score,FDR_score,PLR_score,NLR_score,DOR_score
0.9309179367075152,0.47155269226878926,15920,2484,0.14485981308411214,549,0.8551401869158879,0.8650293414475114,0.8600847641816997,0.8646959991599286,0.18100890207715134,0.8600847641816997,0.35521051308601465,0.29877551020408166,0.2574617080585476,0.18100890207715134,0.994192218822207,0.13497065855248858,0.8189910979228486,6.3357487922705324,0.1674623115577889,37.83387875954497
