ROC_AUC_score,prediction_threshold,TN,FP,FN,TP,sensitivity,specificity,BA,Accuracy,precision,ROC_ACU_score_discretized,MCC,f1_score,cohen_kappa,PPV_score,NPV_score,FPR_score,FDR_score,PLR_score,NLR_score,DOR_score
0.9335742474512104,0.4719808051691576,12805,1918,0.12280701754385964,450,0.8771929824561403,0.8697276370304965,0.8734603097433185,0.8699789971121029,0.19003378378378377,0.8734603097433185,0.37186466416641295,0.31239153071850045,0.27210267233257035,0.19003378378378377,0.9951041342866024,0.1302723629695035,0.8099662162162162,6.733530907560872,0.14120169615761394,47.68732310442422
