ROC_AUC_score,prediction_threshold,TN,FP,FN,TP,sensitivity,specificity,BA,Accuracy,precision,ROC_ACU_score_discretized,MCC,f1_score,cohen_kappa,PPV_score,NPV_score,FPR_score,FDR_score,PLR_score,NLR_score,DOR_score
0.927855992297489,0.4719808051691576,15911,2493,0.13862928348909656,553,0.8613707165109035,0.8645403173223213,0.8629555169166123,0.8644334768455318,0.18154957321076823,0.8629555169166123,0.357422660523521,0.2998915401301519,0.2586108996115577,0.18154957321076823,0.9944375,0.13545968267767877,0.8184504267892317,6.35887150688595,0.16035028177571067,39.6561292968627
