ROC_AUC_score,prediction_threshold,TN,FP,FN,TP,sensitivity,specificity,BA,Accuracy,precision,ROC_ACU_score_discretized,MCC,f1_score,cohen_kappa,PPV_score,NPV_score,FPR_score,FDR_score,PLR_score,NLR_score,DOR_score
0.9333872993667729,0.48655530699605415,12731,1992,0.11500974658869395,454,0.884990253411306,0.8647014874685865,0.8748458704399462,0.8653846153846154,0.1856091578086672,0.8748458704399462,0.3683630552407853,0.30686042581953366,0.2660018873611445,0.1856091578086672,0.9953870211102424,0.13529851253141342,0.8143908421913328,6.5410198298065545,0.13300514484528644,49.178697842216295
