{"performances": [0.9310769668790679, 0.9323531861216681, 0.934498866222364, 0.9344457151059535, 0.9332014880958426, 0.9332884934265274, 0.9332218852599429, 0.933359587276503, 0.9332079203965548, 0.9323262720213201], "mean": 0.9330980380805745, "std": 0.0009568962490041143}