ROC_AUC_score,prediction_threshold,TN,FP,FN,TP,sensitivity,specificity,BA,Accuracy,precision,ROC_ACU_score_discretized,MCC,f1_score,cohen_kappa,PPV_score,NPV_score,FPR_score,FDR_score,PLR_score,NLR_score,DOR_score
0.9301799216433319,0.4780916739370336,12732,1991,0.1286549707602339,447,0.8713450292397661,0.8647694084086124,0.8680572188241893,0.864990811236545,0.1833470057424118,0.8680572188241892,0.36217149916004776,0.3029481531684175,0.2618837359769354,0.1833470057424118,0.9948429442100328,0.13523059159138762,0.8166529942575882,6.4434017405811534,0.1487737303253946,43.310077165426236
