ROC_AUC_score,prediction_threshold,TN,FP,FN,TP,sensitivity,specificity,BA,Accuracy,precision,ROC_ACU_score_discretized,MCC,f1_score,cohen_kappa,PPV_score,NPV_score,FPR_score,FDR_score,PLR_score,NLR_score,DOR_score
0.9335912347376738,0.4780916739370336,15906,2498,0.13239875389408098,557,0.867601246105919,0.8642686372527711,0.8659349416793451,0.8643809723826525,0.1823240589198036,0.8659349416793451,0.35992671575728885,0.30132539897213956,0.2601069188260172,0.1823240589198036,0.9946845100368957,0.13573136274722886,0.8176759410801964,6.392046970910062,0.15319166771448925,41.72581359205013
