ROC_AUC_score,prediction_threshold,TN,FP,FN,TP,sensitivity,specificity,BA,Accuracy,precision,ROC_ACU_score_discretized,MCC,f1_score,cohen_kappa,PPV_score,NPV_score,FPR_score,FDR_score,PLR_score,NLR_score,DOR_score
0.9267379320178915,0.5324353638805052,13043,1680,0.1442495126705653,439,0.8557504873294347,0.8858928207566392,0.8708216540430369,0.8848779207140982,0.20717319490325625,0.8708216540430369,0.3866065283462488,0.33358662613981765,0.29538579027142053,0.20717319490325625,0.9943584661126782,0.11410717924336072,0.7928268050967437,7.499532395804322,0.16282953116987908,46.057569176319156
