ROC_AUC_score,prediction_threshold,TN,FP,FN,TP,sensitivity,specificity,BA,Accuracy,precision,ROC_ACU_score_discretized,MCC,f1_score,cohen_kappa,PPV_score,NPV_score,FPR_score,FDR_score,PLR_score,NLR_score,DOR_score
0.9294368994685566,0.5324353638805052,16288,2116,0.14797507788161993,547,0.8520249221183801,0.8850249945663986,0.8685249583423893,0.8839126325737687,0.20540743522343222,0.8685249583423893,0.3835643443535013,0.3310136157337368,0.2925868273375346,0.20540743522343222,0.9942013062320698,0.1149750054336014,0.7945925647765678,7.4105229993698805,0.16719875573018989,44.32163963784699
