ROC_AUC_score,prediction_threshold,TN,FP,FN,TP,sensitivity,specificity,BA,Accuracy,precision,ROC_ACU_score_discretized,MCC,f1_score,cohen_kappa,PPV_score,NPV_score,FPR_score,FDR_score,PLR_score,NLR_score,DOR_score
0.9234921584414143,0.48543890371779236,12827,1896,0.14619883040935672,438,0.8538011695906432,0.8712218977110643,0.8625115336508538,0.8706353373588869,0.18766066838046272,0.8625115336508536,0.3631029006159119,0.30769230769230765,0.2672391882838524,0.18766066838046272,0.9941869477600372,0.1287781022889357,0.8123393316195373,6.630018259431981,0.1678089483212723,39.50932489451474
