ROC_AUC_score,prediction_threshold,TN,FP,FN,TP,sensitivity,specificity,BA,Accuracy,precision,ROC_ACU_score_discretized,MCC,f1_score,cohen_kappa,PPV_score,NPV_score,FPR_score,FDR_score,PLR_score,NLR_score,DOR_score
0.9306614910343883,0.48543890371779236,16058,2346,0.1261682242990654,561,0.8738317757009346,0.8725277113670941,0.8731797435340143,0.8725716685918303,0.19298245614035087,0.8731797435340144,0.3745509105604385,0.31614539306846995,0.27617544459300514,0.19298245614035087,0.9949811016791623,0.12747228863290588,0.8070175438596491,6.8550724637681135,0.14460082202017682,47.40687063875469
