ROC_AUC_score,prediction_threshold,TN,FP,FN,TP,sensitivity,specificity,BA,Accuracy,precision,ROC_ACU_score_discretized,MCC,f1_score,cohen_kappa,PPV_score,NPV_score,FPR_score,FDR_score,PLR_score,NLR_score,DOR_score
0.9316649143593738,0.5255545762968383,12959,1764,0.1286549707602339,447,0.8713450292397661,0.8801874617944713,0.8757662455171187,0.8798897348385403,0.2021709633649932,0.8757662455171187,0.38487647164993216,0.32819383259911894,0.28935078313207874,0.2021709633649932,0.9949328214971209,0.11981253820552877,0.7978290366350068,7.2725696516423355,0.1461676930706786,49.75497320140179
