ROC_AUC_score,prediction_threshold,TN,FP,FN,TP,sensitivity,specificity,BA,Accuracy,precision,ROC_ACU_score_discretized,MCC,f1_score,cohen_kappa,PPV_score,NPV_score,FPR_score,FDR_score,PLR_score,NLR_score,DOR_score
0.9247804215662179,0.5255545762968383,16171,2233,0.14330218068535824,550,0.8566978193146417,0.8786676809389263,0.8676827501267841,0.8779271238055235,0.1976284584980237,0.8676827501267841,0.3757248703006429,0.32116788321167883,0.2818271109614857,0.1976284584980237,0.9943429871487426,0.12133231906107368,0.8023715415019763,7.060755336617406,0.16309030569125804,43.2935318055258
