ROC_AUC_score,prediction_threshold,TN,FP,FN,TP,sensitivity,specificity,BA,Accuracy,precision,ROC_ACU_score_discretized,MCC,f1_score,cohen_kappa,PPV_score,NPV_score,FPR_score,FDR_score,PLR_score,NLR_score,DOR_score
0.920778233629233,0.5248599700200516,12932,1791,0.1695906432748538,426,0.8304093567251462,0.8783535964137744,0.8543814765694603,0.8767393016539774,0.19215155615696888,0.8543814765694603,0.36256525890941355,0.31208791208791203,0.27229218132679667,0.19215155615696888,0.993317459098241,0.12164640358622564,0.8078484438430311,6.826419295959984,0.1930778720179147,35.355782745143344
