ROC_AUC_score,prediction_threshold,TN,FP,FN,TP,sensitivity,specificity,BA,Accuracy,precision,ROC_ACU_score_discretized,MCC,f1_score,cohen_kappa,PPV_score,NPV_score,FPR_score,FDR_score,PLR_score,NLR_score,DOR_score
0.9275320074668856,0.5248599700200516,16207,2197,0.16978193146417445,533,0.8302180685358256,0.880623777439687,0.8554209229877563,0.878924708600231,0.19523809523809524,0.8554209229877563,0.36610734376701526,0.3161328588374852,0.2766522866971183,0.19523809523809524,0.9933194410394705,0.11937622256031298,0.8047619047619048,6.954635108481262,0.1927973509388947,36.07225449215569
