ROC_AUC_score,prediction_threshold,TN,FP,FN,TP,sensitivity,specificity,BA,Accuracy,precision,ROC_ACU_score_discretized,MCC,f1_score,cohen_kappa,PPV_score,NPV_score,FPR_score,FDR_score,PLR_score,NLR_score,DOR_score
0.9385053341769829,0.501896819690363,12768,1955,0.11695906432748537,453,0.8830409356725146,0.8672145622495415,0.8751277489610281,0.8677474402730375,0.18812292358803986,0.8751277489610281,0.3709866726963566,0.31016775077028413,0.2696216383083423,0.18812292358803986,0.9953227315247896,0.13278543775045848,0.8118770764119602,6.650133859798686,0.13486750501985958,49.30864450127877
