ROC_AUC_score,prediction_threshold,TN,FP,FN,TP,sensitivity,specificity,BA,Accuracy,precision,ROC_ACU_score_discretized,MCC,f1_score,cohen_kappa,PPV_score,NPV_score,FPR_score,FDR_score,PLR_score,NLR_score,DOR_score
0.9312435296132969,0.501896819690363,15918,2486,0.13707165109034267,554,0.8629283489096573,0.8649206694196914,0.8639245091646743,0.8648535125485667,0.18223684210526317,0.8639245091646743,0.35866312558557023,0.3009234111895709,0.25971860478643305,0.18223684210526317,0.9945020617268524,0.13507933058030863,0.8177631578947369,6.388307857334405,0.15847887087992632,40.31015505009872
