ROC_AUC_score,prediction_threshold,TN,FP,FN,TP,sensitivity,specificity,BA,Accuracy,precision,ROC_ACU_score_discretized,MCC,f1_score,cohen_kappa,PPV_score,NPV_score,FPR_score,FDR_score,PLR_score,NLR_score,DOR_score
0.9345927967526112,0.473167489329681,12643,2080,0.10526315789473684,459,0.8947368421052632,0.8587244447463153,0.8767306434257892,0.8599369913363087,0.18077983458054353,0.8767306434257892,0.36470009073539356,0.3007863695937091,0.25929074161040366,0.18077983458054353,0.9957470268567378,0.1412755552536847,0.8192201654194565,6.3332742914979745,0.12258083316334814,51.66610576923076
