ROC_AUC_score,prediction_threshold,TN,FP,FN,TP,sensitivity,specificity,BA,Accuracy,precision,ROC_ACU_score_discretized,MCC,f1_score,cohen_kappa,PPV_score,NPV_score,FPR_score,FDR_score,PLR_score,NLR_score,DOR_score
0.934352785287771,0.473167489329681,15745,2659,0.10747663551401869,573,0.8925233644859814,0.855520539013258,0.8740219517496197,0.8567678252651475,0.17728960396039603,0.8740219517496197,0.3596616819105481,0.2958182756840475,0.25385225296102565,0.17728960396039603,0.9956367775388896,0.14447946098674203,0.8227103960396039,6.177510342233922,0.12562718323277225,49.17335709730695
