{"performances": [0.9231822487458707, 0.9234166045441834, 0.9236534147730313, 0.9231074309323247, 0.9235747883603793, 0.9237950100242329, 0.9233934990429414, 0.923479658018269, 0.9230565649753779, 0.9230986288366135], "mean": 0.9233757848253225, "std": 0.00024359536654266256}