ROC_AUC_score,prediction_threshold,TN,FP,FN,TP,sensitivity,specificity,BA,Accuracy,precision,ROC_ACU_score_discretized,MCC,f1_score,cohen_kappa,PPV_score,NPV_score,FPR_score,FDR_score,PLR_score,NLR_score,DOR_score
0.9292255860961467,0.5474099662969178,13078,1645,0.15204678362573099,435,0.847953216374269,0.8882700536575426,0.8681116350159058,0.8869125754791284,0.2091346153846154,0.8681116350159059,0.38678781045465216,0.33551870420362523,0.2975752355960479,0.2091346153846154,0.9940711462450593,0.11172994634245738,0.7908653846153846,7.589310154819675,0.1711717996116866,44.33738601823709
