ROC_AUC_score,prediction_threshold,TN,FP,FN,TP,sensitivity,specificity,BA,Accuracy,precision,ROC_ACU_score_discretized,MCC,f1_score,cohen_kappa,PPV_score,NPV_score,FPR_score,FDR_score,PLR_score,NLR_score,DOR_score
0.9201270751786995,0.5474099662969178,16319,2085,0.17133956386292834,532,0.8286604361370716,0.8867094109976092,0.8576849235673405,0.8847527039798383,0.20328620557890714,0.8576849235673405,0.3750134385422249,0.32648051549555074,0.28793252390203716,0.20328620557890714,0.9933045224907177,0.11329058900239078,0.7967137944210928,7.314468425259794,0.1932307943705701,37.85353390015261
