ROC_AUC_score,prediction_threshold,TN,FP,FN,TP,sensitivity,specificity,BA,Accuracy,precision,ROC_ACU_score_discretized,MCC,f1_score,cohen_kappa,PPV_score,NPV_score,FPR_score,FDR_score,PLR_score,NLR_score,DOR_score
0.92772152785308,0.49490484449975314,12893,1830,0.15204678362573099,435,0.847953216374269,0.8757046797527678,0.8618289480635184,0.8747702809136256,0.19205298013245034,0.8618289480635185,0.3669182478876294,0.31317494600431967,0.2732740128811467,0.19205298013245034,0.9939865854598721,0.12429532024723222,0.8079470198675497,6.822084811299652,0.173627921765426,39.29140395124002
