ROC_AUC_score,prediction_threshold,TN,FP,FN,TP,sensitivity,specificity,BA,Accuracy,precision,ROC_ACU_score_discretized,MCC,f1_score,cohen_kappa,PPV_score,NPV_score,FPR_score,FDR_score,PLR_score,NLR_score,DOR_score
0.9266689789095017,0.49490484449975314,15967,2437,0.14018691588785046,552,0.8598130841121495,0.8675831341012823,0.863698109106716,0.8673212223038959,0.18467714954834394,0.863698109106716,0.36091048895655925,0.3040484714954558,0.26315668768940936,0.18467714954834394,0.994394967926761,0.13241686589871768,0.8153228504516561,6.493229380385718,0.16158326548506297,40.18503624675145
