ROC_AUC_score,prediction_threshold,TN,FP,FN,TP,sensitivity,specificity,BA,Accuracy,precision,ROC_ACU_score_discretized,MCC,f1_score,cohen_kappa,PPV_score,NPV_score,FPR_score,FDR_score,PLR_score,NLR_score,DOR_score
0.9366716011957794,0.4961735021000792,12807,1916,0.1286549707602339,447,0.8713450292397661,0.8698634789105482,0.8706042540751571,0.8699133630874245,0.18916631400761744,0.8706042540751571,0.36933927214549234,0.31084840055632823,0.27048522480076853,0.18916631400761744,0.9948729899790258,0.13013652108945187,0.8108336859923826,6.6956225811571395,0.14790248571116762,45.2705209717214
