ROC_AUC_score,prediction_threshold,TN,FP,FN,TP,sensitivity,specificity,BA,Accuracy,precision,ROC_ACU_score_discretized,MCC,f1_score,cohen_kappa,PPV_score,NPV_score,FPR_score,FDR_score,PLR_score,NLR_score,DOR_score
0.9265518433281131,0.4961735021000792,15952,2452,0.14330218068535824,550,0.8566978193146417,0.866768093892632,0.8617329566036369,0.866428646434947,0.18321119253830778,0.861732956603637,0.35832740915278094,0.3018660812294182,0.26081278729628077,0.18321119253830778,0.9942657691348791,0.13323190610736796,0.8167888074616922,6.430125067971721,0.16532932129722502,38.892829278672224
