ROC_AUC_score,prediction_threshold,TN,FP,FN,TP,sensitivity,specificity,BA,Accuracy,precision,ROC_ACU_score_discretized,MCC,f1_score,cohen_kappa,PPV_score,NPV_score,FPR_score,FDR_score,PLR_score,NLR_score,DOR_score
0.9323218806447697,0.57629732895116,13356,1367,0.17543859649122806,423,0.8245614035087719,0.9071520749847178,0.8658567392467449,0.904371226043581,0.23631284916201117,0.8658567392467448,0.40989708012390563,0.3673469387755102,0.33240486698411353,0.23631284916201117,0.9933065595716198,0.09284792501528222,0.7636871508379889,8.880773623891482,0.19339491285866656,45.92040965618145
