ROC_AUC_score,prediction_threshold,TN,FP,FN,TP,sensitivity,specificity,BA,Accuracy,precision,ROC_ACU_score_discretized,MCC,f1_score,cohen_kappa,PPV_score,NPV_score,FPR_score,FDR_score,PLR_score,NLR_score,DOR_score
0.9277135506909306,0.57629732895116,16594,1810,0.1806853582554517,526,0.8193146417445483,0.9016518148228646,0.8604832282837065,0.898876404494382,0.22517123287671234,0.8604832282837065,0.39665601234080755,0.35325721961047685,0.31714643104698315,0.22517123287671234,0.9930580490724117,0.09834818517713541,0.7748287671232876,8.330755064456723,0.20039371660439517,41.57193751190703
