ROC_AUC_score,prediction_threshold,TN,FP,FN,TP,sensitivity,specificity,BA,Accuracy,precision,ROC_ACU_score_discretized,MCC,f1_score,cohen_kappa,PPV_score,NPV_score,FPR_score,FDR_score,PLR_score,NLR_score,DOR_score
0.9304167843367164,0.4749923484073623,12826,1897,0.13255360623781676,445,0.8674463937621832,0.8711539767710386,0.8693001852666109,0.8710291415069572,0.19000853970964987,0.869300185266611,0.36938485189143755,0.3117338003502627,0.27149061726078294,0.19000853970964987,0.9947262292539165,0.1288460232289615,0.8099914602903501,6.732426597448935,0.152158642183017,44.24610065428388
