ROC_AUC_score,prediction_threshold,TN,FP,FN,TP,sensitivity,specificity,BA,Accuracy,precision,ROC_ACU_score_discretized,MCC,f1_score,cohen_kappa,PPV_score,NPV_score,FPR_score,FDR_score,PLR_score,NLR_score,DOR_score
0.919615538001017,0.4749923484073623,16036,2368,0.16043613707165108,539,0.839563862928349,0.8713323190610737,0.8554480909947113,0.8702614722251392,0.18541451668386652,0.8554480909947113,0.35675410695731924,0.30374753451676534,0.26305295574343457,0.18541451668386652,0.9936179441105397,0.12866768093892633,0.8145854833161335,6.525056306306306,0.18412738006152818,35.437729598530574
