ROC_AUC_score,prediction_threshold,TN,FP,FN,TP,sensitivity,specificity,BA,Accuracy,precision,ROC_ACU_score_discretized,MCC,f1_score,cohen_kappa,PPV_score,NPV_score,FPR_score,FDR_score,PLR_score,NLR_score,DOR_score
0.9308946141077751,0.46920294249121824,12604,2119,0.10721247563352826,458,0.8927875243664717,0.8560755280853087,0.8744315262258902,0.857311630349173,0.17772603802871556,0.8744315262258904,0.3603315859673465,0.29644012944983816,0.2545766492800152,0.17772603802871556,0.9956552650288333,0.1439244719146913,0.8222739619712844,6.203166928384882,0.12523716905366847,49.531356986571694
