ROC_AUC_score,prediction_threshold,TN,FP,FN,TP,sensitivity,specificity,BA,Accuracy,precision,ROC_ACU_score_discretized,MCC,f1_score,cohen_kappa,PPV_score,NPV_score,FPR_score,FDR_score,PLR_score,NLR_score,DOR_score
0.9269745131933259,0.46920294249121824,15789,2615,0.13395638629283488,556,0.8660436137071651,0.8579113236252989,0.861977468666232,0.8581854457628898,0.17533900977609587,0.8619774686662319,0.3507358610423579,0.2916338840807763,0.24956061074326252,0.17533900977609587,0.9945826771653543,0.14208867637470116,0.8246609902239042,6.095092415551307,0.15614246205163934,39.035457334696964
