ROC_AUC_score,prediction_threshold,TN,FP,FN,TP,sensitivity,specificity,BA,Accuracy,precision,ROC_ACU_score_discretized,MCC,f1_score,cohen_kappa,PPV_score,NPV_score,FPR_score,FDR_score,PLR_score,NLR_score,DOR_score
0.9374408422514322,0.5075152181463004,12844,1879,0.12085769980506822,451,0.8791423001949318,0.8723765536915031,0.8757594269432174,0.8726043580992386,0.19356223175965664,0.8757594269432175,0.3766369534223222,0.31727048892015475,0.2773901019045205,0.19356223175965664,0.9951960328529367,0.1276234463084969,0.8064377682403433,6.8885641755029186,0.13853845486063682,49.72311971020964
