ROC_AUC_score,prediction_threshold,TN,FP,FN,TP,sensitivity,specificity,BA,Accuracy,precision,ROC_ACU_score_discretized,MCC,f1_score,cohen_kappa,PPV_score,NPV_score,FPR_score,FDR_score,PLR_score,NLR_score,DOR_score
0.930261842034882,0.5075152181463004,16098,2306,0.13551401869158877,555,0.8644859813084113,0.8747011519234948,0.8695935666159531,0.8743568203297281,0.19398811604334149,0.8695935666159529,0.37339005294456484,0.316871253211533,0.2770662692930439,0.19398811604334149,0.9946246524559778,0.1252988480765051,0.8060118839566585,6.899392888117951,0.15492607777363643,44.533450967491106
