ROC_AUC_score,prediction_threshold,TN,FP,FN,TP,sensitivity,specificity,BA,Accuracy,precision,ROC_ACU_score_discretized,MCC,f1_score,cohen_kappa,PPV_score,NPV_score,FPR_score,FDR_score,PLR_score,NLR_score,DOR_score
0.9332157096235498,0.4322843420289077,12316,2407,0.09941520467836257,462,0.9005847953216374,0.8365142973578754,0.8685495463397563,0.8386715673405093,0.16103171836876962,0.8685495463397563,0.3400832643985733,0.2732111176818451,0.22917713895843206,0.16103171836876962,0.995876121937414,0.16348570264212456,0.8389682816312304,5.5086455926549505,0.1188445971483869,46.35167037317624
