ROC_AUC_score,prediction_threshold,TN,FP,FN,TP,sensitivity,specificity,BA,Accuracy,precision,ROC_ACU_score_discretized,MCC,f1_score,cohen_kappa,PPV_score,NPV_score,FPR_score,FDR_score,PLR_score,NLR_score,DOR_score
0.9234166045441834,0.4322843420289077,15465,2939,0.12149532710280374,564,0.8785046728971962,0.8403064551184525,0.8594055640078244,0.8415940354930169,0.16100485298315728,0.8594055640078243,0.33485048016036567,0.2721351025331725,0.22816029342861333,0.16100485298315728,0.9949816637714727,0.1596935448815475,0.8389951470168427,5.501190881252126,0.1445845457484643,38.04826340722903
