ROC_AUC_score,prediction_threshold,TN,FP,FN,TP,sensitivity,specificity,BA,Accuracy,precision,ROC_ACU_score_discretized,MCC,f1_score,cohen_kappa,PPV_score,NPV_score,FPR_score,FDR_score,PLR_score,NLR_score,DOR_score
0.9227609160403178,0.577479882915929,13255,1468,0.19298245614035087,414,0.8070175438596491,0.9002920600421109,0.8536548019508801,0.8971514833289578,0.2199787460148778,0.85365480195088,0.38774918897808486,0.3457202505219207,0.30916366101060877,0.2199787460148778,0.9925864909390445,0.09970793995788901,0.7800212539851222,8.09381423586213,0.21435539055106653,37.75885558583103
