ROC_AUC_score,prediction_threshold,TN,FP,FN,TP,sensitivity,specificity,BA,Accuracy,precision,ROC_ACU_score_discretized,MCC,f1_score,cohen_kappa,PPV_score,NPV_score,FPR_score,FDR_score,PLR_score,NLR_score,DOR_score
0.9285404398745769,0.577479882915929,16605,1799,0.16355140186915887,537,0.8364485981308412,0.9022495109758748,0.869349054553358,0.9000315026777276,0.22988013698630136,0.869349054553358,0.4064114822720152,0.36064472800537273,0.3249464198927601,0.22988013698630136,0.9937163375224417,0.09775048902412518,0.7701198630136986,8.556976097832129,0.1812707015959048,47.2055109981736
