ROC_AUC_score,prediction_threshold,TN,FP,FN,TP,sensitivity,specificity,BA,Accuracy,precision,ROC_ACU_score_discretized,MCC,f1_score,cohen_kappa,PPV_score,NPV_score,FPR_score,FDR_score,PLR_score,NLR_score,DOR_score
0.9324981043702558,0.5010102711341285,12841,1882,0.13840155945419103,442,0.8615984405458089,0.8721727908714256,0.8668856157086173,0.871816749803098,0.1901893287435456,0.8668856157086173,0.3681312611553187,0.31159675713782164,0.2714047670980694,0.1901893287435456,0.994501239157373,0.12782720912857434,0.8098106712564543,6.7403367907311065,0.1586859403351807,42.47595455838108
