ROC_AUC_score,prediction_threshold,TN,FP,FN,TP,sensitivity,specificity,BA,Accuracy,precision,ROC_ACU_score_discretized,MCC,f1_score,cohen_kappa,PPV_score,NPV_score,FPR_score,FDR_score,PLR_score,NLR_score,DOR_score
0.9304592967396361,0.5010102711341285,16140,2264,0.1308411214953271,558,0.8691588785046729,0.8769832645077157,0.8730710715061942,0.8767195211592985,0.19773210489014884,0.8730710715061942,0.37904233866684833,0.32217090069284066,0.2827803023022748,0.19773210489014884,0.9948224852071006,0.12301673549228428,0.8022678951098512,7.065371024734981,0.14919454770755888,47.35676426047449
