ROC_AUC_score,prediction_threshold,TN,FP,FN,TP,sensitivity,specificity,BA,Accuracy,precision,ROC_ACU_score_discretized,MCC,f1_score,cohen_kappa,PPV_score,NPV_score,FPR_score,FDR_score,PLR_score,NLR_score,DOR_score
0.925614257518868,0.5220835653917869,12905,1818,0.13450292397660818,444,0.8654970760233918,0.8765197310330775,0.8710084035282346,0.8761485954318718,0.1962864721485411,0.8710084035282346,0.376432692329042,0.32,0.28050580133360414,0.1962864721485411,0.9946816710343764,0.1234802689669225,0.8037135278514589,7.009193316992515,0.15345110807497894,45.67704596546607
