ROC_AUC_score,prediction_threshold,TN,FP,FN,TP,sensitivity,specificity,BA,Accuracy,precision,ROC_ACU_score_discretized,MCC,f1_score,cohen_kappa,PPV_score,NPV_score,FPR_score,FDR_score,PLR_score,NLR_score,DOR_score
0.9228366818536673,0.5220835653917869,16091,2313,0.16978193146417445,533,0.8302180685358256,0.8743207998261248,0.8522694341809751,0.872834190906227,0.18728039353478568,0.8522694341809752,0.35665936225577527,0.30561926605504586,0.2651999618211319,0.18728039353478568,0.9932716049382716,0.12567920017387524,0.8127196064652144,6.605850987173945,0.1941872268141611,34.01794801619884
