ROC_AUC_score,prediction_threshold,TN,FP,FN,TP,sensitivity,specificity,BA,Accuracy,precision,ROC_ACU_score_discretized,MCC,f1_score,cohen_kappa,PPV_score,NPV_score,FPR_score,FDR_score,PLR_score,NLR_score,DOR_score
0.92716571478051,0.5172768109899323,12874,1849,0.1539961013645224,434,0.8460038986354775,0.8744141818922774,0.8602090402638775,0.8734576004200577,0.19010074463425317,0.8602090402638775,0.3640854336313973,0.3104434907010014,0.27032206522124147,0.19010074463425317,0.9939010267891608,0.12558581810772262,0.8098992553657468,6.736460464905427,0.1761134535023974,38.25068631008207
