ROC_AUC_score,prediction_threshold,TN,FP,FN,TP,sensitivity,specificity,BA,Accuracy,precision,ROC_ACU_score_discretized,MCC,f1_score,cohen_kappa,PPV_score,NPV_score,FPR_score,FDR_score,PLR_score,NLR_score,DOR_score
0.9303276884816453,0.5172768109899323,16197,2207,0.14174454828660435,551,0.8582554517133957,0.8800804173005868,0.8691679345069913,0.8793447443032658,0.1997824510514866,0.8691679345069914,0.3786575167340474,0.3241176470588235,0.28501810859564003,0.1997824510514866,0.9944130648330058,0.11991958269941318,0.8002175489485134,7.156924935810301,0.1610586322570023,44.436767129562796
