ROC_AUC_score,prediction_threshold,TN,FP,FN,TP,sensitivity,specificity,BA,Accuracy,precision,ROC_ACU_score_discretized,MCC,f1_score,cohen_kappa,PPV_score,NPV_score,FPR_score,FDR_score,PLR_score,NLR_score,DOR_score
0.9256931676168316,0.5426208224107236,13076,1647,0.16569200779727095,428,0.834307992202729,0.888134211777491,0.8612211019901099,0.8863218692570228,0.20626506024096386,0.86122110199011,0.3799325061553676,0.33075734157650694,0.2925612365595692,0.20626506024096386,0.9935415242002887,0.111865788222509,0.7937349397590362,7.45811570686143,0.18656190201890646,39.976627736704856
