ROC_AUC_score,prediction_threshold,TN,FP,FN,TP,sensitivity,specificity,BA,Accuracy,precision,ROC_ACU_score_discretized,MCC,f1_score,cohen_kappa,PPV_score,NPV_score,FPR_score,FDR_score,PLR_score,NLR_score,DOR_score
0.9234149118334698,0.5426208224107236,16287,2117,0.16355140186915887,537,0.8364485981308412,0.8849706585524886,0.8607096283416649,0.883335083482096,0.20233609645817635,0.8607096283416649,0.3759628429931231,0.32584951456310685,0.28715305313243455,0.20233609645817635,0.9935944363103953,0.11502934144751141,0.7976639035418237,7.271610769957486,0.18480997114262906,39.346420136311494
