ROC_AUC_score,prediction_threshold,TN,FP,FN,TP,sensitivity,specificity,BA,Accuracy,precision,ROC_ACU_score_discretized,MCC,f1_score,cohen_kappa,PPV_score,NPV_score,FPR_score,FDR_score,PLR_score,NLR_score,DOR_score
0.9183682980535022,0.47671789512890644,12600,2123,0.14814814814814814,437,0.8518518518518519,0.8558038443252055,0.8538278480885286,0.8556707797322132,0.170703125,0.8538278480885286,0.3414033257950417,0.28441262609827533,0.24188315846514474,0.170703125,0.9940044177974124,0.14419615567479455,0.829296875,5.907590586347065,0.17310993533215754,34.12623645784269
