ROC_AUC_score,prediction_threshold,TN,FP,FN,TP,sensitivity,specificity,BA,Accuracy,precision,ROC_ACU_score_discretized,MCC,f1_score,cohen_kappa,PPV_score,NPV_score,FPR_score,FDR_score,PLR_score,NLR_score,DOR_score
0.9262229496364395,0.47671789512890644,15841,2563,0.1292834890965732,559,0.8707165109034268,0.8607367963486199,0.8657266536260233,0.8610731912212538,0.17905188981422165,0.8657266536260234,0.3565888016416957,0.2970244420828906,0.2553879037765918,0.17905188981422165,0.9947877417734238,0.13926320365138015,0.8209481101857784,6.252308492651841,0.1502009553268943,41.62628978653594
