ROC_AUC_score,prediction_threshold,TN,FP,FN,TP,sensitivity,specificity,BA,Accuracy,precision,ROC_ACU_score_discretized,MCC,f1_score,cohen_kappa,PPV_score,NPV_score,FPR_score,FDR_score,PLR_score,NLR_score,DOR_score
0.9267350192290406,0.4938601196571127,12947,1776,0.13255360623781676,445,0.8674463937621832,0.8793724105141615,0.8734094021381724,0.8789708584930428,0.20036019810895994,0.8734094021381723,0.3817470746268475,0.32553035844915873,0.28649829982254904,0.20036019810895994,0.9947752593161736,0.12062758948583849,0.7996398018910401,7.191111067207556,0.150736598798129,47.706470257021714
