ROC_AUC_score,prediction_threshold,TN,FP,FN,TP,sensitivity,specificity,BA,Accuracy,precision,ROC_ACU_score_discretized,MCC,f1_score,cohen_kappa,PPV_score,NPV_score,FPR_score,FDR_score,PLR_score,NLR_score,DOR_score
0.935455755588823,0.4938601196571127,16049,2355,0.14485981308411214,549,0.8551401869158879,0.8720386872419039,0.8635894370788959,0.871469074871364,0.1890495867768595,0.8635894370788959,0.365079882598554,0.3096446700507614,0.2693027467552068,0.1890495867768595,0.9942386321397596,0.12796131275809608,0.8109504132231405,6.6828025477707005,0.16611626892641282,40.229669200739686
