ROC_AUC_score,prediction_threshold,TN,FP,FN,TP,sensitivity,specificity,BA,Accuracy,precision,ROC_ACU_score_discretized,MCC,f1_score,cohen_kappa,PPV_score,NPV_score,FPR_score,FDR_score,PLR_score,NLR_score,DOR_score
0.9196083517070729,0.4960692312514944,12776,1947,0.1442495126705653,439,0.8557504873294347,0.867757929769748,0.8617542085495913,0.8673536361249672,0.18398994132439228,0.8617542085495913,0.35909854301264277,0.3028630562262849,0.2619577303854297,0.18398994132439228,0.9942412451361867,0.13224207023025197,0.8160100586756077,6.471091127350418,0.1662324338641776,38.927969572037355
