ROC_AUC_score,prediction_threshold,TN,FP,FN,TP,sensitivity,specificity,BA,Accuracy,precision,ROC_ACU_score_discretized,MCC,f1_score,cohen_kappa,PPV_score,NPV_score,FPR_score,FDR_score,PLR_score,NLR_score,DOR_score
0.9227997807601084,0.4960692312514944,15877,2527,0.1542056074766355,543,0.8457943925233645,0.8626928928493806,0.8542436426863725,0.8621232804788407,0.1768729641693811,0.8542436426863725,0.3477382573661482,0.2925646551724138,0.2507917986331054,0.1768729641693811,0.9938032048072108,0.13730710715061942,0.8231270358306189,6.1598733676296,0.17874913396737416,34.46099699008287
