ROC_AUC_score,prediction_threshold,TN,FP,FN,TP,sensitivity,specificity,BA,Accuracy,precision,ROC_ACU_score_discretized,MCC,f1_score,cohen_kappa,PPV_score,NPV_score,FPR_score,FDR_score,PLR_score,NLR_score,DOR_score
0.9267829478455887,0.463910116101761,12651,2072,0.14035087719298245,441,0.8596491228070176,0.8592678122665217,0.8594584675367696,0.8592806510895248,0.17548746518105848,0.8594584675367697,0.3494174136957571,0.2914738929279577,0.24950292697677834,0.17548746518105848,0.9943409573213865,0.14073218773347823,0.8245125348189415,6.108404457088665,0.16333775708736706,37.397381756756744
