ROC_AUC_score,prediction_threshold,TN,FP,FN,TP,sensitivity,specificity,BA,Accuracy,precision,ROC_ACU_score_discretized,MCC,f1_score,cohen_kappa,PPV_score,NPV_score,FPR_score,FDR_score,PLR_score,NLR_score,DOR_score
0.926130866173614,0.463910116101761,15774,2630,0.1308411214953271,558,0.8691588785046729,0.8570962834166486,0.8631275809606607,0.8575028877454584,0.17503136762860727,0.8631275809606607,0.3510989214978875,0.2913838120104439,0.2492556147472198,0.17503136762860727,0.9947029890276201,0.14290371658335144,0.8249686323713927,6.0821292775665405,0.15265626981108155,39.84198804997284
