ROC_AUC_score,prediction_threshold,TN,FP,FN,TP,sensitivity,specificity,BA,Accuracy,precision,ROC_ACU_score_discretized,MCC,f1_score,cohen_kappa,PPV_score,NPV_score,FPR_score,FDR_score,PLR_score,NLR_score,DOR_score
0.9348974995954423,0.5071067871522849,16025,2379,0.11993769470404984,565,0.8800623052959502,0.8707346229080635,0.8753984641020068,0.8710490391683293,0.19191576086956522,0.8753984641020068,0.37483255170813334,0.3151143335192415,0.27498756177651007,0.19191576086956522,0.9952179853434356,0.12926537709193653,0.8080842391304348,6.808182709822055,0.1377431097243889,49.42666622994495
