ROC_AUC_score,prediction_threshold,TN,FP,FN,TP,sensitivity,specificity,BA,Accuracy,precision,ROC_ACU_score_discretized,MCC,f1_score,cohen_kappa,PPV_score,NPV_score,FPR_score,FDR_score,PLR_score,NLR_score,DOR_score
0.9273370397247467,0.42470954117037757,12434,2289,0.10526315789473684,459,0.8947368421052632,0.844528968280921,0.8696329051930921,0.8462194801785246,0.16703056768558952,0.8696329051930921,0.34681881559286615,0.28150873965041395,0.23828368151104518,0.16703056768558952,0.9956758488148623,0.155471031719079,0.8329694323144105,5.755006783012579,0.12464126376742886,46.1725644386195
