ROC_AUC_score,prediction_threshold,TN,FP,FN,TP,sensitivity,specificity,BA,Accuracy,precision,ROC_ACU_score_discretized,MCC,f1_score,cohen_kappa,PPV_score,NPV_score,FPR_score,FDR_score,PLR_score,NLR_score,DOR_score
0.9346155694654464,0.5716637002901106,13160,1563,0.14035087719298245,441,0.8596491228070176,0.893839570739659,0.8767443467733382,0.892688369650827,0.22005988023952097,0.8767443467733382,0.4021350926326139,0.3504171632896305,0.3136163131375419,0.22005988023952097,0.9945586457073761,0.10616042926034096,0.7799401197604791,8.097641737100268,0.15702021009971737,51.57069737683941
