ROC_AUC_score,prediction_threshold,TN,FP,FN,TP,sensitivity,specificity,BA,Accuracy,precision,ROC_ACU_score_discretized,MCC,f1_score,cohen_kappa,PPV_score,NPV_score,FPR_score,FDR_score,PLR_score,NLR_score,DOR_score
0.9222827422726062,0.5716637002901106,16508,1896,0.1853582554517134,523,0.8146417445482866,0.8969789176266029,0.8558103310874448,0.8942035072981204,0.21620504340636626,0.8558103310874448,0.38569791685321225,0.34171839268213,0.3046740205106334,0.21620504340636626,0.992842966259698,0.10302108237339709,0.7837949565936337,7.907524613220812,0.20664728212583794,38.26580505619969
