ROC_AUC_score,prediction_threshold,TN,FP,FN,TP,sensitivity,specificity,BA,Accuracy,precision,ROC_ACU_score_discretized,MCC,f1_score,cohen_kappa,PPV_score,NPV_score,FPR_score,FDR_score,PLR_score,NLR_score,DOR_score
0.9244274284615746,0.5314404955049802,12875,1848,0.14814814814814814,437,0.8518518518518519,0.8744821028323032,0.8631669773420776,0.8737201365187713,0.1912472647702407,0.8631669773420776,0.3669428516963233,0.31236597569692637,0.2723496086150998,0.1912472647702407,0.9941317272797467,0.1255178971676968,0.8087527352297593,6.7866963283629955,0.16941244156778137,40.06020021645022
