ROC_AUC_score,prediction_threshold,TN,FP,FN,TP,sensitivity,specificity,BA,Accuracy,precision,ROC_ACU_score_discretized,MCC,f1_score,cohen_kappa,PPV_score,NPV_score,FPR_score,FDR_score,PLR_score,NLR_score,DOR_score
0.9246304473969833,0.5314404955049802,16184,2220,0.1588785046728972,540,0.8411214953271028,0.8793740491197566,0.8602477722234296,0.8780846371941615,0.1956521739130435,0.8602477722234296,0.36939683454924155,0.31746031746031744,0.2779699389975473,0.1956521739130435,0.9937369519832986,0.12062595088024343,0.8043478260869565,6.972972972972974,0.18067226890756305,38.5945945945946
