ROC_AUC_score,prediction_threshold,TN,FP,FN,TP,sensitivity,specificity,BA,Accuracy,precision,ROC_ACU_score_discretized,MCC,f1_score,cohen_kappa,PPV_score,NPV_score,FPR_score,FDR_score,PLR_score,NLR_score,DOR_score
0.9358026633217257,0.5304825441904812,13061,1662,0.13450292397660818,444,0.8654970760233918,0.8871153976771039,0.8763062368502479,0.8863875032817012,0.21082621082621084,0.8763062368502478,0.39333872356964494,0.33906071019473083,0.30122180062660686,0.21082621082621084,0.9947448591012947,0.11288460232289615,0.7891737891737892,7.667095938804093,0.15161829490143197,50.568408936326065
