ROC_AUC_score,prediction_threshold,TN,FP,FN,TP,sensitivity,specificity,BA,Accuracy,precision,ROC_ACU_score_discretized,MCC,f1_score,cohen_kappa,PPV_score,NPV_score,FPR_score,FDR_score,PLR_score,NLR_score,DOR_score
0.935237057364612,0.5304825441904812,16358,2046,0.16510903426791276,536,0.8348909657320872,0.8888285155401,0.8618597406360936,0.8870103958836502,0.20759101471727343,0.8618597406360936,0.38154704281023416,0.33250620347394544,0.2944106335008325,0.20759101471727343,0.9935617103984451,0.11117148445990002,0.7924089852827265,7.509938090583254,0.1857602803928761,40.428115605230644
