ROC_AUC_score,prediction_threshold,TN,FP,FN,TP,sensitivity,specificity,BA,Accuracy,precision,ROC_ACU_score_discretized,MCC,f1_score,cohen_kappa,PPV_score,NPV_score,FPR_score,FDR_score,PLR_score,NLR_score,DOR_score
0.9217088696671304,0.5381108995409015,13040,1683,0.16764132553606237,427,0.8323586744639376,0.8856890579365618,0.8590238662002497,0.8838934103439223,0.2023696682464455,0.8590238662002498,0.3749753559225987,0.32558139534883723,0.2869556282297008,0.2023696682464455,0.9934481182386103,0.11431094206343816,0.7976303317535545,7.281531054148872,0.18927785551130724,38.470063148585716
