ROC_AUC_score,prediction_threshold,TN,FP,FN,TP,sensitivity,specificity,BA,Accuracy,precision,ROC_ACU_score_discretized,MCC,f1_score,cohen_kappa,PPV_score,NPV_score,FPR_score,FDR_score,PLR_score,NLR_score,DOR_score
0.9230400610459192,0.5381108995409015,16316,2088,0.1588785046728972,540,0.8411214953271028,0.8865464029558792,0.863833949141491,0.885015226294235,0.2054794520547945,0.8638339491414909,0.38078868612222033,0.33027522935779813,0.29191097935784804,0.2054794520547945,0.9937873066146912,0.11345359704412085,0.7945205479452054,7.413793103448276,0.17921059083108606,41.36916835699797
