ROC_AUC_score,prediction_threshold,TN,FP,FN,TP,sensitivity,specificity,BA,Accuracy,precision,ROC_ACU_score_discretized,MCC,f1_score,cohen_kappa,PPV_score,NPV_score,FPR_score,FDR_score,PLR_score,NLR_score,DOR_score
0.9260981776666151,0.5293954032497317,13045,1678,0.1617933723196881,430,0.8382066276803118,0.8860286626366909,0.8621176451585013,0.8844184825413495,0.20398481973434535,0.8621176451585013,0.3783571404310892,0.32811903853491037,0.28964615686191864,0.20398481973434535,0.9936776355880561,0.11397133736330911,0.7960151802656547,7.354538843466765,0.18260512231987494,40.275643695162046
