ROC_AUC_score,prediction_threshold,TN,FP,FN,TP,sensitivity,specificity,BA,Accuracy,precision,ROC_ACU_score_discretized,MCC,f1_score,cohen_kappa,PPV_score,NPV_score,FPR_score,FDR_score,PLR_score,NLR_score,DOR_score
0.9250606498248722,0.5293954032497317,16236,2168,0.17757009345794392,528,0.822429906542056,0.8821995218430776,0.8523147141925669,0.8801848157093353,0.19584569732937684,0.8523147141925669,0.36480903118302427,0.31635710005991613,0.2769894555474074,0.19584569732937684,0.9930275229357798,0.1178004781569224,0.8041543026706232,6.981549815498155,0.20128110372012814,34.68557001359486
