ROC_AUC_score,prediction_threshold,TN,FP,FN,TP,sensitivity,specificity,BA,Accuracy,precision,ROC_ACU_score_discretized,MCC,f1_score,cohen_kappa,PPV_score,NPV_score,FPR_score,FDR_score,PLR_score,NLR_score,DOR_score
0.9289843542194858,0.5417705468005688,13041,1682,0.15789473684210525,432,0.8421052631578947,0.8857569788765877,0.8639311210172411,0.8842872144919927,0.2043519394512772,0.8639311210172411,0.37979874145449644,0.32889227255424436,0.2904410840149865,0.2043519394512772,0.9938271604938271,0.11424302112341235,0.7956480605487228,7.37117466675011,0.17825965880885794,41.35077288941735
