ROC_AUC_score,prediction_threshold,TN,FP,FN,TP,sensitivity,specificity,BA,Accuracy,precision,ROC_ACU_score_discretized,MCC,f1_score,cohen_kappa,PPV_score,NPV_score,FPR_score,FDR_score,PLR_score,NLR_score,DOR_score
0.9289683571430024,0.5417705468005688,16238,2166,0.17133956386292834,532,0.8286604361370716,0.8823081938708977,0.8554843150039846,0.8804998424866114,0.19718309859154928,0.8554843150039846,0.3679770877351819,0.318562874251497,0.27931633175841053,0.19718309859154928,0.993271348177147,0.11769180612910236,0.8028169014084507,7.040935672514621,0.19419468735887016,36.257097288676235
