{"performances": [0.9247239696639157, 0.9298562685478776, 0.9254997389840078, 0.9246355255291243, 0.9265460881116865, 0.9239470154463238, 0.9241687605498197, 0.9260433530297154, 0.9253470564776316, 0.9251788856682246], "mean": 0.9255946662008327, "std": 0.0016104967094647212}