ROC_AUC_score,prediction_threshold,TN,FP,FN,TP,sensitivity,specificity,BA,Accuracy,precision,ROC_ACU_score_discretized,MCC,f1_score,cohen_kappa,PPV_score,NPV_score,FPR_score,FDR_score,PLR_score,NLR_score,DOR_score
0.9232985903823153,0.5027082862485093,12944,1779,0.15984405458089668,431,0.8401559454191033,0.8791686476940841,0.8596622965565937,0.8778550800735101,0.19502262443438914,0.8596622965565937,0.36845128336041577,0.31656261476312886,0.27705062354653864,0.19502262443438914,0.9937048978965146,0.12083135230591592,0.8049773755656109,6.953128715236345,0.18181273297238426,38.24335403556397
