ROC_AUC_score,prediction_threshold,TN,FP,FN,TP,sensitivity,specificity,BA,Accuracy,precision,ROC_ACU_score_discretized,MCC,f1_score,cohen_kappa,PPV_score,NPV_score,FPR_score,FDR_score,PLR_score,NLR_score,DOR_score
0.934750995483171,0.5027082862485093,16124,2280,0.1542056074766355,543,0.8457943925233645,0.8761138882851554,0.86095414040426,0.8750918828100388,0.19234856535600425,0.86095414040426,0.36667780817285606,0.3134199134199134,0.27351799812658906,0.19234856535600425,0.9938975528570548,0.1238861117148446,0.8076514346439958,6.827192982456138,0.1760109154056065,38.78846358320042
