{"performances": [0.9272538950966235, 0.9293865413248238, 0.9273145787757097, 0.9282447233128922, 0.9272565187982296, 0.927834240964818, 0.9275218512026032, 0.9271747608707577, 0.9263708925528179, 0.927739025987172], "mean": 0.9276097028886449, "std": 0.0007548196826657003}