ROC_AUC_score,prediction_threshold,TN,FP,FN,TP,sensitivity,specificity,BA,Accuracy,precision,ROC_ACU_score_discretized,MCC,f1_score,cohen_kappa,PPV_score,NPV_score,FPR_score,FDR_score,PLR_score,NLR_score,DOR_score
0.9307244807589775,0.4662542952676986,12811,1912,0.1364522417153996,443,0.8635477582846004,0.8701351626706514,0.8668414604776259,0.8699133630874245,0.18811040339702761,0.8668414604776259,0.3660960155540703,0.3089260808926081,0.26847626166836935,0.18811040339702761,0.9945656393137179,0.12986483732934864,0.8118895966029724,6.649588726581681,0.15681729410474032,42.40341452480575
