ROC_AUC_score,prediction_threshold,TN,FP,FN,TP,sensitivity,specificity,BA,Accuracy,precision,ROC_ACU_score_discretized,MCC,f1_score,cohen_kappa,PPV_score,NPV_score,FPR_score,FDR_score,PLR_score,NLR_score,DOR_score
0.9282118847250463,0.4662542952676986,15888,2516,0.1261682242990654,561,0.8738317757009346,0.8632905890023908,0.8685611823516627,0.8636459099023417,0.18232044198895028,0.8685611823516627,0.3614603009902225,0.3016940037644528,0.2604430308867337,0.18232044198895028,0.9949276723652076,0.13670941099760922,0.8176795580110497,6.39189189189189,0.1461480362537764,43.73573573573574
