ROC_AUC_score,prediction_threshold,TN,FP,FN,TP,sensitivity,specificity,BA,Accuracy,precision,ROC_ACU_score_discretized,MCC,f1_score,cohen_kappa,PPV_score,NPV_score,FPR_score,FDR_score,PLR_score,NLR_score,DOR_score
0.9178875554935926,0.4616026945064196,12605,2118,0.15789473684210525,432,0.8421052631578947,0.8561434490253345,0.8491243560916146,0.8556707797322132,0.16941176470588235,0.8491243560916146,0.33739181164008475,0.2820763956904995,0.23943765179936394,0.16941176470588235,0.9936150086709759,0.1438565509746655,0.8305882352941176,5.853784603150935,0.18442556212029484,31.740635819955912
