ROC_AUC_score,prediction_threshold,TN,FP,FN,TP,sensitivity,specificity,BA,Accuracy,precision,ROC_ACU_score_discretized,MCC,f1_score,cohen_kappa,PPV_score,NPV_score,FPR_score,FDR_score,PLR_score,NLR_score,DOR_score
0.9223392788104442,0.4616026945064196,15755,2649,0.14174454828660435,551,0.8582554517133957,0.8560638991523581,0.857159675432877,0.8561377717105954,0.1721875,0.857159675432877,0.3448110910154664,0.2868297761582509,0.2444025804212706,0.1721875,0.9942572257983088,0.14393610084764183,0.8278125,5.962753240216433,0.16557706548185758,36.011951430977476
