ROC_AUC_score,prediction_threshold,TN,FP,FN,TP,sensitivity,specificity,BA,Accuracy,precision,ROC_ACU_score_discretized,MCC,f1_score,cohen_kappa,PPV_score,NPV_score,FPR_score,FDR_score,PLR_score,NLR_score,DOR_score
0.9264277200052587,0.5430290070515584,13162,1561,0.17348927875243664,424,0.8265107212475633,0.8939754126197107,0.860243066933637,0.8917038592806511,0.2136020151133501,0.860243066933637,0.3860805142781312,0.3394715772618094,0.3021276066530757,0.2136020151133501,0.9932835257716399,0.10602458738028935,0.7863979848866499,7.795462747551492,0.19406493322231616,40.16935269094286
