ROC_AUC_score,prediction_threshold,TN,FP,FN,TP,sensitivity,specificity,BA,Accuracy,precision,ROC_ACU_score_discretized,MCC,f1_score,cohen_kappa,PPV_score,NPV_score,FPR_score,FDR_score,PLR_score,NLR_score,DOR_score
0.9273479251767699,0.5430290070515584,16366,2038,0.1806853582554517,526,0.8193146417445483,0.8892632036513801,0.8542889226979642,0.8869053869578915,0.20514820592823713,0.8542889226979642,0.3746685421178745,0.3281347473487211,0.28984626782737555,0.20514820592823713,0.9929620191724305,0.11073679634861987,0.7948517940717629,7.398756951259403,0.20318546580308772,36.413810023349455
