{"performances": [0.9328297688231125, 0.9328428026956079, 0.9331253161137258, 0.9334531941789711, 0.9326078544485453, 0.9327369236404656, 0.9336225498858776, 0.9324470469307432, 0.9329892221723438, 0.9326501722163881], "mean": 0.932930485110578, "std": 0.00035570548790058235}