ROC_AUC_score,prediction_threshold,TN,FP,FN,TP,sensitivity,specificity,BA,Accuracy,precision,ROC_ACU_score_discretized,MCC,f1_score,cohen_kappa,PPV_score,NPV_score,FPR_score,FDR_score,PLR_score,NLR_score,DOR_score
0.924835519299949,0.5744085591481176,16663,1741,0.20404984423676012,511,0.7959501557632399,0.905400999782656,0.850675577772948,0.9017116454898666,0.22690941385435168,0.850675577772948,0.3920106588041731,0.3531444367657222,0.31733141026166345,0.22690941385435168,0.9921995950934858,0.09459900021734406,0.7730905861456483,8.413938349607509,0.2253695813078877,37.33395740800016
