ROC_AUC_score,prediction_threshold,TN,FP,FN,TP,sensitivity,specificity,BA,Accuracy,precision,ROC_ACU_score_discretized,MCC,f1_score,cohen_kappa,PPV_score,NPV_score,FPR_score,FDR_score,PLR_score,NLR_score,DOR_score
0.9220671426958046,0.451570031457229,12690,2033,0.14230019493177387,440,0.8576998050682261,0.8619167289275284,0.8598082669978773,0.8617747440273038,0.1779215527699151,0.8598082669978772,0.352021775438619,0.2947086403215003,0.2530502894984469,0.1779215527699151,0.9942803416124736,0.13808327107247165,0.8220784472300849,6.21146789474643,0.16509738140114322,37.62305520554682
