ROC_AUC_score,prediction_threshold,TN,FP,FN,TP,sensitivity,specificity,BA,Accuracy,precision,ROC_ACU_score_discretized,MCC,f1_score,cohen_kappa,PPV_score,NPV_score,FPR_score,FDR_score,PLR_score,NLR_score,DOR_score
0.9286727252168532,0.451570031457229,15862,2542,0.1261682242990654,561,0.8738317757009346,0.8618778526407302,0.8678548141708324,0.8622807938674787,0.1807927811795037,0.8678548141708324,0.359545746433363,0.2995994659546062,0.2581612840695676,0.1807927811795037,0.994919400363796,0.13812214735926973,0.8192072188204963,6.326514555468134,0.1463875929895347,43.21755981000671
