ROC_AUC_score,prediction_threshold,TN,FP,FN,TP,sensitivity,specificity,BA,Accuracy,precision,ROC_ACU_score_discretized,MCC,f1_score,cohen_kappa,PPV_score,NPV_score,FPR_score,FDR_score,PLR_score,NLR_score,DOR_score
0.923271051287724,0.57251166485621,13192,1531,0.14814814814814814,437,0.8518518518518519,0.8960130408204849,0.8739324463361684,0.894526122341822,0.22205284552845528,0.8739324463361684,0.40222096772732735,0.35227730753728337,0.31572583570635737,0.22205284552845528,0.9942719324690986,0.10398695917951505,0.7779471544715447,8.1919103950456,0.16534150888304922,49.545395166557796
