ROC_AUC_score,prediction_threshold,TN,FP,FN,TP,sensitivity,specificity,BA,Accuracy,precision,ROC_ACU_score_discretized,MCC,f1_score,cohen_kappa,PPV_score,NPV_score,FPR_score,FDR_score,PLR_score,NLR_score,DOR_score
0.9261532099550348,0.57251166485621,16550,1854,0.17289719626168223,531,0.8271028037383178,0.8992610302108237,0.8631819169745707,0.8968287304420876,0.22264150943396227,0.8631819169745707,0.39608018369630044,0.35084241823587714,0.314426503275276,0.22264150943396227,0.9933377348298421,0.10073896978917626,0.7773584905660378,8.210355987055015,0.1922658610271903,42.703140033237126
