ROC_AUC_score,prediction_threshold,TN,FP,FN,TP,sensitivity,specificity,BA,Accuracy,precision,ROC_ACU_score_discretized,MCC,f1_score,cohen_kappa,PPV_score,NPV_score,FPR_score,FDR_score,PLR_score,NLR_score,DOR_score
0.9269412976394892,0.5173109425294621,13048,1675,0.15204678362573099,435,0.847953216374269,0.8862324254567683,0.8670928209155186,0.8849435547387766,0.20616113744075829,0.8670928209155186,0.3834028156296748,0.3316812809759817,0.2934048707103818,0.20616113744075829,0.9940575956117629,0.11376757454323168,0.7938388625592417,7.4533822117482735,0.17156535831710892,43.443398392652114
