ROC_AUC_score,prediction_threshold,TN,FP,FN,TP,sensitivity,specificity,BA,Accuracy,precision,ROC_ACU_score_discretized,MCC,f1_score,cohen_kappa,PPV_score,NPV_score,FPR_score,FDR_score,PLR_score,NLR_score,DOR_score
0.9346832870546223,0.5173109425294621,16196,2208,0.1542056074766355,543,0.8457943925233645,0.8800260812866768,0.8629102369050207,0.8788722041373517,0.19738276990185388,0.8629102369050207,0.3726321851656236,0.32007073386383733,0.2807570646405414,0.19738276990185388,0.9939245167229211,0.11997391871332319,0.8026172300981461,7.049818840579711,0.1752284514694986,40.23215854194117
