ROC_AUC_score,prediction_threshold,TN,FP,FN,TP,sensitivity,specificity,BA,Accuracy,precision,ROC_ACU_score_discretized,MCC,f1_score,cohen_kappa,PPV_score,NPV_score,FPR_score,FDR_score,PLR_score,NLR_score,DOR_score
0.9442255218823924,0.4744767673401605,12719,2004,0.10526315789473684,459,0.8947368421052632,0.8638864361882769,0.87931163914677,0.8649251772118667,0.18635809987819732,0.87931163914677,0.3717100826023602,0.3084677419354839,0.2676522302846053,0.18635809987819732,0.995772332263368,0.13611356381172315,0.8136419001218027,6.5734583464649665,0.121848374375675,53.94785429141719
