ROC_AUC_score,prediction_threshold,TN,FP,FN,TP,sensitivity,specificity,BA,Accuracy,precision,ROC_ACU_score_discretized,MCC,f1_score,cohen_kappa,PPV_score,NPV_score,FPR_score,FDR_score,PLR_score,NLR_score,DOR_score
0.9283362143269681,0.4744767673401605,15905,2499,0.1292834890965732,559,0.8707165109034268,0.8642143012388611,0.867465406071144,0.8644334768455318,0.1827992151733159,0.867465406071144,0.3612886112127035,0.3021621621621622,0.2609856183591037,0.1827992151733159,0.9948086064548411,0.13578569876113888,0.8172007848266841,6.412431639322396,0.14959656292570467,42.86483268005998
