ROC_AUC_score,prediction_threshold,TN,FP,FN,TP,sensitivity,specificity,BA,Accuracy,precision,ROC_ACU_score_discretized,MCC,f1_score,cohen_kappa,PPV_score,NPV_score,FPR_score,FDR_score,PLR_score,NLR_score,DOR_score
0.9331794321624055,0.5439633396118608,13132,1591,0.14619883040935672,438,0.8538011695906432,0.8919377844189363,0.8728694770047898,0.8906537148857968,0.21586988664366683,0.8728694770047897,0.3959137230562246,0.3446105428796223,0.30738194263406093,0.21586988664366683,0.9943211933065799,0.10806221558106364,0.7841301133563332,7.9010148459352845,0.1639114666552665,48.20294154619733
