ROC_AUC_score,prediction_threshold,TN,FP,FN,TP,sensitivity,specificity,BA,Accuracy,precision,ROC_ACU_score_discretized,MCC,f1_score,cohen_kappa,PPV_score,NPV_score,FPR_score,FDR_score,PLR_score,NLR_score,DOR_score
0.9239068982024089,0.5439633396118608,16363,2041,0.17133956386292834,532,0.8286604361370716,0.88910019560965,0.8588803158733609,0.8870629003465295,0.20676253400699574,0.8588803158733608,0.3789631818557076,0.33094867807153966,0.2927923102213914,0.20676253400699574,0.9933224063619256,0.11089980439034992,0.7932374659930043,7.472154172791113,0.1927111980280715,38.773845263017215
