ROC_AUC_score,prediction_threshold,TN,FP,FN,TP,sensitivity,specificity,BA,Accuracy,precision,ROC_ACU_score_discretized,MCC,f1_score,cohen_kappa,PPV_score,NPV_score,FPR_score,FDR_score,PLR_score,NLR_score,DOR_score
0.9227392025234284,0.5006750270919249,12805,1918,0.16374269005847952,429,0.8362573099415205,0.8697276370304965,0.8529924734860085,0.8686006825938567,0.1827865360034086,0.8529924734860085,0.35276551458735395,0.3,0.259054146801008,0.1827865360034086,0.9934828148033207,0.1302723629695035,0.8172134639965913,6.419299465208032,0.18826892821015181,34.09643601966334
