ROC_AUC_score,prediction_threshold,TN,FP,FN,TP,sensitivity,specificity,BA,Accuracy,precision,ROC_ACU_score_discretized,MCC,f1_score,cohen_kappa,PPV_score,NPV_score,FPR_score,FDR_score,PLR_score,NLR_score,DOR_score
0.9262314978255438,0.5006750270919249,16043,2361,0.13862928348909656,553,0.8613707165109035,0.8717126711584439,0.8665416938346737,0.8713640659456053,0.1897735072065889,0.8665416938346736,0.36752604750027307,0.3110236220472441,0.27073578595317715,0.1897735072065889,0.994483015125217,0.1282873288415562,0.8102264927934111,6.714386559367503,0.159030937688296,42.220631136111656
