ROC_AUC_score,prediction_threshold,TN,FP,FN,TP,sensitivity,specificity,BA,Accuracy,precision,ROC_ACU_score_discretized,MCC,f1_score,cohen_kappa,PPV_score,NPV_score,FPR_score,FDR_score,PLR_score,NLR_score,DOR_score
0.932560994129539,0.48133137416830096,12829,1894,0.12085769980506822,451,0.8791423001949318,0.871357739591116,0.8752500198930239,0.8716198477290628,0.19232409381663113,0.8752500198930239,0.37513953044145304,0.3156053184044786,0.2755787653799294,0.19232409381663113,0.9951904429446901,0.12864226040888405,0.8076759061833688,6.834008493014774,0.13870043762023693,49.271715434138365
