ROC_AUC_score,prediction_threshold,TN,FP,FN,TP,sensitivity,specificity,BA,Accuracy,precision,ROC_ACU_score_discretized,MCC,f1_score,cohen_kappa,PPV_score,NPV_score,FPR_score,FDR_score,PLR_score,NLR_score,DOR_score
0.9281126072416872,0.48133137416830096,15948,2456,0.13862928348909656,553,0.8613707165109035,0.866550749836992,0.8639607331739477,0.8663761419720676,0.18378198737121967,0.8639607331739478,0.3601931876570365,0.30293070391673516,0.26192221842058105,0.18378198737121967,0.9944503336035418,0.13344925016300804,0.8162180126287804,6.4546688382193285,0.15997826268706625,40.347161731874266
