ROC_AUC_score,prediction_threshold,TN,FP,FN,TP,sensitivity,specificity,BA,Accuracy,precision,ROC_ACU_score_discretized,MCC,f1_score,cohen_kappa,PPV_score,NPV_score,FPR_score,FDR_score,PLR_score,NLR_score,DOR_score
0.923609912107689,0.4716765636461751,15899,2505,0.14485981308411214,549,0.8551401869158879,0.863888285155401,0.8595142360356445,0.8635934054394624,0.17976424361493124,0.8595142360356445,0.35365826118404575,0.2970779220779221,0.25561135792930256,0.17976424361493124,0.9941845922961481,0.136111714844599,0.8202357563850687,6.28263473053892,0.1676835021070507,37.46722039791385
