ROC_AUC_score,prediction_threshold,TN,FP,FN,TP,sensitivity,specificity,BA,Accuracy,precision,ROC_ACU_score_discretized,MCC,f1_score,cohen_kappa,PPV_score,NPV_score,FPR_score,FDR_score,PLR_score,NLR_score,DOR_score
0.9168504702631398,0.48329909970896456,12641,2082,0.15009746588693956,436,0.8499025341130604,0.8585886028662637,0.854245568489662,0.8582961407193489,0.17315329626687848,0.854245568489662,0.3440756881275688,0.28769383041900365,0.24548389369800316,0.17315329626687848,0.9939455889290769,0.14141139713373632,0.8268467037331215,6.010141695363396,0.17481884267490008,34.37925571066781
