ROC_AUC_score,prediction_threshold,TN,FP,FN,TP,sensitivity,specificity,BA,Accuracy,precision,ROC_ACU_score_discretized,MCC,f1_score,cohen_kappa,PPV_score,NPV_score,FPR_score,FDR_score,PLR_score,NLR_score,DOR_score
0.9247562158030118,0.48329909970896456,15845,2559,0.1308411214953271,558,0.8691588785046729,0.86095414040426,0.8650565094544664,0.8612307046098918,0.17901828681424448,0.8650565094544664,0.3561648541187278,0.29688747007182764,0.25525488445428046,0.17901828681424448,0.9947265992843242,0.13904585959574006,0.8209817131857555,6.2508792497069186,0.15197223098769327,41.131719979902876
