ROC_AUC_score,prediction_threshold,TN,FP,FN,TP,sensitivity,specificity,BA,Accuracy,precision,ROC_ACU_score_discretized,MCC,f1_score,cohen_kappa,PPV_score,NPV_score,FPR_score,FDR_score,PLR_score,NLR_score,DOR_score
0.9247332712909307,0.5270716399301255,13031,1692,0.17153996101364521,425,0.8284600389863548,0.8850777694763295,0.8567689042313422,0.88317143607246,0.20075578649031647,0.8567689042313421,0.37210288200284797,0.32319391634980993,0.2844048907509553,0.20075578649031647,0.9932921716594253,0.11492223052367045,0.7992442135096836,7.208875386522518,0.1938134330445782,37.194921287341494
