ROC_AUC_score,prediction_threshold,TN,FP,FN,TP,sensitivity,specificity,BA,Accuracy,precision,ROC_ACU_score_discretized,MCC,f1_score,cohen_kappa,PPV_score,NPV_score,FPR_score,FDR_score,PLR_score,NLR_score,DOR_score
0.9293179865409187,0.5270716399301255,16310,2094,0.13707165109034267,554,0.8629283489096573,0.886220386872419,0.8745743678910382,0.8854352619972697,0.20921450151057402,0.8745743678910382,0.3907844246476499,0.33677811550151976,0.2987267172705672,0.20921450151057402,0.9946334918892548,0.11377961312758096,0.790785498489426,7.584208850684492,0.1546699366441856,49.03479638794822
