ROC_AUC_score,prediction_threshold,TN,FP,FN,TP,sensitivity,specificity,BA,Accuracy,precision,ROC_ACU_score_discretized,MCC,f1_score,cohen_kappa,PPV_score,NPV_score,FPR_score,FDR_score,PLR_score,NLR_score,DOR_score
0.9382798578400161,0.5148876160798327,12870,1853,0.12085769980506822,451,0.8791423001949318,0.8741424981321742,0.876642399163553,0.8743108427408769,0.1957465277777778,0.876642399163553,0.3792642928676933,0.3201987930422435,0.28057485483989164,0.1957465277777778,0.9952056913083823,0.12585750186782585,0.8042534722222222,6.985219690107923,0.1382585791942517,50.5228661455704
