ROC_AUC_score,prediction_threshold,TN,FP,FN,TP,sensitivity,specificity,BA,Accuracy,precision,ROC_ACU_score_discretized,MCC,f1_score,cohen_kappa,PPV_score,NPV_score,FPR_score,FDR_score,PLR_score,NLR_score,DOR_score
0.9211716469601285,0.5148876160798327,16046,2358,0.16666666666666666,535,0.8333333333333334,0.8718756792001738,0.8526045062667535,0.8705764990024152,0.18492913930176288,0.8526045062667537,0.35460158043783757,0.30268741159830276,0.26196859956199525,0.18492913930176288,0.9933758434965642,0.12812432079982614,0.8150708606982371,6.504099519366693,0.19115875192155882,34.02459711620016
