ROC_AUC_score,prediction_threshold,TN,FP,FN,TP,sensitivity,specificity,BA,Accuracy,precision,ROC_ACU_score_discretized,MCC,f1_score,cohen_kappa,PPV_score,NPV_score,FPR_score,FDR_score,PLR_score,NLR_score,DOR_score
0.9281293182922211,0.5300189443510464,12979,1744,0.14814814814814814,437,0.8518518518518519,0.8815458805949874,0.8666988662234196,0.8805460750853242,0.2003668042182485,0.8666988662234196,0.37772882751449655,0.32442464736451376,0.28547041159832753,0.2003668042182485,0.9941784756798162,0.11845411940501256,0.7996331957817515,7.191407577302071,0.16805494916289276,42.792001146788984
