ROC_AUC_score,prediction_threshold,TN,FP,FN,TP,sensitivity,specificity,BA,Accuracy,precision,ROC_ACU_score_discretized,MCC,f1_score,cohen_kappa,PPV_score,NPV_score,FPR_score,FDR_score,PLR_score,NLR_score,DOR_score
0.9349500582631027,0.5300189443510464,16205,2199,0.13707165109034267,554,0.8629283489096573,0.880515105411867,0.8717217271607621,0.8799222933949385,0.20123501634580457,0.8717217271607621,0.3815644753143829,0.3263622974963181,0.2874067435241233,0.20123501634580457,0.9945989075062911,0.11948489458813301,0.7987649836541955,7.222070638168862,0.15567211765915873,46.39283351936828
