ROC_AUC_score,prediction_threshold,TN,FP,FN,TP,sensitivity,specificity,BA,Accuracy,precision,ROC_ACU_score_discretized,MCC,f1_score,cohen_kappa,PPV_score,NPV_score,FPR_score,FDR_score,PLR_score,NLR_score,DOR_score
0.9369398425690586,0.4842372175618735,12826,1897,0.11695906432748537,453,0.8830409356725146,0.8711539767710386,0.8770974562217766,0.8715542137043844,0.19276595744680852,0.8770974562217766,0.376658213694768,0.3164512748864827,0.2764580303292672,0.19276595744680852,0.9953437839515753,0.1288460232289615,0.8072340425531915,6.85345898571768,0.13425762545560324,51.04707432788616
