ROC_AUC_score,prediction_threshold,TN,FP,FN,TP,sensitivity,specificity,BA,Accuracy,precision,ROC_ACU_score_discretized,MCC,f1_score,cohen_kappa,PPV_score,NPV_score,FPR_score,FDR_score,PLR_score,NLR_score,DOR_score
0.9286306613556176,0.4842372175618735,16069,2335,0.14330218068535824,550,0.8566978193146417,0.8731254075201044,0.8649116134173731,0.8725716685918303,0.19064124783362218,0.864911613417373,0.3673958812315604,0.3118797845194216,0.2717191572289299,0.19064124783362218,0.994307282965163,0.1268745924798957,0.8093587521663779,6.752319771591722,0.16412554193374407,41.14118797132484
