ROC_AUC_score,prediction_threshold,TN,FP,FN,TP,sensitivity,specificity,BA,Accuracy,precision,ROC_ACU_score_discretized,MCC,f1_score,cohen_kappa,PPV_score,NPV_score,FPR_score,FDR_score,PLR_score,NLR_score,DOR_score
0.9309708762158742,0.4937995599390905,12794,1929,0.14230019493177387,440,0.8576998050682261,0.8689805066902125,0.8633401558792193,0.8686006825938567,0.18573237653018151,0.8633401558792193,0.36172543834260346,0.3053435114503817,0.26463845154762733,0.18573237653018151,0.9943265718504702,0.1310194933097874,0.8142676234698185,6.546352633498957,0.163755336093521,39.97642330116389
