ROC_AUC_score,prediction_threshold,TN,FP,FN,TP,sensitivity,specificity,BA,Accuracy,precision,ROC_ACU_score_discretized,MCC,f1_score,cohen_kappa,PPV_score,NPV_score,FPR_score,FDR_score,PLR_score,NLR_score,DOR_score
0.9323422681375646,0.4937995599390905,15976,2428,0.1277258566978193,560,0.8722741433021807,0.8680721582264725,0.8701731507643267,0.8682137981728447,0.18741633199464525,0.8701731507643267,0.36738592516595525,0.3085399449035813,0.26791461024703256,0.18741633199464525,0.9948935110225433,0.13192784177352748,0.8125836680053548,6.611751784733665,0.1471373727257553,44.935910314622106
