ROC_AUC_score,prediction_threshold,TN,FP,FN,TP,sensitivity,specificity,BA,Accuracy,precision,ROC_ACU_score_discretized,MCC,f1_score,cohen_kappa,PPV_score,NPV_score,FPR_score,FDR_score,PLR_score,NLR_score,DOR_score
0.9227898784024333,0.5080915104327228,16109,2295,0.1542056074766355,543,0.8457943925233645,0.8752988480765052,0.8605466202999348,0.8743043158668486,0.19133192389006343,0.8605466202999349,0.36546361129110216,0.31206896551724145,0.27204706654093713,0.19133192389006343,0.9938919052319842,0.12470115192349489,0.8086680761099366,6.782570806100221,0.1761748091129182,38.49909553046811
