{"performances": [0.9313188552400569, 0.9296941068615046, 0.9351136587535828, 0.9307201434606184, 0.9282128157159388, 0.9346180330566091, 0.9307995315930913, 0.9327183038226149, 0.9291292492963403, 0.9310571621637177], "mean": 0.9313381859964075, "std": 0.002121747549648683}