ROC_AUC_score,prediction_threshold,TN,FP,FN,TP,sensitivity,specificity,BA,Accuracy,precision,ROC_ACU_score_discretized,MCC,f1_score,cohen_kappa,PPV_score,NPV_score,FPR_score,FDR_score,PLR_score,NLR_score,DOR_score
0.9329713001590514,0.4821455096132437,12811,1912,0.1286549707602339,447,0.8713450292397661,0.8701351626706514,0.8707400959552087,0.8701758991861381,0.18948707079270877,0.8707400959552087,0.36973032622504015,0.3112813370473538,0.27095642891248894,0.18948707079270877,0.9948745825891123,0.12986483732934864,0.8105129292072912,6.709630159778807,0.14785630587018372,45.379398060098914
