ROC_AUC_score,prediction_threshold,TN,FP,FN,TP,sensitivity,specificity,BA,Accuracy,precision,ROC_ACU_score_discretized,MCC,f1_score,cohen_kappa,PPV_score,NPV_score,FPR_score,FDR_score,PLR_score,NLR_score,DOR_score
0.9299311709969591,0.4821455096132437,16031,2373,0.13395638629283488,556,0.8660436137071651,0.8710606389915235,0.8685521263493443,0.8708915257796913,0.1898258791396381,0.8685521263493443,0.3687658996746904,0.3113973676841221,0.2710919415810421,0.1898258791396381,0.9946640193584414,0.12893936100847642,0.8101741208603619,6.716673690125015,0.1537853741708773,43.67563382628208
