ROC_AUC_score,prediction_threshold,TN,FP,FN,TP,sensitivity,specificity,BA,Accuracy,precision,ROC_ACU_score_discretized,MCC,f1_score,cohen_kappa,PPV_score,NPV_score,FPR_score,FDR_score,PLR_score,NLR_score,DOR_score
0.9290293700471833,0.6174695948479032,13445,1278,0.18128654970760233,420,0.8187134502923976,0.9131970386470148,0.8659552444697063,0.9100157521659228,0.24734982332155478,0.8659552444697063,0.4195354963428329,0.37991858887381275,0.3461015441459866,0.24734982332155478,0.9931304476288965,0.08680296135298513,0.7526501766784452,9.431860820543791,0.1985185475154355,47.5112322681609
