ROC_AUC_score,prediction_threshold,TN,FP,FN,TP,sensitivity,specificity,BA,Accuracy,precision,ROC_ACU_score_discretized,MCC,f1_score,cohen_kappa,PPV_score,NPV_score,FPR_score,FDR_score,PLR_score,NLR_score,DOR_score
0.9273686608830125,0.6174695948479032,16751,1653,0.2071651090342679,509,0.7928348909657321,0.9101825690067377,0.851508729986235,0.9062270292974903,0.23543015726179464,0.851508729986235,0.3999670556376805,0.36305278174037087,0.3281286984749604,0.23543015726179464,0.99212271973466,0.08981743099326234,0.7645698427382054,8.827182899778181,0.22760830199192084,38.78234151622251
