ROC_AUC_score,prediction_threshold,TN,FP,FN,TP,sensitivity,specificity,BA,Accuracy,precision,ROC_ACU_score_discretized,MCC,f1_score,cohen_kappa,PPV_score,NPV_score,FPR_score,FDR_score,PLR_score,NLR_score,DOR_score
0.934534540975591,0.42574711604660725,12359,2364,0.10526315789473684,459,0.8947368421052632,0.8394348977789853,0.8670858699421242,0.841296928327645,0.16259298618490967,0.8670858699421242,0.3408479491507245,0.2751798561151079,0.23137997539708088,0.16259298618490967,0.9956497220655764,0.16056510222101475,0.8374070138150903,5.572424080505834,0.12539764331128816,44.43802876480542
