ROC_AUC_score,prediction_threshold,TN,FP,FN,TP,sensitivity,specificity,BA,Accuracy,precision,ROC_ACU_score_discretized,MCC,f1_score,cohen_kappa,PPV_score,NPV_score,FPR_score,FDR_score,PLR_score,NLR_score,DOR_score
0.9267862837619616,0.42574711604660725,15476,2928,0.10747663551401869,573,0.8925233644859814,0.8409041512714627,0.8667137578787221,0.8426441247506038,0.1636675235646958,0.8667137578787221,0.3417349575776912,0.27661115133960895,0.23291086819605367,0.1636675235646958,0.9955612737214539,0.15909584872853727,0.8363324764353042,5.609972677595627,0.12781080382527782,43.89278926110715
