ROC_AUC_score,prediction_threshold,TN,FP,FN,TP,sensitivity,specificity,BA,Accuracy,precision,ROC_ACU_score_discretized,MCC,f1_score,cohen_kappa,PPV_score,NPV_score,FPR_score,FDR_score,PLR_score,NLR_score,DOR_score
0.9373770256956965,0.5344165053220575,12989,1734,0.13450292397660818,444,0.8654970760233918,0.8822250899952455,0.8738610830093186,0.8816618535048569,0.20385674931129477,0.8738610830093186,0.38532733971465066,0.32998885172798215,0.29136616710840024,0.20385674931129477,0.9947158829836116,0.11777491000475447,0.7961432506887053,7.348739014009455,0.15245873814054994,48.201494408505056
