ROC_AUC_score,prediction_threshold,TN,FP,FN,TP,sensitivity,specificity,BA,Accuracy,precision,ROC_ACU_score_discretized,MCC,f1_score,cohen_kappa,PPV_score,NPV_score,FPR_score,FDR_score,PLR_score,NLR_score,DOR_score
0.9260488543395348,0.5344165053220575,16257,2147,0.16510903426791276,536,0.8348909657320872,0.883340578135188,0.8591157719336375,0.8817074451328363,0.19977636973537086,0.8591157719336376,0.3726029591800854,0.322406015037594,0.2834251162325294,0.19977636973537086,0.9935219702988449,0.116659421864812,0.8002236302646292,7.156652693681103,0.1869143548420168,38.28840593720064
