ROC_AUC_score,prediction_threshold,TN,FP,FN,TP,sensitivity,specificity,BA,Accuracy,precision,ROC_ACU_score_discretized,MCC,f1_score,cohen_kappa,PPV_score,NPV_score,FPR_score,FDR_score,PLR_score,NLR_score,DOR_score
0.9202915330921279,0.49284935460518675,12927,1796,0.15984405458089668,431,0.8401559454191033,0.8780139917136454,0.8590849685663744,0.8767393016539774,0.1935339021104625,0.8590849685663743,0.366692472385725,0.3145985401459854,0.27491262549054474,0.1935339021104625,0.9936966715350911,0.12198600828635468,0.8064660978895375,6.887314022497473,0.18205183071049288,37.831610896843955
