ROC_AUC_score,prediction_threshold,TN,FP,FN,TP,sensitivity,specificity,BA,Accuracy,precision,ROC_ACU_score_discretized,MCC,f1_score,cohen_kappa,PPV_score,NPV_score,FPR_score,FDR_score,PLR_score,NLR_score,DOR_score
0.9361721903073242,0.5409459544839396,13041,1682,0.15204678362573099,435,0.847953216374269,0.8857569788765877,0.8668550976254283,0.8844841165660279,0.2054794520547945,0.8668550976254283,0.3826225814101256,0.3307984790874524,0.2924452852368996,0.2054794520547945,0.9940544248799451,0.11424302112341235,0.7945205479452054,7.422363379713653,0.17165744922334464,43.23938992042441
