ROC_AUC_score,prediction_threshold,TN,FP,FN,TP,sensitivity,specificity,BA,Accuracy,precision,ROC_ACU_score_discretized,MCC,f1_score,cohen_kappa,PPV_score,NPV_score,FPR_score,FDR_score,PLR_score,NLR_score,DOR_score
0.9269043503342426,0.5409459544839396,16334,2070,0.1542056074766355,543,0.8457943925233645,0.8875244512062596,0.866659421864812,0.8861178200147013,0.20780711825487944,0.8666594218648122,0.3846700189221624,0.3336405529953917,0.295514511873351,0.20780711825487944,0.9939755370291486,0.11247554879374048,0.7921928817451206,7.519806763285028,0.17374801028529444,43.279959010393824
