ROC_AUC_score,prediction_threshold,TN,FP,FN,TP,sensitivity,specificity,BA,Accuracy,precision,ROC_ACU_score_discretized,MCC,f1_score,cohen_kappa,PPV_score,NPV_score,FPR_score,FDR_score,PLR_score,NLR_score,DOR_score
0.9289382791958426,0.5752466528222951,13260,1463,0.1695906432748538,426,0.8304093567251462,0.90063166474224,0.8655205107336931,0.8982672617484904,0.2255161461090524,0.8655205107336931,0.40012047614588847,0.3547044129891757,0.3186195535339149,0.2255161461090524,0.9934816812766913,0.09936833525775997,0.7744838538909475,8.356881038321477,0.18830188845668727,44.380229570792146
