ROC_AUC_score,prediction_threshold,TN,FP,FN,TP,sensitivity,specificity,BA,Accuracy,precision,ROC_ACU_score_discretized,MCC,f1_score,cohen_kappa,PPV_score,NPV_score,FPR_score,FDR_score,PLR_score,NLR_score,DOR_score
0.9133214471187018,0.5752466528222951,16527,1877,0.2118380062305296,506,0.7881619937694704,0.8980113018908933,0.8430866478301818,0.8943085162238791,0.21233738984473352,0.8430866478301818,0.37429913224549644,0.33454545454545453,0.2972223420822433,0.21233738984473352,0.9918382044049691,0.10198869810910671,0.7876626101552665,7.727934647487125,0.23589681531231724,32.759809144755394
