ROC_AUC_score,prediction_threshold,TN,FP,FN,TP,sensitivity,specificity,BA,Accuracy,precision,ROC_ACU_score_discretized,MCC,f1_score,cohen_kappa,PPV_score,NPV_score,FPR_score,FDR_score,PLR_score,NLR_score,DOR_score
0.9405321056193124,0.49425090514323783,12831,1892,0.10331384015594541,460,0.8966861598440545,0.8714935814711675,0.884089870657611,0.8723418220005251,0.195578231292517,0.884089870657611,0.3835090982281163,0.3211169284467714,0.28139025599406076,0.195578231292517,0.9958863706923315,0.12850641852883243,0.8044217687074829,6.977753874938695,0.11854802187015706,58.86014599704809
