ROC_AUC_score,prediction_threshold,TN,FP,FN,TP,sensitivity,specificity,BA,Accuracy,precision,ROC_ACU_score_discretized,MCC,f1_score,cohen_kappa,PPV_score,NPV_score,FPR_score,FDR_score,PLR_score,NLR_score,DOR_score
0.9275750869545494,0.49425090514323783,15965,2439,0.13239875389408098,557,0.867601246105919,0.8674744620734622,0.8675378540896906,0.8674787356925339,0.18591455273698265,0.8675378540896906,0.3643739112543049,0.3062122045079715,0.2654297168793287,0.18591455273698265,0.9947040498442368,0.1325255379265377,0.8140854472630173,6.5466721333879985,0.1526255350245328,42.89368834864819
