ROC_AUC_score,prediction_threshold,TN,FP,FN,TP,sensitivity,specificity,BA,Accuracy,precision,ROC_ACU_score_discretized,MCC,f1_score,cohen_kappa,PPV_score,NPV_score,FPR_score,FDR_score,PLR_score,NLR_score,DOR_score
0.9358723054551635,0.5198193590175819,12969,1754,0.14230019493177387,440,0.8576998050682261,0.8808666711947294,0.8692832381314777,0.8800866369125755,0.20054694621695535,0.8692832381314777,0.379451278158773,0.3250831178426302,0.2861203532713006,0.20054694621695535,0.9944026989725502,0.11913332880527067,0.7994530537830447,7.199495000011116,0.16154566813019566,44.56631417816029
