ROC_AUC_score,prediction_threshold,TN,FP,FN,TP,sensitivity,specificity,BA,Accuracy,precision,ROC_ACU_score_discretized,MCC,f1_score,cohen_kappa,PPV_score,NPV_score,FPR_score,FDR_score,PLR_score,NLR_score,DOR_score
0.930833216536294,0.5198193590175819,16195,2209,0.14797507788161993,547,0.8520249221183801,0.8799717452727668,0.8659983336955734,0.8790297175259897,0.19847605224963716,0.8659983336955734,0.3755195755581476,0.32195409064155384,0.28273507621919225,0.19847605224963716,0.9941682013505218,0.1200282547272332,0.8015239477503628,7.098536290931039,0.16815889677884116,42.21326630292346
