ROC_AUC_score,prediction_threshold,TN,FP,FN,TP,sensitivity,specificity,BA,Accuracy,precision,ROC_ACU_score_discretized,MCC,f1_score,cohen_kappa,PPV_score,NPV_score,FPR_score,FDR_score,PLR_score,NLR_score,DOR_score
0.9297569052624692,0.5137966785830481,13049,1674,0.14814814814814814,437,0.8518518518518519,0.8863003463967941,0.8690760991243229,0.8851404568128117,0.2070108953102795,0.8690760991243229,0.38539758004662755,0.333079268292683,0.29487918270618396,0.2070108953102795,0.9942095238095238,0.11369965360320587,0.7929891046897205,7.492123545289614,0.16715343590966245,44.82183393070489
