ROC_AUC_score,prediction_threshold,TN,FP,FN,TP,sensitivity,specificity,BA,Accuracy,precision,ROC_ACU_score_discretized,MCC,f1_score,cohen_kappa,PPV_score,NPV_score,FPR_score,FDR_score,PLR_score,NLR_score,DOR_score
0.9193425037628961,0.5137966785830481,16225,2179,0.17601246105919002,529,0.82398753894081,0.8816018256900674,0.8527946823154386,0.8796597710805418,0.19534711964549484,0.8527946823154388,0.36462956261935686,0.31582089552238807,0.2763868294655589,0.19534711964549484,0.9930836087648427,0.11839817430993263,0.8046528803545052,6.959461526694204,0.19965074473549047,34.8581796472361
