ROC_AUC_score,prediction_threshold,TN,FP,FN,TP,sensitivity,specificity,BA,Accuracy,precision,ROC_ACU_score_discretized,MCC,f1_score,cohen_kappa,PPV_score,NPV_score,FPR_score,FDR_score,PLR_score,NLR_score,DOR_score
0.923177444846012,0.5060292932804165,12831,1892,0.14814814814814814,437,0.8518518518518519,0.8714935814711675,0.8616727166615097,0.870832239432922,0.18763417775869473,0.8616727166615097,0.362581117610927,0.3075299085151302,0.2670838601048642,0.18763417775869473,0.994111722321221,0.12850641852883243,0.8123658222413053,6.62886618119176,0.16999338985154588,38.99484672304438
