ROC_AUC_score,prediction_threshold,TN,FP,FN,TP,sensitivity,specificity,BA,Accuracy,precision,ROC_ACU_score_discretized,MCC,f1_score,cohen_kappa,PPV_score,NPV_score,FPR_score,FDR_score,PLR_score,NLR_score,DOR_score
0.9293152782037766,0.5060292932804165,16080,2324,0.14330218068535824,550,0.8566978193146417,0.8737231036731146,0.8652104614938781,0.8731492176835031,0.19137091162143355,0.8652104614938781,0.36827444459862224,0.31285551763367464,0.2727813852813854,0.19137091162143355,0.9943111550828593,0.12627689632688546,0.8086290883785665,6.784279977051063,0.16401326699834165,41.36421462246502
