ROC_AUC_score,prediction_threshold,TN,FP,FN,TP,sensitivity,specificity,BA,Accuracy,precision,ROC_ACU_score_discretized,MCC,f1_score,cohen_kappa,PPV_score,NPV_score,FPR_score,FDR_score,PLR_score,NLR_score,DOR_score
0.924488597027446,0.40443855788485433,12322,2401,0.12475633528265107,449,0.8752436647173489,0.8369218229980303,0.8560827438576897,0.8382121291677606,0.15754385964912282,0.8560827438576896,0.3294198721043101,0.26702349093071664,0.2226621999393641,0.15754385964912282,0.9948328758275472,0.16307817700196972,0.8424561403508772,5.36701894028885,0.14906569748145362,36.00438619325282
