ROC_AUC_score,prediction_threshold,TN,FP,FN,TP,sensitivity,specificity,BA,Accuracy,precision,ROC_ACU_score_discretized,MCC,f1_score,cohen_kappa,PPV_score,NPV_score,FPR_score,FDR_score,PLR_score,NLR_score,DOR_score
0.9269260170313782,0.40443855788485433,15408,2996,0.11214953271028037,570,0.8878504672897196,0.8372093023255814,0.8625298848076506,0.8389163078861703,0.15984296130117778,0.8625298848076504,0.33544497264706913,0.27091254752851707,0.22673569025476048,0.15984296130117778,0.9953488372093023,0.16279069767441862,0.8401570386988222,5.453938584779707,0.1339563862928349,40.714285714285715
