{"performances": [0.9339692170400449, 0.9334873869353879, 0.9336020680862416, 0.933750434180298, 0.9349839124773771, 0.9333560325840042, 0.9345245107896767, 0.934506652691647, 0.9337777714583245, 0.9342662031347649], "mean": 0.9340224189377766, "std": 0.0005014142510352243}