ROC_AUC_score,prediction_threshold,TN,FP,FN,TP,sensitivity,specificity,BA,Accuracy,precision,ROC_ACU_score_discretized,MCC,f1_score,cohen_kappa,PPV_score,NPV_score,FPR_score,FDR_score,PLR_score,NLR_score,DOR_score
0.9313393440055269,0.553502071461443,13120,1603,0.1539961013645224,434,0.8460038986354775,0.8911227331386267,0.868563315887052,0.8896035704909425,0.21305841924398625,0.8685633158870522,0.3906905546674298,0.3403921568627451,0.3028925267555991,0.21305841924398625,0.9940146980831881,0.10887726686137336,0.7869415807560137,7.7702529005677725,0.17281132624922746,44.96379415178818
