ROC_AUC_score,prediction_threshold,TN,FP,FN,TP,sensitivity,specificity,BA,Accuracy,precision,ROC_ACU_score_discretized,MCC,f1_score,cohen_kappa,PPV_score,NPV_score,FPR_score,FDR_score,PLR_score,NLR_score,DOR_score
0.9263084315274819,0.553502071461443,16336,2068,0.17757009345794392,528,0.822429906542056,0.8876331232340795,0.8550315148880678,0.8854352619972697,0.2033898305084746,0.8550315148880678,0.3734953784623911,0.32612723903644225,0.2876238967594258,0.2033898305084746,0.9930699088145897,0.11236687676592046,0.7966101694915254,7.31914893617021,0.20004897159647408,36.5867861142217
