ROC_AUC_score,prediction_threshold,TN,FP,FN,TP,sensitivity,specificity,BA,Accuracy,precision,ROC_ACU_score_discretized,MCC,f1_score,cohen_kappa,PPV_score,NPV_score,FPR_score,FDR_score,PLR_score,NLR_score,DOR_score
0.9336975113794053,0.5411232721734409,12956,1767,0.1286549707602339,447,0.8713450292397661,0.8799836989743938,0.8756643641070799,0.8796928327645052,0.2018970189701897,0.8756643641070799,0.3845556352880306,0.3278327832783278,0.2889583646493644,0.2018970189701897,0.9949316541237905,0.12001630102560619,0.7981029810298103,7.260222334746504,0.1462015386309759,49.65900087462056
