ROC_AUC_score,prediction_threshold,TN,FP,FN,TP,sensitivity,specificity,BA,Accuracy,precision,ROC_ACU_score_discretized,MCC,f1_score,cohen_kappa,PPV_score,NPV_score,FPR_score,FDR_score,PLR_score,NLR_score,DOR_score
0.9332967877090244,0.5411232721734409,16309,2095,0.16666666666666666,535,0.8333333333333334,0.886166050858509,0.8597496920959211,0.8843851727396829,0.20342205323193915,0.8597496920959212,0.3763938397539622,0.32701711491442537,0.2884601420334897,0.20342205323193915,0.9934819688109162,0.11383394914149098,0.7965779467680608,7.320604614160697,0.1880761133934228,38.923627684964195
