ROC_AUC_score,prediction_threshold,TN,FP,FN,TP,sensitivity,specificity,BA,Accuracy,precision,ROC_ACU_score_discretized,MCC,f1_score,cohen_kappa,PPV_score,NPV_score,FPR_score,FDR_score,PLR_score,NLR_score,DOR_score
0.9251100802486568,0.5344653791672186,13018,1705,0.15009746588693956,436,0.8499025341130604,0.884194797255994,0.8670486656845272,0.8830401680231031,0.20364315740308267,0.8670486656845273,0.3810214267067089,0.3285606631499623,0.2899900464643034,0.20364315740308267,0.9941198930889652,0.11580520274400598,0.7963568425969173,7.339070386948146,0.16975610618016684,43.233027383174
