ROC_AUC_score,prediction_threshold,TN,FP,FN,TP,sensitivity,specificity,BA,Accuracy,precision,ROC_ACU_score_discretized,MCC,f1_score,cohen_kappa,PPV_score,NPV_score,FPR_score,FDR_score,PLR_score,NLR_score,DOR_score
0.9352318945969351,0.5344653791672186,16240,2164,0.13862928348909656,553,0.8613707165109035,0.8824168658987177,0.8718937912048106,0.8817074451328363,0.2035333087964667,0.8718937912048106,0.3838379720562149,0.329264662101816,0.2905794819723402,0.2035333087964667,0.9945495743768755,0.11758313410128234,0.7964666912035333,7.325631546518795,0.1571018062397372,46.629836549045706
