ROC_AUC_score,prediction_threshold,TN,FP,FN,TP,sensitivity,specificity,BA,Accuracy,precision,ROC_ACU_score_discretized,MCC,f1_score,cohen_kappa,PPV_score,NPV_score,FPR_score,FDR_score,PLR_score,NLR_score,DOR_score
0.9257139543372684,0.531853589168282,13056,1667,0.15789473684210525,432,0.8421052631578947,0.8867757929769748,0.8644405280674348,0.8852717248621685,0.20581229156741304,0.8644405280674348,0.38146893973905255,0.33078101071975496,0.29249452844414736,0.20581229156741304,0.9938342087234528,0.1132242070230252,0.7941877084325869,7.437501973289555,0.17805485681114555,41.770845830833835
