ROC_AUC_score,prediction_threshold,TN,FP,FN,TP,sensitivity,specificity,BA,Accuracy,precision,ROC_ACU_score_discretized,MCC,f1_score,cohen_kappa,PPV_score,NPV_score,FPR_score,FDR_score,PLR_score,NLR_score,DOR_score
0.9275173655192119,0.531853589168282,16310,2094,0.1526479750778816,544,0.8473520249221184,0.886220386872419,0.8667862058972686,0.8849102173684763,0.20621683093252463,0.8667862058972687,0.383266973309597,0.33170731707317075,0.29339495530475346,0.20621683093252463,0.9940273037542662,0.11377961312758096,0.7937831690674754,7.447309773957335,0.1722460658082976,43.236457906944985
