{"performances": [0.927048992464729, 0.926823523397663, 0.9277509595977036, 0.9272417922150202, 0.9275072938904655, 0.9267673254019679, 0.9270624495149031, 0.9273939669081828, 0.927197020016643, 0.9274217273638874], "mean": 0.9272215050771166, "std": 0.0002919877285868613}