ROC_AUC_score,prediction_threshold,TN,FP,FN,TP,sensitivity,specificity,BA,Accuracy,precision,ROC_ACU_score_discretized,MCC,f1_score,cohen_kappa,PPV_score,NPV_score,FPR_score,FDR_score,PLR_score,NLR_score,DOR_score
0.9319087942258991,0.4130264808142022,12394,2329,0.12085769980506822,451,0.8791423001949318,0.8418121306798886,0.8604772154374102,0.8430690469939617,0.16223021582733813,0.8604772154374103,0.3367076286542887,0.2739143638020042,0.23014840193552522,0.16223021582733813,0.9950224791265254,0.1581878693201114,0.8377697841726619,5.557583549063967,0.14356849396724378,38.71032839790025
