ROC_AUC_score,prediction_threshold,TN,FP,FN,TP,sensitivity,specificity,BA,Accuracy,precision,ROC_ACU_score_discretized,MCC,f1_score,cohen_kappa,PPV_score,NPV_score,FPR_score,FDR_score,PLR_score,NLR_score,DOR_score
0.9256486975268143,0.4130264808142022,15578,2826,0.11993769470404984,565,0.8800623052959502,0.8464464246902847,0.8632543649931175,0.8475795442612623,0.16661751695664995,0.8632543649931175,0.3427472924686906,0.28018844532606,0.23693482697413693,0.16661751695664995,0.9950814436282338,0.15355357530971528,0.83338248304335,5.731304552960605,0.14169555355843705,40.448019779229995
