{"performances": [0.9238653421543873, 0.924428507008838, 0.9252921280149716, 0.924589145255569, 0.9241988908005234, 0.923607203770547, 0.9246533836271541, 0.9258483527554962, 0.9245306621004103, 0.924559522818079], "mean": 0.9245573138305977, "std": 0.0006119055011715728}