ROC_AUC_score,prediction_threshold,TN,FP,FN,TP,sensitivity,specificity,BA,Accuracy,precision,ROC_ACU_score_discretized,MCC,f1_score,cohen_kappa,PPV_score,NPV_score,FPR_score,FDR_score,PLR_score,NLR_score,DOR_score
0.9330740421657961,0.5238354203322362,12978,1745,0.14814814814814814,437,0.8518518518518519,0.8814779596549617,0.8666649057534068,0.8804804410606458,0.2002749770852429,0.8666649057534067,0.3776217510014417,0.32430426716141,0.28533949364344524,0.2002749770852429,0.9941780297226903,0.11852204034503838,0.7997250229147571,7.187286426827977,0.16806789838073546,42.76418338108885
