ROC_AUC_score,prediction_threshold,TN,FP,FN,TP,sensitivity,specificity,BA,Accuracy,precision,ROC_ACU_score_discretized,MCC,f1_score,cohen_kappa,PPV_score,NPV_score,FPR_score,FDR_score,PLR_score,NLR_score,DOR_score
0.9334873869353879,0.5238354203322362,16157,2247,0.13862928348909656,553,0.8613707165109035,0.877906976744186,0.8696388466275448,0.8773495747138507,0.1975,0.8696388466275448,0.37677231910694853,0.32132481115630446,0.28194572042357136,0.1975,0.9945217284254586,0.12209302325581395,0.8025,7.055036344755972,0.15790885271605698,44.677902621722865
