ROC_AUC_score,prediction_threshold,TN,FP,FN,TP,sensitivity,specificity,BA,Accuracy,precision,ROC_ACU_score_discretized,MCC,f1_score,cohen_kappa,PPV_score,NPV_score,FPR_score,FDR_score,PLR_score,NLR_score,DOR_score
0.9265047765103174,0.4815897132204528,12719,2004,0.15009746588693956,436,0.8499025341130604,0.8638864361882769,0.8568944851506686,0.8634155946442635,0.17868852459016393,0.8568944851506686,0.35107074634371965,0.295292922451744,0.25377125859186067,0.17868852459016393,0.9939824945295405,0.13611356381172315,0.8213114754098361,6.244069366141013,0.1737467560542033,35.93776084195245
