ROC_AUC_score,prediction_threshold,TN,FP,FN,TP,sensitivity,specificity,BA,Accuracy,precision,ROC_ACU_score_discretized,MCC,f1_score,cohen_kappa,PPV_score,NPV_score,FPR_score,FDR_score,PLR_score,NLR_score,DOR_score
0.9226482831512315,0.4815897132204528,15908,2496,0.14641744548286603,548,0.8535825545171339,0.8643773092805912,0.8589799318988626,0.8640134411424971,0.1800262812089356,0.8589799318988626,0.353601693042954,0.2973412913727618,0.2559152974595694,0.1800262812089356,0.9941257342832146,0.13562269071940883,0.8199737187910644,6.29380341880342,0.16939066297879474,37.15555100927442
