ROC_AUC_score,prediction_threshold,TN,FP,FN,TP,sensitivity,specificity,BA,Accuracy,precision,ROC_ACU_score_discretized,MCC,f1_score,cohen_kappa,PPV_score,NPV_score,FPR_score,FDR_score,PLR_score,NLR_score,DOR_score
0.924285628604328,0.44493537861366234,12550,2173,0.13060428849902533,446,0.8693957115009746,0.8524077973239149,0.8609017544124448,0.852979784720399,0.17029400534555172,0.8609017544124448,0.3450881344954593,0.2848020434227331,0.24212568743804697,0.17029400534555172,0.9946897043671237,0.14759220267608503,0.8297059946544483,5.890526028729335,0.15321808283435465,38.44537093639027
