ROC_AUC_score,prediction_threshold,TN,FP,FN,TP,sensitivity,specificity,BA,Accuracy,precision,ROC_ACU_score_discretized,MCC,f1_score,cohen_kappa,PPV_score,NPV_score,FPR_score,FDR_score,PLR_score,NLR_score,DOR_score
0.9352005794487316,0.44493537861366234,15697,2707,0.12305295950155763,563,0.8769470404984424,0.8529124103455771,0.8649297254220097,0.8537225664181456,0.17217125382262996,0.8649297254220097,0.34929352676887676,0.2878323108384458,0.24530357816818238,0.17217125382262996,0.9949923935091278,0.14708758965442295,0.82782874617737,5.962073636251694,0.14427385275317997,41.32469967688087
