ROC_AUC_score,prediction_threshold,TN,FP,FN,TP,sensitivity,specificity,BA,Accuracy,precision,ROC_ACU_score_discretized,MCC,f1_score,cohen_kappa,PPV_score,NPV_score,FPR_score,FDR_score,PLR_score,NLR_score,DOR_score
0.9357597658859201,0.4840862379549303,12780,1943,0.1111111111111111,456,0.8888888888888888,0.8680296135298513,0.8784592512093701,0.8687319506432134,0.19007919966652773,0.8784592512093701,0.3748513380747188,0.31318681318681324,0.2728462927545834,0.19007919966652773,0.9955597102126665,0.13197038647014875,0.8099208003334722,6.73551781323269,0.12800382542166586,52.61966031909418
