ROC_AUC_score,prediction_threshold,TN,FP,FN,TP,sensitivity,specificity,BA,Accuracy,precision,ROC_ACU_score_discretized,MCC,f1_score,cohen_kappa,PPV_score,NPV_score,FPR_score,FDR_score,PLR_score,NLR_score,DOR_score
0.92888287525196,0.4840862379549303,15910,2494,0.13862928348909656,553,0.8613707165109035,0.8644859813084113,0.8629283489096573,0.8643809723826525,0.18148999015425007,0.8629283489096574,0.35734842198422195,0.2998102466793168,0.2585223149345728,0.18148999015425007,0.9944371523220201,0.13551401869158877,0.81851000984575,6.356321839080462,0.1603603603603603,39.63773731111975
