ROC_AUC_score,prediction_threshold,TN,FP,FN,TP,sensitivity,specificity,BA,Accuracy,precision,ROC_ACU_score_discretized,MCC,f1_score,cohen_kappa,PPV_score,NPV_score,FPR_score,FDR_score,PLR_score,NLR_score,DOR_score
0.9328346638820405,0.4712673501217507,12540,2183,0.10721247563352826,458,0.8927875243664717,0.8517285879236569,0.8722580561450644,0.8531110527697559,0.17341915940931465,0.8722580561450644,0.3547706249080421,0.29042485732403295,0.24802271172815482,0.17341915940931465,0.9956331877729258,0.14827141207634315,0.8265808405906854,6.021305873223805,0.12587633801853568,47.83508932661474
