ROC_AUC_score,prediction_threshold,TN,FP,FN,TP,sensitivity,specificity,BA,Accuracy,precision,ROC_ACU_score_discretized,MCC,f1_score,cohen_kappa,PPV_score,NPV_score,FPR_score,FDR_score,PLR_score,NLR_score,DOR_score
0.9272389146068071,0.4712673501217507,15709,2695,0.13707165109034267,554,0.8629283489096573,0.8535644425124973,0.8582463957110773,0.8538800798067836,0.17051400430901817,0.8582463957110773,0.3437742054171664,0.2847597018761244,0.2420954391762673,0.17051400430901817,0.9944293220231689,0.14643555748750273,0.8294859956909818,5.892888064316637,0.16058734907802322,36.695842469219095
