ROC_AUC_score,prediction_threshold,TN,FP,FN,TP,sensitivity,specificity,BA,Accuracy,precision,ROC_ACU_score_discretized,MCC,f1_score,cohen_kappa,PPV_score,NPV_score,FPR_score,FDR_score,PLR_score,NLR_score,DOR_score
0.9207779688302465,0.5064890561931648,12835,1888,0.14814814814814814,437,0.8518518518518519,0.8717652652312708,0.8618085585415614,0.8710947755316356,0.18795698924731183,0.8618085585415614,0.3629729414805715,0.30796335447498235,0.26755590437221344,0.18795698924731183,0.9941135465881806,0.1282347347687292,0.8120430107526881,6.642910389202765,0.169940411779134,39.089645127118665
