ROC_AUC_score,prediction_threshold,TN,FP,FN,TP,sensitivity,specificity,BA,Accuracy,precision,ROC_ACU_score_discretized,MCC,f1_score,cohen_kappa,PPV_score,NPV_score,FPR_score,FDR_score,PLR_score,NLR_score,DOR_score
0.9288257462653724,0.5064890561931648,15972,2432,0.1573208722741433,541,0.8426791277258567,0.8678548141708324,0.8552669709483446,0.8670061955266197,0.18197107299024554,0.8552669709483446,0.35331536802790775,0.29930843706777316,0.2581795805815785,0.18197107299024554,0.9937161699744914,0.13214518582916757,0.8180289270097545,6.376918859649123,0.1812755655730862,35.17803869202711
