ROC_AUC_score,prediction_threshold,TN,FP,FN,TP,sensitivity,specificity,BA,Accuracy,precision,ROC_ACU_score_discretized,MCC,f1_score,cohen_kappa,PPV_score,NPV_score,FPR_score,FDR_score,PLR_score,NLR_score,DOR_score
0.9318305461254015,0.4570417495307068,12769,1954,0.1442495126705653,439,0.8557504873294347,0.8672824831895674,0.861516485259501,0.8668941979522184,0.1834517342248224,0.861516485259501,0.35843494984464713,0.3021335168616655,0.26116293219910447,0.1834517342248224,0.994238106361442,0.13271751681043265,0.8165482657751776,6.447909122288264,0.1663235629296525,38.76726188829567
