ROC_AUC_score,prediction_threshold,TN,FP,FN,TP,sensitivity,specificity,BA,Accuracy,precision,ROC_ACU_score_discretized,MCC,f1_score,cohen_kappa,PPV_score,NPV_score,FPR_score,FDR_score,PLR_score,NLR_score,DOR_score
0.9203410338129122,0.4570417495307068,15864,2540,0.15109034267912771,545,0.8489096573208723,0.8619865246685503,0.8554480909947113,0.861545731387168,0.1766612641815235,0.8554480909947113,0.3482348048122393,0.29246042393345856,0.25064417148531415,0.1766612641815235,0.9939226865484618,0.1380134753314497,0.8233387358184765,6.150918635170603,0.17528155992603794,35.09164704927348
