ROC_AUC_score,prediction_threshold,TN,FP,FN,TP,sensitivity,specificity,BA,Accuracy,precision,ROC_ACU_score_discretized,MCC,f1_score,cohen_kappa,PPV_score,NPV_score,FPR_score,FDR_score,PLR_score,NLR_score,DOR_score
0.9356989945185287,0.5997907868672268,13460,1263,0.15594541910331383,433,0.8440545808966862,0.914215852747402,0.8791352168220441,0.9118535048569179,0.2553066037735849,0.8791352168220441,0.43486925545600424,0.3920325939339067,0.35888576808011274,0.2553066037735849,0.9940915805022157,0.08578414725259798,0.7446933962264151,9.839283922836033,0.17057833621531127,57.681908155186065
