ROC_AUC_score,prediction_threshold,TN,FP,FN,TP,sensitivity,specificity,BA,Accuracy,precision,ROC_ACU_score_discretized,MCC,f1_score,cohen_kappa,PPV_score,NPV_score,FPR_score,FDR_score,PLR_score,NLR_score,DOR_score
0.9334509090195076,0.5997907868672268,16667,1737,0.19314641744548286,518,0.8068535825545171,0.905618343838296,0.8562359631964065,0.9022891945815394,0.22971175166297117,0.8562359631964065,0.39799702785165064,0.3576113220573006,0.3220345227033642,0.22971175166297117,0.9926150914180215,0.09438165616170398,0.7702882483370288,8.548838994434846,0.21327573448531031,40.08350511634815
