ROC_AUC_score,prediction_threshold,TN,FP,FN,TP,sensitivity,specificity,BA,Accuracy,precision,ROC_ACU_score_discretized,MCC,f1_score,cohen_kappa,PPV_score,NPV_score,FPR_score,FDR_score,PLR_score,NLR_score,DOR_score
0.926228326368458,0.4406960139236762,12582,2141,0.1267056530214425,448,0.8732943469785575,0.8545812674047408,0.8639378071916491,0.8552113415594644,0.17303978370027037,0.863937807191649,0.34958615442068486,0.28884590586718245,0.24649602412316363,0.17303978370027037,0.9948604412113544,0.14541873259525911,0.8269602162997296,6.005377239871694,0.14826635903947694,40.5039772931412
