ROC_AUC_score,prediction_threshold,TN,FP,FN,TP,sensitivity,specificity,BA,Accuracy,precision,ROC_ACU_score_discretized,MCC,f1_score,cohen_kappa,PPV_score,NPV_score,FPR_score,FDR_score,PLR_score,NLR_score,DOR_score
0.934498866222364,0.4406960139236762,15771,2633,0.10903426791277258,572,0.8909657320872274,0.8569332753749185,0.8739495037310729,0.8580804368371312,0.17847113884555382,0.8739495037310729,0.3607956305109518,0.29737457759292957,0.2555631542953337,0.17847113884555382,0.9955810870525851,0.1430667246250815,0.8215288611544462,6.227623749841752,0.12723775706465454,48.944777819977205
