ROC_AUC_score,prediction_threshold,TN,FP,FN,TP,sensitivity,specificity,BA,Accuracy,precision,ROC_ACU_score_discretized,MCC,f1_score,cohen_kappa,PPV_score,NPV_score,FPR_score,FDR_score,PLR_score,NLR_score,DOR_score
0.9335527987333075,0.5084193880602164,12914,1809,0.1267056530214425,448,0.8732943469785575,0.8771310194933097,0.8752126832359336,0.877001837752691,0.19849357554275587,0.8752126832359336,0.3810464753829509,0.3234657039711191,0.2841898114918562,0.19849357554275587,0.9949919100084752,0.1228689805066902,0.8015064244572442,7.107524969908953,0.14445464839977534,49.20246630097372
