ROC_AUC_score,prediction_threshold,TN,FP,FN,TP,sensitivity,specificity,BA,Accuracy,precision,ROC_ACU_score_discretized,MCC,f1_score,cohen_kappa,PPV_score,NPV_score,FPR_score,FDR_score,PLR_score,NLR_score,DOR_score
0.9351379491523243,0.5084193880602164,16115,2289,0.13239875389408098,557,0.867601246105919,0.8756248641599652,0.8716130551329422,0.8753544051244356,0.19571328179901618,0.8716130551329422,0.37624404046802584,0.3193807339449542,0.27976247289982137,0.19571328179901618,0.9947530864197531,0.12437513584003478,0.8042867182009839,6.975680792194553,0.15120488158030815,46.13396551281064
