ROC_AUC_score,prediction_threshold,TN,FP,FN,TP,sensitivity,specificity,BA,Accuracy,precision,ROC_ACU_score_discretized,MCC,f1_score,cohen_kappa,PPV_score,NPV_score,FPR_score,FDR_score,PLR_score,NLR_score,DOR_score
0.9221980857946068,0.4562314576323288,12418,2305,0.1364522417153996,443,0.8635477582846004,0.843442233240508,0.8534949957625542,0.844119191388816,0.16120815138282388,0.8534949957625542,0.3316769530686942,0.27169579883471323,0.2278803856546019,0.16120815138282388,0.9943946188340808,0.15655776675949196,0.8387918486171762,5.515841060834782,0.1617801864048823,34.09466377440347
