ROC_AUC_score,prediction_threshold,TN,FP,FN,TP,sensitivity,specificity,BA,Accuracy,precision,ROC_ACU_score_discretized,MCC,f1_score,cohen_kappa,PPV_score,NPV_score,FPR_score,FDR_score,PLR_score,NLR_score,DOR_score
0.9243772178742125,0.4562314576323288,15563,2841,0.1261682242990654,561,0.8738317757009346,0.8456313844816344,0.8597315800912846,0.8465819594665547,0.16490299823633156,0.8597315800912845,0.3389933111665238,0.27744807121661724,0.2340060794570903,0.16490299823633156,0.994822296087957,0.15436861551836556,0.8350970017636684,5.66068285814854,0.14920002570198543,37.94022709791807
