ROC_AUC_score,prediction_threshold,TN,FP,FN,TP,sensitivity,specificity,BA,Accuracy,precision,ROC_ACU_score_discretized,MCC,f1_score,cohen_kappa,PPV_score,NPV_score,FPR_score,FDR_score,PLR_score,NLR_score,DOR_score
0.9483324217628223,0.524235405700447,13005,1718,0.10916179337231968,457,0.8908382066276803,0.8833118250356585,0.8870750158316694,0.8835652402205303,0.21011494252873564,0.8870750158316695,0.39917573085249025,0.3400297619047619,0.3019964611046644,0.21011494252873564,0.9957124263073271,0.1166881749643415,0.7898850574712644,7.634348612444319,0.12358239783319205,61.775372110427426
