ROC_AUC_score,prediction_threshold,TN,FP,FN,TP,sensitivity,specificity,BA,Accuracy,precision,ROC_ACU_score_discretized,MCC,f1_score,cohen_kappa,PPV_score,NPV_score,FPR_score,FDR_score,PLR_score,NLR_score,DOR_score
0.9273583353476592,0.524235405700447,16204,2200,0.1573208722741433,541,0.8426791277258567,0.8804607693979569,0.8615699485619068,0.8791872309146277,0.19737322145202482,0.8615699485619068,0.37181853049171826,0.3198344664498966,0.28053583285612393,0.19737322145202482,0.9938055811100889,0.11953923060204304,0.8026267785479752,7.049393939393937,0.1786801612770509,39.45258325832583
