ROC_AUC_score,prediction_threshold,TN,FP,FN,TP,sensitivity,specificity,BA,Accuracy,precision,ROC_ACU_score_discretized,MCC,f1_score,cohen_kappa,PPV_score,NPV_score,FPR_score,FDR_score,PLR_score,NLR_score,DOR_score
0.9338454016133408,0.499375942512697,12943,1780,0.12475633528265107,449,0.8752436647173489,0.8791007267540583,0.8771721957357036,0.8789708584930428,0.20143562135486764,0.8771721957357036,0.3850196545007779,0.32749817651349383,0.2885522514242663,0.20143562135486764,0.9950795725378643,0.12089927324594173,0.7985643786451323,7.2394452110300715,0.14191358451413671,51.01305301966293
