ROC_AUC_score,prediction_threshold,TN,FP,FN,TP,sensitivity,specificity,BA,Accuracy,precision,ROC_ACU_score_discretized,MCC,f1_score,cohen_kappa,PPV_score,NPV_score,FPR_score,FDR_score,PLR_score,NLR_score,DOR_score
0.9235974706839433,0.499375942512697,16060,2344,0.1557632398753894,542,0.8442367601246106,0.8726363833949141,0.8584365717597624,0.8716790927228815,0.1878031878031878,0.8584365717597623,0.3608253946416651,0.30725623582766437,0.2668230662406126,0.1878031878031878,0.9938118811881188,0.12736361660508586,0.8121968121968122,6.628555176336745,0.17849730178497306,37.13532423208189
