ROC_AUC_score,prediction_threshold,TN,FP,FN,TP,sensitivity,specificity,BA,Accuracy,precision,ROC_ACU_score_discretized,MCC,f1_score,cohen_kappa,PPV_score,NPV_score,FPR_score,FDR_score,PLR_score,NLR_score,DOR_score
0.9263192848203055,0.5689084419706276,13207,1516,0.16569200779727095,428,0.834307992202729,0.8970318549208721,0.8656699235618006,0.8949199264898924,0.22016460905349794,0.8656699235618005,0.39539646173697995,0.3483923483923484,0.31172054148062145,0.22016460905349794,0.9936051760457418,0.1029681450791279,0.779835390946502,8.102583488918722,0.18471139780413576,43.866180350768275
