ROC_AUC_score,prediction_threshold,TN,FP,FN,TP,sensitivity,specificity,BA,Accuracy,precision,ROC_ACU_score_discretized,MCC,f1_score,cohen_kappa,PPV_score,NPV_score,FPR_score,FDR_score,PLR_score,NLR_score,DOR_score
0.9314294738851977,0.5689084419706276,16539,1865,0.18847352024922118,521,0.8115264797507789,0.8986633340578135,0.8550949069042961,0.8957261367216214,0.21835708298407377,0.8550949069042962,0.387191083114643,0.34412153236459714,0.30732514029532565,0.21835708298407377,0.9927370948379352,0.10133666594218649,0.7816429170159263,8.008221626452189,0.20972650502851842,38.184118051093435
