ROC_AUC_score,prediction_threshold,TN,FP,FN,TP,sensitivity,specificity,BA,Accuracy,precision,ROC_ACU_score_discretized,MCC,f1_score,cohen_kappa,PPV_score,NPV_score,FPR_score,FDR_score,PLR_score,NLR_score,DOR_score
0.9360432332009206,0.5373676096694766,12983,1740,0.1286549707602339,447,0.8713450292397661,0.8818175643550906,0.8765812967974284,0.8814649514308217,0.20438957475994513,0.8765812967974284,0.3874650850698182,0.3311111111111111,0.29252109962893913,0.20438957475994513,0.9949421411602422,0.11818243564490932,0.7956104252400549,7.3728809571822245,0.14589749168165478,50.53466562173457
