ROC_AUC_score,prediction_threshold,TN,FP,FN,TP,sensitivity,specificity,BA,Accuracy,precision,ROC_ACU_score_discretized,MCC,f1_score,cohen_kappa,PPV_score,NPV_score,FPR_score,FDR_score,PLR_score,NLR_score,DOR_score
0.9250252721709555,0.5373676096694766,16266,2138,0.16355140186915887,537,0.8364485981308412,0.8838296022603782,0.8601391001956097,0.8822324897616297,0.20074766355140186,0.8601391001956097,0.37413160730441075,0.32378655411516427,0.28490881671281654,0.20074766355140186,0.9935862195345427,0.11617039773962182,0.7992523364485982,7.200187090739011,0.1850485675642444,38.90971535480424
