ROC_AUC_score,prediction_threshold,TN,FP,FN,TP,sensitivity,specificity,BA,Accuracy,precision,ROC_ACU_score_discretized,MCC,f1_score,cohen_kappa,PPV_score,NPV_score,FPR_score,FDR_score,PLR_score,NLR_score,DOR_score
0.9306573542159111,0.42681031310378753,12339,2384,0.09161793372319688,466,0.9083820662768031,0.838076478978469,0.873229272627636,0.840443686006826,0.16350877192982455,0.873229272627636,0.3452824978896418,0.2771335117454653,0.2333841006298556,0.16350877192982455,0.996205393185855,0.16192352102153093,0.8364912280701754,5.609945118201917,0.10931929963583989,51.31706054548047
