ROC_AUC_score,prediction_threshold,TN,FP,FN,TP,sensitivity,specificity,BA,Accuracy,precision,ROC_ACU_score_discretized,MCC,f1_score,cohen_kappa,PPV_score,NPV_score,FPR_score,FDR_score,PLR_score,NLR_score,DOR_score
0.9301100905193981,0.42681031310378753,15493,2911,0.1277258566978193,560,0.8722741433021807,0.841827863507933,0.8570510034050569,0.8428541426021212,0.1613367905502737,0.8570510034050569,0.33384320830347514,0.2723073182591782,0.22840938386182008,0.1613367905502737,0.9947351524879615,0.15817213649206693,0.8386632094497263,5.514714302072598,0.15172443469093572,36.346909535739115
