ROC_AUC_score,prediction_threshold,TN,FP,FN,TP,sensitivity,specificity,BA,Accuracy,precision,ROC_ACU_score_discretized,MCC,f1_score,cohen_kappa,PPV_score,NPV_score,FPR_score,FDR_score,PLR_score,NLR_score,DOR_score
0.9282848876967639,0.5576293134492794,13213,1510,0.17348927875243664,424,0.8265107212475633,0.897439380561027,0.8619750509042952,0.8950511945392492,0.21923474663908996,0.8619750509042952,0.39226428260534363,0.34654679199019206,0.309813008071118,0.21923474663908996,0.9933092768004811,0.10256061943897303,0.7807652533609101,8.058753211210517,0.1933158745986623,41.68697075675275
