ROC_AUC_score,prediction_threshold,TN,FP,FN,TP,sensitivity,specificity,BA,Accuracy,precision,ROC_ACU_score_discretized,MCC,f1_score,cohen_kappa,PPV_score,NPV_score,FPR_score,FDR_score,PLR_score,NLR_score,DOR_score
0.9235069952962955,0.5576293134492794,16424,1980,0.17133956386292834,532,0.8286604361370716,0.8924146924581613,0.8605375642976165,0.8902656725821695,0.21178343949044587,0.8605375642976164,0.38459652709008274,0.3373493975903615,0.2997507849145816,0.21178343949044587,0.9933470424579655,0.10758530754183873,0.7882165605095541,7.702356902356904,0.1919954538074363,40.11739210284665
