ROC_AUC_score,prediction_threshold,TN,FP,FN,TP,sensitivity,specificity,BA,Accuracy,precision,ROC_ACU_score_discretized,MCC,f1_score,cohen_kappa,PPV_score,NPV_score,FPR_score,FDR_score,PLR_score,NLR_score,DOR_score
0.9416743160473879,0.48700496237996976,12779,1944,0.1189083820662768,452,0.8810916179337231,0.8679616925898255,0.8745266552617743,0.8684037805198215,0.18864774624373956,0.8745266552617743,0.37114502858968784,0.3107597112409763,0.2702860849622011,0.18864774624373956,0.9952492211838007,0.13203830741017455,0.8113522537562604,6.672999943846815,0.13699726967382378,48.708999527760895
