ROC_AUC_score,prediction_threshold,TN,FP,FN,TP,sensitivity,specificity,BA,Accuracy,precision,ROC_ACU_score_discretized,MCC,f1_score,cohen_kappa,PPV_score,NPV_score,FPR_score,FDR_score,PLR_score,NLR_score,DOR_score
0.9271241488204176,0.48700496237996976,15988,2416,0.14174454828660435,551,0.8582554517133957,0.8687241903933928,0.8634898210533942,0.8683713115614827,0.18570947084597236,0.8634898210533943,0.3617908549118669,0.3053477417567193,0.2645888747161329,0.18570947084597236,0.9943404440574662,0.13127580960660726,0.8142905291540277,6.537803532008832,0.16316403969643895,40.06889964340298
