ROC_AUC_score,prediction_threshold,TN,FP,FN,TP,sensitivity,specificity,BA,Accuracy,precision,ROC_ACU_score_discretized,MCC,f1_score,cohen_kappa,PPV_score,NPV_score,FPR_score,FDR_score,PLR_score,NLR_score,DOR_score
0.9225990252694627,0.5067579486635739,16056,2348,0.16355140186915887,537,0.8364485981308412,0.8724190393392741,0.8544338187350576,0.8712065525569673,0.18613518197573656,0.8544338187350576,0.3568467551716295,0.3045080805216898,0.2639172198939288,0.18613518197573656,0.993502877297197,0.12758096066072594,0.8138648180242635,6.5562180579216385,0.1874688589935226,34.9723046970066
