ROC_AUC_score,prediction_threshold,TN,FP,FN,TP,sensitivity,specificity,BA,Accuracy,precision,ROC_ACU_score_discretized,MCC,f1_score,cohen_kappa,PPV_score,NPV_score,FPR_score,FDR_score,PLR_score,NLR_score,DOR_score
0.9227076914440402,0.44017669940635923,12537,2186,0.1189083820662768,452,0.8810916179337231,0.8515248251035794,0.8663082215186513,0.8525203465476503,0.17134192570128887,0.8663082215186512,0.34925714765343213,0.2868930498254522,0.24428820524846906,0.17134192570128887,0.9951579615812034,0.14847517489642056,0.8286580742987112,5.9342689345097,0.13964170927349398,42.496392842679924
