ROC_AUC_score,prediction_threshold,TN,FP,FN,TP,sensitivity,specificity,BA,Accuracy,precision,ROC_ACU_score_discretized,MCC,f1_score,cohen_kappa,PPV_score,NPV_score,FPR_score,FDR_score,PLR_score,NLR_score,DOR_score
0.9290406358904775,0.44017669940635923,15721,2683,0.11370716510903427,569,0.8862928348909658,0.8542164746794175,0.8702546547851917,0.8552977003045259,0.17496924969249691,0.8702546547851916,0.35516716918673785,0.2922444786851567,0.250019874393831,0.17496924969249691,0.9953779916423958,0.14578352532058247,0.8250307503075031,6.079512982979253,0.1331128214914233,45.6718813023655
