{"performances": [0.9280192542458262, 0.9266229371780889, 0.9282090917523685, 0.9283628745207091, 0.9271511475563012, 0.9275823656106184, 0.9274982378881471, 0.9267489594907243, 0.9277534140282387, 0.9278025026389359], "mean": 0.927575078490996, "std": 0.0005548092922997009}