ROC_AUC_score,prediction_threshold,TN,FP,FN,TP,sensitivity,specificity,BA,Accuracy,precision,ROC_ACU_score_discretized,MCC,f1_score,cohen_kappa,PPV_score,NPV_score,FPR_score,FDR_score,PLR_score,NLR_score,DOR_score
0.9312327624134786,0.4974580979219594,12904,1819,0.13840155945419103,442,0.8615984405458089,0.8764518100930517,0.8690251253194303,0.8759516933578367,0.19548872180451127,0.8690251253194303,0.3744887763971114,0.3186733958183129,0.27910557143271275,0.19548872180451127,0.9945279383429673,0.12354818990694831,0.8045112781954887,6.973784409101676,0.15791120271575132,44.16269580097407
