ROC_AUC_score,prediction_threshold,TN,FP,FN,TP,sensitivity,specificity,BA,Accuracy,precision,ROC_ACU_score_discretized,MCC,f1_score,cohen_kappa,PPV_score,NPV_score,FPR_score,FDR_score,PLR_score,NLR_score,DOR_score
0.9348507807797438,0.4974580979219594,16007,2397,0.12149532710280374,564,0.8785046728971962,0.8697565746576831,0.8741306237774397,0.8700514543736217,0.19047619047619047,0.8741306237774396,0.3726894883474843,0.3130724396336386,0.27278219616310284,0.19047619047619047,0.995150761579111,0.1302434253423169,0.8095238095238095,6.7450980392156845,0.13968888611232588,48.28657616892909
