ROC_AUC_score,prediction_threshold,TN,FP,FN,TP,sensitivity,specificity,BA,Accuracy,precision,ROC_ACU_score_discretized,MCC,f1_score,cohen_kappa,PPV_score,NPV_score,FPR_score,FDR_score,PLR_score,NLR_score,DOR_score
0.9357748594281481,0.5419445420309281,12980,1743,0.13450292397660818,444,0.8654970760233918,0.8816138015350132,0.8735554387792025,0.8810711472827514,0.2030178326474623,0.8735554387792025,0.3843517750238556,0.3288888888888889,0.2901706713885037,0.2030178326474623,0.9947122384857077,0.11838619846498676,0.7969821673525377,7.310793717895809,0.15256444913001566,47.919379380877515
