ROC_AUC_score,prediction_threshold,TN,FP,FN,TP,sensitivity,specificity,BA,Accuracy,precision,ROC_ACU_score_discretized,MCC,f1_score,cohen_kappa,PPV_score,NPV_score,FPR_score,FDR_score,PLR_score,NLR_score,DOR_score
0.9262237113562608,0.5419445420309281,16263,2141,0.14485981308411214,549,0.8551401869158879,0.8836665942186481,0.869403390567268,0.8827050299275438,0.20408921933085503,0.869403390567268,0.38285983544550745,0.3295318127250901,0.2909403440700692,0.20408921933085503,0.9943140132061629,0.11633340578135189,0.795910780669145,7.350770667912191,0.16393039414622143,44.8408039655874
