ROC_AUC_score,prediction_threshold,TN,FP,FN,TP,sensitivity,specificity,BA,Accuracy,precision,ROC_ACU_score_discretized,MCC,f1_score,cohen_kappa,PPV_score,NPV_score,FPR_score,FDR_score,PLR_score,NLR_score,DOR_score
0.9255397166041808,0.49692356773567486,12902,1821,0.1539961013645224,434,0.8460038986354775,0.8763159682130001,0.8611599334242388,0.8752953531110528,0.19246119733924613,0.8611599334242388,0.36690957929792056,0.3135838150289017,0.2737411582820488,0.19246119733924613,0.9939141822663894,0.12368403178699994,0.8075388026607538,6.8400414056068835,0.1757312509990594,38.92330684906747
