ROC_AUC_score,prediction_threshold,TN,FP,FN,TP,sensitivity,specificity,BA,Accuracy,precision,ROC_ACU_score_discretized,MCC,f1_score,cohen_kappa,PPV_score,NPV_score,FPR_score,FDR_score,PLR_score,NLR_score,DOR_score
0.9311498380752931,0.49692356773567486,16118,2286,0.14797507788161993,547,0.8520249221183801,0.8757878722016953,0.8639063971600377,0.8749868738842802,0.19308153900458877,0.8639063971600377,0.36913764189756887,0.3148201438848921,0.2749720299578823,0.19308153900458877,0.9941405045333991,0.12421212779830472,0.8069184609954112,6.859434237386994,0.1689622368366629,40.59743979371001
