ROC_AUC_score,prediction_threshold,TN,FP,FN,TP,sensitivity,specificity,BA,Accuracy,precision,ROC_ACU_score_discretized,MCC,f1_score,cohen_kappa,PPV_score,NPV_score,FPR_score,FDR_score,PLR_score,NLR_score,DOR_score
0.924893342278243,0.46222331251453974,12547,2176,0.13255360623781676,445,0.8674463937621832,0.8522040345038375,0.8598252141330104,0.8527172486216855,0.1697825257535292,0.8598252141330104,0.34395473215116557,0.2839821314613912,0.24125119134333184,0.1697825257535292,0.9946095917558462,0.14779596549616247,0.8302174742464709,5.869215650441463,0.1555421012703735,37.73393571583045
