ROC_AUC_score,prediction_threshold,TN,FP,FN,TP,sensitivity,specificity,BA,Accuracy,precision,ROC_ACU_score_discretized,MCC,f1_score,cohen_kappa,PPV_score,NPV_score,FPR_score,FDR_score,PLR_score,NLR_score,DOR_score
0.9304807941657003,0.46222331251453974,15841,2563,0.12461059190031153,562,0.8753894080996885,0.8607367963486199,0.8680631022241542,0.8612307046098918,0.17984,0.8680631022241542,0.3587283684002036,0.2983806742766127,0.25681725553136847,0.17984,0.9949751900006281,0.13926320365138015,0.82016,6.285862921056054,0.144772005134356,43.41904994147483
