ROC_AUC_score,prediction_threshold,TN,FP,FN,TP,sensitivity,specificity,BA,Accuracy,precision,ROC_ACU_score_discretized,MCC,f1_score,cohen_kappa,PPV_score,NPV_score,FPR_score,FDR_score,PLR_score,NLR_score,DOR_score
0.9332862785534402,0.5341709890851072,12948,1775,0.14619883040935672,438,0.8538011695906432,0.8794403314541873,0.8666207505224153,0.8785770543449725,0.19792137370085855,0.8666207505224153,0.37536834811144126,0.32134996331621424,0.2821041434693471,0.19792137370085855,0.9942409583045381,0.12055966854581267,0.8020786262991414,7.081980067539741,0.16624076151660178,42.60074366197181
