ROC_AUC_score,prediction_threshold,TN,FP,FN,TP,sensitivity,specificity,BA,Accuracy,precision,ROC_ACU_score_discretized,MCC,f1_score,cohen_kappa,PPV_score,NPV_score,FPR_score,FDR_score,PLR_score,NLR_score,DOR_score
0.933359587276503,0.5341709890851072,16345,2059,0.14641744548286603,548,0.8535825545171339,0.8881221473592698,0.8708523509382018,0.8869578914207707,0.21020329881089375,0.8708523509382018,0.3894452804559255,0.3373345644813789,0.2994380646317075,0.21020329881089375,0.9942818906259505,0.11187785264073027,0.7897967011891063,7.629593653877288,0.16486183338431734,46.27871410414062
