ROC_AUC_score,prediction_threshold,TN,FP,FN,TP,sensitivity,specificity,BA,Accuracy,precision,ROC_ACU_score_discretized,MCC,f1_score,cohen_kappa,PPV_score,NPV_score,FPR_score,FDR_score,PLR_score,NLR_score,DOR_score
0.9290359900218446,0.48668764790473645,12805,1918,0.1286549707602339,447,0.8713450292397661,0.8697276370304965,0.8705363331351312,0.8697820950380677,0.1890063424947146,0.8705363331351312,0.3691440867646623,0.310632383599722,0.27025010768245583,0.1890063424947146,0.9948721933027737,0.1302723629695035,0.8109936575052854,6.688640701510467,0.14792558645083356,45.21625272537682
