ROC_AUC_score,prediction_threshold,TN,FP,FN,TP,sensitivity,specificity,BA,Accuracy,precision,ROC_ACU_score_discretized,MCC,f1_score,cohen_kappa,PPV_score,NPV_score,FPR_score,FDR_score,PLR_score,NLR_score,DOR_score
0.9314062837484197,0.48668764790473645,16046,2358,0.13551401869158877,555,0.8644859813084113,0.8718756792001738,0.8681808302542926,0.871626588260002,0.19052523171987643,0.8681808302542925,0.36922150270115817,0.3122362869198313,0.2720219994178986,0.19052523171987643,0.9946073265976569,0.12812432079982614,0.8094747682801235,6.747243426632738,0.15542814408575342,43.41069287239332
