{"performances": [0.9280730824465221, 0.9280625030045615, 0.9280112138699362, 0.9281453611939975, 0.9281189549068636, 0.9278789285276599, 0.9281589028797071, 0.9283296973907204, 0.9276921379004024, 0.9283746388601692], "mean": 0.928084542098054, "std": 0.00018892380674775098}