ROC_AUC_score,prediction_threshold,TN,FP,FN,TP,sensitivity,specificity,BA,Accuracy,precision,ROC_ACU_score_discretized,MCC,f1_score,cohen_kappa,PPV_score,NPV_score,FPR_score,FDR_score,PLR_score,NLR_score,DOR_score
0.9208607185135137,0.502776189228659,12803,1920,0.1539961013645224,434,0.8460038986354775,0.8695917951504449,0.8577978468929612,0.8687975846678918,0.18436703483432457,0.8577978468929612,0.3571327520153778,0.30275549354726194,0.26194778086815795,0.18436703483432457,0.9938674118925632,0.13040820484955512,0.8156329651656754,6.487351770630282,0.17709010391235366,36.63305643459916
