ROC_AUC_score,prediction_threshold,TN,FP,FN,TP,sensitivity,specificity,BA,Accuracy,precision,ROC_ACU_score_discretized,MCC,f1_score,cohen_kappa,PPV_score,NPV_score,FPR_score,FDR_score,PLR_score,NLR_score,DOR_score
0.9264756713459961,0.502776189228659,16110,2294,0.13707165109034267,554,0.8629283489096573,0.8753531840904152,0.8691407665000362,0.8749343694214008,0.19452247191011235,0.8691407665000362,0.37363275470215285,0.31747851002865324,0.2777440873256519,0.19452247191011235,0.9945672305222867,0.12464681590958487,0.8054775280898876,6.922987503632668,0.15659010966273537,44.21088610604741
