ROC_AUC_score,prediction_threshold,TN,FP,FN,TP,sensitivity,specificity,BA,Accuracy,precision,ROC_ACU_score_discretized,MCC,f1_score,cohen_kappa,PPV_score,NPV_score,FPR_score,FDR_score,PLR_score,NLR_score,DOR_score
0.9339719755288665,0.5495689522799276,13079,1644,0.14035087719298245,441,0.8596491228070176,0.8883379745975685,0.873993548702293,0.8873720136518771,0.21151079136690648,0.8739935487022931,0.39257128226413696,0.3394919168591224,0.3017564027354188,0.21151079136690648,0.9945251311687324,0.11166202540243157,0.7884892086330936,7.698670337644601,0.15799265730654335,48.728026155717785
