ROC_AUC_score,prediction_threshold,TN,FP,FN,TP,sensitivity,specificity,BA,Accuracy,precision,ROC_ACU_score_discretized,MCC,f1_score,cohen_kappa,PPV_score,NPV_score,FPR_score,FDR_score,PLR_score,NLR_score,DOR_score
0.9339720946482583,0.5495689522799276,16326,2078,0.13551401869158877,555,0.8644859813084113,0.8870897630949793,0.8757878722016953,0.8863278378662186,0.21078617546524878,0.8757878722016953,0.3929858992436602,0.3389312977099237,0.3010479655538909,0.21078617546524878,0.9946993237068178,0.11291023690502065,0.7892138245347512,7.656400384985562,0.1527624647801053,50.11964422023831
