ROC_AUC_score,prediction_threshold,TN,FP,FN,TP,sensitivity,specificity,BA,Accuracy,precision,ROC_ACU_score_discretized,MCC,f1_score,cohen_kappa,PPV_score,NPV_score,FPR_score,FDR_score,PLR_score,NLR_score,DOR_score
0.9315146409345605,0.5043785244325739,12952,1771,0.13840155945419103,442,0.8615984405458089,0.8797120152142905,0.8706552278800497,0.8791021265423996,0.19972887483054677,0.8706552278800498,0.3794990883902452,0.3242846661775496,0.2852085579840743,0.19972887483054677,0.9945481071949628,0.12028798478570943,0.8002711251694532,7.16279719941047,0.1573259851639944,45.528379764754504
