ROC_AUC_score,prediction_threshold,TN,FP,FN,TP,sensitivity,specificity,BA,Accuracy,precision,ROC_ACU_score_discretized,MCC,f1_score,cohen_kappa,PPV_score,NPV_score,FPR_score,FDR_score,PLR_score,NLR_score,DOR_score
0.9242219116662299,0.5043785244325739,16077,2327,0.16043613707165108,539,0.839563862928349,0.8735600956313845,0.8565619792798667,0.8724141552031923,0.18806699232379623,0.8565619792798667,0.359965850852645,0.3072976054732041,0.2669211161428533,0.18806699232379623,0.9936341161928307,0.12643990436861552,0.8119330076762038,6.640022919352528,0.1836578134394891,36.15431761382839
