ROC_AUC_score,prediction_threshold,TN,FP,FN,TP,sensitivity,specificity,BA,Accuracy,precision,ROC_ACU_score_discretized,MCC,f1_score,cohen_kappa,PPV_score,NPV_score,FPR_score,FDR_score,PLR_score,NLR_score,DOR_score
0.9355786433791846,0.44879334587155706,12546,2177,0.11306042884990253,455,0.8869395711500975,0.8521361135638117,0.8695378423569546,0.8533079548437911,0.17287234042553193,0.8695378423569545,0.35265383683381973,0.2893481717011129,0.24690670199749698,0.17287234042553193,0.9953982862583307,0.14786388643618828,0.8271276595744681,5.998351541590667,0.13267883739495576,45.209557600620904
