ROC_AUC_score,prediction_threshold,TN,FP,FN,TP,sensitivity,specificity,BA,Accuracy,precision,ROC_ACU_score_discretized,MCC,f1_score,cohen_kappa,PPV_score,NPV_score,FPR_score,FDR_score,PLR_score,NLR_score,DOR_score
0.9349037626250831,0.44879334587155706,15578,2826,0.1043613707165109,575,0.8956386292834891,0.8464464246902847,0.8710425269868869,0.8481045888900557,0.16906792119964717,0.871042526986887,0.349692414198709,0.28444224585703687,0.24142289369249392,0.16906792119964717,0.9957174816235219,0.15355357530971528,0.8309320788003528,5.832743571597076,0.12329353361578288,47.307781686049616
