ROC_AUC_score,prediction_threshold,TN,FP,FN,TP,sensitivity,specificity,BA,Accuracy,precision,ROC_ACU_score_discretized,MCC,f1_score,cohen_kappa,PPV_score,NPV_score,FPR_score,FDR_score,PLR_score,NLR_score,DOR_score
0.9326445382097656,0.616780260101581,13424,1299,0.16764132553606237,427,0.8323586744639376,0.9117706989064729,0.8720646866852053,0.9090968758204253,0.2473928157589803,0.8720646866852053,0.4235037072429276,0.38142027690933455,0.34755069238867176,0.2473928157589803,0.9936343449296817,0.08822930109352714,0.7526071842410197,9.434039079393807,0.18386347108666912,51.3100238108026
