ROC_AUC_score,prediction_threshold,TN,FP,FN,TP,sensitivity,specificity,BA,Accuracy,precision,ROC_ACU_score_discretized,MCC,f1_score,cohen_kappa,PPV_score,NPV_score,FPR_score,FDR_score,PLR_score,NLR_score,DOR_score
0.9338475111397293,0.616780260101581,16811,1593,0.19314641744548286,518,0.8068535825545171,0.9134427298413388,0.860148156197928,0.9098498372361651,0.24538133585978208,0.860148156197928,0.4140932016618028,0.3763167453686887,0.34231830291240406,0.24538133585978208,0.9926778860348391,0.08655727015866116,0.7546186641402179,9.32161540071144,0.2114488529335951,44.08449263916729
