ROC_AUC_score,prediction_threshold,TN,FP,FN,TP,sensitivity,specificity,BA,Accuracy,precision,ROC_ACU_score_discretized,MCC,f1_score,cohen_kappa,PPV_score,NPV_score,FPR_score,FDR_score,PLR_score,NLR_score,DOR_score
0.9292815910817819,0.5717002126904529,13209,1514,0.1539961013645224,434,0.8460038986354775,0.8971676968009237,0.8715857977182007,0.8954449986873195,0.22279260780287474,0.8715857977182007,0.4014409344123225,0.3527021535960992,0.3162563933305289,0.22279260780287474,0.9940547862733293,0.10283230319907627,0.7772073921971252,8.227024702516598,0.1716469528647032,47.92991990368372
