ROC_AUC_score,prediction_threshold,TN,FP,FN,TP,sensitivity,specificity,BA,Accuracy,precision,ROC_ACU_score_discretized,MCC,f1_score,cohen_kappa,PPV_score,NPV_score,FPR_score,FDR_score,PLR_score,NLR_score,DOR_score
0.9327250746654695,0.5717002126904529,16460,1944,0.16666666666666666,535,0.8333333333333334,0.894370788958922,0.8638520611461277,0.8923133466344639,0.21581282775312627,0.8638520611461278,0.39031771435092105,0.34283883370714513,0.3056581524943418,0.21581282775312627,0.9935413774370737,0.10562921104107803,0.7841871722468737,7.88923182441701,0.18635074929121098,42.335390946502066
