ROC_AUC_score,prediction_threshold,TN,FP,FN,TP,sensitivity,specificity,BA,Accuracy,precision,ROC_ACU_score_discretized,MCC,f1_score,cohen_kappa,PPV_score,NPV_score,FPR_score,FDR_score,PLR_score,NLR_score,DOR_score
0.928100058004218,0.5294997828695249,13073,1650,0.16569200779727095,428,0.834307992202729,0.8879304489574136,0.8611192205800713,0.8861249671829876,0.20596727622714148,0.8611192205800713,0.37959433808656934,0.3303743728290236,0.2921448457344985,0.20596727622714148,0.9935400516795866,0.11206955104258642,0.7940327237728585,7.444555496485321,0.18660471435777717,39.89478787878787
