ROC_AUC_score,prediction_threshold,TN,FP,FN,TP,sensitivity,specificity,BA,Accuracy,precision,ROC_ACU_score_discretized,MCC,f1_score,cohen_kappa,PPV_score,NPV_score,FPR_score,FDR_score,PLR_score,NLR_score,DOR_score
0.9328297688231125,0.5294997828695249,16254,2150,0.16199376947040497,538,0.838006230529595,0.883177570093458,0.8605919003115265,0.881654940669957,0.20014880952380953,0.8605919003115264,0.3738435182247649,0.32312312312312313,0.28416868278131047,0.20014880952380953,0.9936422545543465,0.11682242990654206,0.7998511904761905,7.173333333333336,0.1834215167548501,39.10846153846155
