ROC_AUC_score,prediction_threshold,TN,FP,FN,TP,sensitivity,specificity,BA,Accuracy,precision,ROC_ACU_score_discretized,MCC,f1_score,cohen_kappa,PPV_score,NPV_score,FPR_score,FDR_score,PLR_score,NLR_score,DOR_score
0.9312441220620467,0.5548722434649507,16549,1855,0.15109034267912771,545,0.8489096573208723,0.8992066941969137,0.874058175758893,0.8975112884595191,0.22708333333333333,0.874058175758893,0.4068480207016277,0.35831689677843526,0.32226981563404566,0.22708333333333333,0.9941727742400577,0.10079330580308629,0.7729166666666667,8.422282120395325,0.16802626543396373,50.12479506488454
