ROC_AUC_score,prediction_threshold,TN,FP,FN,TP,sensitivity,specificity,BA,Accuracy,precision,ROC_ACU_score_discretized,MCC,f1_score,cohen_kappa,PPV_score,NPV_score,FPR_score,FDR_score,PLR_score,NLR_score,DOR_score
0.9360916914154421,0.49876671973633246,12810,1913,0.11695906432748537,453,0.8830409356725146,0.8700672417306256,0.8765540887015701,0.8705040693095301,0.19146238377007607,0.8765540887015701,0.3750745166607501,0.31469260159777707,0.2745449662677696,0.19146238377007607,0.9953379953379954,0.12993275826937445,0.8085376162299239,6.7961378441748215,0.13442531647881087,50.55697856769472
