ROC_AUC_score,prediction_threshold,TN,FP,FN,TP,sensitivity,specificity,BA,Accuracy,precision,ROC_ACU_score_discretized,MCC,f1_score,cohen_kappa,PPV_score,NPV_score,FPR_score,FDR_score,PLR_score,NLR_score,DOR_score
0.9267098578732377,0.49876671973633246,15984,2420,0.14018691588785046,552,0.8598130841121495,0.8685068463377527,0.8641599652249511,0.8682137981728447,0.1857335127860027,0.8641599652249511,0.36220916605500264,0.3054786939679026,0.2647145951141159,0.1857335127860027,0.9944008958566629,0.13149315366224734,0.8142664872139973,6.538842975206611,0.16141141141141144,40.51041322314049
