ROC_AUC_score,prediction_threshold,TN,FP,FN,TP,sensitivity,specificity,BA,Accuracy,precision,ROC_ACU_score_discretized,MCC,f1_score,cohen_kappa,PPV_score,NPV_score,FPR_score,FDR_score,PLR_score,NLR_score,DOR_score
0.934049032033925,0.5648481843244909,13226,1497,0.1617933723196881,430,0.8382066276803118,0.8983223527813625,0.8682644902308372,0.8962982410081386,0.22314478463933576,0.8682644902308372,0.3996990431491532,0.3524590163934426,0.31608684379536567,0.22314478463933576,0.9937636186039522,0.1016776472186375,0.7768552153606643,8.243764982857204,0.18010614098463396,45.77170405067162
