ROC_AUC_score,prediction_threshold,TN,FP,FN,TP,sensitivity,specificity,BA,Accuracy,precision,ROC_ACU_score_discretized,MCC,f1_score,cohen_kappa,PPV_score,NPV_score,FPR_score,FDR_score,PLR_score,NLR_score,DOR_score
0.9327648533672417,0.5648481843244909,16520,1884,0.1542056074766355,543,0.8457943925233645,0.8976309497935231,0.8717126711584438,0.8958836501102594,0.22373300370828184,0.8717126711584439,0.4023682051364017,0.35386119257087,0.31747357674057064,0.22373300370828184,0.9940429628738191,0.10236905020647685,0.7762669962917181,8.262208067940549,0.1717917675544794,48.09431898603872
