ROC_AUC_score,prediction_threshold,TN,FP,FN,TP,sensitivity,specificity,BA,Accuracy,precision,ROC_ACU_score_discretized,MCC,f1_score,cohen_kappa,PPV_score,NPV_score,FPR_score,FDR_score,PLR_score,NLR_score,DOR_score
0.9212307750970851,0.5428470020039355,13112,1611,0.17153996101364521,425,0.8284600389863548,0.8905793656184201,0.8595197023023875,0.8884877920714098,0.2087426326129666,0.8595197023023876,0.3811831347777106,0.3334641035700275,0.29557456062198084,0.2087426326129666,0.9933333333333333,0.10942063438157984,0.7912573673870335,7.5713328081912445,0.19261614139749075,39.30788330229669
