ROC_AUC_score,prediction_threshold,TN,FP,FN,TP,sensitivity,specificity,BA,Accuracy,precision,ROC_ACU_score_discretized,MCC,f1_score,cohen_kappa,PPV_score,NPV_score,FPR_score,FDR_score,PLR_score,NLR_score,DOR_score
0.9258465754092465,0.5428470020039355,16395,2009,0.16978193146417445,533,0.8302180685358256,0.8908389480547707,0.8605285082952981,0.8887955476215478,0.20967741935483872,0.8605285082952981,0.3826580491315343,0.33479899497487436,0.29695961570019846,0.20967741935483872,0.9933955404750363,0.10916105194522929,0.7903225806451613,7.605442176870749,0.190586560943377,39.90544841789929
