ROC_AUC_score,prediction_threshold,TN,FP,FN,TP,sensitivity,specificity,BA,Accuracy,precision,ROC_ACU_score_discretized,MCC,f1_score,cohen_kappa,PPV_score,NPV_score,FPR_score,FDR_score,PLR_score,NLR_score,DOR_score
0.9233998759946347,0.528098284621789,12990,1733,0.15984405458089668,431,0.8401559454191033,0.8822930109352713,0.8612244781771874,0.8808742452087162,0.19916820702402957,0.8612244781771873,0.37330547445136614,0.32200224131490474,0.28297008378357713,0.19916820702402957,0.9937270501835985,0.11770698906472865,0.8008317929759704,7.137689546685204,0.18116890035369837,39.3979846030428
