ROC_AUC_score,prediction_threshold,TN,FP,FN,TP,sensitivity,specificity,BA,Accuracy,precision,ROC_ACU_score_discretized,MCC,f1_score,cohen_kappa,PPV_score,NPV_score,FPR_score,FDR_score,PLR_score,NLR_score,DOR_score
0.9268733737281819,0.528098284621789,16283,2121,0.14797507788161993,547,0.8520249221183801,0.8847533144968485,0.8683891183076142,0.883650110259372,0.20502248875562218,0.8683891183076142,0.3831219806628319,0.33051359516616313,0.29204327630643756,0.20502248875562218,0.994199535962877,0.1152466855031515,0.7949775112443778,7.39305359107339,0.1672500972384286,44.2035832154644
