ROC_AUC_score,prediction_threshold,TN,FP,FN,TP,sensitivity,specificity,BA,Accuracy,precision,ROC_ACU_score_discretized,MCC,f1_score,cohen_kappa,PPV_score,NPV_score,FPR_score,FDR_score,PLR_score,NLR_score,DOR_score
0.9268058529579172,0.44965097592166703,12713,2010,0.14035087719298245,441,0.8596491228070176,0.863478910548122,0.8615640166775698,0.8633499606195852,0.1799265605875153,0.8615640166775698,0.3550177071819453,0.2975708502024291,0.25614920541971165,0.1799265605875153,0.9943684004693,0.13652108945187802,0.8200734394124847,6.2968229030287155,0.16254117556141592,38.7398631840796
