ROC_AUC_score,prediction_threshold,TN,FP,FN,TP,sensitivity,specificity,BA,Accuracy,precision,ROC_ACU_score_discretized,MCC,f1_score,cohen_kappa,PPV_score,NPV_score,FPR_score,FDR_score,PLR_score,NLR_score,DOR_score
0.9299833911224773,0.44965097592166703,15881,2523,0.1277258566978193,560,0.8722741433021807,0.8629102369050207,0.8675921901036007,0.863225874199307,0.181641258514434,0.8675921901036008,0.36022668256680923,0.30067114093959735,0.2593450405236609,0.181641258514434,0.9948631209672367,0.13708976309497936,0.818358741485566,6.3627956136874095,0.1480175471737716,42.986765658381906
