ROC_AUC_score,prediction_threshold,TN,FP,FN,TP,sensitivity,specificity,BA,Accuracy,precision,ROC_ACU_score_discretized,MCC,f1_score,cohen_kappa,PPV_score,NPV_score,FPR_score,FDR_score,PLR_score,NLR_score,DOR_score
0.926319020021319,0.453293611506371,12572,2151,0.12280701754385964,450,0.8771929824561403,0.8539020580044828,0.8655475202303116,0.8546862693620373,0.17301038062283736,0.8655475202303117,0.35048777723245567,0.2890173410404624,0.2466434123890333,0.17301038062283736,0.9950138504155125,0.1460979419955172,0.8269896193771626,6.004143319712579,0.1438186222795296,41.74802417480242
