ROC_AUC_score,prediction_threshold,TN,FP,FN,TP,sensitivity,specificity,BA,Accuracy,precision,ROC_ACU_score_discretized,MCC,f1_score,cohen_kappa,PPV_score,NPV_score,FPR_score,FDR_score,PLR_score,NLR_score,DOR_score
0.9257807289624836,0.453293611506371,15723,2681,0.13551401869158877,555,0.8644859813084113,0.8543251467072376,0.8594055640078244,0.8546676467499738,0.1715080346106304,0.8594055640078243,0.345436501641258,0.2862300154718927,0.24368334121316693,0.1715080346106304,0.9944971537001898,0.14567485329276245,0.8284919653893696,5.934352853412907,0.1586211282834064,37.4121210562194
