ROC_AUC_score,prediction_threshold,TN,FP,FN,TP,sensitivity,specificity,BA,Accuracy,precision,ROC_ACU_score_discretized,MCC,f1_score,cohen_kappa,PPV_score,NPV_score,FPR_score,FDR_score,PLR_score,NLR_score,DOR_score
0.9153129149482867,0.4360923910607708,12390,2333,0.1267056530214425,448,0.8732943469785575,0.8415404469197854,0.8574173969491714,0.8426096088212129,0.16109313196691838,0.8574173969491714,0.33380294307300157,0.27200971463266543,0.22812634060390902,0.16109313196691838,0.9947812123645122,0.15845955308021464,0.8389068680330817,5.511149880225161,0.15056394910691676,36.60338290085395
