ROC_AUC_score,prediction_threshold,TN,FP,FN,TP,sensitivity,specificity,BA,Accuracy,precision,ROC_ACU_score_discretized,MCC,f1_score,cohen_kappa,PPV_score,NPV_score,FPR_score,FDR_score,PLR_score,NLR_score,DOR_score
0.9346396151182086,0.4360923910607708,15521,2883,0.11838006230529595,566,0.881619937694704,0.8433492718974136,0.8624846047960588,0.8446392943400189,0.16410553783705423,0.8624846047960588,0.33976297831796154,0.27670496211195306,0.23311832966904966,0.16410553783705423,0.9951272680643714,0.1566507281025864,0.8358944621629458,5.627933865186726,0.14036896248093983,40.09386238749839
