ROC_AUC_score,prediction_threshold,TN,FP,FN,TP,sensitivity,specificity,BA,Accuracy,precision,ROC_ACU_score_discretized,MCC,f1_score,cohen_kappa,PPV_score,NPV_score,FPR_score,FDR_score,PLR_score,NLR_score,DOR_score
0.9365256969542425,0.502841057921827,12888,1835,0.11695906432748537,453,0.8830409356725146,0.8753650750526387,0.8792030053625767,0.8756235232344447,0.1979895104895105,0.8792030053625767,0.3829386919725335,0.32345590860407,0.2840748940428005,0.1979895104895105,0.995366079703429,0.12463492494736127,0.8020104895104895,7.085019997769173,0.13361175543866907,53.026920980926434
