ROC_AUC_score,prediction_threshold,TN,FP,FN,TP,sensitivity,specificity,BA,Accuracy,precision,ROC_ACU_score_discretized,MCC,f1_score,cohen_kappa,PPV_score,NPV_score,FPR_score,FDR_score,PLR_score,NLR_score,DOR_score
0.9324470469307432,0.502841057921827,16001,2403,0.14485981308411214,549,0.8551401869158879,0.869430558574223,0.8622853727450555,0.8689488606531555,0.18597560975609756,0.8622853727450555,0.36133850775797005,0.3055091819699499,0.26479874501082235,0.18597560975609756,0.9942214489872002,0.130569441425777,0.8140243902439024,6.549313358302124,0.16661458658833816,39.3081631831179
