ROC_AUC_score,prediction_threshold,TN,FP,FN,TP,sensitivity,specificity,BA,Accuracy,precision,ROC_ACU_score_discretized,MCC,f1_score,cohen_kappa,PPV_score,NPV_score,FPR_score,FDR_score,PLR_score,NLR_score,DOR_score
0.936046410788758,0.5182457724214826,12889,1834,0.1267056530214425,448,0.8732943469785575,0.8754329959926646,0.874363671485611,0.8753609871357312,0.19631901840490798,0.8743636714856111,0.37846068033047037,0.32057245080500896,0.28104373579017705,0.19631901840490798,0.9949822448664505,0.12456700400733546,0.803680981595092,7.010639405978901,0.14473483819029392,48.437815619495
