ROC_AUC_score,prediction_threshold,TN,FP,FN,TP,sensitivity,specificity,BA,Accuracy,precision,ROC_ACU_score_discretized,MCC,f1_score,cohen_kappa,PPV_score,NPV_score,FPR_score,FDR_score,PLR_score,NLR_score,DOR_score
0.9265305151731205,0.5182457724214826,16089,2315,0.13395638629283488,556,0.8660436137071651,0.8742121277983047,0.8701278707527349,0.8739367846266932,0.19366074538488331,0.8701278707527349,0.3733934281253888,0.31653857102191857,0.2766872806171323,0.19366074538488331,0.9946831530139103,0.1257878722016953,0.8063392546151167,6.8849532037437,0.1532309859738538,44.93185996283087
