ROC_AUC_score,prediction_threshold,TN,FP,FN,TP,sensitivity,specificity,BA,Accuracy,precision,ROC_ACU_score_discretized,MCC,f1_score,cohen_kappa,PPV_score,NPV_score,FPR_score,FDR_score,PLR_score,NLR_score,DOR_score
0.9237168403814218,0.5376777428233788,13005,1718,0.14230019493177387,440,0.8576998050682261,0.8833118250356585,0.8705058150519422,0.8824494618009976,0.20389249304911955,0.8705058150519424,0.3833411806989827,0.32946461999251214,0.29088380917375656,0.20389249304911955,0.9944181067441504,0.1166881749643415,0.7961075069508804,7.350357526204596,0.16109848288969683,45.62648508141037
