ROC_AUC_score,prediction_threshold,TN,FP,FN,TP,sensitivity,specificity,BA,Accuracy,precision,ROC_ACU_score_discretized,MCC,f1_score,cohen_kappa,PPV_score,NPV_score,FPR_score,FDR_score,PLR_score,NLR_score,DOR_score
0.9222751250743947,0.5376777428233788,16193,2211,0.1542056074766355,543,0.8457943925233645,0.8798630732449467,0.8628287328841556,0.8787146907487137,0.19716775599128541,0.8628287328841557,0.3723798095042714,0.31978798586572443,0.2804493910121797,0.19716775599128541,0.993923397986742,0.12013692675505325,0.8028322440087146,7.0402532790592485,0.175260915210276,40.17012732480847
