ROC_AUC_score,prediction_threshold,TN,FP,FN,TP,sensitivity,specificity,BA,Accuracy,precision,ROC_ACU_score_discretized,MCC,f1_score,cohen_kappa,PPV_score,NPV_score,FPR_score,FDR_score,PLR_score,NLR_score,DOR_score
0.9309402919329386,0.549898457137883,13141,1582,0.17153996101364521,425,0.8284600389863548,0.8925490728791686,0.8605045559327618,0.8903911787870832,0.21175884404583956,0.8605045559327617,0.38455671330446767,0.33730158730158727,0.2997456099315222,0.21175884404583956,0.9933479476906796,0.10745092712083135,0.7882411559541604,7.710124623259228,0.19219106962970084,40.116976496954365
