ROC_AUC_score,prediction_threshold,TN,FP,FN,TP,sensitivity,specificity,BA,Accuracy,precision,ROC_ACU_score_discretized,MCC,f1_score,cohen_kappa,PPV_score,NPV_score,FPR_score,FDR_score,PLR_score,NLR_score,DOR_score
0.9311737052963566,0.549898457137883,16422,1982,0.16043613707165108,539,0.839563862928349,0.8923060204303412,0.8659349416793451,0.8905281948965662,0.2138040460134867,0.865934941679345,0.38976276326547915,0.34081568131520706,0.3033850011825169,0.2138040460134867,0.993767019667171,0.10769397956965877,0.7861959539865133,7.795829128826103,0.17979945601428973,43.35846893889669
