ROC_AUC_score,prediction_threshold,TN,FP,FN,TP,sensitivity,specificity,BA,Accuracy,precision,ROC_ACU_score_discretized,MCC,f1_score,cohen_kappa,PPV_score,NPV_score,FPR_score,FDR_score,PLR_score,NLR_score,DOR_score
0.9276739964350114,0.5338790724239543,13183,1540,0.15984405458089668,431,0.8401559454191033,0.8954017523602527,0.867778848889678,0.893541611971646,0.21867072552004058,0.8677788488896779,0.3953453582696765,0.34702093397745576,0.3101605857395291,0.21867072552004058,0.993818318884282,0.10459824763974733,0.7813292744799594,8.032218171691856,0.17851657555901856,44.994242952169785
