ROC_AUC_score,prediction_threshold,TN,FP,FN,TP,sensitivity,specificity,BA,Accuracy,precision,ROC_ACU_score_discretized,MCC,f1_score,cohen_kappa,PPV_score,NPV_score,FPR_score,FDR_score,PLR_score,NLR_score,DOR_score
0.9244272374758027,0.5338790724239543,16302,2102,0.16978193146417445,533,0.8302180685358256,0.8857856987611389,0.8580018836484822,0.8839126325737687,0.20227703984819734,0.8580018836484822,0.37426662526163734,0.32529752822703684,0.28662681307845406,0.20227703984819734,0.9933581134604839,0.11421430123886112,0.7977229601518027,7.268950206152871,0.19167382325277058,37.92354158119398
