ROC_AUC_score,prediction_threshold,TN,FP,FN,TP,sensitivity,specificity,BA,Accuracy,precision,ROC_ACU_score_discretized,MCC,f1_score,cohen_kappa,PPV_score,NPV_score,FPR_score,FDR_score,PLR_score,NLR_score,DOR_score
0.9224652679719403,0.4904460363804902,12771,1952,0.1442495126705653,439,0.8557504873294347,0.8674183250696189,0.8615844061995268,0.8670254660015753,0.1836051861145964,0.8615844061995268,0.35862427608578384,0.3023415977961432,0.26138963133244697,0.1836051861145964,0.9942390035033086,0.13258167493038103,0.8163948138854036,6.454515586552901,0.1662975158600527,38.81306075542754
