ROC_AUC_score,prediction_threshold,TN,FP,FN,TP,sensitivity,specificity,BA,Accuracy,precision,ROC_ACU_score_discretized,MCC,f1_score,cohen_kappa,PPV_score,NPV_score,FPR_score,FDR_score,PLR_score,NLR_score,DOR_score
0.9277706796775183,0.4904460363804902,15873,2531,0.1308411214953271,558,0.8691588785046729,0.8624755487937404,0.8658172136492066,0.8627008295705135,0.18064098413726126,0.8658172136492067,0.3582062695019547,0.2991155186277138,0.25768280041463987,0.18064098413726126,0.9947358526038729,0.1375244512062595,0.8193590158627387,6.320031608060053,0.15170415170415172,41.66024157588755
