{"performances": [0.9251288660666346, 0.9246304473969833, 0.924752661110513, 0.9240567877361077, 0.9249765221024009, 0.9247172834565965, 0.9244516971456158, 0.9248835922842183, 0.9244381554599062, 0.92410892322609], "mean": 0.9246144935985067, "std": 0.00033499304035403}