ROC_AUC_score,prediction_threshold,TN,FP,FN,TP,sensitivity,specificity,BA,Accuracy,precision,ROC_ACU_score_discretized,MCC,f1_score,cohen_kappa,PPV_score,NPV_score,FPR_score,FDR_score,PLR_score,NLR_score,DOR_score
0.9232861448299521,0.6112084857447335,13384,1339,0.1949317738791423,413,0.8050682261208577,0.9090538613054404,0.8570610437131491,0.9055526384877921,0.23573059360730594,0.857061043713149,0.403787510348098,0.36467991169977926,0.32976852400410506,0.23573059360730594,0.9925838030258084,0.09094613869455953,0.764269406392694,8.852143012081688,0.21443368998973492,41.28149365197906
