ROC_AUC_score,prediction_threshold,TN,FP,FN,TP,sensitivity,specificity,BA,Accuracy,precision,ROC_ACU_score_discretized,MCC,f1_score,cohen_kappa,PPV_score,NPV_score,FPR_score,FDR_score,PLR_score,NLR_score,DOR_score
0.9321894163601168,0.6112084857447335,16715,1689,0.1806853582554517,526,0.8193146417445483,0.908226472505977,0.8637705571252626,0.9052294445027828,0.23747178329571106,0.8637705571252627,0.40958056610313776,0.3682184109205461,0.33337621325985645,0.23747178329571106,0.9931079555581962,0.09177352749402304,0.7625282167042889,8.927570554568781,0.1989430651111776,44.875002552009974
