ROC_AUC_score,prediction_threshold,TN,FP,FN,TP,sensitivity,specificity,BA,Accuracy,precision,ROC_ACU_score_discretized,MCC,f1_score,cohen_kappa,PPV_score,NPV_score,FPR_score,FDR_score,PLR_score,NLR_score,DOR_score
0.9283823337237795,0.5496822958163069,13167,1556,0.15204678362573099,435,0.847953216374269,0.8943150173198398,0.8711341168470543,0.8927540036755054,0.21848317428427927,0.8711341168470546,0.39724286187618035,0.347444089456869,0.31052671779783514,0.21848317428427927,0.9941109852774632,0.1056849826801603,0.7815168257157208,8.023403087839569,0.17001479420685328,47.192381846944855
