ROC_AUC_score,prediction_threshold,TN,FP,FN,TP,sensitivity,specificity,BA,Accuracy,precision,ROC_ACU_score_discretized,MCC,f1_score,cohen_kappa,PPV_score,NPV_score,FPR_score,FDR_score,PLR_score,NLR_score,DOR_score
0.9351082420792988,0.5496822958163069,16398,2006,0.16978193146417445,533,0.8302180685358256,0.8910019560965008,0.8606100123161632,0.8889530610101859,0.20992516738873573,0.8606100123161632,0.38293580612855205,0.3351147437912606,0.2973028464769014,0.20992516738873573,0.9933967407766402,0.10899804390349924,0.7900748326112643,7.616816218012631,0.19055169329593036,39.97244047673495
