ROC_AUC_score,prediction_threshold,TN,FP,FN,TP,sensitivity,specificity,BA,Accuracy,precision,ROC_ACU_score_discretized,MCC,f1_score,cohen_kappa,PPV_score,NPV_score,FPR_score,FDR_score,PLR_score,NLR_score,DOR_score
0.9355399827271621,0.36893989960313434,12050,2673,0.07017543859649122,477,0.9298245614035088,0.81844732731101,0.8741359443572594,0.8221974271462326,0.15142857142857144,0.8741359443572594,0.33328801486378945,0.2604422604422605,0.21498225250738112,0.15142857142857144,0.997021347013073,0.18155267268899,0.8485714285714285,5.121514035744056,0.08574215622042658,59.7315750093528
