ROC_AUC_score,prediction_threshold,TN,FP,FN,TP,sensitivity,specificity,BA,Accuracy,precision,ROC_ACU_score_discretized,MCC,f1_score,cohen_kappa,PPV_score,NPV_score,FPR_score,FDR_score,PLR_score,NLR_score,DOR_score
0.924559522818079,0.36893989960313434,14989,3415,0.11059190031152648,571,0.8894080996884736,0.8144425124972832,0.8519253060928784,0.8169694424026043,0.14325137982940292,0.8519253060928783,0.3122647674181453,0.24675885911840967,0.20032682433964988,0.14325137982940292,0.9952855245683931,0.1855574875027168,0.856748620170597,4.793167398731088,0.1357884670980941,35.29878126739943
