ROC_AUC_score,prediction_threshold,TN,FP,FN,TP,sensitivity,specificity,BA,Accuracy,precision,ROC_ACU_score_discretized,MCC,f1_score,cohen_kappa,PPV_score,NPV_score,FPR_score,FDR_score,PLR_score,NLR_score,DOR_score
0.9306917780841502,0.4812444333008612,12755,1968,0.1286549707602339,447,0.8713450292397661,0.866331590029206,0.868838309634486,0.8665003938041481,0.18509316770186335,0.868838309634486,0.36433705173350994,0.30532786885245905,0.2644752650984312,0.18509316770186335,0.9948521956165666,0.133668409970794,0.8149068322981367,6.518705724337946,0.14850545938870435,43.89539449371767
