ROC_AUC_score,prediction_threshold,TN,FP,FN,TP,sensitivity,specificity,BA,Accuracy,precision,ROC_ACU_score_discretized,MCC,f1_score,cohen_kappa,PPV_score,NPV_score,FPR_score,FDR_score,PLR_score,NLR_score,DOR_score
0.9335181096348416,0.4812444333008612,15905,2499,0.11993769470404984,565,0.8800623052959502,0.8642143012388611,0.8721383032674057,0.864748503622808,0.1843994778067885,0.8721383032674056,0.3655931513601605,0.3049109552077712,0.26388184299245465,0.1843994778067885,0.9951820798398198,0.13578569876113888,0.8156005221932114,6.481259170334801,0.13878235355758142,46.7008881474668
