ROC_AUC_score,prediction_threshold,TN,FP,FN,TP,sensitivity,specificity,BA,Accuracy,precision,ROC_ACU_score_discretized,MCC,f1_score,cohen_kappa,PPV_score,NPV_score,FPR_score,FDR_score,PLR_score,NLR_score,DOR_score
0.9354026844526849,0.4952848820425344,12827,1896,0.1189083820662768,452,0.8810916179337231,0.8712218977110643,0.8761567578223937,0.8715542137043844,0.19250425894378195,0.8761567578223938,0.37584942726581544,0.3159734358615869,0.2759586983830563,0.19250425894378195,0.9952669149596524,0.1287781022889357,0.807495741056218,6.841936651285971,0.1364846113013015,50.129729542782
