ROC_AUC_score,prediction_threshold,TN,FP,FN,TP,sensitivity,specificity,BA,Accuracy,precision,ROC_ACU_score_discretized,MCC,f1_score,cohen_kappa,PPV_score,NPV_score,FPR_score,FDR_score,PLR_score,NLR_score,DOR_score
0.9331253161137258,0.4952848820425344,15960,2444,0.14797507788161993,547,0.8520249221183801,0.8672027820039122,0.8596138520611462,0.8666911687493437,0.18288197927114677,0.8596138520611462,0.35676042499839394,0.30112854390311034,0.2600600541600767,0.18288197927114677,0.9940828402366864,0.13279721799608782,0.8171180207288532,6.415984724495364,0.17063492063492058,37.60065466448447
