ROC_AUC_score,prediction_threshold,TN,FP,FN,TP,sensitivity,specificity,BA,Accuracy,precision,ROC_ACU_score_discretized,MCC,f1_score,cohen_kappa,PPV_score,NPV_score,FPR_score,FDR_score,PLR_score,NLR_score,DOR_score
0.9306351111010488,0.44741527126560504,12463,2260,0.1111111111111111,456,0.8888888888888888,0.8464986755416695,0.8676937822152792,0.8479259648201628,0.16789396170839468,0.8676937822152792,0.34658205537259673,0.2824403840198203,0.23935603438089392,0.16789396170839468,0.9954472843450479,0.1535013244583305,0.8321060382916053,5.790757128810225,0.13125963964445878,44.116814159292005
