ROC_AUC_score,prediction_threshold,TN,FP,FN,TP,sensitivity,specificity,BA,Accuracy,precision,ROC_ACU_score_discretized,MCC,f1_score,cohen_kappa,PPV_score,NPV_score,FPR_score,FDR_score,PLR_score,NLR_score,DOR_score
0.9287116575632683,0.44741527126560504,15639,2765,0.11838006230529595,566,0.881619937694704,0.8497609215387959,0.86569042961675,0.8508348209597816,0.1699189432602822,0.86569042961675,0.3474743151736771,0.28492323181474954,0.2420843437416632,0.1699189432602822,0.9951638561883551,0.15023907846120407,0.8300810567397178,5.868113321277877,0.13930984504550592,42.122746740268376
