ROC_AUC_score,prediction_threshold,TN,FP,FN,TP,sensitivity,specificity,BA,Accuracy,precision,ROC_ACU_score_discretized,MCC,f1_score,cohen_kappa,PPV_score,NPV_score,FPR_score,FDR_score,PLR_score,NLR_score,DOR_score
0.9354254571655202,0.48195088436554345,12813,1910,0.12085769980506822,451,0.8791423001949318,0.8702710045507029,0.8747066523728173,0.8705697033342085,0.19102075391783144,0.8747066523728174,0.3735567818070788,0.3138482950591511,0.2736672481604283,0.19102075391783144,0.9951844660194175,0.12972899544929703,0.8089792460821685,6.77676025432983,0.1388736372613767,48.79803242695489
