ROC_AUC_score,prediction_threshold,TN,FP,FN,TP,sensitivity,specificity,BA,Accuracy,precision,ROC_ACU_score_discretized,MCC,f1_score,cohen_kappa,PPV_score,NPV_score,FPR_score,FDR_score,PLR_score,NLR_score,DOR_score
0.9248751287306499,0.48195088436554345,16035,2369,0.14641744548286603,548,0.8535825545171339,0.8712779830471636,0.8624302687821488,0.8706815079281739,0.18786424408639013,0.8624302687821487,0.36325043880999663,0.30795167181792643,0.2674762488763539,0.18786424408639013,0.9941719883439767,0.12872201695283633,0.8121357559136099,6.631208667510903,0.16804905934934,39.459957069595745
