ROC_AUC_score,prediction_threshold,TN,FP,FN,TP,sensitivity,specificity,BA,Accuracy,precision,ROC_ACU_score_discretized,MCC,f1_score,cohen_kappa,PPV_score,NPV_score,FPR_score,FDR_score,PLR_score,NLR_score,DOR_score
0.925577582859244,0.503358606276504,12795,1928,0.13450292397660818,444,0.8654970760233918,0.8690484276302384,0.8672727518268151,0.8689288527172486,0.18718381112984822,0.8672727518268151,0.3654518672333427,0.30779896013864816,0.26722811427952686,0.18718381112984822,0.9946361940298507,0.1309515723697616,0.8128161888701517,6.609291208657881,0.1547703438614774,42.70386072523901
