ROC_AUC_score,prediction_threshold,TN,FP,FN,TP,sensitivity,specificity,BA,Accuracy,precision,ROC_ACU_score_discretized,MCC,f1_score,cohen_kappa,PPV_score,NPV_score,FPR_score,FDR_score,PLR_score,NLR_score,DOR_score
0.9285512732231447,0.503358606276504,16063,2341,0.12461059190031153,562,0.8753894080996885,0.8727993914366442,0.8740943997681663,0.8728866953691063,0.19359283499827765,0.8740943997681664,0.3756809621607774,0.3170662905500705,0.2771606946965147,0.19359283499827765,0.9950442916434368,0.1272006085633558,0.8064071650017224,6.8819592766623945,0.14277117184419683,48.20272319521571
