ROC_AUC_score,prediction_threshold,TN,FP,FN,TP,sensitivity,specificity,BA,Accuracy,precision,ROC_ACU_score_discretized,MCC,f1_score,cohen_kappa,PPV_score,NPV_score,FPR_score,FDR_score,PLR_score,NLR_score,DOR_score
0.9241986421372772,0.5042562396374537,12965,1758,0.15204678362573099,435,0.847953216374269,0.880594987434626,0.8642741019044475,0.8794959306904699,0.19835841313269495,0.8642741019044476,0.37437519627672544,0.32150776053215085,0.2823421714654796,0.19835841313269495,0.9940197807252933,0.1194050125653739,0.801641586867305,7.101487602206119,0.1726636942014375,41.12901461450948
