ROC_AUC_score,prediction_threshold,TN,FP,FN,TP,sensitivity,specificity,BA,Accuracy,precision,ROC_ACU_score_discretized,MCC,f1_score,cohen_kappa,PPV_score,NPV_score,FPR_score,FDR_score,PLR_score,NLR_score,DOR_score
0.9240830247521702,0.5042562396374537,16123,2281,0.16199376947040497,538,0.838006230529595,0.8760595522712454,0.8570328914004202,0.8747768560327628,0.1908478183753104,0.8570328914004202,0.36290687277658723,0.3108928055475296,0.27085516033182755,0.1908478183753104,0.9935909286990818,0.12394044772875462,0.8091521816246896,6.761361975741637,0.18491182368872627,36.565330657943555
