ROC_AUC_score,prediction_threshold,TN,FP,FN,TP,sensitivity,specificity,BA,Accuracy,precision,ROC_ACU_score_discretized,MCC,f1_score,cohen_kappa,PPV_score,NPV_score,FPR_score,FDR_score,PLR_score,NLR_score,DOR_score
0.9264437403439394,0.48176047995873905,12998,1725,0.1442495126705653,439,0.8557504873294347,0.8828363784554778,0.8692934328924562,0.8819243896035704,0.20286506469500923,0.8692934328924562,0.38164429186349214,0.327979081060889,0.2892910086648238,0.20286506469500923,0.9943390452876377,0.11716362154452217,0.7971349353049908,7.303892420261603,0.16339325858199208,44.70130826478651
