ROC_AUC_score,prediction_threshold,TN,FP,FN,TP,sensitivity,specificity,BA,Accuracy,precision,ROC_ACU_score_discretized,MCC,f1_score,cohen_kappa,PPV_score,NPV_score,FPR_score,FDR_score,PLR_score,NLR_score,DOR_score
0.9269674884438638,0.48176047995873905,16155,2249,0.14797507788161993,547,0.8520249221183801,0.877798304716366,0.8649116134173731,0.8769295390108159,0.19563662374821172,0.864911613417373,0.37217400925696387,0.31820826061663754,0.2786595022233288,0.19563662374821172,0.9941538461538462,0.12220169528363399,0.8043633762517882,6.972283978064325,0.16857526049726604,41.360066462287335
