ROC_AUC_score,prediction_threshold,TN,FP,FN,TP,sensitivity,specificity,BA,Accuracy,precision,ROC_ACU_score_discretized,MCC,f1_score,cohen_kappa,PPV_score,NPV_score,FPR_score,FDR_score,PLR_score,NLR_score,DOR_score
0.9230445157548115,0.46844946408680266,12602,2121,0.12475633528265107,449,0.8752436647173489,0.8559396862052571,0.865591675461303,0.8565896560777106,0.17470817120622567,0.865591675461303,0.352206063995088,0.29127473240350304,0.24912409321521178,0.17470817120622567,0.9949471024790778,0.1440603137947429,0.8252918287937743,6.0755362921421625,0.14575365214779176,41.68359559170202
