ROC_AUC_score,prediction_threshold,TN,FP,FN,TP,sensitivity,specificity,BA,Accuracy,precision,ROC_ACU_score_discretized,MCC,f1_score,cohen_kappa,PPV_score,NPV_score,FPR_score,FDR_score,PLR_score,NLR_score,DOR_score
0.9322826000849065,0.46844946408680266,15646,2758,0.1277258566978193,560,0.8722741433021807,0.8501412736361661,0.8612077084691734,0.8508873254226609,0.16877637130801687,0.8612077084691733,0.3437444467928403,0.2828282828282828,0.23989270205574198,0.16877637130801687,0.9947863682604272,0.14985872636383396,0.8312236286919831,5.820642978003386,0.15024074310792962,38.742107218026504
