ROC_AUC_score,prediction_threshold,TN,FP,FN,TP,sensitivity,specificity,BA,Accuracy,precision,ROC_ACU_score_discretized,MCC,f1_score,cohen_kappa,PPV_score,NPV_score,FPR_score,FDR_score,PLR_score,NLR_score,DOR_score
0.9155238273409982,0.5282361240082281,13052,1671,0.17738791423001948,422,0.8226120857699805,0.8865041092168716,0.854558097493426,0.8843528485166711,0.2016244624940277,0.8545580974934259,0.37157148189234623,0.32386799693016116,0.2852090274782748,0.2016244624940277,0.9930761622156281,0.11349589078312844,0.7983755375059723,7.247945983717192,0.20009824250755268,36.221937248867235
