ROC_AUC_score,prediction_threshold,TN,FP,FN,TP,sensitivity,specificity,BA,Accuracy,precision,ROC_ACU_score_discretized,MCC,f1_score,cohen_kappa,PPV_score,NPV_score,FPR_score,FDR_score,PLR_score,NLR_score,DOR_score
0.9284119631314065,0.5282361240082281,16316,2088,0.16978193146417445,533,0.8302180685358256,0.8865464029558792,0.8583822357458524,0.8846476950540796,0.20335749713849677,0.8583822357458524,0.37550342004382126,0.32669322709163345,0.2881451574735785,0.20335749713849677,0.9933637747336378,0.11345359704412085,0.7966425028615033,7.317688378033206,0.19150935686851348,38.21060494217724
