ROC_AUC_score,prediction_threshold,TN,FP,FN,TP,sensitivity,specificity,BA,Accuracy,precision,ROC_ACU_score_discretized,MCC,f1_score,cohen_kappa,PPV_score,NPV_score,FPR_score,FDR_score,PLR_score,NLR_score,DOR_score
0.9292916534432675,0.5018418813283918,12938,1785,0.1539961013645224,434,0.8460038986354775,0.8787611220539292,0.8623825103447034,0.8776581779994749,0.19558359621451105,0.8623825103447034,0.37061241193288225,0.3177159590043924,0.27823873798295207,0.19558359621451105,0.9939310132903126,0.12123887794607077,0.804416403785489,6.977991820509878,0.17524227858941602,39.81911144204514
