ROC_AUC_score,prediction_threshold,TN,FP,FN,TP,sensitivity,specificity,BA,Accuracy,precision,ROC_ACU_score_discretized,MCC,f1_score,cohen_kappa,PPV_score,NPV_score,FPR_score,FDR_score,PLR_score,NLR_score,DOR_score
0.934579862430015,0.5018418813283918,16120,2284,0.14174454828660435,551,0.8582554517133957,0.8758965442295154,0.8670759979714555,0.8753019006615562,0.1943562610229277,0.8670759979714556,0.3722444022898135,0.31693989071038253,0.27720957588316353,0.1943562610229277,0.9943865276663993,0.12410345577048468,0.8056437389770723,6.915645067133686,0.16182795698924726,42.73455091318492
