ROC_AUC_score,prediction_threshold,TN,FP,FN,TP,sensitivity,specificity,BA,Accuracy,precision,ROC_ACU_score_discretized,MCC,f1_score,cohen_kappa,PPV_score,NPV_score,FPR_score,FDR_score,PLR_score,NLR_score,DOR_score
0.9319277273534309,0.47737306756958536,12750,1973,0.12085769980506822,451,0.8791423001949318,0.865991985329077,0.8725671427620043,0.8664347597794697,0.18605610561056105,0.8725671427620044,0.3674655352862567,0.30711610486891383,0.26634057961755286,0.18605610561056105,0.9951607867624103,0.13400801467092305,0.8139438943894389,6.560371052088181,0.1395598364101976,47.007586285826406
