ROC_AUC_score,prediction_threshold,TN,FP,FN,TP,sensitivity,specificity,BA,Accuracy,precision,ROC_ACU_score_discretized,MCC,f1_score,cohen_kappa,PPV_score,NPV_score,FPR_score,FDR_score,PLR_score,NLR_score,DOR_score
0.9245624850618278,0.47737306756958536,15858,2546,0.14174454828660435,551,0.8582554517133957,0.8616605085850902,0.859957980149243,0.861545731387168,0.17791411042944785,0.859957980149243,0.35210167936734743,0.2947312115538914,0.2530196792376562,0.17791411042944785,0.9942943131230798,0.1383394914149098,0.8220858895705522,6.20398009950249,0.1645016185311304,37.713793669017576
