ROC_AUC_score,prediction_threshold,TN,FP,FN,TP,sensitivity,specificity,BA,Accuracy,precision,ROC_ACU_score_discretized,MCC,f1_score,cohen_kappa,PPV_score,NPV_score,FPR_score,FDR_score,PLR_score,NLR_score,DOR_score
0.9262628826361904,0.46709719937374816,12611,2112,0.13840155945419103,442,0.8615984405458089,0.8565509746654894,0.8590747076056491,0.8567209241270675,0.173061863743148,0.8590747076056492,0.34679060939494694,0.28822954026736225,0.2459444920342626,0.173061863743148,0.9944015139567891,0.14344902533451062,0.826938136256852,6.006303901588988,0.16158006183839943,37.17230847204437
