ROC_AUC_score,prediction_threshold,TN,FP,FN,TP,sensitivity,specificity,BA,Accuracy,precision,ROC_ACU_score_discretized,MCC,f1_score,cohen_kappa,PPV_score,NPV_score,FPR_score,FDR_score,PLR_score,NLR_score,DOR_score
0.9300694654622691,0.46709719937374816,15782,2622,0.14174454828660435,551,0.8582554517133957,0.8575309715279287,0.8578932116206621,0.8575553922083378,0.17365269461077845,0.8578932116206621,0.3466909769428921,0.2888597640891219,0.24661697301378804,0.17365269461077845,0.9942669942669943,0.1424690284720713,0.8263473053892215,6.02415458937198,0.16529379461834154,36.44513457556936
