ROC_AUC_score,prediction_threshold,TN,FP,FN,TP,sensitivity,specificity,BA,Accuracy,precision,ROC_ACU_score_discretized,MCC,f1_score,cohen_kappa,PPV_score,NPV_score,FPR_score,FDR_score,PLR_score,NLR_score,DOR_score
0.9240601522673614,0.5435280685365274,13114,1609,0.18908382066276802,416,0.8109161793372319,0.8907152074984718,0.8508156934178519,0.8880283538986611,0.2054320987654321,0.8508156934178518,0.3728082265331573,0.32781717888100864,0.2896507308099697,0.2054320987654321,0.9926576337900235,0.10928479250152823,0.7945679012345679,7.420210632928567,0.2122831395163897,34.95430984218922
