ROC_AUC_score,prediction_threshold,TN,FP,FN,TP,sensitivity,specificity,BA,Accuracy,precision,ROC_ACU_score_discretized,MCC,f1_score,cohen_kappa,PPV_score,NPV_score,FPR_score,FDR_score,PLR_score,NLR_score,DOR_score
0.9267673254019679,0.5435280685365274,16308,2096,0.1791277258566978,527,0.8208722741433022,0.886111714844599,0.8534919944939506,0.8839126325737687,0.20091498284407167,0.8534919944939506,0.37026086642764083,0.32281776416539054,0.28404166681826626,0.20091498284407167,0.9929976252816173,0.113888285155401,0.7990850171559283,7.207697201017815,0.2021502738942032,35.65514437437773
