ROC_AUC_score,prediction_threshold,TN,FP,FN,TP,sensitivity,specificity,BA,Accuracy,precision,ROC_ACU_score_discretized,MCC,f1_score,cohen_kappa,PPV_score,NPV_score,FPR_score,FDR_score,PLR_score,NLR_score,DOR_score
0.9150524851451078,0.5111036927543802,12821,1902,0.15984405458089668,431,0.8401559454191033,0.8708143720709095,0.8554851587450064,0.8697820950380677,0.18474067723960566,0.8554851587450063,0.3561275649434388,0.30288123682361207,0.26215032523678616,0.18474067723960566,0.9936448887855538,0.12918562792909055,0.8152593227603944,6.503478435544407,0.1835569780512083,35.43029801749123
