ROC_AUC_score,prediction_threshold,TN,FP,FN,TP,sensitivity,specificity,BA,Accuracy,precision,ROC_ACU_score_discretized,MCC,f1_score,cohen_kappa,PPV_score,NPV_score,FPR_score,FDR_score,PLR_score,NLR_score,DOR_score
0.9199122701891299,0.5111036927543802,16061,2343,0.1588785046728972,540,0.8411214953271028,0.8726907194088241,0.8569061073679635,0.871626588260002,0.18730489073881373,0.8569061073679634,0.3594382523612968,0.3063829787234042,0.2659069517958891,0.18730489073881373,0.9936892903545134,0.12730928059117583,0.8126951092611863,6.606914212548014,0.1820559118361248,36.290577690743376
