ROC_AUC_score,prediction_threshold,TN,FP,FN,TP,sensitivity,specificity,BA,Accuracy,precision,ROC_ACU_score_discretized,MCC,f1_score,cohen_kappa,PPV_score,NPV_score,FPR_score,FDR_score,PLR_score,NLR_score,DOR_score
0.9338598331581026,0.43155965968667426,12575,2148,0.11500974658869395,454,0.884990253411306,0.8541058208245602,0.8695480371179332,0.855145707534786,0.17448116833205227,0.869548037117933,0.35426940808664587,0.2914927768860353,0.2492635489928129,0.17448116833205227,0.9953300617381668,0.1458941791754398,0.8255188316679477,6.065973696915576,0.1346551490278602,45.0482119748761
