ROC_AUC_score,prediction_threshold,TN,FP,FN,TP,sensitivity,specificity,BA,Accuracy,precision,ROC_ACU_score_discretized,MCC,f1_score,cohen_kappa,PPV_score,NPV_score,FPR_score,FDR_score,PLR_score,NLR_score,DOR_score
0.9298271539236018,0.43155965968667426,15614,2790,0.11838006230529595,566,0.881619937694704,0.8484025211910454,0.8650112294428747,0.849522209387798,0.16865315852205007,0.8650112294428747,0.3458098820133291,0.28314157078539265,0.24014108422752212,0.16865315852205007,0.9951561504142766,0.15159747880895458,0.8313468414779499,5.815531660692951,0.1395328978267367,41.67857008111677
