ROC_AUC_score,prediction_threshold,TN,FP,FN,TP,sensitivity,specificity,BA,Accuracy,precision,ROC_ACU_score_discretized,MCC,f1_score,cohen_kappa,PPV_score,NPV_score,FPR_score,FDR_score,PLR_score,NLR_score,DOR_score
0.9240698174303668,0.5234976768953982,12961,1762,0.1539961013645224,434,0.8460038986354775,0.8803233036745228,0.8631636011550001,0.879167760567078,0.19763205828779598,0.8631636011550001,0.37302177525658325,0.3204134366925064,0.28117392922642004,0.19763205828779598,0.993941717791411,0.11967669632547714,0.802367941712204,7.069077979347408,0.1749313016271788,40.4105949798129
