ROC_AUC_score,prediction_threshold,TN,FP,FN,TP,sensitivity,specificity,BA,Accuracy,precision,ROC_ACU_score_discretized,MCC,f1_score,cohen_kappa,PPV_score,NPV_score,FPR_score,FDR_score,PLR_score,NLR_score,DOR_score
0.9342553697861972,0.5234976768953982,16135,2269,0.1277258566978193,560,0.8722741433021807,0.8767115844381657,0.8744928638701732,0.8765620077706605,0.19794980558501238,0.8744928638701732,0.3800978703916959,0.32267358110054745,0.2832930860264776,0.19794980558501238,0.9949435777270765,0.12328841556183438,0.8020501944149876,7.075069781107685,0.14568742898460904,48.5633512130626
