ROC_AUC_score,prediction_threshold,TN,FP,FN,TP,sensitivity,specificity,BA,Accuracy,precision,ROC_ACU_score_discretized,MCC,f1_score,cohen_kappa,PPV_score,NPV_score,FPR_score,FDR_score,PLR_score,NLR_score,DOR_score
0.9182565528812181,0.467166965311978,12494,2229,0.14814814814814814,437,0.8518518518518519,0.8486042246824697,0.8502280382671608,0.8487135731163035,0.1639159789947487,0.8502280382671608,0.33253704590576555,0.2749292230261089,0.23153095558487546,0.1639159789947487,0.9939538583929992,0.1513957753175304,0.8360840210052514,5.6266553677948945,0.17457861254883825,32.22992373261554
