ROC_AUC_score,prediction_threshold,TN,FP,FN,TP,sensitivity,specificity,BA,Accuracy,precision,ROC_ACU_score_discretized,MCC,f1_score,cohen_kappa,PPV_score,NPV_score,FPR_score,FDR_score,PLR_score,NLR_score,DOR_score
0.928413740477656,0.467166965311978,15691,2713,0.11526479750778816,568,0.8847352024922118,0.8525863942621169,0.8686607983771644,0.8536700619552662,0.17311795184395,0.8686607983771645,0.35239560108708107,0.28957430537853684,0.24712484937519164,0.17311795184395,0.9953060577228037,0.14741360573788306,0.8268820481560499,6.001720113035999,0.1351942727253415,44.3933015212042
