ROC_AUC_score,prediction_threshold,TN,FP,FN,TP,sensitivity,specificity,BA,Accuracy,precision,ROC_ACU_score_discretized,MCC,f1_score,cohen_kappa,PPV_score,NPV_score,FPR_score,FDR_score,PLR_score,NLR_score,DOR_score
0.9350342166630322,0.5609230270043103,13186,1537,0.1539961013645224,434,0.8460038986354775,0.89560551518033,0.8708047069079038,0.8939354161197165,0.22019279553526128,0.8708047069079039,0.39859801656120186,0.3494363929146538,0.3127123961498637,0.22019279553526128,0.9940444779494911,0.10439448481966991,0.7798072044647387,8.103913727787983,0.17194635222128501,47.13047775133208
