ROC_AUC_score,prediction_threshold,TN,FP,FN,TP,sensitivity,specificity,BA,Accuracy,precision,ROC_ACU_score_discretized,MCC,f1_score,cohen_kappa,PPV_score,NPV_score,FPR_score,FDR_score,PLR_score,NLR_score,DOR_score
0.9316939599342146,0.5609230270043103,16481,1923,0.16822429906542055,534,0.8317757009345794,0.8955118452510323,0.8636437730928059,0.8933634358920508,0.21733821733821734,0.8636437730928059,0.39157692846167363,0.3446272991287513,0.30761982464405957,0.21733821733821734,0.9934896618241003,0.10448815474896761,0.7826617826617827,7.960478419136762,0.18785267884230328,42.37617726931297
