ROC_AUC_score,prediction_threshold,TN,FP,FN,TP,sensitivity,specificity,BA,Accuracy,precision,ROC_ACU_score_discretized,MCC,f1_score,cohen_kappa,PPV_score,NPV_score,FPR_score,FDR_score,PLR_score,NLR_score,DOR_score
0.9379321913629775,0.4456676699939941,15717,2687,0.1043613707165109,575,0.8956386292834891,0.8539991306237774,0.8748188799536333,0.8554027092302846,0.1762722256284488,0.8748188799536334,0.35910757488978384,0.2945696721311475,0.25246123629088346,0.1762722256284488,0.9957551951343132,0.14600086937622256,0.8237277743715512,6.1344746309390885,0.12220313461008245,50.19899571735666
