ROC_AUC_score,prediction_threshold,TN,FP,FN,TP,sensitivity,specificity,BA,Accuracy,precision,ROC_ACU_score_discretized,MCC,f1_score,cohen_kappa,PPV_score,NPV_score,FPR_score,FDR_score,PLR_score,NLR_score,DOR_score
0.9287751630201859,0.46035033682988546,12777,1946,0.13255360623781676,445,0.8674463937621832,0.8678258507097738,0.8676361222359785,0.8678130742977159,0.1861145964031786,0.8676361222359785,0.364626449424674,0.30647382920110194,0.2657644212751965,0.1861145964031786,0.9947061113273648,0.13217414929022617,0.8138854035968214,6.562905064419641,0.15274217301709134,42.96721026540112
