ROC_AUC_score,prediction_threshold,TN,FP,FN,TP,sensitivity,specificity,BA,Accuracy,precision,ROC_ACU_score_discretized,MCC,f1_score,cohen_kappa,PPV_score,NPV_score,FPR_score,FDR_score,PLR_score,NLR_score,DOR_score
0.9306635222872449,0.46035033682988546,15946,2458,0.12461059190031153,562,0.8753894080996885,0.8664420778091719,0.8709157429544302,0.866743673212223,0.18609271523178808,0.8709157429544302,0.36653280293840945,0.30693610049153464,0.2661355824274362,0.18609271523178808,0.9950081118182953,0.13355792219082807,0.813907284768212,6.554380254949824,0.14381872151845815,45.57390154597233
