ROC_AUC_score,prediction_threshold,TN,FP,FN,TP,sensitivity,specificity,BA,Accuracy,precision,ROC_ACU_score_discretized,MCC,f1_score,cohen_kappa,PPV_score,NPV_score,FPR_score,FDR_score,PLR_score,NLR_score,DOR_score
0.9358059733090563,0.43104245967062144,12471,2252,0.09746588693957114,463,0.9025341130604289,0.847042043061876,0.8747880780611524,0.8489104751903387,0.1705340699815838,0.8747880780611523,0.35331996369260776,0.28686493184634454,0.24404890070996743,0.1705340699815838,0.9960067087293347,0.15295795693812403,0.8294659300184162,5.900537187650399,0.11506617379611145,51.2795115452931
