ROC_AUC_score,prediction_threshold,TN,FP,FN,TP,sensitivity,specificity,BA,Accuracy,precision,ROC_ACU_score_discretized,MCC,f1_score,cohen_kappa,PPV_score,NPV_score,FPR_score,FDR_score,PLR_score,NLR_score,DOR_score
0.9317894288184676,0.43104245967062144,15653,2751,0.11838006230529595,566,0.881619937694704,0.8505216257335362,0.8660707817141201,0.8515698834400924,0.17063611697316852,0.8660707817141201,0.3484138388396782,0.28593079060368776,0.24318316493657677,0.17063611697316852,0.9951681607222328,0.14947837426646382,0.8293638830268315,5.897976493396341,0.13918524670457208,42.37501195737435
