ROC_AUC_score,prediction_threshold,TN,FP,FN,TP,sensitivity,specificity,BA,Accuracy,precision,ROC_ACU_score_discretized,MCC,f1_score,cohen_kappa,PPV_score,NPV_score,FPR_score,FDR_score,PLR_score,NLR_score,DOR_score
0.9306503370427699,0.5576197192246268,13194,1529,0.1617933723196881,430,0.8382066276803118,0.8961488827005366,0.8671777551904243,0.89419795221843,0.21949974476773865,0.8671777551904243,0.3957272900476352,0.34789644012944987,0.31113464506023514,0.21949974476773865,0.9937485877833848,0.10385111729946342,0.7805002552322614,8.07123360322906,0.18054296048679466,44.705335403090444
