ROC_AUC_score,prediction_threshold,TN,FP,FN,TP,sensitivity,specificity,BA,Accuracy,precision,ROC_ACU_score_discretized,MCC,f1_score,cohen_kappa,PPV_score,NPV_score,FPR_score,FDR_score,PLR_score,NLR_score,DOR_score
0.9200724852581824,0.5576197192246268,16409,1995,0.17601246105919002,529,0.82398753894081,0.891599652249511,0.8577935955951606,0.8893205922503413,0.2095879556259905,0.8577935955951604,0.3808993226392896,0.3341756159191409,0.29635824925927323,0.2095879556259905,0.9931606343057742,0.10840034775048903,0.7904120443740095,7.601336675020887,0.19741198935543497,38.50493933949921
