ROC_AUC_score,prediction_threshold,TN,FP,FN,TP,sensitivity,specificity,BA,Accuracy,precision,ROC_ACU_score_discretized,MCC,f1_score,cohen_kappa,PPV_score,NPV_score,FPR_score,FDR_score,PLR_score,NLR_score,DOR_score
0.9297681592193938,0.5403660279381997,13107,1616,0.13840155945419103,442,0.8615984405458089,0.8902397609182912,0.87591910073205,0.8892754003675505,0.21477162293488825,0.8759191007320501,0.39676539830527885,0.3438350836250486,0.30645008096006265,0.21477162293488825,0.9946122325087267,0.10976023908170889,0.7852283770651117,7.849822920888583,0.15546548865827842,50.49238251289918
