ROC_AUC_score,prediction_threshold,TN,FP,FN,TP,sensitivity,specificity,BA,Accuracy,precision,ROC_ACU_score_discretized,MCC,f1_score,cohen_kappa,PPV_score,NPV_score,FPR_score,FDR_score,PLR_score,NLR_score,DOR_score
0.9299464900289182,0.5403660279381997,16384,2020,0.16510903426791276,536,0.8348909657320872,0.8902412519017605,0.8625661088169239,0.888375511918513,0.20970266040688576,0.862566108816924,0.3839282550539358,0.33520950594121324,0.29734928663205673,0.20970266040688576,0.9935718617343845,0.10975874809823952,0.7902973395931142,7.606600660066008,0.18546549479166669,41.01356248832431
