ROC_AUC_score,prediction_threshold,TN,FP,FN,TP,sensitivity,specificity,BA,Accuracy,precision,ROC_ACU_score_discretized,MCC,f1_score,cohen_kappa,PPV_score,NPV_score,FPR_score,FDR_score,PLR_score,NLR_score,DOR_score
0.9242919837800028,0.4257574008599825,12336,2387,0.10916179337231968,457,0.8908382066276803,0.8378727161583917,0.864355461393036,0.8396560777106852,0.16068917018284107,0.864355461393036,0.33734681911241493,0.2722669049746798,0.22823798342700663,0.16068917018284107,0.9954809554551324,0.16212728384160838,0.8393108298171589,5.494684087213799,0.13028445880517694,42.17451672751212
