ROC_AUC_score,prediction_threshold,TN,FP,FN,TP,sensitivity,specificity,BA,Accuracy,precision,ROC_ACU_score_discretized,MCC,f1_score,cohen_kappa,PPV_score,NPV_score,FPR_score,FDR_score,PLR_score,NLR_score,DOR_score
0.9314498710492979,0.4257574008599825,15417,2987,0.09657320872274143,580,0.9034267912772586,0.8376983264507716,0.8705625588640151,0.8399138926808779,0.16260162601626016,0.870562558864015,0.3428405268987043,0.27559990496555004,0.23170507277766927,0.16260162601626016,0.9959945732928484,0.16230167354922842,0.8373983739837398,5.566343042071198,0.11528399385959223,48.28374569370498
