ROC_AUC_score,prediction_threshold,TN,FP,FN,TP,sensitivity,specificity,BA,Accuracy,precision,ROC_ACU_score_discretized,MCC,f1_score,cohen_kappa,PPV_score,NPV_score,FPR_score,FDR_score,PLR_score,NLR_score,DOR_score
0.9276923999645699,0.46440524867027244,12708,2015,0.13840155945419103,442,0.8615984405458089,0.8631393058479929,0.8623688731969009,0.8630874245208716,0.17989417989417988,0.8623688731969009,0.35545670149729863,0.2976430976430976,0.2562071674263431,0.17989417989417988,0.9944440097034196,0.13686069415200705,0.8201058201058201,6.2954411117399225,0.1603467233116191,39.26142662426168
