ROC_AUC_score,prediction_threshold,TN,FP,FN,TP,sensitivity,specificity,BA,Accuracy,precision,ROC_ACU_score_discretized,MCC,f1_score,cohen_kappa,PPV_score,NPV_score,FPR_score,FDR_score,PLR_score,NLR_score,DOR_score
0.9256305008866419,0.46440524867027244,15689,2715,0.14018691588785046,552,0.8598130841121495,0.8524777222342969,0.8561454031732232,0.852724981623438,0.1689623507805326,0.8561454031732232,0.34100964286114677,0.2824251726784344,0.23958038251715652,0.1689623507805326,0.9942962164902719,0.14752227776570312,0.8310376492194674,5.828360957642724,0.1644464274332335,35.442308164518096
