ROC_AUC_score,prediction_threshold,TN,FP,FN,TP,sensitivity,specificity,BA,Accuracy,precision,ROC_ACU_score_discretized,MCC,f1_score,cohen_kappa,PPV_score,NPV_score,FPR_score,FDR_score,PLR_score,NLR_score,DOR_score
0.9290701490910974,0.5755235142033498,13171,1552,0.15204678362573099,435,0.847953216374269,0.894586701079943,0.871269958727106,0.8930165397742189,0.21892299949672875,0.8712699587271061,0.39772799457415564,0.34800000000000003,0.311130144462322,0.21892299949672875,0.9941127632274134,0.10541329892005705,0.7810770005032712,8.044081961777298,0.16996316113595303,47.32838521015069
