ROC_AUC_score,prediction_threshold,TN,FP,FN,TP,sensitivity,specificity,BA,Accuracy,precision,ROC_ACU_score_discretized,MCC,f1_score,cohen_kappa,PPV_score,NPV_score,FPR_score,FDR_score,PLR_score,NLR_score,DOR_score
0.926324512279262,0.5755235142033498,16527,1877,0.17757009345794392,528,0.822429906542056,0.8980113018908933,0.8602206042164746,0.8954636144072247,0.21954261954261955,0.8602206042164747,0.391448760013092,0.34657039711191334,0.3098464282793191,0.21954261954261955,0.993149450153236,0.10198869810910671,0.7804573804573804,8.063931806073521,0.19773703636473652,40.781089644729825
