ROC_AUC_score,prediction_threshold,TN,FP,FN,TP,sensitivity,specificity,BA,Accuracy,precision,ROC_ACU_score_discretized,MCC,f1_score,cohen_kappa,PPV_score,NPV_score,FPR_score,FDR_score,PLR_score,NLR_score,DOR_score
0.9226200429795235,0.5949350826822666,13318,1405,0.1871345029239766,417,0.8128654970760234,0.904571079263737,0.8587182881698803,0.9014833289577316,0.22886937431394072,0.8587182881698802,0.3988292624540492,0.3571734475374732,0.32152230441626306,0.22886937431394072,0.9928432980468168,0.095428920736263,0.7711306256860593,8.518020436619427,0.20687650447137013,41.174421708185065
