ROC_AUC_score,prediction_threshold,TN,FP,FN,TP,sensitivity,specificity,BA,Accuracy,precision,ROC_ACU_score_discretized,MCC,f1_score,cohen_kappa,PPV_score,NPV_score,FPR_score,FDR_score,PLR_score,NLR_score,DOR_score
0.9275713629909793,0.5949350826822666,16676,1728,0.205607476635514,510,0.794392523364486,0.9061073679634862,0.850249945663986,0.9023416990444187,0.22788203753351208,0.8502499456639862,0.39259398171742743,0.3541666666666667,0.31846252655501217,0.22788203753351208,0.9921465968586387,0.0938926320365138,0.7721179624664879,8.46064814814815,0.22691292875989447,37.28587962962964
