{"performances": [0.9266456195016524, 0.9278250156914285, 0.927658876134878, 0.9273352298464169, 0.9280173922640413, 0.928120478346506, 0.9267098578732377, 0.9269791681477886, 0.9259190234277933, 0.927855992297489], "mean": 0.9273066653531232, "std": 0.000684741205012541}