{"performances": [0.9193425037628961, 0.9202217823431316, 0.9202721404868642, 0.9214387567107517, 0.9200943212263891, 0.9203410338129122, 0.9168898505742692, 0.9172615698469995, 0.9210187105471452, 0.9177571109084371], "mean": 0.9194637780219796, "std": 0.0015203875260664014}