ROC_AUC_score,prediction_threshold,TN,FP,FN,TP,sensitivity,specificity,BA,Accuracy,precision,ROC_ACU_score_discretized,MCC,f1_score,cohen_kappa,PPV_score,NPV_score,FPR_score,FDR_score,PLR_score,NLR_score,DOR_score
0.9261904601133949,0.54698922628043,13115,1608,0.1617933723196881,430,0.8382066276803118,0.8907831284384976,0.8644948780594047,0.889012864268837,0.21099116781157998,0.8644948780594046,0.38629769106458123,0.3371226969815759,0.2994332615619818,0.21099116781157998,0.9937111683588422,0.10921687156150241,0.78900883218842,7.6746991165032545,0.18163048575392823,42.25446562368877
