ROC_AUC_score,prediction_threshold,TN,FP,FN,TP,sensitivity,specificity,BA,Accuracy,precision,ROC_ACU_score_discretized,MCC,f1_score,cohen_kappa,PPV_score,NPV_score,FPR_score,FDR_score,PLR_score,NLR_score,DOR_score
0.9300346802571026,0.54698922628043,16458,1946,0.1822429906542056,525,0.8177570093457944,0.8942621169311019,0.8560095631384481,0.8916832930799118,0.21246458923512748,0.8560095631384481,0.3824301685667863,0.33729521362030196,0.29982725154539314,0.21246458923512748,0.9929411764705882,0.10573788306889807,0.7875354107648725,7.733812949640287,0.20379146919431276,37.94964028776978
