ROC_AUC_score,prediction_threshold,TN,FP,FN,TP,sensitivity,specificity,BA,Accuracy,precision,ROC_ACU_score_discretized,MCC,f1_score,cohen_kappa,PPV_score,NPV_score,FPR_score,FDR_score,PLR_score,NLR_score,DOR_score
0.9328629973735911,0.4834035221590329,12737,1986,0.13255360623781676,445,0.8674463937621832,0.8651090131087414,0.8662777034354623,0.8651877133105802,0.1830522418757713,0.8662777034354623,0.3608403089025542,0.3023097826086957,0.26122953279815975,0.1830522418757713,0.9946895743850058,0.13489098689125859,0.8169477581242287,6.430721679436368,0.15322185323383655,41.97000325810083
