ROC_AUC_score,prediction_threshold,TN,FP,FN,TP,sensitivity,specificity,BA,Accuracy,precision,ROC_ACU_score_discretized,MCC,f1_score,cohen_kappa,PPV_score,NPV_score,FPR_score,FDR_score,PLR_score,NLR_score,DOR_score
0.9236534147730313,0.4834035221590329,15909,2495,0.14018691588785046,552,0.8598130841121495,0.8644316452945012,0.8621223647033254,0.8642759634568938,0.18116179849031835,0.8621223647033254,0.3565548295708924,0.299268094334508,0.25794819361435184,0.18116179849031835,0.9943746484155259,0.1355683547054988,0.8188382015096817,6.342284569138278,0.16217235527060156,39.10829659318638
