{"performances": [0.9244272374758027, 0.9254403248379569, 0.9258007875844408, 0.9260558790889967, 0.9231358684723151, 0.9249138071704579, 0.9250670821255843, 0.9264573900702882, 0.9241910196957047, 0.9250945040391463], "mean": 0.9250583900560694, "std": 0.0009229448424807}