ROC_AUC_score,prediction_threshold,TN,FP,FN,TP,sensitivity,specificity,BA,Accuracy,precision,ROC_ACU_score_discretized,MCC,f1_score,cohen_kappa,PPV_score,NPV_score,FPR_score,FDR_score,PLR_score,NLR_score,DOR_score
0.9265395711754387,0.5419188428795816,16291,2113,0.1542056074766355,543,0.8457943925233645,0.8851880026081287,0.8654911975657467,0.8838601281108894,0.20444277108433734,0.8654911975657467,0.38082638639026795,0.32929047907822917,0.2907855583494845,0.20444277108433734,0.9939597315436242,0.11481199739187133,0.7955572289156626,7.366777094178894,0.1742066171505739,42.28758479255405
