ROC_AUC_score,prediction_threshold,TN,FP,FN,TP,sensitivity,specificity,BA,Accuracy,precision,ROC_ACU_score_discretized,MCC,f1_score,cohen_kappa,PPV_score,NPV_score,FPR_score,FDR_score,PLR_score,NLR_score,DOR_score
0.9333118316556333,0.5058438093464236,12951,1772,0.1286549707602339,447,0.8713450292397661,0.8796440942742647,0.8754945617570153,0.8793646626411131,0.2014420910319964,0.8754945617570153,0.3840222450804105,0.32723279648609077,0.2883062233973529,0.2014420910319964,0.9949297073058309,0.12035590572573525,0.7985579089680036,7.239736380077354,0.14625798274287113,49.4997691360558
