ROC_AUC_score,prediction_threshold,TN,FP,FN,TP,sensitivity,specificity,BA,Accuracy,precision,ROC_ACU_score_discretized,MCC,f1_score,cohen_kappa,PPV_score,NPV_score,FPR_score,FDR_score,PLR_score,NLR_score,DOR_score
0.9167600196625277,0.5058438093464236,16094,2310,0.16822429906542055,534,0.8317757009345794,0.8744838078678548,0.8531297544012171,0.8730442087577444,0.1877637130801688,0.8531297544012172,0.3576340199944119,0.306368330464716,0.2659981581909343,0.1877637130801688,0.9933341562770028,0.12551619213214518,0.8122362869198312,6.626839826839828,0.19236982726481922,34.44843674843675
