ROC_AUC_score,prediction_threshold,TN,FP,FN,TP,sensitivity,specificity,BA,Accuracy,precision,ROC_ACU_score_discretized,MCC,f1_score,cohen_kappa,PPV_score,NPV_score,FPR_score,FDR_score,PLR_score,NLR_score,DOR_score
0.91709699811953,0.5619994510719741,13236,1487,0.1968810916179337,412,0.8031189083820662,0.8990015621816206,0.8510602352818435,0.8957731688107115,0.21695629278567669,0.8510602352818435,0.383421900809685,0.3416252072968491,0.3047651871111914,0.21695629278567669,0.9924270825522982,0.1009984378183794,0.7830437072143234,7.9517953517882765,0.2189997213577243,36.30961401452856
