ROC_AUC_score,prediction_threshold,TN,FP,FN,TP,sensitivity,specificity,BA,Accuracy,precision,ROC_ACU_score_discretized,MCC,f1_score,cohen_kappa,PPV_score,NPV_score,FPR_score,FDR_score,PLR_score,NLR_score,DOR_score
0.9235747883603793,0.5619994510719741,16517,1887,0.16978193146417445,533,0.8302180685358256,0.8974679417517931,0.8638430051438093,0.8952010920928279,0.22024793388429753,0.8638430051438094,0.39433568599597413,0.3481384715871979,0.31145202675989725,0.22024793388429753,0.9934440033682185,0.10253205824820691,0.7797520661157025,8.097155979508923,0.18917882585618853,42.80159760408009
