ROC_AUC_score,prediction_threshold,TN,FP,FN,TP,sensitivity,specificity,BA,Accuracy,precision,ROC_ACU_score_discretized,MCC,f1_score,cohen_kappa,PPV_score,NPV_score,FPR_score,FDR_score,PLR_score,NLR_score,DOR_score
0.9311719910460869,0.4232942018825609,12431,2292,0.11306042884990253,455,0.8869395711500975,0.8443252054608436,0.8656323883054705,0.8457600420057758,0.16563523844193667,0.8656323883054704,0.34311391482192255,0.2791411042944785,0.23577623995489694,0.16563523844193667,0.9953559132036192,0.15567479453915642,0.8343647615580634,5.697387131781363,0.1339062580610663,42.547579286273084
