ROC_AUC_score,prediction_threshold,TN,FP,FN,TP,sensitivity,specificity,BA,Accuracy,precision,ROC_ACU_score_discretized,MCC,f1_score,cohen_kappa,PPV_score,NPV_score,FPR_score,FDR_score,PLR_score,NLR_score,DOR_score
0.9276537980027367,0.4232942018825609,15550,2854,0.12461059190031153,562,0.8753894080996885,0.8449250163008042,0.8601572122002463,0.8459519059120025,0.164519906323185,0.8601572122002463,0.33884986580829424,0.2769837358304583,0.2334838228646241,0.164519906323185,0.9948816378758797,0.15507498369919584,0.835480093676815,5.644942770380752,0.147481243301179,38.275665732305534
