ROC_AUC_score,prediction_threshold,TN,FP,FN,TP,sensitivity,specificity,BA,Accuracy,precision,ROC_ACU_score_discretized,MCC,f1_score,cohen_kappa,PPV_score,NPV_score,FPR_score,FDR_score,PLR_score,NLR_score,DOR_score
0.9238788973611326,0.4670573307869919,12683,2040,0.1267056530214425,448,0.8732943469785575,0.8614412823473477,0.8673678146629527,0.8618403780519821,0.18006430868167203,0.8673678146629525,0.3585433927047017,0.29856714428523823,0.25709120023215826,0.18006430868167203,0.9949011609664261,0.13855871765265232,0.819935691318328,6.302702289492797,0.14708565240358737,42.85055806938159
