ROC_AUC_score,prediction_threshold,TN,FP,FN,TP,sensitivity,specificity,BA,Accuracy,precision,ROC_ACU_score_discretized,MCC,f1_score,cohen_kappa,PPV_score,NPV_score,FPR_score,FDR_score,PLR_score,NLR_score,DOR_score
0.923607203770547,0.4670573307869919,15751,2653,0.13239875389408098,557,0.867601246105919,0.8558465550967181,0.8617239006013186,0.8562427806363541,0.1735202492211838,0.8617239006013186,0.34878320538069557,0.28920041536863966,0.24689091628343962,0.1735202492211838,0.99463248295024,0.14415344490328189,0.8264797507788162,6.018595300917203,0.15469917253930962,38.90515509633936
