ROC_AUC_score,prediction_threshold,TN,FP,FN,TP,sensitivity,specificity,BA,Accuracy,precision,ROC_ACU_score_discretized,MCC,f1_score,cohen_kappa,PPV_score,NPV_score,FPR_score,FDR_score,PLR_score,NLR_score,DOR_score
0.9244336512377564,0.5430949226748168,13095,1628,0.15984405458089668,431,0.8401559454191033,0.8894247096379814,0.8647903275285423,0.8877658177999475,0.2093249150072851,0.8647903275285422,0.38494058537983106,0.3351477449455677,0.297263900661744,0.2093249150072851,0.9937770357440996,0.11057529036201862,0.7906750849927149,7.598044216465268,0.17971622875865154,42.27800832983759
