ROC_AUC_score,prediction_threshold,TN,FP,FN,TP,sensitivity,specificity,BA,Accuracy,precision,ROC_ACU_score_discretized,MCC,f1_score,cohen_kappa,PPV_score,NPV_score,FPR_score,FDR_score,PLR_score,NLR_score,DOR_score
0.9263526959126451,0.5430949226748168,16343,2061,0.1573208722741433,541,0.8426791277258567,0.8880134753314497,0.8653463015286532,0.8864853512548566,0.20791698693312835,0.8653463015286532,0.38397323882231826,0.33353884093711467,0.2954405647665359,0.20791698693312835,0.9938579421065434,0.11198652466855032,0.7920830130668717,7.524826136179849,0.1771604560566195,42.4746374200739
