{"performances": [0.9343403438640252, 0.9343230782147455, 0.933029762593937, 0.9346283585919625, 0.9319341555844897, 0.9340909229403603, 0.9343281563468864, 0.9337844576656437, 0.934216437439782, 0.9348056700392235], "mean": 0.9339481343281054, "std": 0.0008158175492811798}