ROC_AUC_score,prediction_threshold,TN,FP,FN,TP,sensitivity,specificity,BA,Accuracy,precision,ROC_ACU_score_discretized,MCC,f1_score,cohen_kappa,PPV_score,NPV_score,FPR_score,FDR_score,PLR_score,NLR_score,DOR_score
0.9184375429884604,0.47657346134677636,12756,1967,0.13255360623781676,445,0.8674463937621832,0.8663995109692318,0.8669229523657076,0.8664347597794697,0.18449419568822553,0.8669229523657076,0.36262797699104077,0.30427350427350425,0.26336833308197083,0.18449419568822553,0.9946974422956956,0.13360048903076818,0.8155058043117744,6.492838462308402,0.1529936300281731,42.43861957594427
