ROC_AUC_score,prediction_threshold,TN,FP,FN,TP,sensitivity,specificity,BA,Accuracy,precision,ROC_ACU_score_discretized,MCC,f1_score,cohen_kappa,PPV_score,NPV_score,FPR_score,FDR_score,PLR_score,NLR_score,DOR_score
0.9336515798746176,0.47657346134677636,15917,2487,0.13707165109034267,554,0.8629283489096573,0.8648663334057813,0.8638973411577193,0.8648010080856873,0.1821769154883262,0.8638973411577193,0.358588580530146,0.3008417051316861,0.25962958057252516,0.1821769154883262,0.9945017182130584,0.13513366659421866,0.8178230845116737,6.385739177054013,0.15848882745911083,40.291415359871316
