ROC_AUC_score,prediction_threshold,TN,FP,FN,TP,sensitivity,specificity,BA,Accuracy,precision,ROC_ACU_score_discretized,MCC,f1_score,cohen_kappa,PPV_score,NPV_score,FPR_score,FDR_score,PLR_score,NLR_score,DOR_score
0.9376093868063112,0.507402933510764,12803,1920,0.11500974658869395,454,0.884990253411306,0.8695917951504449,0.8772910242808755,0.8701102651614597,0.19123841617523168,0.8772910242808754,0.37529147378717487,0.31451333564253553,0.2743296560185111,0.19123841617523168,0.9954128440366973,0.13040820484955512,0.8087615838247684,6.786308073424304,0.13225716621302364,51.311458333333334
