ROC_AUC_score,prediction_threshold,TN,FP,FN,TP,sensitivity,specificity,BA,Accuracy,precision,ROC_ACU_score_discretized,MCC,f1_score,cohen_kappa,PPV_score,NPV_score,FPR_score,FDR_score,PLR_score,NLR_score,DOR_score
0.9289830837262114,0.507402933510764,15964,2440,0.1526479750778816,544,0.8473520249221184,0.8674201260595523,0.8573860754908353,0.866743673212223,0.18230563002680966,0.8573860754908353,0.35488858402531653,0.30005515719801434,0.2589416357731045,0.18230563002680966,0.9938986427593077,0.13257987394044773,0.8176943699731903,6.391256830601095,0.1759792867284724,36.318233522917375
