ROC_AUC_score,prediction_threshold,TN,FP,FN,TP,sensitivity,specificity,BA,Accuracy,precision,ROC_ACU_score_discretized,MCC,f1_score,cohen_kappa,PPV_score,NPV_score,FPR_score,FDR_score,PLR_score,NLR_score,DOR_score
0.9429564727398049,0.5579160965612358,13232,1491,0.12085769980506822,451,0.8791423001949318,0.8987298784215173,0.8889360893082245,0.8980703596744553,0.23223480947476827,0.8889360893082248,0.4207388614491668,0.3674134419551935,0.33182020681868185,0.23223480947476827,0.9953362419136452,0.10127012157848264,0.7677651905252317,8.681161694010713,0.13447611201859277,64.55541853270155
