ROC_AUC_score,prediction_threshold,TN,FP,FN,TP,sensitivity,specificity,BA,Accuracy,precision,ROC_ACU_score_discretized,MCC,f1_score,cohen_kappa,PPV_score,NPV_score,FPR_score,FDR_score,PLR_score,NLR_score,DOR_score
0.9297032474993586,0.5579160965612358,16469,1935,0.16978193146417445,533,0.8302180685358256,0.8948598130841121,0.8625389408099688,0.8926808778746194,0.2159643435980551,0.8625389408099688,0.38964547603936267,0.3427652733118971,0.30561641639501946,0.2159643435980551,0.9934250211123176,0.10514018691588785,0.784035656401945,7.896296296296294,0.18973020017406436,41.618552497451574
