ROC_AUC_score,prediction_threshold,TN,FP,FN,TP,sensitivity,specificity,BA,Accuracy,precision,ROC_ACU_score_discretized,MCC,f1_score,cohen_kappa,PPV_score,NPV_score,FPR_score,FDR_score,PLR_score,NLR_score,DOR_score
0.9420370906588318,0.5392626787084412,13030,1693,0.11695906432748537,453,0.8830409356725146,0.8850098485363037,0.8840253921044092,0.8849435547387766,0.21109040074557317,0.8840253921044092,0.3982557853855335,0.34072959759308014,0.3028399773556901,0.21109040074557317,0.9954163483575248,0.11499015146369626,0.7889095992544268,7.679274480748038,0.13215566416681251,58.10779681039573
