ROC_AUC_score,prediction_threshold,TN,FP,FN,TP,sensitivity,specificity,BA,Accuracy,precision,ROC_ACU_score_discretized,MCC,f1_score,cohen_kappa,PPV_score,NPV_score,FPR_score,FDR_score,PLR_score,NLR_score,DOR_score
0.9296062551754629,0.5392626787084412,16352,2052,0.14330218068535824,550,0.8566978193146417,0.8885024994566398,0.8726001593856407,0.8874304315866849,0.21137586471944658,0.8726001593856407,0.391596929779775,0.33908754623921084,0.3013064620071475,0.21137586471944658,0.9944052541960594,0.11149750054336013,0.7886241352805534,7.683560753736191,0.1612850619699935,47.63963047715906
