ROC_AUC_score,prediction_threshold,TN,FP,FN,TP,sensitivity,specificity,BA,Accuracy,precision,ROC_ACU_score_discretized,MCC,f1_score,cohen_kappa,PPV_score,NPV_score,FPR_score,FDR_score,PLR_score,NLR_score,DOR_score
0.9304166519372231,0.45782830813162684,12513,2210,0.10526315789473684,459,0.8947368421052632,0.84989472254296,0.8723157823241116,0.8514045681281176,0.17197452229299362,0.8723157823241117,0.35335251438653725,0.2884978001257071,0.2459034757085512,0.17197452229299362,0.995703031749821,0.15010527745704,0.8280254777070064,5.960728744939269,0.1238543493713906,48.126923076923056
