ROC_AUC_score,prediction_threshold,TN,FP,FN,TP,sensitivity,specificity,BA,Accuracy,precision,ROC_ACU_score_discretized,MCC,f1_score,cohen_kappa,PPV_score,NPV_score,FPR_score,FDR_score,PLR_score,NLR_score,DOR_score
0.9228339735165253,0.45782830813162684,15647,2757,0.13239875389408098,557,0.867601246105919,0.8501956096500761,0.8588984278779976,0.8507823164969023,0.16807483403741702,0.8588984278779975,0.3417094245255943,0.2815975733063701,0.23859723058398563,0.16807483403741702,0.9945969997457411,0.14980439034992393,0.831925165962583,5.791560875347602,0.15572740248396919,37.190377434978366
