ROC_AUC_score,prediction_threshold,TN,FP,FN,TP,sensitivity,specificity,BA,Accuracy,precision,ROC_ACU_score_discretized,MCC,f1_score,cohen_kappa,PPV_score,NPV_score,FPR_score,FDR_score,PLR_score,NLR_score,DOR_score
0.9350221683091486,0.4983788218405057,12840,1883,0.13255360623781676,445,0.8674463937621832,0.8721048699313998,0.8697756318467915,0.8719480178524547,0.19115120274914088,0.8697756318467915,0.370769631857381,0.31326997536078843,0.2731624863547274,0.19115120274914088,0.9947319491788038,0.12789513006860015,0.8088487972508591,6.7824818137868395,0.15199273712144676,44.62372309518601
