ROC_AUC_score,prediction_threshold,TN,FP,FN,TP,sensitivity,specificity,BA,Accuracy,precision,ROC_ACU_score_discretized,MCC,f1_score,cohen_kappa,PPV_score,NPV_score,FPR_score,FDR_score,PLR_score,NLR_score,DOR_score
0.9223703400520408,0.4983788218405057,16017,2387,0.14953271028037382,546,0.8504672897196262,0.8702999347967834,0.8603836122582047,0.869631418670587,0.18615751789976134,0.8603836122582047,0.3603914017700389,0.3054545454545454,0.26479071918343733,0.18615751789976134,0.9940420778253584,0.1297000652032167,0.8138424821002387,6.55718475073314,0.17181744396578635,38.163673020527874
