ROC_AUC_score,prediction_threshold,TN,FP,FN,TP,sensitivity,specificity,BA,Accuracy,precision,ROC_ACU_score_discretized,MCC,f1_score,cohen_kappa,PPV_score,NPV_score,FPR_score,FDR_score,PLR_score,NLR_score,DOR_score
0.9245579743618975,0.5408051813642315,13108,1615,0.15789473684210525,432,0.8421052631578947,0.8903076818583169,0.8662064725081058,0.888684694145445,0.21104054714215925,0.8662064725081057,0.387389633406048,0.33749999999999997,0.2997967859148256,0.21104054714215925,0.993858518462355,0.10969231814168308,0.7889594528578407,7.676975721036333,0.17734850553298112,43.28751289989677
