ROC_AUC_score,prediction_threshold,TN,FP,FN,TP,sensitivity,specificity,BA,Accuracy,precision,ROC_ACU_score_discretized,MCC,f1_score,cohen_kappa,PPV_score,NPV_score,FPR_score,FDR_score,PLR_score,NLR_score,DOR_score
0.9331213382435485,0.5408051813642315,16293,2111,0.1573208722741433,541,0.8426791277258567,0.8852966746359487,0.8639879011809027,0.8838601281108894,0.2039969834087481,0.8639879011809027,0.37949961955822686,0.3284760170006072,0.28993630389462366,0.2039969834087481,0.9938392094668781,0.1147033253640513,0.7960030165912518,7.346597189325757,0.1777041265164999,41.34173658957561
