ROC_AUC_score,prediction_threshold,TN,FP,FN,TP,sensitivity,specificity,BA,Accuracy,precision,ROC_ACU_score_discretized,MCC,f1_score,cohen_kappa,PPV_score,NPV_score,FPR_score,FDR_score,PLR_score,NLR_score,DOR_score
0.9259122887781235,0.5557864883815848,13105,1618,0.15594541910331383,433,0.8440545808966862,0.8901039190382395,0.8670792499674629,0.8885534260960882,0.21111652852267188,0.8670792499674628,0.3879928949056951,0.3377535101404056,0.3000491493983162,0.21111652852267188,0.993932499051953,0.10989608096176051,0.7888834714773282,7.680479353857794,0.17519911525815257,43.83857385661311
