ROC_AUC_score,prediction_threshold,TN,FP,FN,TP,sensitivity,specificity,BA,Accuracy,precision,ROC_ACU_score_discretized,MCC,f1_score,cohen_kappa,PPV_score,NPV_score,FPR_score,FDR_score,PLR_score,NLR_score,DOR_score
0.9244516971456158,0.5557864883815848,16392,2012,0.1806853582554517,526,0.8193146417445483,0.8906759400130406,0.8549952908787944,0.8882705029927543,0.20724980299448384,0.8549952908787944,0.37703630883832107,0.33081761006289306,0.2927645336679213,0.20724980299448384,0.9929731039496001,0.10932405998695936,0.7927501970055162,7.494367130550032,0.2028631852936392,36.94296291218207
