ROC_AUC_score,prediction_threshold,TN,FP,FN,TP,sensitivity,specificity,BA,Accuracy,precision,ROC_ACU_score_discretized,MCC,f1_score,cohen_kappa,PPV_score,NPV_score,FPR_score,FDR_score,PLR_score,NLR_score,DOR_score
0.9393047623170917,0.5811801126045634,13297,1426,0.1442495126705653,439,0.8557504873294347,0.903144739523195,0.8794476134263148,0.90154896298241,0.2353887399463807,0.8794476134263148,0.4176546272951088,0.3692178301093356,0.33404662862489864,0.2353887399463807,0.994465634582305,0.096855260476805,0.7646112600536193,8.835353734187422,0.15971915282008972,55.31806034646145
