ROC_AUC_score,prediction_threshold,TN,FP,FN,TP,sensitivity,specificity,BA,Accuracy,precision,ROC_ACU_score_discretized,MCC,f1_score,cohen_kappa,PPV_score,NPV_score,FPR_score,FDR_score,PLR_score,NLR_score,DOR_score
0.93366114369015,0.5811801126045634,16651,1753,0.18691588785046728,522,0.8130841121495327,0.9047489676157358,0.8589165398826342,0.9016591410269873,0.22945054945054946,0.8589165398826343,0.39946332658587913,0.3579019540623929,0.3222679833958767,0.22945054945054946,0.9928447916045555,0.09525103238426429,0.7705494505494506,8.536223616657162,0.20659419854663386,41.318796349115814
