ROC_AUC_score,prediction_threshold,TN,FP,FN,TP,sensitivity,specificity,BA,Accuracy,precision,ROC_ACU_score_discretized,MCC,f1_score,cohen_kappa,PPV_score,NPV_score,FPR_score,FDR_score,PLR_score,NLR_score,DOR_score
0.9275899227568116,0.5480271023466858,13103,1620,0.16374269005847952,429,0.8362573099415205,0.8899680771581878,0.8631126935498541,0.8881596219480179,0.20937042459736457,0.8631126935498542,0.383958497066398,0.33489461358313816,0.29703529896466396,0.20937042459736457,0.9936300902403883,0.11003192284181212,0.7906295754026355,7.60013356436358,0.18398714994512663,41.30795855379186
