ROC_AUC_score,prediction_threshold,TN,FP,FN,TP,sensitivity,specificity,BA,Accuracy,precision,ROC_ACU_score_discretized,MCC,f1_score,cohen_kappa,PPV_score,NPV_score,FPR_score,FDR_score,PLR_score,NLR_score,DOR_score
0.9187624118013082,0.5480271023466858,16306,2098,0.1838006230529595,524,0.8161993769470405,0.886003042816779,0.8511012098819097,0.883650110259372,0.19984744469870327,0.8511012098819097,0.3678155926616046,0.32107843137254904,0.282205820267575,0.19984744469870327,0.9928153921091086,0.11399695718322105,0.8001525553012967,7.1598347632666055,0.20744920070321765,34.513677271331865
