ROC_AUC_score,prediction_threshold,TN,FP,FN,TP,sensitivity,specificity,BA,Accuracy,precision,ROC_ACU_score_discretized,MCC,f1_score,cohen_kappa,PPV_score,NPV_score,FPR_score,FDR_score,PLR_score,NLR_score,DOR_score
0.9369352085867955,0.559479368583586,13165,1558,0.16569200779727095,428,0.834307992202729,0.8941791754397881,0.8642435838212585,0.8921632974533998,0.21550855991943604,0.8642435838212585,0.3902843918385623,0.3425370148059224,0.3053622919118305,0.21550855991943604,0.9935849056603774,0.10582082456021191,0.7844914400805639,7.884156976380474,0.1853006783744186,42.54791210450803
