ROC_AUC_score,prediction_threshold,TN,FP,FN,TP,sensitivity,specificity,BA,Accuracy,precision,ROC_ACU_score_discretized,MCC,f1_score,cohen_kappa,PPV_score,NPV_score,FPR_score,FDR_score,PLR_score,NLR_score,DOR_score
0.91571130073985,0.559479368583586,16439,1965,0.19470404984423675,517,0.8052959501557633,0.8932297326668116,0.8492628414112875,0.8902656725821695,0.20829975825946817,0.8492628414112875,0.37447472055569947,0.33098591549295775,0.29312467698294464,0.20829975825946817,0.9924535136440473,0.10677026733318844,0.7917002417405318,7.542324003392709,0.21797757365614287,34.60137608142496
