ROC_AUC_score,prediction_threshold,TN,FP,FN,TP,sensitivity,specificity,BA,Accuracy,precision,ROC_ACU_score_discretized,MCC,f1_score,cohen_kappa,PPV_score,NPV_score,FPR_score,FDR_score,PLR_score,NLR_score,DOR_score
0.9272600734907284,0.4519555869976454,15548,2856,0.11993769470404984,565,0.8800623052959502,0.8448163442729841,0.8624393247844672,0.8460044103748818,0.16515638702133878,0.8624393247844672,0.34080219601205125,0.2781196160472557,0.23467739334644844,0.16515638702133878,0.995072,0.15518365572701587,0.8348436129786612,5.671101774042951,0.14196895635022722,39.94606933682565
