ROC_AUC_score,prediction_threshold,TN,FP,FN,TP,sensitivity,specificity,BA,Accuracy,precision,ROC_ACU_score_discretized,MCC,f1_score,cohen_kappa,PPV_score,NPV_score,FPR_score,FDR_score,PLR_score,NLR_score,DOR_score
0.9296540308562314,0.5356484882269366,12970,1753,0.14230019493177387,440,0.8576998050682261,0.8809345921347551,0.8693171986014906,0.8801522709372539,0.20063839489284085,0.8693171986014906,0.3795581349098245,0.3252032520325204,0.28625098316773734,0.20063839489284085,0.9944031281146976,0.11906540786524486,0.7993616051071591,7.203601956656867,0.1615332127972635,44.595175394040716
