ROC_AUC_score,prediction_threshold,TN,FP,FN,TP,sensitivity,specificity,BA,Accuracy,precision,ROC_ACU_score_discretized,MCC,f1_score,cohen_kappa,PPV_score,NPV_score,FPR_score,FDR_score,PLR_score,NLR_score,DOR_score
0.9190481413697821,0.5356484882269366,16208,2196,0.1791277258566978,527,0.8208722741433022,0.880678113453597,0.8507751937984496,0.8786621862858343,0.1935365405802424,0.8507751937984497,0.36170847470751366,0.31322436849925706,0.2735964004563002,0.1935365405802424,0.9929547264595969,0.11932188654640295,0.8064634594197576,6.879477838494232,0.20339749917736094,33.82282410707215
