ROC_AUC_score,prediction_threshold,TN,FP,FN,TP,sensitivity,specificity,BA,Accuracy,precision,ROC_ACU_score_discretized,MCC,f1_score,cohen_kappa,PPV_score,NPV_score,FPR_score,FDR_score,PLR_score,NLR_score,DOR_score
0.9257241490982469,0.48761679086104526,12779,1944,0.13060428849902533,446,0.8693957115009746,0.8679616925898255,0.8686787020454001,0.8680099763717511,0.18661087866108786,0.8686787020454,0.3657227483903632,0.30726834309335166,0.266608754164396,0.18661087866108786,0.9947843686750739,0.13203830741017455,0.8133891213389122,6.584420298574512,0.15047241095321628,43.75832258460781
