ROC_AUC_score,prediction_threshold,TN,FP,FN,TP,sensitivity,specificity,BA,Accuracy,precision,ROC_ACU_score_discretized,MCC,f1_score,cohen_kappa,PPV_score,NPV_score,FPR_score,FDR_score,PLR_score,NLR_score,DOR_score
0.926642995800046,0.48761679086104526,16027,2377,0.14174454828660435,551,0.8582554517133957,0.8708432949358835,0.8645493733246397,0.8704189856137772,0.18818306010928962,0.8645493733246397,0.3648117905529476,0.30868347338935576,0.2682218268801515,0.18818306010928962,0.9943541382305497,0.1291567050641165,0.8118169398907104,6.645070817557146,0.16276699735862393,40.82566444913944
