ROC_AUC_score,prediction_threshold,TN,FP,FN,TP,sensitivity,specificity,BA,Accuracy,precision,ROC_ACU_score_discretized,MCC,f1_score,cohen_kappa,PPV_score,NPV_score,FPR_score,FDR_score,PLR_score,NLR_score,DOR_score
0.933548959148004,0.560951534387012,13135,1588,0.13060428849902533,446,0.8693957115009746,0.8921415472390137,0.8807686293699941,0.8913756891572592,0.2192723697148476,0.8807686293699941,0.4038802872318509,0.35021594032194736,0.3132863867869917,0.2192723697148476,0.9949250113619149,0.10785845276098621,0.7807276302851525,8.060524597247381,0.14639413319917402,55.06043460280456
