ROC_AUC_score,prediction_threshold,TN,FP,FN,TP,sensitivity,specificity,BA,Accuracy,precision,ROC_ACU_score_discretized,MCC,f1_score,cohen_kappa,PPV_score,NPV_score,FPR_score,FDR_score,PLR_score,NLR_score,DOR_score
0.9346295434894624,0.560951534387012,16413,1991,0.14953271028037382,546,0.8504672897196262,0.8918169963051511,0.8711421430123887,0.8904231859708075,0.21521482065431613,0.8711421430123886,0.3942514285951405,0.3435042466184335,0.306175735593499,0.21521482065431613,0.9941849900054516,0.10818300369484894,0.7847851793456839,7.861376192867909,0.16767196734295986,46.88545328980414
