ROC_AUC_score,prediction_threshold,TN,FP,FN,TP,sensitivity,specificity,BA,Accuracy,precision,ROC_ACU_score_discretized,MCC,f1_score,cohen_kappa,PPV_score,NPV_score,FPR_score,FDR_score,PLR_score,NLR_score,DOR_score
0.9270840242931886,0.49990115558563053,12979,1744,0.14619883040935672,438,0.8538011695906432,0.8815458805949874,0.8676735250928154,0.8806117091100026,0.20073327222731438,0.8676735250928153,0.37866051035655035,0.3250463821892393,0.2861244035900202,0.20073327222731438,0.9942546345947603,0.11845411940501256,0.7992667277726856,7.207863887547613,0.16584369983180214,43.46178899082565
