ROC_AUC_score,prediction_threshold,TN,FP,FN,TP,sensitivity,specificity,BA,Accuracy,precision,ROC_ACU_score_discretized,MCC,f1_score,cohen_kappa,PPV_score,NPV_score,FPR_score,FDR_score,PLR_score,NLR_score,DOR_score
0.9265103719156271,0.49990115558563053,16127,2277,0.14330218068535824,550,0.8566978193146417,0.8762768963268854,0.8664873578207636,0.8756169274388323,0.19455252918287938,0.8664873578207636,0.3720811586284103,0.3170942634765062,0.27739487762998705,0.19455252918287938,0.9943276404217276,0.12372310367311454,0.8054474708171206,6.924315619967793,0.16353527211095267,42.341419869775244
