ROC_AUC_score,prediction_threshold,TN,FP,FN,TP,sensitivity,specificity,BA,Accuracy,precision,ROC_ACU_score_discretized,MCC,f1_score,cohen_kappa,PPV_score,NPV_score,FPR_score,FDR_score,PLR_score,NLR_score,DOR_score
0.9339905114579183,0.6477315750334951,13552,1171,0.17738791423001948,422,0.8226120857699805,0.9204645792297765,0.8715383324998784,0.9171698608558677,0.26490897677338354,0.8715383324998784,0.4380539839100141,0.4007597340930674,0.3685979764353766,0.26490897677338354,0.9933299127757824,0.07953542077022346,0.7350910232266165,10.342713696662187,0.19271563320606389,53.66826512513957
