ROC_AUC_score,prediction_threshold,TN,FP,FN,TP,sensitivity,specificity,BA,Accuracy,precision,ROC_ACU_score_discretized,MCC,f1_score,cohen_kappa,PPV_score,NPV_score,FPR_score,FDR_score,PLR_score,NLR_score,DOR_score
0.9188575421434185,0.6477315750334951,16942,1462,0.2398753894080997,488,0.7601246105919003,0.9205607476635514,0.8403426791277259,0.9151527879869789,0.25025641025641027,0.8403426791277259,0.40523362538445334,0.3765432098765432,0.34323341918278627,0.25025641025641027,0.9909920449227889,0.0794392523364486,0.7497435897435898,9.568627450980397,0.26057529610829105,36.721161191749445
