ROC_AUC_score,prediction_threshold,TN,FP,FN,TP,sensitivity,specificity,BA,Accuracy,precision,ROC_ACU_score_discretized,MCC,f1_score,cohen_kappa,PPV_score,NPV_score,FPR_score,FDR_score,PLR_score,NLR_score,DOR_score
0.9350930020380254,0.3985317618226929,12372,2351,0.1111111111111111,456,0.8888888888888888,0.8403178699993208,0.8646033794441048,0.841953268574429,0.16245101531884573,0.8646033794441048,0.33928778434922074,0.2746987951807229,0.23091054588026572,0.16245101531884573,0.9954139512430605,0.1596821300006792,0.8375489846811542,5.566614679332671,0.13222509609512526,42.09953211399402
