ROC_AUC_score,prediction_threshold,TN,FP,FN,TP,sensitivity,specificity,BA,Accuracy,precision,ROC_ACU_score_discretized,MCC,f1_score,cohen_kappa,PPV_score,NPV_score,FPR_score,FDR_score,PLR_score,NLR_score,DOR_score
0.9229294424007785,0.3985317618226929,15410,2994,0.12305295950155763,563,0.8769470404984424,0.8373179743534014,0.857132507425922,0.8386537855717736,0.15827944897385438,0.8571325074259217,0.33077248993656094,0.2681590854965469,0.22383353813757734,0.15827944897385438,0.9948996061721221,0.16268202564659856,0.8417205510261456,5.3905588955689145,0.1469608479342418,36.68023811335752
