ROC_AUC_score,prediction_threshold,TN,FP,FN,TP,sensitivity,specificity,BA,Accuracy,precision,ROC_ACU_score_discretized,MCC,f1_score,cohen_kappa,PPV_score,NPV_score,FPR_score,FDR_score,PLR_score,NLR_score,DOR_score
0.9322946063491647,0.4756559816946471,12736,1987,0.1286549707602339,447,0.8713450292397661,0.8650410921687156,0.8681930607042408,0.8652533473352586,0.18364831552999178,0.8681930607042408,0.36254609779305014,0.3033593484899898,0.2623315669889883,0.18364831552999178,0.9948445555381972,0.1349589078312844,0.8163516844700082,6.456372856314583,0.1487270049075788,43.410898110445174
