ROC_AUC_score,prediction_threshold,TN,FP,FN,TP,sensitivity,specificity,BA,Accuracy,precision,ROC_ACU_score_discretized,MCC,f1_score,cohen_kappa,PPV_score,NPV_score,FPR_score,FDR_score,PLR_score,NLR_score,DOR_score
0.9168898505742692,0.4756559816946471,15958,2446,0.1557632398753894,542,0.8442367601246106,0.8670941099760922,0.8556654350503514,0.8663236375091883,0.1813922356091031,0.8556654350503514,0.3529874455662914,0.2986225895316804,0.2574145807525676,0.1813922356091031,0.9937725744177357,0.13290589002390785,0.8186077643908969,6.352139547560643,0.1796382169862556,35.36073589533933
