ROC_AUC_score,prediction_threshold,TN,FP,FN,TP,sensitivity,specificity,BA,Accuracy,precision,ROC_ACU_score_discretized,MCC,f1_score,cohen_kappa,PPV_score,NPV_score,FPR_score,FDR_score,PLR_score,NLR_score,DOR_score
0.9332778049858735,0.5479477133546237,13092,1631,0.1442495126705653,439,0.8557504873294347,0.889220946817904,0.8724857170736693,0.8880939879233395,0.21207729468599035,0.8724857170736693,0.3921790232852171,0.33991482771970577,0.3022604314796836,0.21207729468599035,0.9943794622512532,0.11077905318209604,0.7879227053140097,7.724840236021624,0.16222010197439143,47.61950055512288
