ROC_AUC_score,prediction_threshold,TN,FP,FN,TP,sensitivity,specificity,BA,Accuracy,precision,ROC_ACU_score_discretized,MCC,f1_score,cohen_kappa,PPV_score,NPV_score,FPR_score,FDR_score,PLR_score,NLR_score,DOR_score
0.9338525046363347,0.47235730531999276,15805,2599,0.1277258566978193,560,0.8722741433021807,0.8587806998478592,0.8655274215750199,0.8592355350204768,0.1772712883823995,0.8655274215750199,0.35471358711702305,0.29465930018416203,0.2527940877135296,0.1772712883823995,0.9948385472398816,0.14121930015214085,0.8227287116176005,6.176734641528795,0.14872930507223453,41.53004438855471
