ROC_AUC_score,prediction_threshold,TN,FP,FN,TP,sensitivity,specificity,BA,Accuracy,precision,ROC_ACU_score_discretized,MCC,f1_score,cohen_kappa,PPV_score,NPV_score,FPR_score,FDR_score,PLR_score,NLR_score,DOR_score
0.9350487806072875,0.496479133063522,12801,1922,0.1267056530214425,448,0.8732943469785575,0.8694559532703933,0.8713751501244753,0.8695851929640326,0.1890295358649789,0.8713751501244753,0.36966108007258097,0.3107873742629205,0.2703980993001165,0.1890295358649789,0.9949479247629411,0.13054404672960673,0.810970464135021,6.689652794258742,0.14572981247048658,45.904490514688206
