ROC_AUC_score,prediction_threshold,TN,FP,FN,TP,sensitivity,specificity,BA,Accuracy,precision,ROC_ACU_score_discretized,MCC,f1_score,cohen_kappa,PPV_score,NPV_score,FPR_score,FDR_score,PLR_score,NLR_score,DOR_score
0.9261998441351975,0.496479133063522,15998,2406,0.14330218068535824,550,0.8566978193146417,0.8692675505324929,0.8629826849235673,0.8688438517273969,0.18606224627875506,0.8629826849235673,0.36183393381694673,0.30572540300166756,0.2650172239376368,0.18606224627875506,0.9942821628340585,0.13073244946750706,0.8139377537212449,6.5530617899695205,0.16485394007584284,39.75071379522208
