ROC_AUC_score,prediction_threshold,TN,FP,FN,TP,sensitivity,specificity,BA,Accuracy,precision,ROC_ACU_score_discretized,MCC,f1_score,cohen_kappa,PPV_score,NPV_score,FPR_score,FDR_score,PLR_score,NLR_score,DOR_score
0.9363873394838194,0.5788813427095028,13331,1392,0.14814814814814814,437,0.8518518518518519,0.9054540514840725,0.8786529516679622,0.9036492517721186,0.23892837616183707,0.8786529516679622,0.42029625801896653,0.3731853116994022,0.3383913072878616,0.23892837616183707,0.9943313194599835,0.09454594851592746,0.761071623838163,9.009924435930184,0.16361752195523105,55.06698994252874
