ROC_AUC_score,prediction_threshold,TN,FP,FN,TP,sensitivity,specificity,BA,Accuracy,precision,ROC_ACU_score_discretized,MCC,f1_score,cohen_kappa,PPV_score,NPV_score,FPR_score,FDR_score,PLR_score,NLR_score,DOR_score
0.9246836831489295,0.5788813427095028,16577,1827,0.18847352024922118,521,0.8115264797507789,0.9007281025863942,0.8561272911685865,0.8977213063110364,0.2218909710391823,0.8561272911685865,0.39100076190782895,0.348494983277592,0.31207592987913757,0.2218909710391823,0.9927536231884058,0.09927189741360574,0.7781090289608177,8.174785623061483,0.2092457420924574,39.067870826491514
