ROC_AUC_score,prediction_threshold,TN,FP,FN,TP,sensitivity,specificity,BA,Accuracy,precision,ROC_ACU_score_discretized,MCC,f1_score,cohen_kappa,PPV_score,NPV_score,FPR_score,FDR_score,PLR_score,NLR_score,DOR_score
0.9330988008710298,0.45169014353885945,12622,2101,0.1189083820662768,452,0.8810916179337231,0.8572981050057733,0.8691948614697482,0.8580992386453137,0.17704661182922052,0.8691948614697482,0.3566203143025103,0.29484670580560995,0.25295767937541347,0.17704661182922052,0.9951904123630056,0.14270189499422672,0.8229533881707795,6.174351209347076,0.1387013238125332,44.51544541631228
