ROC_AUC_score,prediction_threshold,TN,FP,FN,TP,sensitivity,specificity,BA,Accuracy,precision,ROC_ACU_score_discretized,MCC,f1_score,cohen_kappa,PPV_score,NPV_score,FPR_score,FDR_score,PLR_score,NLR_score,DOR_score
0.9343424597524174,0.45169014353885945,15646,2758,0.12461059190031153,562,0.8753894080996885,0.8501412736361661,0.8627653408679272,0.8509923343484196,0.16927710843373495,0.8627653408679272,0.3451447182106622,0.2836951034830893,0.24080697810025908,0.16927710843373495,0.9949128831234898,0.14985872636383396,0.8307228915662651,5.841430988639112,0.14657633473944354,39.852483683828865
