ROC_AUC_score,prediction_threshold,TN,FP,FN,TP,sensitivity,specificity,BA,Accuracy,precision,ROC_ACU_score_discretized,MCC,f1_score,cohen_kappa,PPV_score,NPV_score,FPR_score,FDR_score,PLR_score,NLR_score,DOR_score
0.9268386880322378,0.5297061402568786,12975,1748,0.15984405458089668,431,0.8401559454191033,0.8812741968348842,0.8607150711269937,0.8798897348385403,0.19779715465810005,0.8607150711269937,0.3717070559112989,0.32020802377414564,0.28101789861065807,0.19779715465810005,0.9937198437619668,0.1187258031651158,0.8022028453419,7.07643935034637,0.18137834416913617,39.014797399118144
