ROC_AUC_score,prediction_threshold,TN,FP,FN,TP,sensitivity,specificity,BA,Accuracy,precision,ROC_ACU_score_discretized,MCC,f1_score,cohen_kappa,PPV_score,NPV_score,FPR_score,FDR_score,PLR_score,NLR_score,DOR_score
0.9265844280093518,0.5297061402568786,16210,2194,0.1526479750778816,544,0.8473520249221184,0.8807867854814171,0.8640694052017677,0.8796597710805418,0.19868517165814464,0.8640694052017678,0.3745594278594002,0.32189349112426036,0.2827224394497735,0.19868517165814464,0.9939906794211429,0.11921321451858291,0.8013148283418554,7.107869948343969,0.17330865720748512,41.01278068200844
