ROC_AUC_score,prediction_threshold,TN,FP,FN,TP,sensitivity,specificity,BA,Accuracy,precision,ROC_ACU_score_discretized,MCC,f1_score,cohen_kappa,PPV_score,NPV_score,FPR_score,FDR_score,PLR_score,NLR_score,DOR_score
0.941484190375113,0.510725262899043,13008,1715,0.10136452241715399,461,0.898635477582846,0.8835155878557359,0.891075532719291,0.884024678393279,0.21185661764705882,0.891075532719291,0.4032240671443586,0.3428783934548159,0.3050057428257017,0.21185661764705882,0.9960183767228178,0.11648441214426408,0.7881433823529411,7.714641478980899,0.11472861804641438,67.24252074456156
