ROC_AUC_score,prediction_threshold,TN,FP,FN,TP,sensitivity,specificity,BA,Accuracy,precision,ROC_ACU_score_discretized,MCC,f1_score,cohen_kappa,PPV_score,NPV_score,FPR_score,FDR_score,PLR_score,NLR_score,DOR_score
0.9331339489383655,0.510725262899043,16122,2282,0.14485981308411214,549,0.8551401869158879,0.8760052162573354,0.8655727015866117,0.8753019006615562,0.19392440833627694,0.8655727015866116,0.37093598682717877,0.31615318168730205,0.2763880853511166,0.19392440833627694,0.9942645698427383,0.12399478374266464,0.8060755916637231,6.896581945661703,0.16536409874705366,41.705436657148546
