ROC_AUC_score,prediction_threshold,TN,FP,FN,TP,sensitivity,specificity,BA,Accuracy,precision,ROC_ACU_score_discretized,MCC,f1_score,cohen_kappa,PPV_score,NPV_score,FPR_score,FDR_score,PLR_score,NLR_score,DOR_score
0.9297259237810542,0.43479047449011615,12308,2415,0.12475633528265107,449,0.8752436647173489,0.835970929837669,0.855607297277509,0.8372932528222631,0.15677374301675978,0.855607297277509,0.3283605966675311,0.26591649392952327,0.22145304355232354,0.15677374301675978,0.9948270287746525,0.16402907016233104,0.8432262569832403,5.335905787011813,0.14923525547338898,35.75499482401657
