ROC_AUC_score,prediction_threshold,TN,FP,FN,TP,sensitivity,specificity,BA,Accuracy,precision,ROC_ACU_score_discretized,MCC,f1_score,cohen_kappa,PPV_score,NPV_score,FPR_score,FDR_score,PLR_score,NLR_score,DOR_score
0.9273667989012275,0.43479047449011615,15497,2907,0.11838006230529595,566,0.881619937694704,0.8420452075635732,0.8618325726291386,0.8433791872309147,0.1629714943852577,0.8618325726291386,0.33823827329878375,0.2750911300121507,0.23135696025153674,0.1629714943852577,0.9951197585564759,0.15795479243642688,0.8370285056147423,5.5814700149065475,0.14058635004624553,39.70136512592109
