ROC_AUC_score,prediction_threshold,TN,FP,FN,TP,sensitivity,specificity,BA,Accuracy,precision,ROC_ACU_score_discretized,MCC,f1_score,cohen_kappa,PPV_score,NPV_score,FPR_score,FDR_score,PLR_score,NLR_score,DOR_score
0.9279064899451189,0.497003954107362,12770,1953,0.1286549707602339,447,0.8713450292397661,0.8673504041295932,0.8693477166846797,0.867484904174324,0.18625,0.8693477166846796,0.3657646902296611,0.30690010298661174,0.26618716362769246,0.18625,0.9948582112807728,0.13264959587040684,0.81375,6.568772588580174,0.14833102071283663,44.28455057487317
