ROC_AUC_score,prediction_threshold,TN,FP,FN,TP,sensitivity,specificity,BA,Accuracy,precision,ROC_ACU_score_discretized,MCC,f1_score,cohen_kappa,PPV_score,NPV_score,FPR_score,FDR_score,PLR_score,NLR_score,DOR_score
0.9272059067478898,0.497003954107362,16019,2385,0.13862928348909656,553,0.8613707165109035,0.8704086068246033,0.8658896616677534,0.8701039588365012,0.18822328114363512,0.8658896616677533,0.3656428238490501,0.30893854748603355,0.26846560705932376,0.18822328114363512,0.9944747951328532,0.12959139317539664,0.8117767188563648,6.64682040531097,0.15926920115695942,41.73324382258026
