ROC_AUC_score,prediction_threshold,TN,FP,FN,TP,sensitivity,specificity,BA,Accuracy,precision,ROC_ACU_score_discretized,MCC,f1_score,cohen_kappa,PPV_score,NPV_score,FPR_score,FDR_score,PLR_score,NLR_score,DOR_score
0.9293142937566092,0.5480079799052686,13123,1600,0.15594541910331383,433,0.8440545808966862,0.8913264959587041,0.8676905384276952,0.8897348385402993,0.21298573536645352,0.8676905384276952,0.3900895244797164,0.3401413982717989,0.3026431986183462,0.21298573536645352,0.9939407710368856,0.10867350404129593,0.7870142646335465,7.766884746588693,0.17495880556717897,44.3926484375
