ROC_AUC_score,prediction_threshold,TN,FP,FN,TP,sensitivity,specificity,BA,Accuracy,precision,ROC_ACU_score_discretized,MCC,f1_score,cohen_kappa,PPV_score,NPV_score,FPR_score,FDR_score,PLR_score,NLR_score,DOR_score
0.9304914582431967,0.5480079799052686,16464,1940,0.15109034267912771,545,0.8489096573208723,0.8945881330145621,0.8717488951677173,0.8930484091147748,0.2193158953722334,0.8717488951677173,0.39837936346681907,0.3485769107771026,0.31170152585679944,0.2193158953722334,0.9941428657689753,0.10541186698543795,0.7806841046277666,8.053264604811,0.1688937479753806,47.68243171431611
