ROC_AUC_score,prediction_threshold,TN,FP,FN,TP,sensitivity,specificity,BA,Accuracy,precision,ROC_ACU_score_discretized,MCC,f1_score,cohen_kappa,PPV_score,NPV_score,FPR_score,FDR_score,PLR_score,NLR_score,DOR_score
0.9313495387665054,0.5466858109524361,13118,1605,0.14619883040935672,438,0.8538011695906432,0.890986891258575,0.8723940304246092,0.8897348385402993,0.2143906020558003,0.8723940304246091,0.3942607831410323,0.3427230046948357,0.3053325393495032,0.2143906020558003,0.9943151671340863,0.10901310874142497,0.7856093979441997,7.8320963363757246,0.16408639885020276,47.73153894080994
