ROC_AUC_score,prediction_threshold,TN,FP,FN,TP,sensitivity,specificity,BA,Accuracy,precision,ROC_ACU_score_discretized,MCC,f1_score,cohen_kappa,PPV_score,NPV_score,FPR_score,FDR_score,PLR_score,NLR_score,DOR_score
0.9317252750824181,0.5466858109524361,16330,2074,0.1573208722741433,541,0.8426791277258567,0.8873071071506194,0.8649931174382381,0.8858027932374252,0.2068833652007648,0.864993117438238,0.3827986986963859,0.3322075529628492,0.29399342774716164,0.2068833652007648,0.9938530825877914,0.11269289284938057,0.7931166347992352,7.477659916425588,0.17730149010002036,42.17482837965573
