ROC_AUC_score,prediction_threshold,TN,FP,FN,TP,sensitivity,specificity,BA,Accuracy,precision,ROC_ACU_score_discretized,MCC,f1_score,cohen_kappa,PPV_score,NPV_score,FPR_score,FDR_score,PLR_score,NLR_score,DOR_score
0.9163494705807665,0.5565711868930939,13090,1633,0.1871345029239766,417,0.8128654970760234,0.8890851049378523,0.8509753010069379,0.886518771331058,0.20341463414634145,0.8509753010069379,0.3710478532027074,0.32539992196644557,0.2869961832449499,0.20341463414634145,0.9927195510389807,0.11091489506214766,0.7965853658536586,7.328731606521917,0.21047985382350706,34.8191595223515
