ROC_AUC_score,prediction_threshold,TN,FP,FN,TP,sensitivity,specificity,BA,Accuracy,precision,ROC_ACU_score_discretized,MCC,f1_score,cohen_kappa,PPV_score,NPV_score,FPR_score,FDR_score,PLR_score,NLR_score,DOR_score
0.9247172834565965,0.5565711868930939,16419,1985,0.17445482866043613,530,0.8255451713395638,0.8921430123886112,0.8588440918640875,0.8898981413420141,0.21073558648111332,0.8588440918640875,0.3825963870875081,0.3357617991764333,0.298063433916422,0.21073558648111332,0.9932248502812897,0.10785698761138883,0.7892644135188867,7.654072208228378,0.19554581074771102,39.14209247930909
