ROC_AUC_score,prediction_threshold,TN,FP,FN,TP,sensitivity,specificity,BA,Accuracy,precision,ROC_ACU_score_discretized,MCC,f1_score,cohen_kappa,PPV_score,NPV_score,FPR_score,FDR_score,PLR_score,NLR_score,DOR_score
0.9311320063991324,0.5765262167089746,13255,1468,0.15594541910331383,433,0.8440545808966862,0.9002920600421109,0.8721733204693985,0.8983985297978472,0.22777485533929512,0.8721733204693985,0.40629783017719756,0.3587406793703397,0.32283040722233747,0.22777485533929512,0.9940007499062617,0.09970793995788901,0.7722251446607049,8.465269478570779,0.173216477212983,48.87104053133512
