ROC_AUC_score,prediction_threshold,TN,FP,FN,TP,sensitivity,specificity,BA,Accuracy,precision,ROC_ACU_score_discretized,MCC,f1_score,cohen_kappa,PPV_score,NPV_score,FPR_score,FDR_score,PLR_score,NLR_score,DOR_score
0.9338039238388512,0.5765262167089746,16544,1860,0.1557632398753894,542,0.8442367601246106,0.8989350141273637,0.8715858871259872,0.8970912527564843,0.22564529558701082,0.8715858871259872,0.4040149891862496,0.3561103810775296,0.31993263262951077,0.22564529558701082,0.9939918288872867,0.10106498587263639,0.7743547044129891,8.35340501792115,0.17327530625402968,48.208860215053775
