ROC_AUC_score,prediction_threshold,TN,FP,FN,TP,sensitivity,specificity,BA,Accuracy,precision,ROC_ACU_score_discretized,MCC,f1_score,cohen_kappa,PPV_score,NPV_score,FPR_score,FDR_score,PLR_score,NLR_score,DOR_score
0.9285225447871076,0.48275637364882723,12755,1968,0.13840155945419103,442,0.8615984405458089,0.866331590029206,0.8639650152875075,0.8661722236807561,0.183402489626556,0.8639650152875075,0.35982583011821834,0.3024290112897708,0.2614217127372036,0.183402489626556,0.9944643692499611,0.133668409970794,0.816597510373444,6.445789552924769,0.15975587297875776,40.34774705141416
