ROC_AUC_score,prediction_threshold,TN,FP,FN,TP,sensitivity,specificity,BA,Accuracy,precision,ROC_ACU_score_discretized,MCC,f1_score,cohen_kappa,PPV_score,NPV_score,FPR_score,FDR_score,PLR_score,NLR_score,DOR_score
0.9276018317838258,0.48275637364882723,15981,2423,0.1261682242990654,561,0.8738317757009346,0.8683438382960226,0.8710878069984787,0.8685288249501207,0.18800268096514744,0.8710878069984785,0.3684945648592488,0.3094318808604523,0.2688691315901709,0.18800268096514744,0.9949570414643257,0.1316561617039774,0.8119973190348525,6.637226578621543,0.14529754082973526,45.68024028981521
