ROC_AUC_score,prediction_threshold,TN,FP,FN,TP,sensitivity,specificity,BA,Accuracy,precision,ROC_ACU_score_discretized,MCC,f1_score,cohen_kappa,PPV_score,NPV_score,FPR_score,FDR_score,PLR_score,NLR_score,DOR_score
0.9319293161473494,0.48688216894644215,12811,1912,0.12475633528265107,449,0.8752436647173489,0.8701351626706514,0.8726894136940002,0.8703071672354948,0.1901736552308344,0.8726894136940002,0.3715457334730717,0.31245650661099517,0.2721939565745468,0.1901736552308344,0.9950291262135922,0.12986483732934864,0.8098263447691656,6.73965087637737,0.14337581175290545,47.006889055962354
