ROC_AUC_score,prediction_threshold,TN,FP,FN,TP,sensitivity,specificity,BA,Accuracy,precision,ROC_ACU_score_discretized,MCC,f1_score,cohen_kappa,PPV_score,NPV_score,FPR_score,FDR_score,PLR_score,NLR_score,DOR_score
0.9340925310155384,0.48688216894644215,15997,2407,0.15109034267912771,545,0.8489096573208723,0.8692132145185829,0.8590614359197276,0.8685288249501207,0.18462059620596205,0.8590614359197276,0.3581229969777716,0.3032832498608792,0.26244233073201095,0.18462059620596205,0.9939729091586926,0.1307867854814171,0.815379403794038,6.490790749203711,0.1738242587151757,37.341109907100865
