ROC_AUC_score,prediction_threshold,TN,FP,FN,TP,sensitivity,specificity,BA,Accuracy,precision,ROC_ACU_score_discretized,MCC,f1_score,cohen_kappa,PPV_score,NPV_score,FPR_score,FDR_score,PLR_score,NLR_score,DOR_score
0.9290742534753872,0.4615456719157601,12636,2087,0.12280701754385964,450,0.8771929824561403,0.8582489981661346,0.8677209903111375,0.8588868469414545,0.17737485218762317,0.8677209903111376,0.35609039557981653,0.2950819672131147,0.2532536765015978,0.17737485218762317,0.9950389794472005,0.14175100183386538,0.8226251478123768,6.188266545616558,0.14309019620910465,43.24731330002052
