ROC_AUC_score,prediction_threshold,TN,FP,FN,TP,sensitivity,specificity,BA,Accuracy,precision,ROC_ACU_score_discretized,MCC,f1_score,cohen_kappa,PPV_score,NPV_score,FPR_score,FDR_score,PLR_score,NLR_score,DOR_score
0.9307995315930913,0.4615456719157601,15788,2616,0.12461059190031153,562,0.8753894080996885,0.8578569876113888,0.8666231978555387,0.8584479680772865,0.17684078036500944,0.8666231978555387,0.3549241254357236,0.2942408376963351,0.25230592810490093,0.17684078036500944,0.9949584068565667,0.14214301238861118,0.8231592196349906,6.158511722731907,0.1452580018579512,42.397056574923546
