ROC_AUC_score,prediction_threshold,TN,FP,FN,TP,sensitivity,specificity,BA,Accuracy,precision,ROC_ACU_score_discretized,MCC,f1_score,cohen_kappa,PPV_score,NPV_score,FPR_score,FDR_score,PLR_score,NLR_score,DOR_score
0.9315055053695277,0.5001994982351149,12859,1864,0.13450292397660818,444,0.8654970760233918,0.8733953677918902,0.869446221907641,0.8731294302966658,0.1923743500866551,0.8694462219076409,0.3717530068986805,0.314781992201347,0.274828977344749,0.1923743500866551,0.9946627475247525,0.12660463220810975,0.8076256499133448,6.83621966217403,0.15400004274886098,44.39102444485908
