ROC_AUC_score,prediction_threshold,TN,FP,FN,TP,sensitivity,specificity,BA,Accuracy,precision,ROC_ACU_score_discretized,MCC,f1_score,cohen_kappa,PPV_score,NPV_score,FPR_score,FDR_score,PLR_score,NLR_score,DOR_score
0.925858593655314,0.5001994982351149,16075,2329,0.1588785046728972,540,0.8411214953271028,0.8734514236035644,0.8572864594653336,0.8723616507403129,0.18821889159986058,0.8572864594653336,0.36054204077105223,0.3076046710338935,0.26723790493285693,0.18821889159986058,0.9936947518081226,0.12654857639643555,0.8117811084001394,6.646629454701587,0.18189735614307934,36.5405500972394
