ROC_AUC_score,prediction_threshold,TN,FP,FN,TP,sensitivity,specificity,BA,Accuracy,precision,ROC_ACU_score_discretized,MCC,f1_score,cohen_kappa,PPV_score,NPV_score,FPR_score,FDR_score,PLR_score,NLR_score,DOR_score
0.9252765064116442,0.479509997309717,12721,2002,0.12475633528265107,449,0.8752436647173489,0.8640222780683284,0.8696329713928387,0.8644001050144395,0.1831905344757242,0.8696329713928386,0.3629405691655378,0.3029689608636977,0.26186563803896457,0.1831905344757242,0.9949941337504888,0.13597772193167154,0.8168094655242758,6.436669568248514,0.14439018350495023,44.578304507991994
