ROC_AUC_score,prediction_threshold,TN,FP,FN,TP,sensitivity,specificity,BA,Accuracy,precision,ROC_ACU_score_discretized,MCC,f1_score,cohen_kappa,PPV_score,NPV_score,FPR_score,FDR_score,PLR_score,NLR_score,DOR_score
0.9228620725143728,0.479509997309717,15853,2551,0.14953271028037382,546,0.8504672897196262,0.8613888285155401,0.8559280591175831,0.8610206867583745,0.17629964481756538,0.8559280591175831,0.3481597138013197,0.29205669965231346,0.25018698935990746,0.17629964481756538,0.9939808138441282,0.1386111714844599,0.8237003551824346,6.135633085064681,0.17359490317290105,35.34454625637005
