ROC_AUC_score,prediction_threshold,TN,FP,FN,TP,sensitivity,specificity,BA,Accuracy,precision,ROC_ACU_score_discretized,MCC,f1_score,cohen_kappa,PPV_score,NPV_score,FPR_score,FDR_score,PLR_score,NLR_score,DOR_score
0.9261110614582637,0.5528498266034624,16444,1960,0.1588785046728972,540,0.8411214953271028,0.8935014127363616,0.8673114540317322,0.8917357975427911,0.216,0.8673114540317322,0.39261924087125777,0.3437301082113303,0.30653194174683907,0.216,0.9938353680647891,0.10649858726363834,0.784,7.897959183673467,0.17781561663828754,44.41656662665064
