ROC_AUC_score,prediction_threshold,TN,FP,FN,TP,sensitivity,specificity,BA,Accuracy,precision,ROC_ACU_score_discretized,MCC,f1_score,cohen_kappa,PPV_score,NPV_score,FPR_score,FDR_score,PLR_score,NLR_score,DOR_score
0.9386235669244352,0.45586584999589164,12571,2152,0.08771929824561403,468,0.9122807017543859,0.853834137064457,0.8830574194094214,0.85580204778157,0.17862595419847327,0.8830574194094215,0.36621761252374146,0.2987551867219917,0.2569086522328553,0.17862595419847327,0.99643310082435,0.14616586293554304,0.8213740458015267,6.241407421900476,0.10273575913373448,60.7520446096654
