ROC_AUC_score,prediction_threshold,TN,FP,FN,TP,sensitivity,specificity,BA,Accuracy,precision,ROC_ACU_score_discretized,MCC,f1_score,cohen_kappa,PPV_score,NPV_score,FPR_score,FDR_score,PLR_score,NLR_score,DOR_score
0.927428836748885,0.45586584999589164,15761,2643,0.11838006230529595,566,0.881619937694704,0.8563899152358183,0.8690049264652612,0.8572403654310616,0.1763789342474291,0.8690049264652612,0.3558479509512499,0.2939496234744222,0.2519251279039214,0.1763789342474291,0.9952011113215887,0.1436100847641817,0.8236210657525709,6.138983478370539,0.1382314996933359,44.410886751498495
