ROC_AUC_score,prediction_threshold,TN,FP,FN,TP,sensitivity,specificity,BA,Accuracy,precision,ROC_ACU_score_discretized,MCC,f1_score,cohen_kappa,PPV_score,NPV_score,FPR_score,FDR_score,PLR_score,NLR_score,DOR_score
0.936301015014235,0.5107011140813613,12917,1806,0.12085769980506822,451,0.8791423001949318,0.8773347823133872,0.8782385412541596,0.8773956419007614,0.1998227735932654,0.8782385412541596,0.38411937932348533,0.32563176895306867,0.28648162639636465,0.1998227735932654,0.9952230526234687,0.12266521768661279,0.8001772264067346,7.167005584590245,0.137755509346599,52.02699782088381
