ROC_AUC_score,prediction_threshold,TN,FP,FN,TP,sensitivity,specificity,BA,Accuracy,precision,ROC_ACU_score_discretized,MCC,f1_score,cohen_kappa,PPV_score,NPV_score,FPR_score,FDR_score,PLR_score,NLR_score,DOR_score
0.9354529626161454,0.5107011140813613,16097,2307,0.12149532710280374,564,0.8785046728971962,0.8746468159095848,0.8765757444033906,0.8747768560327628,0.19644723092998956,0.8765757444033905,0.3798981899571344,0.3210930828351836,0.2815073570478387,0.19644723092998956,0.995177743431221,0.12535318409041513,0.8035527690700105,7.008235804074553,0.13890787103186933,50.45240238738285
