ROC_AUC_score,prediction_threshold,TN,FP,FN,TP,sensitivity,specificity,BA,Accuracy,precision,ROC_ACU_score_discretized,MCC,f1_score,cohen_kappa,PPV_score,NPV_score,FPR_score,FDR_score,PLR_score,NLR_score,DOR_score
0.9272235733590506,0.544317388093433,13094,1629,0.1364522417153996,443,0.8635477582846004,0.8893567886979555,0.876452273491278,0.8884877920714098,0.2138030888030888,0.876452273491278,0.3961940474018657,0.34274661508704063,0.3052461583435474,0.2138030888030888,0.9946824673351565,0.11064321130204442,0.7861969111969112,7.804796590070084,0.15342800937649523,50.8694378672279
