ROC_AUC_score,prediction_threshold,TN,FP,FN,TP,sensitivity,specificity,BA,Accuracy,precision,ROC_ACU_score_discretized,MCC,f1_score,cohen_kappa,PPV_score,NPV_score,FPR_score,FDR_score,PLR_score,NLR_score,DOR_score
0.9249204933777773,0.544317388093433,16335,2069,0.16510903426791276,536,0.8348909657320872,0.8875787872201695,0.8612348764761284,0.8858027932374252,0.20575815738963532,0.8612348764761283,0.37946813898510984,0.3301509085309517,0.29184973276313053,0.20575815738963532,0.9935527036068366,0.11242121277983047,0.7942418426103647,7.426454003544381,0.18602183450668303,39.92248556863672
