ROC_AUC_score,prediction_threshold,TN,FP,FN,TP,sensitivity,specificity,BA,Accuracy,precision,ROC_ACU_score_discretized,MCC,f1_score,cohen_kappa,PPV_score,NPV_score,FPR_score,FDR_score,PLR_score,NLR_score,DOR_score
0.9235330698848216,0.47793607661591625,12661,2062,0.14619883040935672,438,0.8538011695906432,0.8599470216667798,0.8568740956287115,0.8597400892622735,0.1752,0.8568740956287115,0.3476284642118096,0.29074012612014605,0.248764889688459,0.1752,0.9941111809045227,0.14005297833322014,0.8248,6.096272851543665,0.17000911303348548,35.85850630455866
