ROC_AUC_score,prediction_threshold,TN,FP,FN,TP,sensitivity,specificity,BA,Accuracy,precision,ROC_ACU_score_discretized,MCC,f1_score,cohen_kappa,PPV_score,NPV_score,FPR_score,FDR_score,PLR_score,NLR_score,DOR_score
0.9275320074668855,0.47793607661591625,15910,2494,0.12461059190031153,562,0.8753894080996885,0.8644859813084113,0.8699376947040498,0.8648535125485667,0.18390052356020942,0.8699376947040499,0.3638155864965905,0.3039480800432667,0.26288185439498557,0.18390052356020942,0.9949968730456535,0.13551401869158877,0.8160994764397905,6.459770114942531,0.14414414414414414,44.81465517241381
