ROC_AUC_score,prediction_threshold,TN,FP,FN,TP,sensitivity,specificity,BA,Accuracy,precision,ROC_ACU_score_discretized,MCC,f1_score,cohen_kappa,PPV_score,NPV_score,FPR_score,FDR_score,PLR_score,NLR_score,DOR_score
0.9296331117363015,0.4722084107929006,12568,2155,0.12280701754385964,450,0.8771929824561403,0.8536303742443796,0.8654116783502599,0.8544237332633237,0.1727447216890595,0.8654116783502601,0.3501438687114808,0.28864656831302116,0.24623917524540673,0.1727447216890595,0.9950122713957723,0.14636962575562046,0.8272552783109405,5.992998738144667,0.14386439523378788,41.657275439177994
