ROC_AUC_score,prediction_threshold,TN,FP,FN,TP,sensitivity,specificity,BA,Accuracy,precision,ROC_ACU_score_discretized,MCC,f1_score,cohen_kappa,PPV_score,NPV_score,FPR_score,FDR_score,PLR_score,NLR_score,DOR_score
0.9215436201394659,0.4722084107929006,15696,2708,0.1308411214953271,558,0.8691588785046729,0.852858074331667,0.86100847641817,0.8534075396408695,0.17085119412124924,0.86100847641817,0.3457080015230115,0.2855680655066531,0.242913203500134,0.17085119412124924,0.9946768060836502,0.14714192566833298,0.8291488058787507,5.906942392909897,0.15341488277268095,38.50305971723993
