ROC_AUC_score,prediction_threshold,TN,FP,FN,TP,sensitivity,specificity,BA,Accuracy,precision,ROC_ACU_score_discretized,MCC,f1_score,cohen_kappa,PPV_score,NPV_score,FPR_score,FDR_score,PLR_score,NLR_score,DOR_score
0.9302388394178182,0.49070840569861396,12697,2026,0.13060428849902533,446,0.8693957115009746,0.8623921755077091,0.8658939435043418,0.8626279863481229,0.18042071197411003,0.8658939435043418,0.35803412663497636,0.2988274706867672,0.2574154485223594,0.18042071197411003,0.9947508617988091,0.13760782449229098,0.81957928802589,6.317923524397263,0.1514441946578838,41.717832358444696
