ROC_AUC_score,prediction_threshold,TN,FP,FN,TP,sensitivity,specificity,BA,Accuracy,precision,ROC_ACU_score_discretized,MCC,f1_score,cohen_kappa,PPV_score,NPV_score,FPR_score,FDR_score,PLR_score,NLR_score,DOR_score
0.9209998368226872,0.49070840569861396,15843,2561,0.14174454828660435,551,0.8582554517133957,0.8608454683764399,0.8595504600449178,0.8607581644439778,0.17705655526992287,0.8595504600449179,0.3510195217613322,0.29355354288758656,0.25173570382393784,0.17705655526992287,0.9942889418852767,0.1391545316235601,0.8229434447300771,6.167642847845896,0.1646573670811504,37.45743635513259
