ROC_AUC_score,prediction_threshold,TN,FP,FN,TP,sensitivity,specificity,BA,Accuracy,precision,ROC_ACU_score_discretized,MCC,f1_score,cohen_kappa,PPV_score,NPV_score,FPR_score,FDR_score,PLR_score,NLR_score,DOR_score
0.9261764257671127,0.4595259502770422,12468,2255,0.1286549707602339,447,0.8713450292397661,0.8468382802417985,0.8590916547407823,0.8476634287214492,0.16543301258327164,0.8590916547407822,0.33916000189176954,0.2780715396578538,0.23476266334466445,0.16543301258327164,0.9947343226424127,0.15316171975820145,0.8345669874167283,5.689052268513115,0.1519238959338245,37.44672445071558
