ROC_AUC_score,prediction_threshold,TN,FP,FN,TP,sensitivity,specificity,BA,Accuracy,precision,ROC_ACU_score_discretized,MCC,f1_score,cohen_kappa,PPV_score,NPV_score,FPR_score,FDR_score,PLR_score,NLR_score,DOR_score
0.9276921379004024,0.4595259502770422,15701,2703,0.11370716510903427,569,0.8862928348909658,0.8531297544012171,0.8697112946460914,0.854247611046939,0.1738997555012225,0.8697112946460914,0.35378447800022755,0.29075114971895755,0.2483922193761141,0.1738997555012225,0.9953721313553949,0.14687024559878287,0.8261002444987775,6.034529535084472,0.1332823811646816,45.27627344553743
