ROC_AUC_score,prediction_threshold,TN,FP,FN,TP,sensitivity,specificity,BA,Accuracy,precision,ROC_ACU_score_discretized,MCC,f1_score,cohen_kappa,PPV_score,NPV_score,FPR_score,FDR_score,PLR_score,NLR_score,DOR_score
0.9251646288398667,0.48365672576986635,12733,1990,0.14230019493177387,440,0.8576998050682261,0.8648373293486382,0.8612685672084321,0.8645970070884746,0.18106995884773663,0.8612685672084321,0.355964858212724,0.29901461094121645,0.25774347400938835,0.18106995884773663,0.9942995470873028,0.1351626706513618,0.8189300411522634,6.3456855427233645,0.1645398389994901,38.56625593722035
