ROC_AUC_score,prediction_threshold,TN,FP,FN,TP,sensitivity,specificity,BA,Accuracy,precision,ROC_ACU_score_discretized,MCC,f1_score,cohen_kappa,PPV_score,NPV_score,FPR_score,FDR_score,PLR_score,NLR_score,DOR_score
0.9278926394844411,0.48365672576986635,15959,2445,0.1261682242990654,561,0.8738317757009346,0.8671484459900022,0.8704901108454683,0.8673737267667752,0.18662674650698602,0.8704901108454685,0.3668035854135212,0.3075657894736842,0.2668375533205495,0.18662674650698602,0.9949501246882793,0.13285155400999782,0.8133732534930139,6.577505112474438,0.14549783821041415,45.20689237294556
