ROC_AUC_score,prediction_threshold,TN,FP,FN,TP,sensitivity,specificity,BA,Accuracy,precision,ROC_ACU_score_discretized,MCC,f1_score,cohen_kappa,PPV_score,NPV_score,FPR_score,FDR_score,PLR_score,NLR_score,DOR_score
0.9253094738854576,0.5522125122206044,13119,1604,0.17348927875243664,424,0.8265107212475633,0.8910548121986008,0.8587827667230821,0.8888815962194802,0.20907297830374755,0.8587827667230821,0.3810359069460684,0.3337268791814247,0.2958840253854157,0.20907297830374755,0.9932616596002423,0.10894518780139917,0.7909270216962525,7.586482137735583,0.1947010176897725,38.964779063577005
