ROC_AUC_score,prediction_threshold,TN,FP,FN,TP,sensitivity,specificity,BA,Accuracy,precision,ROC_ACU_score_discretized,MCC,f1_score,cohen_kappa,PPV_score,NPV_score,FPR_score,FDR_score,PLR_score,NLR_score,DOR_score
0.9307869208982742,0.5522125122206044,16358,2046,0.16043613707165108,539,0.839563862928349,0.8888285155401,0.8641961892342245,0.8871679092722882,0.20851063829787234,0.8641961892342245,0.38382268401229913,0.334056399132321,0.29604001575307415,0.20851063829787234,0.9937427859789806,0.11117148445990002,0.7914893617021277,7.551971326164876,0.18050291396666254,41.83850088735778
