{"performances": [0.9308536137003943, 0.9304204490287565, 0.9309437505458995, 0.9314294738851977, 0.9335572958878641, 0.9306483725263572, 0.9312738291350723, 0.9306321225035057, 0.9297632540941595, 0.9307865823561313], "mean": 0.9310308743663338, "std": 0.0009478499745975459}