ROC_AUC_score,prediction_threshold,TN,FP,FN,TP,sensitivity,specificity,BA,Accuracy,precision,ROC_ACU_score_discretized,MCC,f1_score,cohen_kappa,PPV_score,NPV_score,FPR_score,FDR_score,PLR_score,NLR_score,DOR_score
0.9337351128354822,0.5270651951703765,13009,1714,0.15984405458089668,431,0.8401559454191033,0.8835835087957618,0.8618697271074325,0.8821212916776057,0.20093240093240095,0.8618697271074325,0.3753522534114861,0.3243039879608729,0.28547404753612315,0.20093240093240095,0.9937361546100374,0.11641649120423826,0.799067599067599,7.216812126257562,0.18090429822388668,39.89298318012353
