ROC_AUC_score,prediction_threshold,TN,FP,FN,TP,sensitivity,specificity,BA,Accuracy,precision,ROC_ACU_score_discretized,MCC,f1_score,cohen_kappa,PPV_score,NPV_score,FPR_score,FDR_score,PLR_score,NLR_score,DOR_score
0.9313051442832757,0.5270651951703765,16318,2086,0.14797507788161993,547,0.8520249221183801,0.8866550749836992,0.8693399985510397,0.8854877664601492,0.2077478161792632,0.8693399985510397,0.3862429370241333,0.33404580152671753,0.295882500172303,0.2077478161792632,0.9942119051970999,0.11334492501630081,0.7922521838207368,7.517098114413552,0.16689136740613633,45.041863046878966
