ROC_AUC_score,prediction_threshold,TN,FP,FN,TP,sensitivity,specificity,BA,Accuracy,precision,ROC_ACU_score_discretized,MCC,f1_score,cohen_kappa,PPV_score,NPV_score,FPR_score,FDR_score,PLR_score,NLR_score,DOR_score
0.931752165625411,0.4501844603570233,12666,2057,0.11695906432748537,453,0.8830409356725146,0.8602866263669089,0.8716637810197118,0.8610527697558414,0.1804780876494024,0.8716637810197118,0.3614550150797657,0.29970228250082703,0.25822764339525583,0.1804780876494024,0.9952852428099953,0.13971337363309108,0.8195219123505976,6.320375156007016,0.13595360051267702,46.48920758385999
