ROC_AUC_score,prediction_threshold,TN,FP,FN,TP,sensitivity,specificity,BA,Accuracy,precision,ROC_ACU_score_discretized,MCC,f1_score,cohen_kappa,PPV_score,NPV_score,FPR_score,FDR_score,PLR_score,NLR_score,DOR_score
0.9298494977050229,0.4501844603570233,15707,2697,0.12461059190031153,562,0.8753894080996885,0.8534557704846772,0.8644225892921829,0.8541951065840596,0.17244553544031913,0.8644225892921829,0.3492745379652278,0.2881312483978467,0.2456453065148717,0.17244553544031913,0.9949325394311775,0.14654422951532275,0.8275544645596808,5.973550858979112,0.1460070881348019,40.912745643307375
