ROC_AUC_score,prediction_threshold,TN,FP,FN,TP,sensitivity,specificity,BA,Accuracy,precision,ROC_ACU_score_discretized,MCC,f1_score,cohen_kappa,PPV_score,NPV_score,FPR_score,FDR_score,PLR_score,NLR_score,DOR_score
0.9231641367412339,0.4543821512022234,15678,2726,0.12305295950155763,563,0.8769470404984424,0.8518800260812867,0.8644135332898646,0.852724981623438,0.171176649437519,0.8644135332898645,0.34800013691886034,0.2864411091325363,0.24378644452858778,0.171176649437519,0.9949863552706734,0.14811997391871332,0.828823350562481,5.920518464172169,0.14444869668750263,40.986998151880165
