ROC_AUC_score,prediction_threshold,TN,FP,FN,TP,sensitivity,specificity,BA,Accuracy,precision,ROC_ACU_score_discretized,MCC,f1_score,cohen_kappa,PPV_score,NPV_score,FPR_score,FDR_score,PLR_score,NLR_score,DOR_score
0.9369083314896705,0.4750337343887202,12629,2094,0.11306042884990253,455,0.8869395711500975,0.8577735515859539,0.8723565613680258,0.8587555788920976,0.1785013730874853,0.8723565613680256,0.3598996776171303,0.29719137818419333,0.25545324494716504,0.1785013730874853,0.995428391266651,0.14222644841404605,0.8214986269125147,6.236108551118855,0.13180684883657573,47.31247735730988
