ROC_AUC_score,prediction_threshold,TN,FP,FN,TP,sensitivity,specificity,BA,Accuracy,precision,ROC_ACU_score_discretized,MCC,f1_score,cohen_kappa,PPV_score,NPV_score,FPR_score,FDR_score,PLR_score,NLR_score,DOR_score
0.9332669960004633,0.4750337343887202,15860,2544,0.13239875389408098,557,0.867601246105919,0.8617691806129102,0.8646852133594146,0.8619657670902027,0.1796194775878749,0.8646852133594146,0.3565403050453468,0.29762222815923056,0.25607193160393105,0.1796194775878749,0.9946691752900596,0.13823081938708975,0.8203805224121251,6.276467505241088,0.15363598150483393,40.852848686644464
