ROC_AUC_score,prediction_threshold,TN,FP,FN,TP,sensitivity,specificity,BA,Accuracy,precision,ROC_ACU_score_discretized,MCC,f1_score,cohen_kappa,PPV_score,NPV_score,FPR_score,FDR_score,PLR_score,NLR_score,DOR_score
0.9252198394285425,0.541130482024475,13060,1663,0.15789473684210525,432,0.8421052631578947,0.8870474767370781,0.8645763699474864,0.8855342609608822,0.2062052505966587,0.8645763699474864,0.3819171223338825,0.3312883435582822,0.2930460470699503,0.2062052505966587,0.9938360855338254,0.11295252326292196,0.7937947494033413,7.455391334620376,0.17800032239864597,41.88414511926237
