ROC_AUC_score,prediction_threshold,TN,FP,FN,TP,sensitivity,specificity,BA,Accuracy,precision,ROC_ACU_score_discretized,MCC,f1_score,cohen_kappa,PPV_score,NPV_score,FPR_score,FDR_score,PLR_score,NLR_score,DOR_score
0.9294936899130016,0.541130482024475,16337,2067,0.14018691588785046,552,0.8598130841121495,0.8876874592479895,0.8737502716800696,0.8867478735692534,0.21076746849942726,0.8737502716800696,0.3917312886608463,0.33854645814167433,0.3006830227856401,0.21076746849942726,0.994521215072746,0.11231254075201043,0.7892325315005727,7.655539429124332,0.15792373140723515,48.47618126108689
