{"performances": [0.9214788739546664, 0.9222697930356464, 0.9239717290227442, 0.9212908137943736, 0.9239748605375643, 0.9231456861944546, 0.9225964862033921, 0.9223163425802735, 0.9223875210657848, 0.9230354060914565], "mean": 0.9226467512480356, "std": 0.0008627240028427467}