ROC_AUC_score,prediction_threshold,TN,FP,FN,TP,sensitivity,specificity,BA,Accuracy,precision,ROC_ACU_score_discretized,MCC,f1_score,cohen_kappa,PPV_score,NPV_score,FPR_score,FDR_score,PLR_score,NLR_score,DOR_score
0.9313241180638058,0.4646187946049138,12616,2107,0.10916179337231968,457,0.8908382066276803,0.8568905793656184,0.8738643929966494,0.8580336046206354,0.17823712948517942,0.8738643929966494,0.36051168558047436,0.29704257393565164,0.2552522108898727,0.17823712948517942,0.9955808080808081,0.1431094206343816,0.8217628705148206,6.224874663587725,0.1273929204043011,48.8635839717947
