ROC_AUC_score,prediction_threshold,TN,FP,FN,TP,sensitivity,specificity,BA,Accuracy,precision,ROC_ACU_score_discretized,MCC,f1_score,cohen_kappa,PPV_score,NPV_score,FPR_score,FDR_score,PLR_score,NLR_score,DOR_score
0.9264574747058237,0.4646187946049138,15761,2643,0.13239875389408098,557,0.867601246105919,0.8563899152358183,0.8619955806708687,0.8567678252651475,0.1740625,0.8619955806708687,0.34947979769165644,0.28995314940135347,0.24771176620044755,0.1740625,0.9946358702511675,0.1436100847641817,0.8259375,6.0413671333081105,0.15460101939386245,39.07714940686832
