ROC_AUC_score,prediction_threshold,TN,FP,FN,TP,sensitivity,specificity,BA,Accuracy,precision,ROC_ACU_score_discretized,MCC,f1_score,cohen_kappa,PPV_score,NPV_score,FPR_score,FDR_score,PLR_score,NLR_score,DOR_score
0.9284456206815421,0.430264688478108,12284,2439,0.10331384015594541,460,0.8966861598440545,0.8343408272770495,0.865513493560552,0.8364400105014439,0.1586754053121766,0.865513493560552,0.33593972203909944,0.2696365767878077,0.22531223591311134,0.1586754053121766,0.9957039798978682,0.1656591727229505,0.8413245946878234,5.4128373642410885,0.12382690236209583,43.71293524255995
