ROC_AUC_score,prediction_threshold,TN,FP,FN,TP,sensitivity,specificity,BA,Accuracy,precision,ROC_ACU_score_discretized,MCC,f1_score,cohen_kappa,PPV_score,NPV_score,FPR_score,FDR_score,PLR_score,NLR_score,DOR_score
0.9272454315430548,0.430264688478108,15464,2940,0.10903426791277258,572,0.8909657320872274,0.8402521191045424,0.865608925595885,0.8419615667331724,0.16287015945330297,0.8656089255958849,0.340291818437617,0.2753972075108329,0.23160104866421516,0.16287015945330297,0.9954937556328055,0.15974788089545752,0.837129840546697,5.577324263038547,0.1297637523710985,42.98060252672496
