ROC_AUC_score,prediction_threshold,TN,FP,FN,TP,sensitivity,specificity,BA,Accuracy,precision,ROC_ACU_score_discretized,MCC,f1_score,cohen_kappa,PPV_score,NPV_score,FPR_score,FDR_score,PLR_score,NLR_score,DOR_score
0.9207215666461314,0.48094164598375166,12756,1967,0.16764132553606237,427,0.8323586744639376,0.8663995109692318,0.8493790927165847,0.8652533473352586,0.1783625730994152,0.8493790927165847,0.3463421440428809,0.29377364981080145,0.25230903414209527,0.1783625730994152,0.9933032237969164,0.13360048903076818,0.8216374269005848,6.230206794170084,0.1934919438591601,32.19879169080527
