ROC_AUC_score,prediction_threshold,TN,FP,FN,TP,sensitivity,specificity,BA,Accuracy,precision,ROC_ACU_score_discretized,MCC,f1_score,cohen_kappa,PPV_score,NPV_score,FPR_score,FDR_score,PLR_score,NLR_score,DOR_score
0.9342985339093967,0.48094164598375166,15935,2469,0.11526479750778816,568,0.8847352024922118,0.8658443816561617,0.8752897920741868,0.8664811508978263,0.1870266710569641,0.8752897920741869,0.37001205654929553,0.3087795596629519,0.2680452380105366,0.1870266710569641,0.9953776000999438,0.1341556183438383,0.8129733289430359,6.5948427163494,0.1331241501934944,49.53904086346371
