ROC_AUC_score,prediction_threshold,TN,FP,FN,TP,sensitivity,specificity,BA,Accuracy,precision,ROC_ACU_score_discretized,MCC,f1_score,cohen_kappa,PPV_score,NPV_score,FPR_score,FDR_score,PLR_score,NLR_score,DOR_score
0.9301811132387711,0.4743092007513254,12574,2149,0.1286549707602339,447,0.8713450292397661,0.8540378998845344,0.8626914645621502,0.8546206353373589,0.1721879815100154,0.8626914645621502,0.3480152606570863,0.28755226761016406,0.24510529283062832,0.1721879815100154,0.9947784810126582,0.1459621001154656,0.8278120184899846,5.969666293856247,0.1506431632338893,39.62786073860992
