ROC_AUC_score,prediction_threshold,TN,FP,FN,TP,sensitivity,specificity,BA,Accuracy,precision,ROC_ACU_score_discretized,MCC,f1_score,cohen_kappa,PPV_score,NPV_score,FPR_score,FDR_score,PLR_score,NLR_score,DOR_score
0.9250123229339957,0.4743092007513254,15649,2755,0.13395638629283488,556,0.8660436137071651,0.8503042816778961,0.8581739476925305,0.8508348209597816,0.1679250981576563,0.8581739476925305,0.34114157610862866,0.2813053377181888,0.23829420607258311,0.1679250981576563,0.9945344772799491,0.14969571832210388,0.8320749018423437,5.785359951603144,0.15753935288729848,36.72326847592114
