ROC_AUC_score,prediction_threshold,TN,FP,FN,TP,sensitivity,specificity,BA,Accuracy,precision,ROC_ACU_score_discretized,MCC,f1_score,cohen_kappa,PPV_score,NPV_score,FPR_score,FDR_score,PLR_score,NLR_score,DOR_score
0.9266819270322563,0.4974377678308399,12889,1834,0.1364522417153996,443,0.8635477582846004,0.8754329959926646,0.8694903771386324,0.8750328170123391,0.1945542380324989,0.8694903771386325,0.3738717977746784,0.317562724014337,0.27787583056736853,0.1945542380324989,0.9945983486380122,0.12456700400733546,0.8054457619675011,6.9323956626086005,0.15586828728185495,44.47598535597446
