ROC_AUC_score,prediction_threshold,TN,FP,FN,TP,sensitivity,specificity,BA,Accuracy,precision,ROC_ACU_score_discretized,MCC,f1_score,cohen_kappa,PPV_score,NPV_score,FPR_score,FDR_score,PLR_score,NLR_score,DOR_score
0.927895855634797,0.4974377678308399,16162,2242,0.14018691588785046,552,0.8598130841121495,0.8781786568137362,0.8689958704629428,0.8775595925653681,0.19756621331424482,0.8689958704629429,0.376451056359627,0.32130384167636794,0.2819402158870744,0.19756621331424482,0.9944622200344573,0.12182134318626385,0.8024337866857552,7.057983942908121,0.1596337086994184,44.21361879274459
