ROC_AUC_score,prediction_threshold,TN,FP,FN,TP,sensitivity,specificity,BA,Accuracy,precision,ROC_ACU_score_discretized,MCC,f1_score,cohen_kappa,PPV_score,NPV_score,FPR_score,FDR_score,PLR_score,NLR_score,DOR_score
0.9403754770188241,0.5308020689355318,13023,1700,0.1364522417153996,443,0.8635477582846004,0.8845344019561231,0.8740410801203617,0.8838277763192439,0.20671955202986467,0.8740410801203619,0.38812844047797923,0.3335843373493975,0.2952950000284833,0.20671955202986467,0.9946536317116016,0.11546559804387693,0.7932804479701353,7.47883155601422,0.1542644824369061,48.480579831932786
