ROC_AUC_score,prediction_threshold,TN,FP,FN,TP,sensitivity,specificity,BA,Accuracy,precision,ROC_ACU_score_discretized,MCC,f1_score,cohen_kappa,PPV_score,NPV_score,FPR_score,FDR_score,PLR_score,NLR_score,DOR_score
0.9305525650999612,0.5308020689355318,16321,2083,0.1542056074766355,543,0.8457943925233645,0.8868180830254293,0.8663062377743969,0.8854352619972697,0.2067783701447068,0.866306237774397,0.383498790857708,0.332313341493268,0.294071887631954,0.2067783701447068,0.9939707673568818,0.11318191697457075,0.7932216298552932,7.47287566010562,0.1738864040193615,42.975617917048574
