{"performances": [0.9351620702799947, 0.9349746872039874, 0.9343450834540237, 0.934750995483171, 0.9348748172718786, 0.9358855348390335, 0.9345341592407448, 0.9345573493775226, 0.9353250783217248, 0.9355183858852302], "mean": 0.934992816135731, "std": 0.0004587483035633392}