ROC_AUC_score,prediction_threshold,TN,FP,FN,TP,sensitivity,specificity,BA,Accuracy,precision,ROC_ACU_score_discretized,MCC,f1_score,cohen_kappa,PPV_score,NPV_score,FPR_score,FDR_score,PLR_score,NLR_score,DOR_score
0.932405292325503,0.4227512119925391,12340,2383,0.10526315789473684,459,0.8947368421052632,0.8381443999184949,0.866440621011879,0.8400498818587556,0.16150598170302605,0.866440621011879,0.3393693854815102,0.27362146050670644,0.22967950300002782,0.16150598170302605,0.995643053090205,0.16185560008150512,0.838494018296974,5.527994345915145,0.1255907190992067,44.01594628619388
