ROC_AUC_score,prediction_threshold,TN,FP,FN,TP,sensitivity,specificity,BA,Accuracy,precision,ROC_ACU_score_discretized,MCC,f1_score,cohen_kappa,PPV_score,NPV_score,FPR_score,FDR_score,PLR_score,NLR_score,DOR_score
0.9333564557616826,0.4227512119925391,15424,2980,0.09968847352024922,578,0.9003115264797508,0.8380786785481417,0.8691951025139462,0.8401764149952746,0.16245081506464307,0.8691951025139464,0.34190772358664245,0.2752380952380953,0.23133930294054217,0.16245081506464307,0.9958677685950413,0.16192132145185828,0.8375491849353569,5.5601789709172245,0.11894882434301524,46.7442953020134
