ROC_AUC_score,prediction_threshold,TN,FP,FN,TP,sensitivity,specificity,BA,Accuracy,precision,ROC_ACU_score_discretized,MCC,f1_score,cohen_kappa,PPV_score,NPV_score,FPR_score,FDR_score,PLR_score,NLR_score,DOR_score
0.9331929369107147,0.503978469833897,12842,1881,0.12475633528265107,449,0.8752436647173489,0.8722407118114515,0.8737421882644002,0.8723418220005251,0.19270386266094422,0.8737421882644002,0.3746150038028647,0.31586352444600774,0.27590095219180444,0.19270386266094422,0.9950410661707733,0.12775928818854854,0.8072961373390558,6.850724335796666,0.14302970910811957,47.897212254120156
