ROC_AUC_score,prediction_threshold,TN,FP,FN,TP,sensitivity,specificity,BA,Accuracy,precision,ROC_ACU_score_discretized,MCC,f1_score,cohen_kappa,PPV_score,NPV_score,FPR_score,FDR_score,PLR_score,NLR_score,DOR_score
0.9280112138699362,0.503978469833897,16055,2349,0.1277258566978193,560,0.8722741433021807,0.8723647033253641,0.8723194233137723,0.8723616507403129,0.19250601581299415,0.8723194233137724,0.37358209662894787,0.3154041115178823,0.27538556859855656,0.19250601581299415,0.9949185102559336,0.12763529667463594,0.8074939841870058,6.834113807293885,0.14641337070486868,46.67684224734969
