ROC_AUC_score,prediction_threshold,TN,FP,FN,TP,sensitivity,specificity,BA,Accuracy,precision,ROC_ACU_score_discretized,MCC,f1_score,cohen_kappa,PPV_score,NPV_score,FPR_score,FDR_score,PLR_score,NLR_score,DOR_score
0.9335083125035829,0.5059739308847179,12913,1810,0.13450292397660818,444,0.8654970760233918,0.877063098553284,0.871280087288338,0.876673667629299,0.19698314108251996,0.871280087288338,0.37725997664680877,0.32092518973617634,0.281512087917383,0.19698314108251996,0.9946849483900786,0.12293690144671603,0.80301685891748,7.040173176957127,0.15335604040173492,45.9073744895508
