ROC_AUC_score,prediction_threshold,TN,FP,FN,TP,sensitivity,specificity,BA,Accuracy,precision,ROC_ACU_score_discretized,MCC,f1_score,cohen_kappa,PPV_score,NPV_score,FPR_score,FDR_score,PLR_score,NLR_score,DOR_score
0.9343450834540237,0.5059739308847179,16091,2313,0.1526479750778816,544,0.8473520249221184,0.8743207998261248,0.8608364123741216,0.8734117399978998,0.1904095204760238,0.8608364123741216,0.36475297809164103,0.3109459845670191,0.27080664290156276,0.1904095204760238,0.9939465068873927,0.12567920017387524,0.8095904795239762,6.74218187058654,0.17459035071364948,38.61715062159753
