ROC_AUC_score,prediction_threshold,TN,FP,FN,TP,sensitivity,specificity,BA,Accuracy,precision,ROC_ACU_score_discretized,MCC,f1_score,cohen_kappa,PPV_score,NPV_score,FPR_score,FDR_score,PLR_score,NLR_score,DOR_score
0.9333842541784289,0.525813470047232,12956,1767,0.13450292397660818,444,0.8654970760233918,0.8799836989743938,0.8727403874988928,0.8794959306904699,0.20081411126187246,0.8727403874988927,0.38177725352786335,0.32599118942731276,0.2870207856997249,0.20081411126187246,0.9947024952015355,0.12001630102560619,0.7991858887381276,7.211496010352231,0.15284706311420215,47.18112251174918
