ROC_AUC_score,prediction_threshold,TN,FP,FN,TP,sensitivity,specificity,BA,Accuracy,precision,ROC_ACU_score_discretized,MCC,f1_score,cohen_kappa,PPV_score,NPV_score,FPR_score,FDR_score,PLR_score,NLR_score,DOR_score
0.9266864984653885,0.525813470047232,16184,2220,0.14953271028037382,546,0.8504672897196262,0.8793740491197566,0.8649206694196914,0.8783996639714375,0.19739696312364424,0.8649206694196914,0.37385121524262566,0.32042253521126757,0.28108651069350865,0.19739696312364424,0.9941031941031941,0.12062595088024343,0.8026030368763557,7.050450450450451,0.17004448838358874,41.46238738738739
