ROC_AUC_score,prediction_threshold,TN,FP,FN,TP,sensitivity,specificity,BA,Accuracy,precision,ROC_ACU_score_discretized,MCC,f1_score,cohen_kappa,PPV_score,NPV_score,FPR_score,FDR_score,PLR_score,NLR_score,DOR_score
0.9312473263577338,0.5181944262453649,13002,1721,0.13840155945419103,442,0.8615984405458089,0.883108062215581,0.872353251380695,0.8823838277763193,0.20434581599630144,0.8723532513806951,0.38488066511283786,0.33034379671150965,0.2917954722180245,0.20434581599630144,0.994568958922971,0.11689193778441893,0.7956541840036986,7.370897059939535,0.15672097829903517,47.031974531675786
