ROC_AUC_score,prediction_threshold,TN,FP,FN,TP,sensitivity,specificity,BA,Accuracy,precision,ROC_ACU_score_discretized,MCC,f1_score,cohen_kappa,PPV_score,NPV_score,FPR_score,FDR_score,PLR_score,NLR_score,DOR_score
0.9337484029274417,0.5181944262453649,16152,2252,0.13551401869158877,555,0.8644859813084113,0.8776352966746359,0.8710606389915236,0.8771920613252127,0.19771998574991093,0.8710606389915235,0.3778310654021738,0.32183241519280953,0.2824634029484453,0.19771998574991093,0.9946425272492149,0.12236470332536405,0.8022800142500891,7.064831261101242,0.15440812283308564,45.75427206467815
