ROC_AUC_score,prediction_threshold,TN,FP,FN,TP,sensitivity,specificity,BA,Accuracy,precision,ROC_ACU_score_discretized,MCC,f1_score,cohen_kappa,PPV_score,NPV_score,FPR_score,FDR_score,PLR_score,NLR_score,DOR_score
0.9246931542444828,0.5275813943334411,12926,1797,0.15789473684210525,432,0.8421052631578947,0.8779460707736195,0.8600256669657571,0.8767393016539774,0.19380888290713325,0.8600256669657571,0.3675163744140387,0.3150984682713348,0.2754344512878374,0.19380888290713325,0.9937725839932344,0.12205392922638049,0.8061911170928667,6.899452303546847,0.1798455988338478,38.36319792246336
