ROC_AUC_score,prediction_threshold,TN,FP,FN,TP,sensitivity,specificity,BA,Accuracy,precision,ROC_ACU_score_discretized,MCC,f1_score,cohen_kappa,PPV_score,NPV_score,FPR_score,FDR_score,PLR_score,NLR_score,DOR_score
0.9329315007370064,0.5275813943334411,16177,2227,0.13862928348909656,553,0.8613707165109035,0.8789936970223864,0.8701822067666449,0.8783996639714375,0.19892086330935252,0.8701822067666449,0.37844814436072977,0.32320280537697255,0.28398835617865903,0.19892086330935252,0.994528464281323,0.12100630297761356,0.8010791366906475,7.118395449782964,0.15771362634192573,45.13494245798499
