ROC_AUC_score,prediction_threshold,TN,FP,FN,TP,sensitivity,specificity,BA,Accuracy,precision,ROC_ACU_score_discretized,MCC,f1_score,cohen_kappa,PPV_score,NPV_score,FPR_score,FDR_score,PLR_score,NLR_score,DOR_score
0.9261287619495507,0.4909077863476576,12651,2072,0.14230019493177387,440,0.8576998050682261,0.8592678122665217,0.8584838086673738,0.8592150170648464,0.1751592356687898,0.858483808667374,0.3485256385410176,0.2909090909090909,0.24890767029693328,0.1751592356687898,0.9942628104369695,0.14073218773347823,0.8248407643312102,6.094553199816355,0.16560633704691388,36.80144919870944
