ROC_AUC_score,prediction_threshold,TN,FP,FN,TP,sensitivity,specificity,BA,Accuracy,precision,ROC_ACU_score_discretized,MCC,f1_score,cohen_kappa,PPV_score,NPV_score,FPR_score,FDR_score,PLR_score,NLR_score,DOR_score
0.9280426982892112,0.4909077863476576,15889,2515,0.1277258566978193,560,0.8722741433021807,0.8633449250163008,0.8678095341592407,0.8636459099023417,0.1821138211382114,0.8678095341592408,0.36081782950581975,0.3013182674199623,0.2600500059225964,0.1821138211382114,0.9948656940705027,0.1366550749836992,0.8178861788617886,6.383035122597746,0.1479430213774729,43.14522620375308
