ROC_AUC_score,prediction_threshold,TN,FP,FN,TP,sensitivity,specificity,BA,Accuracy,precision,ROC_ACU_score_discretized,MCC,f1_score,cohen_kappa,PPV_score,NPV_score,FPR_score,FDR_score,PLR_score,NLR_score,DOR_score
0.9316748443213658,0.5147882897754851,12895,1828,0.1442495126705653,439,0.8557504873294347,0.8758405216328194,0.8657955044811271,0.875164085061696,0.19364799294221438,0.8657955044811271,0.3708055219175495,0.31582733812949637,0.2760736423141984,0.19364799294221438,0.9942940858971393,0.1241594783671806,0.8063520070577856,6.89234924778516,0.16469837728179393,41.84831302856469
