ROC_AUC_score,prediction_threshold,TN,FP,FN,TP,sensitivity,specificity,BA,Accuracy,precision,ROC_ACU_score_discretized,MCC,f1_score,cohen_kappa,PPV_score,NPV_score,FPR_score,FDR_score,PLR_score,NLR_score,DOR_score
0.9296202200388513,0.5147882897754851,16171,2233,0.13862928348909656,553,0.8613707165109035,0.8786676809389263,0.8700191987249148,0.8780846371941615,0.1984924623115578,0.8700191987249148,0.3779436506148338,0.32263710618436403,0.28337309623547036,0.1984924623115578,0.9945264452644527,0.12133231906107368,0.8015075376884422,7.099268547544411,0.15777214354915173,44.996970871050706
