ROC_AUC_score,prediction_threshold,TN,FP,FN,TP,sensitivity,specificity,BA,Accuracy,precision,ROC_ACU_score_discretized,MCC,f1_score,cohen_kappa,PPV_score,NPV_score,FPR_score,FDR_score,PLR_score,NLR_score,DOR_score
0.9314293756609218,0.4927900361798081,12851,1872,0.13840155945419103,442,0.8615984405458089,0.8728520002716837,0.8672252204087463,0.8724730900498818,0.19101123595505617,0.8672252204087464,0.3691244295163508,0.3126989741775734,0.2726044970063398,0.19101123595505617,0.9945054945054945,0.12714799972831625,0.8089887640449438,6.776342863331166,0.15856245894047585,42.73611111111109
