ROC_AUC_score,prediction_threshold,TN,FP,FN,TP,sensitivity,specificity,BA,Accuracy,precision,ROC_ACU_score_discretized,MCC,f1_score,cohen_kappa,PPV_score,NPV_score,FPR_score,FDR_score,PLR_score,NLR_score,DOR_score
0.9173087964759117,0.4927900361798081,15972,2432,0.1588785046728972,540,0.8411214953271028,0.8678548141708324,0.8544881547489676,0.8669536910637404,0.1816958277254374,0.8544881547489676,0.3525891673146579,0.29883785279468733,0.25768397769688034,0.1816958277254374,0.9936543486375513,0.13214518582916757,0.8183041722745625,6.365131578947368,0.1830703731530178,34.76876934984519
