ROC_AUC_score,prediction_threshold,TN,FP,FN,TP,sensitivity,specificity,BA,Accuracy,precision,ROC_ACU_score_discretized,MCC,f1_score,cohen_kappa,PPV_score,NPV_score,FPR_score,FDR_score,PLR_score,NLR_score,DOR_score
0.9318047282242222,0.5774944524125395,13228,1495,0.15984405458089668,431,0.8401559454191033,0.8984581946614141,0.8693070700402588,0.8964951430821738,0.2237798546209761,0.8693070700402586,0.40091959874308275,0.3534235342353424,0.3171097250473276,0.2237798546209761,0.993839218632607,0.10154180533858588,0.7762201453790238,8.273990625020371,0.17790928451727714,46.506795007749396
