ROC_AUC_score,prediction_threshold,TN,FP,FN,TP,sensitivity,specificity,BA,Accuracy,precision,ROC_ACU_score_discretized,MCC,f1_score,cohen_kappa,PPV_score,NPV_score,FPR_score,FDR_score,PLR_score,NLR_score,DOR_score
0.9235670865266322,0.5774944524125395,16548,1856,0.16822429906542055,534,0.8317757009345794,0.8991523581830037,0.8654640295587915,0.896881234904967,0.22343096234309623,0.8654640295587915,0.3982116429525974,0.35224274406332456,0.31588834791865616,0.22343096234309623,0.9935158501440923,0.1008476418169963,0.7765690376569038,8.247844827586203,0.18709209572153737,44.084410919540204
