ROC_AUC_score,prediction_threshold,TN,FP,FN,TP,sensitivity,specificity,BA,Accuracy,precision,ROC_ACU_score_discretized,MCC,f1_score,cohen_kappa,PPV_score,NPV_score,FPR_score,FDR_score,PLR_score,NLR_score,DOR_score
0.9362001266003954,0.4436186293346836,12459,2264,0.09161793372319688,466,0.9083820662768031,0.8462269917815662,0.8773045290291847,0.8483197689682331,0.1706959706959707,0.8773045290291848,0.35492641049655177,0.28738822078322546,0.2445639683421582,0.1706959706959707,0.9962418039341117,0.15377300821843373,0.8293040293040294,5.907292032594245,0.10826638078550674,54.562570483422256
