ROC_AUC_score,prediction_threshold,TN,FP,FN,TP,sensitivity,specificity,BA,Accuracy,precision,ROC_ACU_score_discretized,MCC,f1_score,cohen_kappa,PPV_score,NPV_score,FPR_score,FDR_score,PLR_score,NLR_score,DOR_score
0.9244478039109745,0.4436186293346836,15601,2803,0.1277258566978193,560,0.8722741433021807,0.8476961530102152,0.859985148156198,0.8485246245930904,0.16651798988997918,0.859985148156198,0.3407690948040663,0.2796504369538077,0.23642522162448298,0.16651798988997918,0.994771408531531,0.15230384698978483,0.8334820101100208,5.727197050778927,0.15067410208747303,38.0104939829277
