ROC_AUC_score,prediction_threshold,TN,FP,FN,TP,sensitivity,specificity,BA,Accuracy,precision,ROC_ACU_score_discretized,MCC,f1_score,cohen_kappa,PPV_score,NPV_score,FPR_score,FDR_score,PLR_score,NLR_score,DOR_score
0.942587342952686,0.5218199399612274,13067,1656,0.1189083820662768,452,0.8810916179337231,0.8875229233172587,0.8843072706254909,0.8873063796271987,0.2144212523719165,0.8843072706254909,0.40154187984154305,0.34490652422739415,0.30739491841676003,0.2144212523719165,0.9953534430225472,0.11247707668274129,0.7855787476280834,7.833521673211475,0.13397781504261072,58.46879702225385
