ROC_AUC_score,prediction_threshold,TN,FP,FN,TP,sensitivity,specificity,BA,Accuracy,precision,ROC_ACU_score_discretized,MCC,f1_score,cohen_kappa,PPV_score,NPV_score,FPR_score,FDR_score,PLR_score,NLR_score,DOR_score
0.9374267479438643,0.5218199399612274,16242,2162,0.1308411214953271,558,0.8691588785046729,0.8825255379265378,0.8758422082156053,0.8820749763729917,0.2051470588235294,0.8758422082156053,0.3877348387451014,0.3319452706722189,0.2934061039668009,0.2051470588235294,0.9948548327820654,0.1174744620734623,0.7948529411764705,7.398704902867718,0.14825760374338137,49.90438747191755
