ROC_AUC_score,prediction_threshold,TN,FP,FN,TP,sensitivity,specificity,BA,Accuracy,precision,ROC_ACU_score_discretized,MCC,f1_score,cohen_kappa,PPV_score,NPV_score,FPR_score,FDR_score,PLR_score,NLR_score,DOR_score
0.9263368939529046,0.4486022096031174,12483,2240,0.12280701754385964,450,0.8771929824561403,0.8478570943421857,0.862525038399163,0.8488448411656603,0.16728624535315986,0.8625250383991631,0.3430015320613469,0.280986575085857,0.23788509398846702,0.16728624535315986,0.9949784791965567,0.1521429056578143,0.8327137546468402,5.765585839598997,0.14484400539119172,39.80548469387754
