ROC_AUC_score,prediction_threshold,TN,FP,FN,TP,sensitivity,specificity,BA,Accuracy,precision,ROC_ACU_score_discretized,MCC,f1_score,cohen_kappa,PPV_score,NPV_score,FPR_score,FDR_score,PLR_score,NLR_score,DOR_score
0.9229511937334497,0.4486022096031174,15518,2886,0.1308411214953271,558,0.8691588785046729,0.8431862638556835,0.8561725711801782,0.8440617452483461,0.16202090592334495,0.8561725711801782,0.33403531606189996,0.2731277533039647,0.2293361322487536,0.16202090592334495,0.9946160748621972,0.15681373614431646,0.837979094076655,5.5426195426195415,0.15517463590668903,35.71859221859221
