ROC_AUC_score,prediction_threshold,TN,FP,FN,TP,sensitivity,specificity,BA,Accuracy,precision,ROC_ACU_score_discretized,MCC,f1_score,cohen_kappa,PPV_score,NPV_score,FPR_score,FDR_score,PLR_score,NLR_score,DOR_score
0.9222315828663934,0.49128124993012734,12838,1885,0.1442495126705653,439,0.8557504873294347,0.8719690280513482,0.8638597576903915,0.8714229456550275,0.18889845094664373,0.8638597576903915,0.36509512978185243,0.3094818470215016,0.2691663792857746,0.18889845094664373,0.994268897149938,0.12803097194865176,0.8111015490533563,6.683933381937012,0.16542962884006332,40.40348412072551
