ROC_AUC_score,prediction_threshold,TN,FP,FN,TP,sensitivity,specificity,BA,Accuracy,precision,ROC_ACU_score_discretized,MCC,f1_score,cohen_kappa,PPV_score,NPV_score,FPR_score,FDR_score,PLR_score,NLR_score,DOR_score
0.9301772911347324,0.49128124993012734,16049,2355,0.1261682242990654,561,0.8738317757009346,0.8720386872419039,0.8729352314714193,0.8720991284259162,0.19238683127572018,0.8729352314714193,0.37383167090955816,0.31534569983136596,0.27530534886985814,0.19238683127572018,0.9949783013019219,0.12796131275809608,0.8076131687242798,6.8288747346072185,0.14468191164558536,47.199229377997966
