ROC_AUC_score,prediction_threshold,TN,FP,FN,TP,sensitivity,specificity,BA,Accuracy,precision,ROC_ACU_score_discretized,MCC,f1_score,cohen_kappa,PPV_score,NPV_score,FPR_score,FDR_score,PLR_score,NLR_score,DOR_score
0.9333751602150692,0.4564907507999061,15721,2683,0.13862928348909656,553,0.8613707165109035,0.8542164746794175,0.8577935955951606,0.8544576288984563,0.17088998763906058,0.8577935955951606,0.3438871858125951,0.2851985559566787,0.242590398064631,0.17088998763906058,0.994370651486401,0.14578352532058247,0.8291100123609394,5.908560069573861,0.16228823442105036,36.407815333330554
