ROC_AUC_score,prediction_threshold,TN,FP,FN,TP,sensitivity,specificity,BA,Accuracy,precision,ROC_ACU_score_discretized,MCC,f1_score,cohen_kappa,PPV_score,NPV_score,FPR_score,FDR_score,PLR_score,NLR_score,DOR_score
0.9289683338808052,0.5060716062259786,12868,1855,0.14230019493177387,440,0.8576998050682261,0.8740066562521225,0.8658532306601743,0.8734576004200577,0.19172113289760348,0.8658532306601743,0.3689932869288788,0.3133903133903134,0.2733997496488697,0.19172113289760348,0.9943590139865544,0.12599334374787746,0.8082788671023965,6.807500932625061,0.1628136283789639,41.811616142967885
