ROC_AUC_score,prediction_threshold,TN,FP,FN,TP,sensitivity,specificity,BA,Accuracy,precision,ROC_ACU_score_discretized,MCC,f1_score,cohen_kappa,PPV_score,NPV_score,FPR_score,FDR_score,PLR_score,NLR_score,DOR_score
0.9270497541845502,0.5060716062259786,16164,2240,0.14641744548286603,548,0.8535825545171339,0.8782873288415561,0.865934941679345,0.8774545836396094,0.19655667144906744,0.8659349416793449,0.3736608162776248,0.319533527696793,0.2800840085672104,0.19655667144906744,0.9942182310247263,0.12171267115844382,0.8034433285509326,7.013095238095235,0.166707910583189,42.0681610942249
