ROC_AUC_score,prediction_threshold,TN,FP,FN,TP,sensitivity,specificity,BA,Accuracy,precision,ROC_ACU_score_discretized,MCC,f1_score,cohen_kappa,PPV_score,NPV_score,FPR_score,FDR_score,PLR_score,NLR_score,DOR_score
0.9335963581665795,0.5053714227866937,12862,1861,0.13840155945419103,442,0.8615984405458089,0.8735991306119677,0.8675987855788883,0.8731950643213442,0.19192357794181503,0.8675987855788884,0.37022376617699904,0.31392045454545453,0.2739339136708089,0.19192357794181503,0.9945101677878296,0.12640086938803233,0.808076422058185,6.816396475097232,0.15842685117742616,43.02551255950534
