ROC_AUC_score,prediction_threshold,TN,FP,FN,TP,sensitivity,specificity,BA,Accuracy,precision,ROC_ACU_score_discretized,MCC,f1_score,cohen_kappa,PPV_score,NPV_score,FPR_score,FDR_score,PLR_score,NLR_score,DOR_score
0.9284775556715625,0.5053714227866937,16066,2338,0.14330218068535824,550,0.8566978193146417,0.8729623994783743,0.8648301093965081,0.8724141552031923,0.1904432132963989,0.8648301093965081,0.367157073079198,0.311614730878187,0.271430592705884,0.1904432132963989,0.9943062260180715,0.12703760052162574,0.8095567867036011,6.743655546050756,0.16415618905348772,41.08072674526723
