ROC_AUC_score,prediction_threshold,TN,FP,FN,TP,sensitivity,specificity,BA,Accuracy,precision,ROC_ACU_score_discretized,MCC,f1_score,cohen_kappa,PPV_score,NPV_score,FPR_score,FDR_score,PLR_score,NLR_score,DOR_score
0.9330405450940095,0.4699373510985542,12687,2036,0.1267056530214425,448,0.8732943469785575,0.861712966107451,0.8675036565430042,0.8621029141506957,0.18035426731078905,0.8675036565430042,0.3589083406684291,0.29896563229896567,0.25752533277815026,0.18035426731078905,0.9949027603513174,0.13828703389254907,0.8196457326892109,6.315084808725592,0.14703927874475436,42.948284721172726
