ROC_AUC_score,prediction_threshold,TN,FP,FN,TP,sensitivity,specificity,BA,Accuracy,precision,ROC_ACU_score_discretized,MCC,f1_score,cohen_kappa,PPV_score,NPV_score,FPR_score,FDR_score,PLR_score,NLR_score,DOR_score
0.9275218512026032,0.4699373510985542,15845,2559,0.13239875389408098,557,0.867601246105919,0.86095414040426,0.8642776932550895,0.8611782001470125,0.1787548138639281,0.8642776932550895,0.3554508747845171,0.29643427354976054,0.254777271777202,0.1787548138639281,0.9946641556811049,0.13904585959574006,0.8212451861360719,6.23967695714472,0.1537814242137372,40.57497184102249
