ROC_AUC_score,prediction_threshold,TN,FP,FN,TP,sensitivity,specificity,BA,Accuracy,precision,ROC_ACU_score_discretized,MCC,f1_score,cohen_kappa,PPV_score,NPV_score,FPR_score,FDR_score,PLR_score,NLR_score,DOR_score
0.9375454378510819,0.6385122683360246,13564,1159,0.17153996101364521,425,0.8284600389863548,0.9212796305100862,0.8748698347482204,0.9181543712260436,0.26830808080808083,0.8748698347482204,0.4430896448955974,0.40534096328087743,0.3734715598910302,0.26830808080808083,0.9935540580134778,0.07872036948991375,0.7316919191919192,10.524087276959529,0.18619749675640657,56.52109969409362
