ROC_AUC_score,prediction_threshold,TN,FP,FN,TP,sensitivity,specificity,BA,Accuracy,precision,ROC_ACU_score_discretized,MCC,f1_score,cohen_kappa,PPV_score,NPV_score,FPR_score,FDR_score,PLR_score,NLR_score,DOR_score
0.9335932659905304,0.6385122683360246,16865,1539,0.2087227414330218,508,0.7912772585669782,0.9163768745924799,0.853827066579729,0.9121600336028562,0.24816805080605764,0.853827066579729,0.41235765919579637,0.3778356266269989,0.34417875343002746,0.24816805080605764,0.9921171833637272,0.08362312540752011,0.7518319491939424,9.462421485813293,0.22776954244490566,41.543840252926366
