{"performances": [0.9274205424663879, 0.9253849731976186, 0.9250348359864882, 0.928288395249306, 0.9260243946697216, 0.9256875452376939, 0.9267522602766161, 0.924763155916938, 0.9267123969393082, 0.9267977941948148], "mean": 0.9262866294134893, "std": 0.0010526545451431488}