ROC_AUC_score,prediction_threshold,TN,FP,FN,TP,sensitivity,specificity,BA,Accuracy,precision,ROC_ACU_score_discretized,MCC,f1_score,cohen_kappa,PPV_score,NPV_score,FPR_score,FDR_score,PLR_score,NLR_score,DOR_score
0.9242102932926813,0.4473841066603564,12501,2222,0.14035087719298245,441,0.8596491228070176,0.8490796712626503,0.8543643970348339,0.8494355473877658,0.1656027037176117,0.8543643970348339,0.33661376788408814,0.2777078085642317,0.23448417819206036,0.1656027037176117,0.9942734430923408,0.15092032873734973,0.8343972962823882,5.696045920381512,0.16529765338071198,34.459327182718276
