ROC_AUC_score,prediction_threshold,TN,FP,FN,TP,sensitivity,specificity,BA,Accuracy,precision,ROC_ACU_score_discretized,MCC,f1_score,cohen_kappa,PPV_score,NPV_score,FPR_score,FDR_score,PLR_score,NLR_score,DOR_score
0.9160594913336597,0.4473841066603564,15625,2779,0.14018691588785046,552,0.8598130841121495,0.8490002173440556,0.8544066507281025,0.84936469599916,0.1657160012008406,0.8544066507281026,0.33675261445535903,0.2778756607097911,0.23461456606646658,0.1657160012008406,0.9942729875914731,0.15099978265594435,0.8342839987991594,5.694134580784454,0.16512000000000002,34.484826676262436
