ROC_AUC_score,prediction_threshold,TN,FP,FN,TP,sensitivity,specificity,BA,Accuracy,precision,ROC_ACU_score_discretized,MCC,f1_score,cohen_kappa,PPV_score,NPV_score,FPR_score,FDR_score,PLR_score,NLR_score,DOR_score
0.9217075456721981,0.4289794986661454,12449,2274,0.13840155945419103,442,0.8615984405458089,0.8455477823813081,0.8535731114635585,0.8460882121291677,0.16273932253313697,0.8535731114635585,0.3332721455261863,0.2737689687209663,0.23016396228882008,0.16273932253313697,0.9943290734824282,0.15445221761869185,0.8372606774668631,5.578414177729086,0.16368271827809908,34.08065455176085
