ROC_AUC_score,prediction_threshold,TN,FP,FN,TP,sensitivity,specificity,BA,Accuracy,precision,ROC_ACU_score_discretized,MCC,f1_score,cohen_kappa,PPV_score,NPV_score,FPR_score,FDR_score,PLR_score,NLR_score,DOR_score
0.9297632540941595,0.4289794986661454,15632,2772,0.1292834890965732,559,0.8707165109034268,0.8493805694414258,0.8600485401724263,0.8500997584794707,0.1678174722305614,0.8600485401724264,0.34211346481451804,0.28139944626227037,0.2383494549040649,0.1678174722305614,0.9947184218899141,0.1506194305585742,0.8321825277694386,5.7809042809042825,0.1522091436369839,37.98000660651266
