ROC_AUC_score,prediction_threshold,TN,FP,FN,TP,sensitivity,specificity,BA,Accuracy,precision,ROC_ACU_score_discretized,MCC,f1_score,cohen_kappa,PPV_score,NPV_score,FPR_score,FDR_score,PLR_score,NLR_score,DOR_score
0.9358139172786503,0.591550892905092,13368,1355,0.1617933723196881,430,0.8382066276803118,0.9079671262650275,0.8730868769726696,0.9056182725124705,0.24089635854341737,0.8730868769726696,0.4185047687705206,0.37423846823324636,0.3396997635809835,0.24089635854341737,0.9938294550591034,0.09203287373497249,0.7591036414565826,9.107687217223049,0.17819298478925558,51.11136798114968
