ROC_AUC_score,prediction_threshold,TN,FP,FN,TP,sensitivity,specificity,BA,Accuracy,precision,ROC_ACU_score_discretized,MCC,f1_score,cohen_kappa,PPV_score,NPV_score,FPR_score,FDR_score,PLR_score,NLR_score,DOR_score
0.9357937899183504,0.591550892905092,16622,1782,0.1838006230529595,524,0.8161993769470405,0.9031732232123452,0.8596863000796928,0.900241520529245,0.22723330442324371,0.8596863000796928,0.3979881490198995,0.3554952510176391,0.3196156693597708,0.22723330442324371,0.9929510155316607,0.09682677678765486,0.7727666955767563,8.429479985035542,0.20350539445714516,41.42140805417642
