ROC_AUC_score,prediction_threshold,TN,FP,FN,TP,sensitivity,specificity,BA,Accuracy,precision,ROC_ACU_score_discretized,MCC,f1_score,cohen_kappa,PPV_score,NPV_score,FPR_score,FDR_score,PLR_score,NLR_score,DOR_score
0.93739768001664,0.5545250968941653,13129,1594,0.14035087719298245,441,0.8596491228070176,0.891734021598859,0.8756915722029383,0.8906537148857968,0.2167076167076167,0.8756915722029383,0.39841223300610873,0.34615384615384615,0.3089895418934334,0.2167076167076167,0.9945458677372926,0.10826597840114108,0.7832923832923833,7.940159369565698,0.15739096389003585,50.4486355081556
