ROC_AUC_score,prediction_threshold,TN,FP,FN,TP,sensitivity,specificity,BA,Accuracy,precision,ROC_ACU_score_discretized,MCC,f1_score,cohen_kappa,PPV_score,NPV_score,FPR_score,FDR_score,PLR_score,NLR_score,DOR_score
0.9242085392515917,0.5545250968941653,16404,2000,0.17133956386292834,532,0.8286604361370716,0.8913279721799608,0.8599942041585162,0.8892155833245826,0.21011058451816747,0.8599942041585161,0.3827287966755632,0.3352236925015753,0.297440271760683,0.21011058451816747,0.9933389851035485,0.10867202782003912,0.7898894154818326,7.625333333333331,0.19222953751117616,39.66785454545453
