ROC_AUC_score,prediction_threshold,TN,FP,FN,TP,sensitivity,specificity,BA,Accuracy,precision,ROC_ACU_score_discretized,MCC,f1_score,cohen_kappa,PPV_score,NPV_score,FPR_score,FDR_score,PLR_score,NLR_score,DOR_score
0.9361368177444833,0.42817224460242836,15503,2901,0.1059190031152648,574,0.8940809968847352,0.8423712236470332,0.8682261102658841,0.8441142497112255,0.1651798561151079,0.8682261102658843,0.34413793270623916,0.27884381831430655,0.23533190764057488,0.1651798561151079,0.9956329073277246,0.15762877635296674,0.8348201438848921,5.672067103297712,0.12573910425939067,45.10981000466369
