ROC_AUC_score,prediction_threshold,TN,FP,FN,TP,sensitivity,specificity,BA,Accuracy,precision,ROC_ACU_score_discretized,MCC,f1_score,cohen_kappa,PPV_score,NPV_score,FPR_score,FDR_score,PLR_score,NLR_score,DOR_score
0.9268276988742997,0.5021314909109547,12751,1972,0.12280701754385964,450,0.8771929824561403,0.8660599062691028,0.8716264443626216,0.8664347597794697,0.18579686209744012,0.8716264443626216,0.36666040615355416,0.30664395229982966,0.2658468719774597,0.18579686209744012,0.9950835024192289,0.13394009373089724,0.8142031379025598,6.54914415857087,0.14179967997006088,46.185888148362785
