ROC_AUC_score,prediction_threshold,TN,FP,FN,TP,sensitivity,specificity,BA,Accuracy,precision,ROC_ACU_score_discretized,MCC,f1_score,cohen_kappa,PPV_score,NPV_score,FPR_score,FDR_score,PLR_score,NLR_score,DOR_score
0.9312712900690018,0.5021314909109547,15941,2463,0.13707165109034267,554,0.8629283489096573,0.8661703977396218,0.8645493733246395,0.8660611151947916,0.18362611866092143,0.8645493733246395,0.36038699326491386,0.30281497676960917,0.26177942376661933,0.18362611866092143,0.9945099507143302,0.13382960226037818,0.8163738813390785,6.447963188523479,0.158250214332016,40.74536780718265
