ROC_AUC_score,prediction_threshold,TN,FP,FN,TP,sensitivity,specificity,BA,Accuracy,precision,ROC_ACU_score_discretized,MCC,f1_score,cohen_kappa,PPV_score,NPV_score,FPR_score,FDR_score,PLR_score,NLR_score,DOR_score
0.9236068164025494,0.5061233905795456,12895,1828,0.15204678362573099,435,0.847953216374269,0.8758405216328194,0.8618968690035442,0.8749015489629824,0.19222271321254972,0.8618968690035443,0.367120954649091,0.3134005763688761,0.27351963803436985,0.19222271321254972,0.9939875125260156,0.1241594783671806,0.8077772867874503,6.829548799058188,0.173600992269999,39.34049402457501
