ROC_AUC_score,prediction_threshold,TN,FP,FN,TP,sensitivity,specificity,BA,Accuracy,precision,ROC_ACU_score_discretized,MCC,f1_score,cohen_kappa,PPV_score,NPV_score,FPR_score,FDR_score,PLR_score,NLR_score,DOR_score
0.9281475617179252,0.5061233905795456,15976,2428,0.14485981308411214,549,0.8551401869158879,0.8680721582264725,0.8616061725711802,0.8676362490811719,0.1844138394356735,0.8616061725711802,0.3594227928645359,0.3033987289306438,0.26249963021276734,0.1844138394356735,0.9942124587715477,0.13192784177352748,0.8155861605643265,6.481878088962111,0.16687531296945413,38.842642291544905
