ROC_AUC_score,prediction_threshold,TN,FP,FN,TP,sensitivity,specificity,BA,Accuracy,precision,ROC_ACU_score_discretized,MCC,f1_score,cohen_kappa,PPV_score,NPV_score,FPR_score,FDR_score,PLR_score,NLR_score,DOR_score
0.9230275686196782,0.5093294446519446,12930,1793,0.15984405458089668,431,0.8401559454191033,0.8782177545337227,0.859186849976413,0.8769362037280126,0.19379496402877697,0.8591868499764129,0.3670015040066808,0.3149433686518085,0.27528801514230095,0.19379496402877697,0.9936981248078697,0.12178224546627725,0.8062050359712231,6.898837693477668,0.18200959130661576,37.90370410675663
