ROC_AUC_score,prediction_threshold,TN,FP,FN,TP,sensitivity,specificity,BA,Accuracy,precision,ROC_ACU_score_discretized,MCC,f1_score,cohen_kappa,PPV_score,NPV_score,FPR_score,FDR_score,PLR_score,NLR_score,DOR_score
0.926607533510594,0.5093294446519446,16144,2260,0.17289719626168223,531,0.8271028037383178,0.8772006085633558,0.8521517061508368,0.8755119185130736,0.19025438910784664,0.8521517061508367,0.35942643365259924,0.309350422371104,0.2693020211848708,0.19025438910784664,0.9931713318978775,0.12279939143664421,0.8097456108921534,6.735398230088497,0.1971010901883052,34.172303276728066
