ROC_AUC_score,prediction_threshold,TN,FP,FN,TP,sensitivity,specificity,BA,Accuracy,precision,ROC_ACU_score_discretized,MCC,f1_score,cohen_kappa,PPV_score,NPV_score,FPR_score,FDR_score,PLR_score,NLR_score,DOR_score
0.9271978878573645,0.48246488964547085,12691,2032,0.12085769980506822,451,0.8791423001949318,0.8619846498675542,0.870563475031243,0.8625623523234445,0.18163511880789368,0.870563475031243,0.36195527066555616,0.301068090787717,0.25975509041891864,0.18163511880789368,0.9951383988081236,0.13801535013244584,0.8183648811921064,6.369887837485227,0.14020864504215738,45.43149130048261
