ROC_AUC_score,prediction_threshold,TN,FP,FN,TP,sensitivity,specificity,BA,Accuracy,precision,ROC_ACU_score_discretized,MCC,f1_score,cohen_kappa,PPV_score,NPV_score,FPR_score,FDR_score,PLR_score,NLR_score,DOR_score
0.927813843800718,0.48246488964547085,15813,2591,0.13707165109034267,554,0.8629283489096573,0.8592153879591393,0.8610718684343983,0.8593405439462354,0.17615262321144673,0.8610718684343983,0.3510142369918586,0.2925798785318194,0.2506246601691532,0.17615262321144673,0.9944657568706371,0.14078461204086068,0.8238473767885532,6.129422359449376,0.15953118741963365,38.421467667801124
