ROC_AUC_score,prediction_threshold,TN,FP,FN,TP,sensitivity,specificity,BA,Accuracy,precision,ROC_ACU_score_discretized,MCC,f1_score,cohen_kappa,PPV_score,NPV_score,FPR_score,FDR_score,PLR_score,NLR_score,DOR_score
0.9381272012243246,0.4215165393053867,12200,2523,0.08187134502923976,471,0.9181286549707602,0.8286354683148814,0.8733820616428208,0.8316487266999213,0.15731462925851702,0.8733820616428208,0.33899102335260806,0.2686056458511548,0.22399299073994206,0.15731462925851702,0.9965691880411698,0.17136453168511853,0.842685370741483,5.357751956850773,0.09880260761192598,54.22682747296302
