ROC_AUC_score,prediction_threshold,TN,FP,FN,TP,sensitivity,specificity,BA,Accuracy,precision,ROC_ACU_score_discretized,MCC,f1_score,cohen_kappa,PPV_score,NPV_score,FPR_score,FDR_score,PLR_score,NLR_score,DOR_score
0.927608010177931,0.4215165393053867,15236,3168,0.11838006230529595,566,0.881619937694704,0.8278635079330581,0.854741722813881,0.8296755224194057,0.15158007498660953,0.854741722813881,0.3225245484181022,0.2586837294332724,0.2134364953958482,0.15158007498660953,0.9950365726227796,0.17213649206694198,0.8484199250133905,5.121632996632997,0.14299466176599282,35.81695241892611
