{"performances": [0.9341399269155223, 0.9334935653294929, 0.9345994132387582, 0.9354642191423914, 0.9351082420792988, 0.9349052860647251, 0.9354994275252367, 0.935592611250026, 0.9353103517385155, 0.9371382254027129], "mean": 0.935125126868668, "std": 0.0009229356455496221}