ROC_AUC_score,prediction_threshold,TN,FP,FN,TP,sensitivity,specificity,BA,Accuracy,precision,ROC_ACU_score_discretized,MCC,f1_score,cohen_kappa,PPV_score,NPV_score,FPR_score,FDR_score,PLR_score,NLR_score,DOR_score
0.9332498686928026,0.42999298263485364,12421,2302,0.10136452241715399,461,0.898635477582846,0.8436459960605854,0.8711407368217157,0.8454975059070622,0.166847629388346,0.8711407368217158,0.34749579710189044,0.28144078144078144,0.23817245899586248,0.166847629388346,0.99583099494909,0.1563540039394145,0.833152370611654,5.747441414618696,0.12015054049977927,47.83533549421906
