ROC_AUC_score,prediction_threshold,TN,FP,FN,TP,sensitivity,specificity,BA,Accuracy,precision,ROC_ACU_score_discretized,MCC,f1_score,cohen_kappa,PPV_score,NPV_score,FPR_score,FDR_score,PLR_score,NLR_score,DOR_score
0.9231074309323247,0.42999298263485364,15400,3004,0.12305295950155763,563,0.8769470404984424,0.8367746142143012,0.8568608273563718,0.8381287409429802,0.15783571628819737,0.8568608273563718,0.33016383105575264,0.26752197671655975,0.22313766460267448,0.15783571628819737,0.99489631113121,0.16322538578569876,0.8421642837118026,5.3726142920550375,0.14705627705627702,36.53440981644727
