ROC_AUC_score,prediction_threshold,TN,FP,FN,TP,sensitivity,specificity,BA,Accuracy,precision,ROC_ACU_score_discretized,MCC,f1_score,cohen_kappa,PPV_score,NPV_score,FPR_score,FDR_score,PLR_score,NLR_score,DOR_score
0.9291335684483534,0.5663628490944578,13191,1532,0.15789473684210525,432,0.8421052631578947,0.8959451198804591,0.8690251915191769,0.8941323181937516,0.219959266802444,0.8690251915191769,0.39728660298186086,0.34880904319741624,0.3120781957305052,0.219959266802444,0.9938969258589512,0.10405488011954085,0.780040733197556,8.092895423938433,0.17623259878146588,45.92167101827673
