ROC_AUC_score,prediction_threshold,TN,FP,FN,TP,sensitivity,specificity,BA,Accuracy,precision,ROC_ACU_score_discretized,MCC,f1_score,cohen_kappa,PPV_score,NPV_score,FPR_score,FDR_score,PLR_score,NLR_score,DOR_score
0.9260508009568555,0.5663628490944578,16497,1907,0.16978193146417445,533,0.8302180685358256,0.8963812214735927,0.8632996450047091,0.894151002835241,0.21844262295081968,0.863299645004709,0.3923658179092092,0.345879299156392,0.30899875990726267,0.21844262295081968,0.993436107431049,0.1036187785264073,0.7815573770491804,8.012235623142805,0.18940817522377804,42.30142449594204
