ROC_AUC_score,prediction_threshold,TN,FP,FN,TP,sensitivity,specificity,BA,Accuracy,precision,ROC_ACU_score_discretized,MCC,f1_score,cohen_kappa,PPV_score,NPV_score,FPR_score,FDR_score,PLR_score,NLR_score,DOR_score
0.9297959631129715,0.49909242324789554,12808,1915,0.1267056530214425,448,0.8732943469785575,0.8699313998505739,0.8716128734145656,0.8700446311367813,0.18958950486669487,0.8716128734145658,0.3703444487687847,0.31154381084840055,0.27122136483628745,0.18958950486669487,0.9949506719490406,0.13006860014942606,0.8104104951333051,6.714105833193367,0.14565016625817448,46.09748142197225
