ROC_AUC_score,prediction_threshold,TN,FP,FN,TP,sensitivity,specificity,BA,Accuracy,precision,ROC_ACU_score_discretized,MCC,f1_score,cohen_kappa,PPV_score,NPV_score,FPR_score,FDR_score,PLR_score,NLR_score,DOR_score
0.9205575315131954,0.49909242324789554,15923,2481,0.14953271028037382,546,0.8504672897196262,0.8651923494892415,0.8578298196044338,0.8646959991599286,0.18037661050545095,0.8578298196044338,0.3532695786333096,0.29762878168438267,0.25626258597375295,0.18037661050545095,0.9940071165490979,0.13480765051075852,0.819623389494549,6.308746473196294,0.17283175281040006,36.50224203950021
