{"performances": [0.9353816148595626, 0.9326445862710329, 0.9331339489383655, 0.9329539291539629, 0.9321754514967289, 0.9321080816103232, 0.9354507620922176, 0.9334509090195076, 0.9347109628747915, 0.9327208428886854], "mean": 0.9334731089205178, "std": 0.0011945889530948649}