{"performances": [0.9201270751786995, 0.9199814174217849, 0.9196410979327939, 0.9200795100076444, 0.9197016969763447, 0.9195298022033678, 0.9200285594151617, 0.9197179469991965, 0.9200724852581824, 0.9197662738900727], "mean": 0.9198645865283248, "std": 0.00020459229451661286}