ROC_AUC_score,prediction_threshold,TN,FP,FN,TP,sensitivity,specificity,BA,Accuracy,precision,ROC_ACU_score_discretized,MCC,f1_score,cohen_kappa,PPV_score,NPV_score,FPR_score,FDR_score,PLR_score,NLR_score,DOR_score
0.9284107996148233,0.5407860124134507,13054,1669,0.14230019493177387,440,0.8576998050682261,0.8866399510969232,0.8721698780825746,0.8856655290102389,0.20862968231389284,0.8721698780825746,0.38878278097283614,0.3356216628527841,0.29757465920697856,0.20862968231389284,0.9944389426373124,0.11336004890307681,0.7913703176861071,7.566155919724081,0.16049377738474854,47.14298612080072
