ROC_AUC_score,prediction_threshold,TN,FP,FN,TP,sensitivity,specificity,BA,Accuracy,precision,ROC_ACU_score_discretized,MCC,f1_score,cohen_kappa,PPV_score,NPV_score,FPR_score,FDR_score,PLR_score,NLR_score,DOR_score
0.9309677870380338,0.5407860124134507,16264,2140,0.1588785046728972,540,0.8411214953271028,0.8837209302325582,0.8624212127798305,0.8822849942245091,0.20149253731343283,0.8624212127798304,0.37620846290078647,0.325105358217941,0.2862886207069226,0.20149253731343283,0.9937675669070023,0.11627906976744186,0.7985074626865671,7.233644859813085,0.17978357107722578,40.23529411764706
