ROC_AUC_score,prediction_threshold,TN,FP,FN,TP,sensitivity,specificity,BA,Accuracy,precision,ROC_ACU_score_discretized,MCC,f1_score,cohen_kappa,PPV_score,NPV_score,FPR_score,FDR_score,PLR_score,NLR_score,DOR_score
0.9236417698687616,0.4325915490812442,12519,2204,0.1364522417153996,443,0.8635477582846004,0.8503022481831148,0.8569250032338576,0.8507482278813336,0.16735927465054778,0.8569250032338577,0.33985308687983384,0.28037974683544303,0.2373605264440377,0.16735927465054778,0.9944395901183573,0.14969775181688513,0.8326407253494522,5.768608731952891,0.1604749864027341,35.94708970702619
