ROC_AUC_score,prediction_threshold,TN,FP,FN,TP,sensitivity,specificity,BA,Accuracy,precision,ROC_ACU_score_discretized,MCC,f1_score,cohen_kappa,PPV_score,NPV_score,FPR_score,FDR_score,PLR_score,NLR_score,DOR_score
0.927041459902053,0.4325915490812442,15554,2850,0.11526479750778816,568,0.8847352024922118,0.8451423603564443,0.8649387814243281,0.846476950540796,0.16617905207723815,0.8649387814243281,0.3432700466804617,0.27980295566502456,0.23646840672237346,0.16617905207723815,0.9952649091374456,0.15485763964355576,0.8338209479227618,5.713216374269008,0.13638506707813638,41.89033665244193
