ROC_AUC_score,prediction_threshold,TN,FP,FN,TP,sensitivity,specificity,BA,Accuracy,precision,ROC_ACU_score_discretized,MCC,f1_score,cohen_kappa,PPV_score,NPV_score,FPR_score,FDR_score,PLR_score,NLR_score,DOR_score
0.9289258336434791,0.5910316916385604,13249,1474,0.15984405458089668,431,0.8401559454191033,0.8998845344019561,0.8700202399105297,0.89787345760042,0.226246719160105,0.8700202399105298,0.4035835539839455,0.3564929693961952,0.320439837989426,0.226246719160105,0.9938489235616232,0.10011546559804388,0.773753280839895,8.391869731618359,0.17762729380289394,47.24425819902705
