ROC_AUC_score,prediction_threshold,TN,FP,FN,TP,sensitivity,specificity,BA,Accuracy,precision,ROC_ACU_score_discretized,MCC,f1_score,cohen_kappa,PPV_score,NPV_score,FPR_score,FDR_score,PLR_score,NLR_score,DOR_score
0.9195659415771054,0.5910316916385604,16620,1784,0.1806853582554517,526,0.8193146417445483,0.9030645511845251,0.8611895964645366,0.900241520529245,0.22770562770562772,0.8611895964645366,0.39935307337602843,0.35636856368563685,0.3205233296365946,0.22770562770562772,0.9930688336520076,0.0969354488154749,0.7722943722943723,8.452167414050823,0.2000802246289611,42.24389206741921
