ROC_AUC_score,prediction_threshold,TN,FP,FN,TP,sensitivity,specificity,BA,Accuracy,precision,ROC_ACU_score_discretized,MCC,f1_score,cohen_kappa,PPV_score,NPV_score,FPR_score,FDR_score,PLR_score,NLR_score,DOR_score
0.9337137965170724,0.5366264644372053,13101,1622,0.1442495126705653,439,0.8557504873294347,0.8898322352781363,0.8727913613037854,0.888684694145445,0.21300339640950994,0.8727913613037855,0.393222505732929,0.341103341103341,0.3035511692650905,0.21300339640950994,0.9943833017077799,0.11016776472186375,0.7869966035904901,7.767703097997083,0.16210866155627301,47.916644449628436
