ROC_AUC_score,prediction_threshold,TN,FP,FN,TP,sensitivity,specificity,BA,Accuracy,precision,ROC_ACU_score_discretized,MCC,f1_score,cohen_kappa,PPV_score,NPV_score,FPR_score,FDR_score,PLR_score,NLR_score,DOR_score
0.9252435472174882,0.5366264644372053,16293,2111,0.16199376947040497,538,0.838006230529595,0.8852966746359487,0.8616514525827719,0.8837026147222514,0.20309550773876936,0.861651452582772,0.37724253824379794,0.3269522941355212,0.2883341455930398,0.20309550773876936,0.9936573763493322,0.1147033253640513,0.7969044922612306,7.3058582030633215,0.18298246690807915,39.9265477535255
