ROC_AUC_score,prediction_threshold,TN,FP,FN,TP,sensitivity,specificity,BA,Accuracy,precision,ROC_ACU_score_discretized,MCC,f1_score,cohen_kappa,PPV_score,NPV_score,FPR_score,FDR_score,PLR_score,NLR_score,DOR_score
0.9314976937994272,0.4898310275284706,12759,1964,0.11695906432748537,453,0.8830409356725146,0.8666032737893092,0.8748221047309119,0.867156734050932,0.18742242449317337,0.8748221047309119,0.37012347441353666,0.30921501706484644,0.2685847736750645,0.18742242449317337,0.9953194476948279,0.13339672621069076,0.8125775755068266,6.619659722966615,0.13496263845862272,49.04809063136456
