ROC_AUC_score,prediction_threshold,TN,FP,FN,TP,sensitivity,specificity,BA,Accuracy,precision,ROC_ACU_score_discretized,MCC,f1_score,cohen_kappa,PPV_score,NPV_score,FPR_score,FDR_score,PLR_score,NLR_score,DOR_score
0.9278025026389359,0.4898310275284706,15945,2459,0.12461059190031153,562,0.8753894080996885,0.8663877417952619,0.8708885749474752,0.8666911687493437,0.1860311155246607,0.8708885749474752,0.3664567246066024,0.3068523068523068,0.26604434830340296,0.1860311155246607,0.9950078003120125,0.1336122582047381,0.8139688844753393,6.551714789209706,0.14382774119368666,45.55251118340788
