ROC_AUC_score,prediction_threshold,TN,FP,FN,TP,sensitivity,specificity,BA,Accuracy,precision,ROC_ACU_score_discretized,MCC,f1_score,cohen_kappa,PPV_score,NPV_score,FPR_score,FDR_score,PLR_score,NLR_score,DOR_score
0.9328497574242685,0.5308626189930786,13010,1713,0.13450292397660818,444,0.8654970760233918,0.8836514297357876,0.8745742528795897,0.8830401680231031,0.20584144645340752,0.8745742528795897,0.38762556634529466,0.3325842696629213,0.29418657085060707,0.20584144645340752,0.994724367306369,0.11634857026421246,0.7941585535465925,7.438828634146177,0.15221264794063052,48.87129114952156
