ROC_AUC_score,prediction_threshold,TN,FP,FN,TP,sensitivity,specificity,BA,Accuracy,precision,ROC_ACU_score_discretized,MCC,f1_score,cohen_kappa,PPV_score,NPV_score,FPR_score,FDR_score,PLR_score,NLR_score,DOR_score
0.9288010326889523,0.5308626189930786,16156,2248,0.1557632398753894,542,0.8442367601246106,0.877852640730276,0.8610447004274433,0.8767195211592985,0.19426523297491038,0.8610447004274433,0.36855783633219313,0.3158508158508158,0.2761821632930157,0.19426523297491038,0.9938484251968503,0.12214735926972398,0.8057347670250896,6.911625148279953,0.1774366592390856,38.95263345195729
