ROC_AUC_score,prediction_threshold,TN,FP,FN,TP,sensitivity,specificity,BA,Accuracy,precision,ROC_ACU_score_discretized,MCC,f1_score,cohen_kappa,PPV_score,NPV_score,FPR_score,FDR_score,PLR_score,NLR_score,DOR_score
0.9257481134065212,0.5034008163131982,12929,1794,0.14619883040935672,438,0.8538011695906432,0.8781498335936969,0.8659755015921701,0.877330007876083,0.19623655913978494,0.86597550159217,0.37338191037636986,0.3191256830601093,0.2796843976701062,0.19623655913978494,0.9942325438326669,0.12185016640630306,0.803763440860215,7.006975819332797,0.16648506304563074,42.08771460423632
