ROC_AUC_score,prediction_threshold,TN,FP,FN,TP,sensitivity,specificity,BA,Accuracy,precision,ROC_ACU_score_discretized,MCC,f1_score,cohen_kappa,PPV_score,NPV_score,FPR_score,FDR_score,PLR_score,NLR_score,DOR_score
0.9335572958878641,0.5034008163131982,16232,2172,0.15109034267912771,545,0.8489096573208723,0.8819821777874375,0.8654459175541549,0.8808673737267668,0.20058888479941112,0.8654459175541549,0.37718301086924694,0.3245013396844299,0.2855414312451131,0.20058888479941112,0.9940596484781676,0.11801782221256249,0.7994111152005889,7.19306322897483,0.17130770494496464,41.98914013403961
