ROC_AUC_score,prediction_threshold,TN,FP,FN,TP,sensitivity,specificity,BA,Accuracy,precision,ROC_ACU_score_discretized,MCC,f1_score,cohen_kappa,PPV_score,NPV_score,FPR_score,FDR_score,PLR_score,NLR_score,DOR_score
0.9231430209777729,0.4876195871977016,12698,2025,0.14814814814814814,437,0.8518518518518519,0.8624600964477348,0.8571559741497934,0.8621029141506957,0.17749796913078797,0.8571559741497933,0.3500557961646212,0.293781512605042,0.25210228300738524,0.17749796913078797,0.9940504149052763,0.13753990355226517,0.822502030869212,6.1934887974394135,0.17177391598560288,36.05604938271604
