ROC_AUC_score,prediction_threshold,TN,FP,FN,TP,sensitivity,specificity,BA,Accuracy,precision,ROC_ACU_score_discretized,MCC,f1_score,cohen_kappa,PPV_score,NPV_score,FPR_score,FDR_score,PLR_score,NLR_score,DOR_score
0.9270511929886568,0.4876195871977016,15960,2444,0.13707165109034267,554,0.8629283489096573,0.8672027820039122,0.8650655654567847,0.8670586999894991,0.1847898599066044,0.8650655654567847,0.3618247079805549,0.30439560439560437,0.2635012354071615,0.1847898599066044,0.9945164506480558,0.13279721799608782,0.8152101400933957,6.49809056192035,0.15806182121971596,41.11106978128255
