ROC_AUC_score,prediction_threshold,TN,FP,FN,TP,sensitivity,specificity,BA,Accuracy,precision,ROC_ACU_score_discretized,MCC,f1_score,cohen_kappa,PPV_score,NPV_score,FPR_score,FDR_score,PLR_score,NLR_score,DOR_score
0.9251377517427414,0.5091883102769309,12720,2003,0.14619883040935672,438,0.8538011695906432,0.8639543571283027,0.858877763359473,0.8636124967182988,0.17943465792707908,0.8588777633594729,0.3529631357078447,0.2965470548408937,0.2550961612348285,0.17943465792707908,0.9941383352872216,0.13604564287169735,0.820565342072921,6.2758435446245855,0.1692205487513333,37.086769845232155
