ROC_AUC_score,prediction_threshold,TN,FP,FN,TP,sensitivity,specificity,BA,Accuracy,precision,ROC_ACU_score_discretized,MCC,f1_score,cohen_kappa,PPV_score,NPV_score,FPR_score,FDR_score,PLR_score,NLR_score,DOR_score
0.9276873983104039,0.5091883102769309,16021,2383,0.13862928348909656,553,0.8613707165109035,0.8705172788524234,0.8659439976816634,0.8702089677622598,0.18835149863760217,0.8659439976816634,0.365798949800045,0.3091112353269983,0.26865364031034555,0.18835149863760217,0.9944754810676598,0.1294827211475766,0.8116485013623979,6.652398936914253,0.15924931860266728,41.77348446628036
