ROC_AUC_score,prediction_threshold,TN,FP,FN,TP,sensitivity,specificity,BA,Accuracy,precision,ROC_ACU_score_discretized,MCC,f1_score,cohen_kappa,PPV_score,NPV_score,FPR_score,FDR_score,PLR_score,NLR_score,DOR_score
0.9251736320054061,0.5526157330713083,13204,1519,0.1617933723196881,430,0.8382066276803118,0.8968280921007947,0.8675173598905532,0.894854292465214,0.22062596203181117,0.8675173598905532,0.396958682261613,0.34930950446791226,0.3126685833867576,0.22062596203181117,0.9937532926921051,0.10317190789920533,0.7793740379681888,8.124368781657168,0.18040622695113365,45.033749216748504
