ROC_AUC_score,prediction_threshold,TN,FP,FN,TP,sensitivity,specificity,BA,Accuracy,precision,ROC_ACU_score_discretized,MCC,f1_score,cohen_kappa,PPV_score,NPV_score,FPR_score,FDR_score,PLR_score,NLR_score,DOR_score
0.9338324460143772,0.5526157330713083,16483,1921,0.16199376947040497,538,0.838006230529595,0.8956205172788524,0.8668133739042236,0.8936784626693269,0.21878812525416835,0.8668133739042236,0.3948531407406853,0.3469848435988391,0.3101039294122151,0.21878812525416835,0.9937300295412069,0.10437948272114758,0.7812118747458316,8.028457400659375,0.1808732229165403,44.38720818483961
