ROC_AUC_score,prediction_threshold,TN,FP,FN,TP,sensitivity,specificity,BA,Accuracy,precision,ROC_ACU_score_discretized,MCC,f1_score,cohen_kappa,PPV_score,NPV_score,FPR_score,FDR_score,PLR_score,NLR_score,DOR_score
0.9339368896631611,0.50170966360586,12883,1840,0.1364522417153996,443,0.8635477582846004,0.8750254703525097,0.869286614318555,0.8746390128642688,0.19404292597459483,0.869286614318555,0.37326069609454166,0.3168812589413447,0.2771344110853585,0.19404292597459483,0.9945958465220412,0.12497452964749033,0.8059570740254052,6.909790024578353,0.15594087982425123,44.31031832298135
