ROC_AUC_score,prediction_threshold,TN,FP,FN,TP,sensitivity,specificity,BA,Accuracy,precision,ROC_ACU_score_discretized,MCC,f1_score,cohen_kappa,PPV_score,NPV_score,FPR_score,FDR_score,PLR_score,NLR_score,DOR_score
0.933550355773938,0.50170966360586,16172,2232,0.1261682242990654,561,0.8738317757009346,0.8787220169528364,0.8762768963268854,0.8785571773600757,0.200859291084855,0.8762768963268855,0.38393609166477644,0.32663755458515287,0.2875860422138935,0.200859291084855,0.9950163046822125,0.12127798304716365,0.799140708915145,7.205197132616489,0.1435814988869651,50.18193282888626
