ROC_AUC_score,prediction_threshold,TN,FP,FN,TP,sensitivity,specificity,BA,Accuracy,precision,ROC_ACU_score_discretized,MCC,f1_score,cohen_kappa,PPV_score,NPV_score,FPR_score,FDR_score,PLR_score,NLR_score,DOR_score
0.9304071191737106,0.5727172647052567,13223,1500,0.1617933723196881,430,0.8382066276803118,0.898118589961285,0.8681626088207984,0.8961013389341035,0.22279792746113988,0.8681626088207984,0.3993227920062496,0.35202619729840356,0.3156171463037417,0.22279792746113988,0.9937622125356982,0.10188141003871494,0.7772020725388601,8.227277452891483,0.18014700299952877,45.66979919678711
