ROC_AUC_score,prediction_threshold,TN,FP,FN,TP,sensitivity,specificity,BA,Accuracy,precision,ROC_ACU_score_discretized,MCC,f1_score,cohen_kappa,PPV_score,NPV_score,FPR_score,FDR_score,PLR_score,NLR_score,DOR_score
0.9269137448787037,0.5727172647052567,16516,1888,0.17601246105919002,529,0.82398753894081,0.8974136057378831,0.8607005723393466,0.8949385697784311,0.21886636326023998,0.8607005723393465,0.3911371451330731,0.3458646616541354,0.30906036492867084,0.21886636326023998,0.993204642492032,0.10258639426211694,0.78113363673976,8.032132768361585,0.19613304270606277,40.9524711264437
