ROC_AUC_score,prediction_threshold,TN,FP,FN,TP,sensitivity,specificity,BA,Accuracy,precision,ROC_ACU_score_discretized,MCC,f1_score,cohen_kappa,PPV_score,NPV_score,FPR_score,FDR_score,PLR_score,NLR_score,DOR_score
0.9378953697116829,0.6176628191282851,13367,1356,0.1695906432748538,426,0.8304093567251462,0.9078992053250017,0.8691542810250739,0.9052901023890785,0.23905723905723905,0.8691542810250739,0.41439564436489396,0.37124183006535943,0.33655148389077927,0.23905723905723905,0.9935335216292552,0.09210079467499831,0.7609427609427609,9.01631044178785,0.18679457177644,48.26858915674903
