ROC_AUC_score,prediction_threshold,TN,FP,FN,TP,sensitivity,specificity,BA,Accuracy,precision,ROC_ACU_score_discretized,MCC,f1_score,cohen_kappa,PPV_score,NPV_score,FPR_score,FDR_score,PLR_score,NLR_score,DOR_score
0.9267598774748276,0.6176628191282851,16743,1661,0.20404984423676012,511,0.7959501557632399,0.9097478808954576,0.8528490183293487,0.9059120025202142,0.2352670349907919,0.8528490183293488,0.40068547802759347,0.3631840796019901,0.3282283268888945,0.2352670349907919,0.9922365769823397,0.09025211910454249,0.7647329650092081,8.81918522978126,0.22429273925421564,39.319976469615035
