ROC_AUC_score,prediction_threshold,TN,FP,FN,TP,sensitivity,specificity,BA,Accuracy,precision,ROC_ACU_score_discretized,MCC,f1_score,cohen_kappa,PPV_score,NPV_score,FPR_score,FDR_score,PLR_score,NLR_score,DOR_score
0.927437795739093,0.5502221167302888,13109,1614,0.17153996101364521,425,0.8284600389863548,0.8903756027983427,0.8594178208923487,0.8882908899973746,0.20843550760176557,0.8594178208923487,0.3808379509361368,0.3330721003134796,0.29514840586331303,0.20843550760176557,0.9933318178373873,0.10962439720165727,0.7915644923982345,7.5572596988823415,0.1926602216800594,39.225843471893654
