ROC_AUC_score,prediction_threshold,TN,FP,FN,TP,sensitivity,specificity,BA,Accuracy,precision,ROC_ACU_score_discretized,MCC,f1_score,cohen_kappa,PPV_score,NPV_score,FPR_score,FDR_score,PLR_score,NLR_score,DOR_score
0.9332218852599429,0.5502221167302888,16392,2012,0.14641744548286603,548,0.8535825545171339,0.8906759400130406,0.8721292472650872,0.8894256011760999,0.2140625,0.8721292472650872,0.39379463588159036,0.3422860712054966,0.30481644400596397,0.2140625,0.9942981924056775,0.10932405998695936,0.7859375,7.807819748177599,0.1643891329103628,47.49596040776615
