ROC_AUC_score,prediction_threshold,TN,FP,FN,TP,sensitivity,specificity,BA,Accuracy,precision,ROC_ACU_score_discretized,MCC,f1_score,cohen_kappa,PPV_score,NPV_score,FPR_score,FDR_score,PLR_score,NLR_score,DOR_score
0.935339927092895,0.5207351759555585,13073,1650,0.12280701754385964,450,0.8771929824561403,0.8879304489574136,0.8825617157067769,0.8875689157259123,0.21428571428571427,0.882561715706777,0.40035672087675034,0.3444316877152698,0.3069224614088383,0.21428571428571427,0.9952040194884287,0.11206955104258642,0.7857142857142857,7.827219564061669,0.1383070235828231,56.59307359307357
