ROC_AUC_score,prediction_threshold,TN,FP,FN,TP,sensitivity,specificity,BA,Accuracy,precision,ROC_ACU_score_discretized,MCC,f1_score,cohen_kappa,PPV_score,NPV_score,FPR_score,FDR_score,PLR_score,NLR_score,DOR_score
0.9210187105471452,0.5207351759555585,16292,2112,0.17133956386292834,532,0.8286604361370716,0.8852423386220387,0.8569513873795551,0.883335083482096,0.20121028744326777,0.8569513873795551,0.372634934114791,0.3237979306147291,0.2850139195198669,0.20121028744326777,0.9932935007925863,0.11475766137796131,0.7987897125567323,7.220959595959598,0.19355102708895983,37.30778236914601
