ROC_AUC_score,prediction_threshold,TN,FP,FN,TP,sensitivity,specificity,BA,Accuracy,precision,ROC_ACU_score_discretized,MCC,f1_score,cohen_kappa,PPV_score,NPV_score,FPR_score,FDR_score,PLR_score,NLR_score,DOR_score
0.9367581904643502,0.5252065488464447,12998,1725,0.13060428849902533,446,0.8693957115009746,0.8828363784554778,0.8761160449782261,0.8823838277763193,0.20543528327959465,0.8761160449782261,0.3881718846476265,0.3323397913561848,0.29387763061366245,0.20543528327959465,0.9948717948717949,0.11716362154452217,0.7945647167204053,7.420355397350056,0.14793713952693882,50.15884057971011
