ROC_AUC_score,prediction_threshold,TN,FP,FN,TP,sensitivity,specificity,BA,Accuracy,precision,ROC_ACU_score_discretized,MCC,f1_score,cohen_kappa,PPV_score,NPV_score,FPR_score,FDR_score,PLR_score,NLR_score,DOR_score
0.93034309214914,0.5252065488464447,16195,2209,0.13707165109034267,554,0.8629283489096573,0.8799717452727668,0.8714500470912121,0.8793972487661451,0.20050669562070214,0.8714500470912121,0.3807118421184042,0.32540381791483114,0.28636457253366,0.20050669562070214,0.9945955904931524,0.1200282547272332,0.7994933043792979,7.189376791911875,0.1557682412267161,46.15431705008435
