{"performances": [0.9294368994685566, 0.9290683963461824, 0.9309049874705553, 0.9300731894258394, 0.9305667838699564, 0.928913259409271, 0.9293152782037766, 0.9303889646094815, 0.9297897450168291, 0.9296140416447459], "mean": 0.9298071545465193, "std": 0.0006287281116130696}