ROC_AUC_score,prediction_threshold,TN,FP,FN,TP,sensitivity,specificity,BA,Accuracy,precision,ROC_ACU_score_discretized,MCC,f1_score,cohen_kappa,PPV_score,NPV_score,FPR_score,FDR_score,PLR_score,NLR_score,DOR_score
0.9233391046272431,0.5501279967928983,13159,1564,0.16569200779727095,428,0.834307992202729,0.8937716497996332,0.864039821001181,0.8917694933053295,0.21485943775100402,0.8640398210011812,0.3895663832216716,0.34171656686626745,0.3044711218981425,0.21485943775100402,0.9935819993959529,0.10622835020036678,0.785140562248996,7.8539108498726184,0.18538516838659633,42.36536783511355
