ROC_AUC_score,prediction_threshold,TN,FP,FN,TP,sensitivity,specificity,BA,Accuracy,precision,ROC_ACU_score_discretized,MCC,f1_score,cohen_kappa,PPV_score,NPV_score,FPR_score,FDR_score,PLR_score,NLR_score,DOR_score
0.9284784866624554,0.5501279967928983,16386,2018,0.17601246105919002,529,0.82398753894081,0.8903499239295806,0.8571687314351952,0.8881129896041163,0.20769532783667058,0.8571687314351952,0.3787771478522083,0.3317654437127626,0.2937375949117259,0.20769532783667058,0.9931511000666707,0.10965007607041947,0.7923046721633294,7.51470102411629,0.19768908417754988,38.01272617241291
