{"performances": [0.9191489422927834, 0.9191366701401092, 0.9187820472455873, 0.9187062984411488, 0.9190363770303218, 0.9192051402884784, 0.9187624118013082, 0.9186368973018868, 0.9190481413697821, 0.9191708628965259], "mean": 0.9189633788807932, "std": 0.00020601571483885398}