ROC_AUC_score,prediction_threshold,TN,FP,FN,TP,sensitivity,specificity,BA,Accuracy,precision,ROC_ACU_score_discretized,MCC,f1_score,cohen_kappa,PPV_score,NPV_score,FPR_score,FDR_score,PLR_score,NLR_score,DOR_score
0.9354723265861229,0.5540315826215604,13154,1569,0.15204678362573099,435,0.847953216374269,0.8934320450995041,0.8706926307368865,0.8919007613546863,0.21706586826347304,0.8706926307368866,0.3956755202203199,0.3456495828367103,0.3085786347018541,0.21706586826347304,0.994105199516324,0.10656795490049582,0.7829341317365269,7.956924923313166,0.17018281855873782,46.755160072559676
