ROC_AUC_score,prediction_threshold,TN,FP,FN,TP,sensitivity,specificity,BA,Accuracy,precision,ROC_ACU_score_discretized,MCC,f1_score,cohen_kappa,PPV_score,NPV_score,FPR_score,FDR_score,PLR_score,NLR_score,DOR_score
0.9208953119361157,0.5540315826215604,16424,1980,0.18691588785046728,522,0.8130841121495327,0.8924146924581613,0.852749402303847,0.889740627953376,0.20863309352517986,0.852749402303847,0.3769259127443579,0.3320610687022901,0.29419495173788923,0.20863309352517986,0.9927466150870407,0.10758530754183873,0.7913669064748201,7.557575757575759,0.20944958597174868,36.083030303030306
