ROC_AUC_score,prediction_threshold,TN,FP,FN,TP,sensitivity,specificity,BA,Accuracy,precision,ROC_ACU_score_discretized,MCC,f1_score,cohen_kappa,PPV_score,NPV_score,FPR_score,FDR_score,PLR_score,NLR_score,DOR_score
0.9324807600366429,0.5343975033719813,13100,1623,0.13450292397660818,444,0.8654970760233918,0.8897643143381104,0.8776306951807511,0.8889472302441586,0.21480406386066764,0.8776306951807511,0.3978391196392555,0.34418604651162793,0.30678669633849376,0.21480406386066764,0.9947604222036601,0.11023568566188956,0.7851959361393324,7.851332994634871,0.1511669121914201,51.93817139489402
