ROC_AUC_score,prediction_threshold,TN,FP,FN,TP,sensitivity,specificity,BA,Accuracy,precision,ROC_ACU_score_discretized,MCC,f1_score,cohen_kappa,PPV_score,NPV_score,FPR_score,FDR_score,PLR_score,NLR_score,DOR_score
0.9229490778450574,0.5343975033719813,16366,2038,0.17289719626168223,531,0.8271028037383178,0.8892632036513801,0.858183003694849,0.8871679092722882,0.20669521214480344,0.8581830036948489,0.3784752400505286,0.3307380878231081,0.2925822499214027,0.20669521214480344,0.9932633367724707,0.11073679634861987,0.7933047878551965,7.4690873405299305,0.19442747158743734,38.41580245603798
