ROC_AUC_score,prediction_threshold,TN,FP,FN,TP,sensitivity,specificity,BA,Accuracy,precision,ROC_ACU_score_discretized,MCC,f1_score,cohen_kappa,PPV_score,NPV_score,FPR_score,FDR_score,PLR_score,NLR_score,DOR_score
0.9183818028018117,0.5192767995915889,13007,1716,0.15789473684210525,432,0.8421052631578947,0.8834476669157101,0.8627764650368024,0.8820556576529273,0.2011173184357542,0.8627764650368024,0.3760730023117219,0.3246899661781285,0.28587114142442605,0.2011173184357542,0.9938111246943765,0.11655233308428989,0.7988826815642458,7.225125751441539,0.17872562547292353,40.4257964257964
