ROC_AUC_score,prediction_threshold,TN,FP,FN,TP,sensitivity,specificity,BA,Accuracy,precision,ROC_ACU_score_discretized,MCC,f1_score,cohen_kappa,PPV_score,NPV_score,FPR_score,FDR_score,PLR_score,NLR_score,DOR_score
0.9276292536973882,0.5192767995915889,16239,2165,0.14485981308411214,549,0.8551401869158879,0.8823625298848077,0.8687513584003478,0.8814449228184396,0.20228445099484157,0.8687513584003478,0.3807699294696306,0.32717520858164484,0.28837818696883843,0.20228445099484157,0.9943056576047025,0.11763747011519235,0.7977155490051584,7.269284064665129,0.1641726707309563,44.27828354317219
