ROC_AUC_score,prediction_threshold,TN,FP,FN,TP,sensitivity,specificity,BA,Accuracy,precision,ROC_ACU_score_discretized,MCC,f1_score,cohen_kappa,PPV_score,NPV_score,FPR_score,FDR_score,PLR_score,NLR_score,DOR_score
0.9341458160634744,0.5134226208659337,12868,1855,0.13840155945419103,442,0.8615984405458089,0.8740066562521225,0.8678025483989658,0.8735888684694145,0.19242490204614715,0.8678025483989658,0.37082645911576223,0.3145907473309609,0.2746633799050723,0.19242490204614715,0.9945127135018162,0.12599334374787746,0.8075750979538528,6.838444118682448,0.15835298102611559,43.18481454766331
