ROC_AUC_score,prediction_threshold,TN,FP,FN,TP,sensitivity,specificity,BA,Accuracy,precision,ROC_ACU_score_discretized,MCC,f1_score,cohen_kappa,PPV_score,NPV_score,FPR_score,FDR_score,PLR_score,NLR_score,DOR_score
0.9286825429389928,0.5134226208659337,16033,2371,0.14485981308411214,549,0.8551401869158879,0.8711693110193436,0.8631547489676157,0.8706290034652946,0.18801369863013698,0.8631547489676158,0.36382337338130843,0.30825379000561476,0.26778809875191156,0.18801369863013698,0.9942329157881682,0.1288306889806564,0.811986301369863,6.637705609447489,0.16628204328572316,39.918354852314934
