ROC_AUC_score,prediction_threshold,TN,FP,FN,TP,sensitivity,specificity,BA,Accuracy,precision,ROC_ACU_score_discretized,MCC,f1_score,cohen_kappa,PPV_score,NPV_score,FPR_score,FDR_score,PLR_score,NLR_score,DOR_score
0.9316327412825195,0.5294007642860042,13061,1662,0.14035087719298245,441,0.8596491228070176,0.8871153976771039,0.8733822602420607,0.886190601207666,0.20970042796005706,0.8733822602420607,0.3905160664409628,0.3371559633027523,0.2992192139045782,0.20970042796005706,0.994517627350948,0.11288460232289615,0.7902995720399429,7.615291236514877,0.15821039467975503,48.1339500601685
