ROC_AUC_score,prediction_threshold,TN,FP,FN,TP,sensitivity,specificity,BA,Accuracy,precision,ROC_ACU_score_discretized,MCC,f1_score,cohen_kappa,PPV_score,NPV_score,FPR_score,FDR_score,PLR_score,NLR_score,DOR_score
0.9228781532661531,0.5294007642860042,16167,2237,0.1588785046728972,540,0.8411214953271028,0.8784503368832862,0.8597859161051945,0.8771920613252127,0.19445444724522867,0.8597859161051944,0.36798440284907175,0.31588183679438436,0.27625169923755954,0.19445444724522867,0.9937304075235109,0.12154966311671375,0.8055455527547714,6.919982118909252,0.1808622502628812,38.26106392489941
