ROC_AUC_score,prediction_threshold,TN,FP,FN,TP,sensitivity,specificity,BA,Accuracy,precision,ROC_ACU_score_discretized,MCC,f1_score,cohen_kappa,PPV_score,NPV_score,FPR_score,FDR_score,PLR_score,NLR_score,DOR_score
0.9268233296910231,0.46896770112937414,12660,2063,0.1364522417153996,443,0.8635477582846004,0.8598791007267541,0.8617134295056772,0.8600026253609871,0.17677573822825218,0.8617134295056773,0.35200329793750385,0.2934746604836038,0.25164319672618884,0.17677573822825218,0.9945011783189317,0.14012089927324595,0.8232242617717478,6.162876221630721,0.15868770574848565,38.836507167093714
