ROC_AUC_score,prediction_threshold,TN,FP,FN,TP,sensitivity,specificity,BA,Accuracy,precision,ROC_ACU_score_discretized,MCC,f1_score,cohen_kappa,PPV_score,NPV_score,FPR_score,FDR_score,PLR_score,NLR_score,DOR_score
0.9304204490287565,0.46896770112937414,15891,2513,0.14485981308411214,549,0.8551401869158879,0.8634535970441208,0.8592968919800044,0.8631733697364276,0.17929457870672763,0.8592968919800044,0.3530707611509891,0.2964362850971922,0.25491191323678697,0.17929457870672763,0.9941816816816816,0.13654640295587916,0.8207054212932724,6.2626343016315165,0.16776791894783205,37.32915292094016
