ROC_AUC_score,prediction_threshold,TN,FP,FN,TP,sensitivity,specificity,BA,Accuracy,precision,ROC_ACU_score_discretized,MCC,f1_score,cohen_kappa,PPV_score,NPV_score,FPR_score,FDR_score,PLR_score,NLR_score,DOR_score
0.9264583042881944,0.457832107283917,12583,2140,0.13840155945419103,442,0.8615984405458089,0.8546491883447667,0.8581238144452878,0.8548831714360725,0.17118512780790085,0.8581238144452877,0.3443721339951419,0.2856219709208401,0.2431003007934519,0.17118512780790085,0.9943891259680734,0.1453508116552333,0.8288148721920992,5.927716747736421,0.16193961375220975,36.60448861392653
