ROC_AUC_score,prediction_threshold,TN,FP,FN,TP,sensitivity,specificity,BA,Accuracy,precision,ROC_ACU_score_discretized,MCC,f1_score,cohen_kappa,PPV_score,NPV_score,FPR_score,FDR_score,PLR_score,NLR_score,DOR_score
0.9284348993615773,0.457832107283917,15797,2607,0.11993769470404984,565,0.8800623052959502,0.858346011736579,0.8692041585162646,0.8590780216318387,0.17812105926860025,0.8692041585162645,0.35769298976643016,0.2962768746722601,0.2544770203549158,0.17812105926860025,0.995149300743354,0.141653988263421,0.8218789407313998,6.212760516557984,0.13973117258551196,44.4622370341588
