ROC_AUC_score,prediction_threshold,TN,FP,FN,TP,sensitivity,specificity,BA,Accuracy,precision,ROC_ACU_score_discretized,MCC,f1_score,cohen_kappa,PPV_score,NPV_score,FPR_score,FDR_score,PLR_score,NLR_score,DOR_score
0.9293337564821138,0.4618299255926487,12631,2092,0.1286549707602339,447,0.8713450292397661,0.8579093934660056,0.8646272113528859,0.8583617747440273,0.17605356439543127,0.8646272113528858,0.35298317082928277,0.2929226736566186,0.250960365695994,0.17605356439543127,0.9948019217137907,0.14209060653399444,0.8239464356045687,6.132319725381012,0.1499633548019099,40.89212150182514
