ROC_AUC_score,prediction_threshold,TN,FP,FN,TP,sensitivity,specificity,BA,Accuracy,precision,ROC_ACU_score_discretized,MCC,f1_score,cohen_kappa,PPV_score,NPV_score,FPR_score,FDR_score,PLR_score,NLR_score,DOR_score
0.9331224385055126,0.4618299255926487,15818,2586,0.14018691588785046,552,0.8598130841121495,0.8594870680286895,0.8596500760704195,0.8594980573348735,0.17590822179732313,0.8596500760704195,0.34994477840787713,0.2920634920634921,0.25009446081765296,0.17590822179732313,0.9943424691978878,0.1405129319713106,0.8240917782026769,6.1191028615622605,0.16310532304969025,37.516267079144114
