{"performances": [0.9271463233307672, 0.9270599950843681, 0.9272454315430548, 0.9263112245001595, 0.9269162839447744, 0.9270595719066896, 0.9268569544342589, 0.9266132887270205, 0.9273650215549784, 0.9262314978255438], "mean": 0.9268805592851616, "std": 0.0003635104641423961}