ROC_AUC_score,prediction_threshold,TN,FP,FN,TP,sensitivity,specificity,BA,Accuracy,precision,ROC_ACU_score_discretized,MCC,f1_score,cohen_kappa,PPV_score,NPV_score,FPR_score,FDR_score,PLR_score,NLR_score,DOR_score
0.9356108164560389,0.5202799248529604,13028,1695,0.12475633528265107,449,0.8752436647173489,0.8848740066562522,0.8800588356868005,0.8845497505907062,0.20942164179104478,0.8800588356868005,0.3942959161687886,0.3379751599548363,0.29993447625989533,0.20942164179104478,0.9951115184845707,0.11512599334374787,0.7905783582089553,7.602485236361966,0.14098768225103406,53.92304572271389
