ROC_AUC_score,prediction_threshold,TN,FP,FN,TP,sensitivity,specificity,BA,Accuracy,precision,ROC_ACU_score_discretized,MCC,f1_score,cohen_kappa,PPV_score,NPV_score,FPR_score,FDR_score,PLR_score,NLR_score,DOR_score
0.9241437084312567,0.5202799248529604,16217,2187,0.16510903426791276,536,0.8348909657320872,0.8811671375787872,0.8580290516554372,0.8796072666176625,0.19684171869261843,0.8580290516554372,0.36918842741677993,0.31857355126300146,0.279254238964213,0.19684171869261843,0.9935060956931937,0.11883286242121278,0.8031582813073815,7.025758268556619,0.1873753879673594,37.49563026805046
