{"performances": [0.9245288001186251, 0.9242321525660478, 0.9243489496052938, 0.9243916905508148, 0.9247009487982094, 0.9244266450270531, 0.9245381100275506, 0.9249442759633048, 0.9242562736937182, 0.9242446786253292], "mean": 0.9244612524975947, "std": 0.00021477699082314192}