ROC_AUC_score,prediction_threshold,TN,FP,FN,TP,sensitivity,specificity,BA,Accuracy,precision,ROC_ACU_score_discretized,MCC,f1_score,cohen_kappa,PPV_score,NPV_score,FPR_score,FDR_score,PLR_score,NLR_score,DOR_score
0.9350903540481608,0.5406704396288967,13024,1699,0.13840155945419103,442,0.8615984405458089,0.8846023228961489,0.8731003817209789,0.8838277763192439,0.20644558617468473,0.8731003817209789,0.3873035186847098,0.33308214016578747,0.2947712582726245,0.20644558617468473,0.994578083237877,0.11539767710385111,0.7935544138253152,7.466341283199499,0.1564562469167733,47.72159265184988
