ROC_AUC_score,prediction_threshold,TN,FP,FN,TP,sensitivity,specificity,BA,Accuracy,precision,ROC_ACU_score_discretized,MCC,f1_score,cohen_kappa,PPV_score,NPV_score,FPR_score,FDR_score,PLR_score,NLR_score,DOR_score
0.9262386918460771,0.5406704396288967,16281,2123,0.16822429906542055,534,0.8317757009345794,0.8846446424690285,0.858210171701804,0.8828625433161819,0.20097854723372224,0.8582101717018039,0.3731810059438344,0.32373446498939074,0.2849075698043353,0.20097854723372224,0.9934102141680395,0.11535535753097152,0.7990214527662778,7.210551106924167,0.19016030956329466,37.91827602449365
