ROC_AUC_score,prediction_threshold,TN,FP,FN,TP,sensitivity,specificity,BA,Accuracy,precision,ROC_ACU_score_discretized,MCC,f1_score,cohen_kappa,PPV_score,NPV_score,FPR_score,FDR_score,PLR_score,NLR_score,DOR_score
0.9270253713176887,0.48794661488492874,12910,1813,0.15789473684210525,432,0.8421052631578947,0.8768593357332065,0.8594822994455507,0.8756891572591231,0.19242761692650334,0.8594822994455505,0.3658768077335411,0.3132704858593184,0.2734444282243417,0.19242761692650334,0.9937649141713494,0.12314066426679346,0.8075723830734967,6.838563590443288,0.1800684903583514,37.97756940614081
