ROC_AUC_score,prediction_threshold,TN,FP,FN,TP,sensitivity,specificity,BA,Accuracy,precision,ROC_ACU_score_discretized,MCC,f1_score,cohen_kappa,PPV_score,NPV_score,FPR_score,FDR_score,PLR_score,NLR_score,DOR_score
0.9245955775562811,0.48794661488492874,16137,2267,0.1526479750778816,544,0.8473520249221184,0.8768202564659856,0.862086140694052,0.8758269452903497,0.19352543578797582,0.8620861406940521,0.36847578663407204,0.31508832898928474,0.2753166627073068,0.19352543578797582,0.993963658761934,0.12317974353401434,0.8064745642120242,6.878988384061165,0.17409266489021094,39.51337288333946
