ROC_AUC_score,prediction_threshold,TN,FP,FN,TP,sensitivity,specificity,BA,Accuracy,precision,ROC_ACU_score_discretized,MCC,f1_score,cohen_kappa,PPV_score,NPV_score,FPR_score,FDR_score,PLR_score,NLR_score,DOR_score
0.9420855488733532,0.5071094485453989,12875,1848,0.10331384015594541,460,0.8966861598440545,0.8744821028323032,0.8855841313381789,0.8752297190863744,0.19930675909878684,0.8855841313381788,0.3879916798099461,0.32612548741581,0.28683387787499637,0.19930675909878684,0.9959003712871287,0.1255178971676968,0.8006932409012132,7.143890871961047,0.11814288688279496,60.46822674181161
