ROC_AUC_score,prediction_threshold,TN,FP,FN,TP,sensitivity,specificity,BA,Accuracy,precision,ROC_ACU_score_discretized,MCC,f1_score,cohen_kappa,PPV_score,NPV_score,FPR_score,FDR_score,PLR_score,NLR_score,DOR_score
0.9272565187982296,0.5071094485453989,16102,2302,0.14330218068535824,550,0.8566978193146417,0.874918495979135,0.8658081576468883,0.8743043158668486,0.19284712482468444,0.8658081576468883,0.370045545015613,0.314825414997138,0.2749256433466959,0.19284712482468444,0.9943188835371125,0.12508150402086504,0.8071528751753155,6.849116710107152,0.16378917732786819,41.816662259660774
