ROC_AUC_score,prediction_threshold,TN,FP,FN,TP,sensitivity,specificity,BA,Accuracy,precision,ROC_ACU_score_discretized,MCC,f1_score,cohen_kappa,PPV_score,NPV_score,FPR_score,FDR_score,PLR_score,NLR_score,DOR_score
0.9335322768118572,0.4541800133758608,12605,2118,0.11695906432748537,453,0.8830409356725146,0.8561434490253345,0.8695921923489245,0.8570490942504594,0.176196032672112,0.8695921923489247,0.3560049093886636,0.29377431906614787,0.25176945972780407,0.176196032672112,0.9952625345440189,0.1438565509746655,0.823803967327888,6.138343576915216,0.13661152749651465,44.932837582625105
