ROC_AUC_score,prediction_threshold,TN,FP,FN,TP,sensitivity,specificity,BA,Accuracy,precision,ROC_ACU_score_discretized,MCC,f1_score,cohen_kappa,PPV_score,NPV_score,FPR_score,FDR_score,PLR_score,NLR_score,DOR_score
0.9327777179686659,0.4541800133758608,15765,2639,0.1308411214953271,558,0.8691588785046729,0.8566072592914584,0.8628830688980657,0.8570303475795442,0.17453862996559275,0.8628830688980657,0.350467763279694,0.2907007033081532,0.24851080191882502,0.17453862996559275,0.9946999810713609,0.14339274070854163,0.8254613700344072,6.0613868889730975,0.15274341896606408,39.683456937151526
