ROC_AUC_score,prediction_threshold,TN,FP,FN,TP,sensitivity,specificity,BA,Accuracy,precision,ROC_ACU_score_discretized,MCC,f1_score,cohen_kappa,PPV_score,NPV_score,FPR_score,FDR_score,PLR_score,NLR_score,DOR_score
0.9328498898237618,0.49644521169056843,12862,1861,0.13255360623781676,445,0.8674463937621832,0.8735991306119677,0.8705227621870755,0.8733919663953794,0.19297484822202948,0.8705227621870755,0.3729690662995433,0.3157147924796027,0.27582282500772215,0.19297484822202948,0.9947409126063418,0.12640086938803233,0.8070251517779705,6.8626616095435935,0.15173275887415458,45.228608907292106
