ROC_AUC_score,prediction_threshold,TN,FP,FN,TP,sensitivity,specificity,BA,Accuracy,precision,ROC_ACU_score_discretized,MCC,f1_score,cohen_kappa,PPV_score,NPV_score,FPR_score,FDR_score,PLR_score,NLR_score,DOR_score
0.9279008491314025,0.49644521169056843,16109,2295,0.14953271028037382,546,0.8504672897196262,0.8752988480765052,0.8628830688980657,0.8744618292554868,0.1921858500527983,0.8628830688980657,0.3676716915521554,0.31352282515073215,0.27357727323932113,0.1921858500527983,0.9940759024992286,0.12470115192349489,0.8078141499472017,6.820043572984752,0.17083617853373892,39.92154139433553
