ROC_AUC_score,prediction_threshold,TN,FP,FN,TP,sensitivity,specificity,BA,Accuracy,precision,ROC_ACU_score_discretized,MCC,f1_score,cohen_kappa,PPV_score,NPV_score,FPR_score,FDR_score,PLR_score,NLR_score,DOR_score
0.932482746029041,0.5118621717940384,12906,1817,0.13450292397660818,444,0.8654970760233918,0.8765876519731033,0.8710423639982475,0.8762142294565503,0.19637328615656788,0.8710423639982475,0.376535881574238,0.3201153568853641,0.28063127392703513,0.19637328615656788,0.9946820809248554,0.1234123480268967,0.8036267138434321,7.013050880733294,0.1534392181704326,45.705726113277954
