ROC_AUC_score,prediction_threshold,TN,FP,FN,TP,sensitivity,specificity,BA,Accuracy,precision,ROC_ACU_score_discretized,MCC,f1_score,cohen_kappa,PPV_score,NPV_score,FPR_score,FDR_score,PLR_score,NLR_score,DOR_score
0.9165172003106462,0.5118621717940384,16166,2238,0.17445482866043613,530,0.8255451713395638,0.8783960008693762,0.85197058610447,0.8766145122335398,0.19147398843930635,0.85197058610447,0.36047606067797744,0.31085043988269795,0.2709546085149991,0.19147398843930635,0.993119547856002,0.12160399913062378,0.8085260115606936,6.788799523383972,0.1986061280877562,34.18222583939741
