ROC_AUC_score,prediction_threshold,TN,FP,FN,TP,sensitivity,specificity,BA,Accuracy,precision,ROC_ACU_score_discretized,MCC,f1_score,cohen_kappa,PPV_score,NPV_score,FPR_score,FDR_score,PLR_score,NLR_score,DOR_score
0.9199197553151446,0.5717276067038276,13221,1502,0.16764132553606237,427,0.8323586744639376,0.8979827480812335,0.8651707112725855,0.8957731688107115,0.22135821669258685,0.8651707112725856,0.39616543343415106,0.3497133497133497,0.3131785425324405,0.22135821669258685,0.9935372360411814,0.10201725191876655,0.7786417833074132,8.158999177185457,0.18668657710214404,43.704262533676044
