ROC_AUC_score,prediction_threshold,TN,FP,FN,TP,sensitivity,specificity,BA,Accuracy,precision,ROC_ACU_score_discretized,MCC,f1_score,cohen_kappa,PPV_score,NPV_score,FPR_score,FDR_score,PLR_score,NLR_score,DOR_score
0.928299651775552,0.5717276067038276,16534,1870,0.17133956386292834,532,0.8286604361370716,0.8983916539882634,0.8635260450626675,0.8960411634988974,0.22148209825145712,0.8635260450626675,0.3952517473170801,0.3495400788436268,0.31299316969715885,0.22148209825145712,0.9933910117760154,0.10160834601173657,0.7785179017485429,8.155436720142598,0.19071811620499177,42.76173067574134
