ROC_AUC_score,prediction_threshold,TN,FP,FN,TP,sensitivity,specificity,BA,Accuracy,precision,ROC_ACU_score_discretized,MCC,f1_score,cohen_kappa,PPV_score,NPV_score,FPR_score,FDR_score,PLR_score,NLR_score,DOR_score
0.9147556454812913,0.4875605087479346,12687,2036,0.15594541910331383,433,0.8440545808966862,0.861712966107451,0.8528837735020686,0.8611184037805198,0.1753746456055083,0.8528837735020686,0.34547255265960725,0.29040912139503694,0.24850916857538308,0.1753746456055083,0.9937338450693194,0.13828703389254907,0.8246253543944917,6.103642237004869,0.18097141999354374,33.727105844793726
