ROC_AUC_score,prediction_threshold,TN,FP,FN,TP,sensitivity,specificity,BA,Accuracy,precision,ROC_ACU_score_discretized,MCC,f1_score,cohen_kappa,PPV_score,NPV_score,FPR_score,FDR_score,PLR_score,NLR_score,DOR_score
0.9285202119815482,0.4875605087479346,15801,2603,0.1308411214953271,558,0.8691588785046729,0.8585633557922191,0.863861117148446,0.8589205082432007,0.17652641569123695,0.863861117148446,0.35300707778578233,0.2934525374704181,0.2515109498874808,0.17652641569123695,0.9947119924457035,0.1414366442077809,0.823473584308763,6.145217057241645,0.15239541801151826,40.32415893748971
