ROC_AUC_score,prediction_threshold,TN,FP,FN,TP,sensitivity,specificity,BA,Accuracy,precision,ROC_ACU_score_discretized,MCC,f1_score,cohen_kappa,PPV_score,NPV_score,FPR_score,FDR_score,PLR_score,NLR_score,DOR_score
0.9350314362736746,0.4730744925649241,12738,1985,0.11306042884990253,455,0.8869395711500975,0.8651769340487673,0.8760582525994324,0.8659096875820426,0.1864754098360656,0.8760582525994323,0.3699218029470591,0.30816119200812736,0.2673977324859065,0.1864754098360656,0.9954673335417318,0.13482306595123278,0.8135245901639344,6.578544738560649,0.13067896796648726,50.341266394510576
