ROC_AUC_score,prediction_threshold,TN,FP,FN,TP,sensitivity,specificity,BA,Accuracy,precision,ROC_ACU_score_discretized,MCC,f1_score,cohen_kappa,PPV_score,NPV_score,FPR_score,FDR_score,PLR_score,NLR_score,DOR_score
0.9250670821255843,0.4730744925649241,15875,2529,0.14330218068535824,550,0.8566978193146417,0.8625842208215605,0.8596410200681011,0.8623858027932374,0.17862942513803182,0.8596410200681012,0.3526195084583952,0.29561945713517873,0.2540047010665345,0.17862942513803182,0.9942381161144861,0.13741577917843947,0.8213705748619682,6.234348227230788,0.16613123359580054,37.52664741176267
