ROC_AUC_score,prediction_threshold,TN,FP,FN,TP,sensitivity,specificity,BA,Accuracy,precision,ROC_ACU_score_discretized,MCC,f1_score,cohen_kappa,PPV_score,NPV_score,FPR_score,FDR_score,PLR_score,NLR_score,DOR_score
0.9285173812068717,0.44242246639752975,12435,2288,0.12475633528265107,449,0.8752436647173489,0.8445968892209468,0.8599202769691479,0.845628773956419,0.1640482279868469,0.8599202769691479,0.3382346652846262,0.27630769230769225,0.2327988977161024,0.1640482279868469,0.9948795903672294,0.1554031107790532,0.8359517720131531,5.632085872217449,0.1477110996675892,38.129063319493
