ROC_AUC_score,prediction_threshold,TN,FP,FN,TP,sensitivity,specificity,BA,Accuracy,precision,ROC_ACU_score_discretized,MCC,f1_score,cohen_kappa,PPV_score,NPV_score,FPR_score,FDR_score,PLR_score,NLR_score,DOR_score
0.9228867014552573,0.44242246639752975,15582,2822,0.13707165109034267,554,0.8629283489096573,0.8466637687459247,0.854796058827791,0.8472120130211068,0.1640995260663507,0.8547960588277911,0.3353487498798954,0.2757590841214534,0.2322719107385296,0.1640995260663507,0.9943841735800893,0.1533362312540752,0.8359004739336493,5.627687219466098,0.16189620502288968,34.76108176019585
