ROC_AUC_score,prediction_threshold,TN,FP,FN,TP,sensitivity,specificity,BA,Accuracy,precision,ROC_ACU_score_discretized,MCC,f1_score,cohen_kappa,PPV_score,NPV_score,FPR_score,FDR_score,PLR_score,NLR_score,DOR_score
0.928353603033749,0.5117030996017337,12970,1753,0.14035087719298245,441,0.8596491228070176,0.8809345921347551,0.8702918574708863,0.8802179049619323,0.20100273473108476,0.8702918574708863,0.3804876693566264,0.32582194311045437,0.2869018307170901,0.20100273473108476,0.9944793743290906,0.11906540786524486,0.7989972652689152,7.219973779285634,0.15932042906031463,45.31731317741014
