ROC_AUC_score,prediction_threshold,TN,FP,FN,TP,sensitivity,specificity,BA,Accuracy,precision,ROC_ACU_score_discretized,MCC,f1_score,cohen_kappa,PPV_score,NPV_score,FPR_score,FDR_score,PLR_score,NLR_score,DOR_score
0.9271880486498602,0.5117030996017337,16092,2312,0.14797507788161993,547,0.8520249221183801,0.8743751358400348,0.8632000289792074,0.8736217578494172,0.1913256383350822,0.8632000289792074,0.36703648358614777,0.3124821479577264,0.27242685142730994,0.1913256383350822,0.9941310928522888,0.12562486415996524,0.8086743616649178,6.782295271049597,0.1692352307564835,40.07614277909308
