ROC_AUC_score,prediction_threshold,TN,FP,FN,TP,sensitivity,specificity,BA,Accuracy,precision,ROC_ACU_score_discretized,MCC,f1_score,cohen_kappa,PPV_score,NPV_score,FPR_score,FDR_score,PLR_score,NLR_score,DOR_score
0.9372237070825387,0.4793826310213418,12828,1895,0.13060428849902533,446,0.8693957115009746,0.8712898186510901,0.8703427650760324,0.8712260435809924,0.19051687313114055,0.8703427650760324,0.37049241310392406,0.3125437981779958,0.27235124134900246,0.19051687313114055,0.9948041876696394,0.12871018134890988,0.8094831268688595,6.754677076743455,0.14989764106416828,45.0619304532745
