ROC_AUC_score,prediction_threshold,TN,FP,FN,TP,sensitivity,specificity,BA,Accuracy,precision,ROC_ACU_score_discretized,MCC,f1_score,cohen_kappa,PPV_score,NPV_score,FPR_score,FDR_score,PLR_score,NLR_score,DOR_score
0.9242644833406797,0.4793826310213418,15926,2478,0.1557632398753894,542,0.8442367601246106,0.8653553575309715,0.854796058827791,0.8646434946970493,0.17947019867549668,0.8547960588277912,0.35060359767373905,0.29601310759148003,0.2545695553577346,0.17947019867549668,0.993760139772869,0.13464464246902846,0.8205298013245033,6.270110304008607,0.1799991627945917,34.83410815173525
