{"performances": [0.928992393635137, 0.9287497435543269, 0.9283025293837652, 0.9299895695165823, 0.9307396096338261, 0.9277472356341335, 0.9306860353397371, 0.9296416328293796, 0.930957292231609, 0.9293371988075191], "mean": 0.9295143240566015, "std": 0.0010333378386002652}