ROC_AUC_score,prediction_threshold,TN,FP,FN,TP,sensitivity,specificity,BA,Accuracy,precision,ROC_ACU_score_discretized,MCC,f1_score,cohen_kappa,PPV_score,NPV_score,FPR_score,FDR_score,PLR_score,NLR_score,DOR_score
0.9288892913833484,0.5789674735021689,13301,1422,0.15984405458089668,431,0.8401559454191033,0.9034164232832982,0.8717861843512007,0.9012864268836965,0.2325957906098219,0.8717861843512007,0.4103605780318105,0.3643279797125951,0.32893633029568037,0.2325957906098219,0.9938728237315998,0.09658357671670176,0.7674042093901781,8.698745418006647,0.1769328633632465,49.16410243216354
