ROC_AUC_score,prediction_threshold,TN,FP,FN,TP,sensitivity,specificity,BA,Accuracy,precision,ROC_ACU_score_discretized,MCC,f1_score,cohen_kappa,PPV_score,NPV_score,FPR_score,FDR_score,PLR_score,NLR_score,DOR_score
0.931485079432143,0.5789674735021689,16568,1836,0.18847352024922118,521,0.8115264797507789,0.9002390784612041,0.8558827791059915,0.8972487661451224,0.22104369961815867,0.8558827791059914,0.39009074504427704,0.3474491497165722,0.31094002824713474,0.22104369961815867,0.9927497153813889,0.09976092153879591,0.7789563003818413,8.134713144517068,0.20935940769354575,38.85525486595007
