ROC_AUC_score,prediction_threshold,TN,FP,FN,TP,sensitivity,specificity,BA,Accuracy,precision,ROC_ACU_score_discretized,MCC,f1_score,cohen_kappa,PPV_score,NPV_score,FPR_score,FDR_score,PLR_score,NLR_score,DOR_score
0.9250638728255202,0.5065728571317097,12878,1845,0.16374269005847952,429,0.8362573099415205,0.8746858656523806,0.8554715877969505,0.8733919663953794,0.18865435356200527,0.8554715877969505,0.3598823018432298,0.3078579117330462,0.26761696750190045,0.18865435356200527,0.9935195185928097,0.12531413434761937,0.8113456464379947,6.673288007733877,0.18720171033786256,35.64758033294618
