ROC_AUC_score,prediction_threshold,TN,FP,FN,TP,sensitivity,specificity,BA,Accuracy,precision,ROC_ACU_score_discretized,MCC,f1_score,cohen_kappa,PPV_score,NPV_score,FPR_score,FDR_score,PLR_score,NLR_score,DOR_score
0.9299895695165823,0.5065728571317097,16173,2231,0.13239875389408098,557,0.867601246105919,0.8787763529667464,0.8731887995363328,0.8783996639714375,0.19978479196556673,0.8731887995363328,0.38106782265849937,0.32478134110787177,0.28563605991502106,0.19978479196556673,0.9947718046500185,0.12122364703325364,0.8002152080344332,7.1570297325564045,0.15066262701209832,47.50368339177897
