{"performances": [0.9253723625028014, 0.9255329161139966, 0.925683990545195, 0.9259790300225943, 0.925997142027231, 0.9253829419447621, 0.9259307877672536, 0.9254349081636729, 0.9257426429714252, 0.9252066461239296], "mean": 0.9256263368182861, "std": 0.0002677101244382988}