ROC_AUC_score,prediction_threshold,TN,FP,FN,TP,sensitivity,specificity,BA,Accuracy,precision,ROC_ACU_score_discretized,MCC,f1_score,cohen_kappa,PPV_score,NPV_score,FPR_score,FDR_score,PLR_score,NLR_score,DOR_score
0.9249243237596583,0.5748776191221441,13262,1461,0.17348927875243664,424,0.8265107212475633,0.9007675066222917,0.8636391139349275,0.8982672617484904,0.2249336870026525,0.8636391139349275,0.3984234115991668,0.3536280233527939,0.31750026111269325,0.2249336870026525,0.9933338326717099,0.09923249337770834,0.7750663129973475,8.32903309303756,0.19260161748394852,43.244876143014245
