ROC_AUC_score,prediction_threshold,TN,FP,FN,TP,sensitivity,specificity,BA,Accuracy,precision,ROC_ACU_score_discretized,MCC,f1_score,cohen_kappa,PPV_score,NPV_score,FPR_score,FDR_score,PLR_score,NLR_score,DOR_score
0.9298538141173429,0.5748776191221441,16593,1811,0.17133956386292834,532,0.8286604361370716,0.9015974788089546,0.8651289574730131,0.8991389268087787,0.22705932565087494,0.8651289574730131,0.40125135710146437,0.35644891122278055,0.3204918782068862,0.22705932565087494,0.9934143567023888,0.09840252119104542,0.7729406743491251,8.421130130682863,0.19003997669700076,44.31241403543998
