{"performances": [0.9261034442600518, 0.9265202742733023, 0.9264669538858207, 0.9260807619364883, 0.9262350525180425, 0.9257870766276599, 0.9263293365047962, 0.9260540171072114, 0.9265305151731205, 0.9262237113562608], "mean": 0.9262331143642755, "std": 0.00022494242324907378}