ROC_AUC_score,prediction_threshold,TN,FP,FN,TP,sensitivity,specificity,BA,Accuracy,precision,ROC_ACU_score_discretized,MCC,f1_score,cohen_kappa,PPV_score,NPV_score,FPR_score,FDR_score,PLR_score,NLR_score,DOR_score
0.9231338854127402,0.548285796897667,13066,1657,0.1617933723196881,430,0.8382066276803118,0.8874550023772328,0.8628308150287723,0.8857967970595957,0.2060373742213704,0.8628308150287723,0.3807004686134682,0.3307692307692307,0.2925277307223265,0.2060373742213704,0.9936877329074454,0.1125449976227671,0.7939626257786296,7.447746638103335,0.18231163482800924,40.851735245144695
