ROC_AUC_score,prediction_threshold,TN,FP,FN,TP,sensitivity,specificity,BA,Accuracy,precision,ROC_ACU_score_discretized,MCC,f1_score,cohen_kappa,PPV_score,NPV_score,FPR_score,FDR_score,PLR_score,NLR_score,DOR_score
0.9262519796251796,0.548285796897667,16355,2049,0.16043613707165108,539,0.839563862928349,0.8886655074983699,0.8641146852133594,0.8870103958836502,0.20826893353941267,0.8641146852133594,0.38354926244341336,0.33374613003095976,0.2957027601473845,0.20826893353941267,0.9937416454004132,0.11133449250163008,0.7917310664605873,7.540914267122174,0.18053602364210736,41.769582130994536
