ROC_AUC_score,prediction_threshold,TN,FP,FN,TP,sensitivity,specificity,BA,Accuracy,precision,ROC_ACU_score_discretized,MCC,f1_score,cohen_kappa,PPV_score,NPV_score,FPR_score,FDR_score,PLR_score,NLR_score,DOR_score
0.9316992058281197,0.4890337891738363,12752,1971,0.13255360623781676,445,0.8674463937621832,0.8661278272091286,0.8667871104856559,0.8661722236807561,0.18418874172185432,0.8667871104856559,0.3622500233415192,0.3038579720040969,0.2629157821919763,0.18418874172185432,0.9946957878315132,0.13387217279087144,0.8158112582781457,6.479661722658868,0.15304162050183312,42.33921270182352
