ROC_AUC_score,prediction_threshold,TN,FP,FN,TP,sensitivity,specificity,BA,Accuracy,precision,ROC_ACU_score_discretized,MCC,f1_score,cohen_kappa,PPV_score,NPV_score,FPR_score,FDR_score,PLR_score,NLR_score,DOR_score
0.9289995876556703,0.4890337891738363,15820,2584,0.14953271028037382,546,0.8504672897196262,0.8595957400565094,0.8550315148880678,0.8592880394833561,0.1744408945686901,0.8550315148880678,0.34580509959194,0.2895015906680806,0.24740004038772223,0.1744408945686901,0.9939683337521991,0.14040425994349054,0.82555910543131,6.057275541795663,0.17395701643489256,34.8205301857585
