{"performances": [0.9250547253373742, 0.9240830247521702, 0.9242644833406797, 0.9248868084345743, 0.9245076412347037, 0.9243706163024292, 0.9261935811055567, 0.9289523610267576, 0.923567678975382, 0.9249695819884746], "mean": 0.9250850502498104, "std": 0.0014512788640117064}