{"performances": [0.9245183899477357, 0.925858593655314, 0.9253003376619331, 0.9235069952962955, 0.9256486975268143, 0.9245955775562811, 0.9241219570985856, 0.9235974706839433, 0.9246836831489295, 0.9239475232595379], "mean": 0.9245779225835369, "std": 0.0007769865547004026}