ROC_AUC_score,prediction_threshold,TN,FP,FN,TP,sensitivity,specificity,BA,Accuracy,precision,ROC_ACU_score_discretized,MCC,f1_score,cohen_kappa,PPV_score,NPV_score,FPR_score,FDR_score,PLR_score,NLR_score,DOR_score
0.9219568539179458,0.5320286936032852,13042,1681,0.16374269005847952,429,0.8362573099415205,0.8858248998166135,0.8610411048790669,0.8841559464426358,0.2033175355450237,0.8610411048790669,0.3770822208493677,0.3271063667556234,0.288567938849871,0.2033175355450237,0.9936004875818986,0.11417510018338654,0.7966824644549763,7.324340496293284,0.18484769404470128,39.62365088807684
