ROC_AUC_score,prediction_threshold,TN,FP,FN,TP,sensitivity,specificity,BA,Accuracy,precision,ROC_ACU_score_discretized,MCC,f1_score,cohen_kappa,PPV_score,NPV_score,FPR_score,FDR_score,PLR_score,NLR_score,DOR_score
0.9276767342329075,0.5320286936032852,16222,2182,0.17289719626168223,531,0.8271028037383178,0.8814388176483373,0.8542708106933276,0.8796072666176625,0.19572429045337264,0.8542708106933276,0.36587363503341414,0.31654247391952306,0.2771352770113029,0.19572429045337264,0.9932039429376109,0.11856118235166269,0.8042757095466273,6.976168652612283,0.19615337196399946,35.56486734213591
