ROC_AUC_score,prediction_threshold,TN,FP,FN,TP,sensitivity,specificity,BA,Accuracy,precision,ROC_ACU_score_discretized,MCC,f1_score,cohen_kappa,PPV_score,NPV_score,FPR_score,FDR_score,PLR_score,NLR_score,DOR_score
0.9322012647064393,0.6238166432135422,13504,1219,0.16569200779727095,428,0.834307992202729,0.9172043741085376,0.8757561831556333,0.9144132318193752,0.25986642380085,0.8757561831556333,0.43656852463872986,0.3962962962962963,0.36362000462653055,0.25986642380085,0.9937449407609096,0.08279562589146233,0.74013357619915,10.076715807383733,0.18064895074046364,55.78064951985711
