ROC_AUC_score,prediction_threshold,TN,FP,FN,TP,sensitivity,specificity,BA,Accuracy,precision,ROC_ACU_score_discretized,MCC,f1_score,cohen_kappa,PPV_score,NPV_score,FPR_score,FDR_score,PLR_score,NLR_score,DOR_score
0.9243893207558158,0.6238166432135422,16764,1640,0.20093457943925233,513,0.7990654205607477,0.9108889371875679,0.8549771788741578,0.9071196051664392,0.23827217835578263,0.8549771788741578,0.404649166019183,0.36708407871198573,0.33241603310761236,0.23827217835578263,0.9923637009412183,0.08911106281243208,0.7617278216442174,8.967073170731707,0.22059174421379144,40.65008508224617
