ROC_AUC_score,prediction_threshold,TN,FP,FN,TP,sensitivity,specificity,BA,Accuracy,precision,ROC_ACU_score_discretized,MCC,f1_score,cohen_kappa,PPV_score,NPV_score,FPR_score,FDR_score,PLR_score,NLR_score,DOR_score
0.9352054092077757,0.5351096807159904,13081,1642,0.14230019493177387,440,0.8576998050682261,0.88847381647762,0.873086810772923,0.8874376476765555,0.21133525456292027,0.873086810772923,0.3918568555864283,0.33911368015414256,0.30136791011047537,0.21133525456292027,0.9944503573057625,0.11152618352237995,0.7886647454370798,7.690568958598958,0.16016250821653602,48.017285969332384
