ROC_AUC_score,prediction_threshold,TN,FP,FN,TP,sensitivity,specificity,BA,Accuracy,precision,ROC_ACU_score_discretized,MCC,f1_score,cohen_kappa,PPV_score,NPV_score,FPR_score,FDR_score,PLR_score,NLR_score,DOR_score
0.9264840502640292,0.5351096807159904,16293,2111,0.1557632398753894,542,0.8442367601246106,0.8852966746359487,0.8647667173802797,0.8839126325737687,0.20429702223897475,0.8647667173802797,0.3802515407410117,0.3289833080424886,0.29046971734748706,0.20429702223897475,0.9938998352955529,0.1147033253640513,0.7957029777610253,7.360176851413234,0.17594467971930688,41.832335386072955
