ROC_AUC_score,prediction_threshold,TN,FP,FN,TP,sensitivity,specificity,BA,Accuracy,precision,ROC_ACU_score_discretized,MCC,f1_score,cohen_kappa,PPV_score,NPV_score,FPR_score,FDR_score,PLR_score,NLR_score,DOR_score
0.9271637287881118,0.4483293114709228,12477,2246,0.13060428849902533,446,0.8693957115009746,0.8474495687020308,0.8584226401015027,0.8481885009188763,0.16567607726597325,0.8584226401015026,0.3390210918977105,0.2783151326053042,0.23504805403536067,0.16567607726597325,0.9946588010204082,0.15255043129796916,0.8343239227340268,5.699070819425132,0.1541145258933358,36.9794526920163
