ROC_AUC_score,prediction_threshold,TN,FP,FN,TP,sensitivity,specificity,BA,Accuracy,precision,ROC_ACU_score_discretized,MCC,f1_score,cohen_kappa,PPV_score,NPV_score,FPR_score,FDR_score,PLR_score,NLR_score,DOR_score
0.9278589545412381,0.4483293114709228,15669,2735,0.11526479750778816,568,0.8847352024922118,0.8513910019560965,0.8680631022241542,0.8525149637719206,0.1719648804117469,0.8680631022241543,0.350895557337603,0.2879594423320659,0.24536429138481142,0.1719648804117469,0.9952994981896716,0.1486089980439035,0.8280351195882532,5.953443022547228,0.13538409173101879,43.97446514155838
