ROC_AUC_score,prediction_threshold,TN,FP,FN,TP,sensitivity,specificity,BA,Accuracy,precision,ROC_ACU_score_discretized,MCC,f1_score,cohen_kappa,PPV_score,NPV_score,FPR_score,FDR_score,PLR_score,NLR_score,DOR_score
0.9338495059976308,0.5024306371651442,12897,1826,0.11500974658869395,454,0.884990253411306,0.875976363512871,0.8804833084620884,0.8762798634812287,0.19912280701754387,0.8804833084620884,0.38478625523821225,0.3250984604368063,0.28583975459026734,0.19912280701754387,0.9954461253473295,0.12402363648712898,0.8008771929824562,7.135657996152605,0.13129320764715374,54.34902630553026
