ROC_AUC_score,prediction_threshold,TN,FP,FN,TP,sensitivity,specificity,BA,Accuracy,precision,ROC_ACU_score_discretized,MCC,f1_score,cohen_kappa,PPV_score,NPV_score,FPR_score,FDR_score,PLR_score,NLR_score,DOR_score
0.9362011407516044,0.5024306371651442,16089,2315,0.14485981308411214,549,0.8551401869158879,0.8742121277983047,0.8646761573570962,0.8735692533865379,0.19168994413407822,0.8646761573570964,0.3682632543330958,0.3131774101540217,0.27314905884347973,0.19168994413407822,0.9942528735632183,0.1257878722016953,0.8083100558659218,6.798272138228941,0.16570327552986508,41.02678185745141
