ROC_AUC_score,prediction_threshold,TN,FP,FN,TP,sensitivity,specificity,BA,Accuracy,precision,ROC_ACU_score_discretized,MCC,f1_score,cohen_kappa,PPV_score,NPV_score,FPR_score,FDR_score,PLR_score,NLR_score,DOR_score
0.9244122025198537,0.5334613923296134,13075,1648,0.16374269005847952,429,0.8362573099415205,0.8880662908374652,0.8621618003894929,0.8863218692570228,0.2065479056331247,0.8621618003894929,0.38076742148511344,0.33127413127413124,0.2930998189724908,0.2065479056331247,0.9936165362109582,0.11193370916253481,0.7934520943668752,7.471005081473915,0.18438115684367065,40.51935246185855
