ROC_AUC_score,prediction_threshold,TN,FP,FN,TP,sensitivity,specificity,BA,Accuracy,precision,ROC_ACU_score_discretized,MCC,f1_score,cohen_kappa,PPV_score,NPV_score,FPR_score,FDR_score,PLR_score,NLR_score,DOR_score
0.9261139390664768,0.5334613923296134,16252,2152,0.1588785046728972,540,0.8411214953271028,0.8830688980656379,0.8620951966963704,0.881654940669957,0.20059435364041606,0.8620951966963704,0.37516892711796496,0.3239352129574085,0.28501571777855395,0.20059435364041606,0.9937629937629938,0.1169311019343621,0.799405646359584,7.193308550185875,0.17991631799163182,39.98141263940521
