ROC_AUC_score,prediction_threshold,TN,FP,FN,TP,sensitivity,specificity,BA,Accuracy,precision,ROC_ACU_score_discretized,MCC,f1_score,cohen_kappa,PPV_score,NPV_score,FPR_score,FDR_score,PLR_score,NLR_score,DOR_score
0.9320071670493674,0.5264724951514456,13050,1673,0.14230019493177387,440,0.8576998050682261,0.88636826733682,0.872034036202523,0.8854029929115254,0.20823473734027448,0.8720340362025231,0.3883320140685899,0.3351104341203351,0.2970192378279699,0.20823473734027448,0.9944372475805837,0.11363173266318005,0.7917652626597255,7.548065887638669,0.16054297087973238,47.01586027888542
