ROC_AUC_score,prediction_threshold,TN,FP,FN,TP,sensitivity,specificity,BA,Accuracy,precision,ROC_ACU_score_discretized,MCC,f1_score,cohen_kappa,PPV_score,NPV_score,FPR_score,FDR_score,PLR_score,NLR_score,DOR_score
0.9310073964687346,0.5264724951514456,16360,2044,0.14330218068535824,550,0.8566978193146417,0.8889371875679201,0.8728175034412808,0.8878504672897196,0.21202775636083268,0.8728175034412808,0.3923336689108245,0.3399258343634116,0.3022170019086772,0.21202775636083268,0.9944079747143204,0.11106281243207998,0.7879722436391673,7.713633398564908,0.16120619396903016,47.849485237811635
