ROC_AUC_score,prediction_threshold,TN,FP,FN,TP,sensitivity,specificity,BA,Accuracy,precision,ROC_ACU_score_discretized,MCC,f1_score,cohen_kappa,PPV_score,NPV_score,FPR_score,FDR_score,PLR_score,NLR_score,DOR_score
0.9293044961941104,0.4187939888735641,12424,2299,0.1111111111111111,456,0.8888888888888888,0.8438497588806629,0.8663693238847758,0.8453662378577055,0.16551724137931034,0.8663693238847758,0.34341593572141293,0.2790697674418605,0.2356795918152682,0.16551724137931034,0.9954330582485378,0.1561502411193371,0.8344827586206897,5.692523319317578,0.13167167489446954,43.232709873858184
