ROC_AUC_score,prediction_threshold,TN,FP,FN,TP,sensitivity,specificity,BA,Accuracy,precision,ROC_ACU_score_discretized,MCC,f1_score,cohen_kappa,PPV_score,NPV_score,FPR_score,FDR_score,PLR_score,NLR_score,DOR_score
0.927099858421676,0.4187939888735641,15542,2862,0.1277258566978193,560,0.8722741433021807,0.844490328189524,0.8583822357458524,0.8454268612832091,0.1636469900642899,0.8583822357458523,0.33694885018608617,0.2755905511811024,0.2319939970219601,0.1636469900642899,0.9947516641065028,0.15550967181047598,0.8363530099357102,5.609131143722337,0.15124608587483382,37.08612432036268
