ROC_AUC_score,prediction_threshold,TN,FP,FN,TP,sensitivity,specificity,BA,Accuracy,precision,ROC_ACU_score_discretized,MCC,f1_score,cohen_kappa,PPV_score,NPV_score,FPR_score,FDR_score,PLR_score,NLR_score,DOR_score
0.9314575767529792,0.5631207036235893,13210,1513,0.1617933723196881,430,0.8382066276803118,0.8972356177409495,0.8677211227106307,0.8952480966132843,0.2213072568193515,0.8677211227106306,0.39770175640613065,0.3501628664495114,0.3135948531503526,0.2213072568193515,0.9937561122395245,0.10276438225905046,0.7786927431806485,8.156587031947936,0.1803242861970302,45.232881293846866
