ROC_AUC_score,prediction_threshold,TN,FP,FN,TP,sensitivity,specificity,BA,Accuracy,precision,ROC_ACU_score_discretized,MCC,f1_score,cohen_kappa,PPV_score,NPV_score,FPR_score,FDR_score,PLR_score,NLR_score,DOR_score
0.9357513028794363,0.5631207036235893,16528,1876,0.16510903426791276,536,0.8348909657320872,0.8980656379048033,0.8664783018184452,0.8959361545731387,0.2222222222222222,0.8664783018184453,0.3977543042714772,0.3510150622134905,0.3145173199033162,0.2222222222222222,0.9936275099194422,0.1019343620951967,0.7777777777777778,8.190476190476192,0.18384962891255247,44.54986522911051
