ROC_AUC_score,prediction_threshold,TN,FP,FN,TP,sensitivity,specificity,BA,Accuracy,precision,ROC_ACU_score_discretized,MCC,f1_score,cohen_kappa,PPV_score,NPV_score,FPR_score,FDR_score,PLR_score,NLR_score,DOR_score
0.9311516015241301,0.4794141442347593,12786,1937,0.12475633528265107,449,0.8752436647173489,0.8684371391700061,0.8718404019436775,0.868666316618535,0.1881810561609388,0.8718404019436775,0.36911069288335685,0.30976198689203177,0.2692614638798837,0.1881810561609388,0.9950194552529182,0.13156286082999388,0.8118189438390612,6.652665191344102,0.14365614925437759,46.30964442436757
