ROC_AUC_score,prediction_threshold,TN,FP,FN,TP,sensitivity,specificity,BA,Accuracy,precision,ROC_ACU_score_discretized,MCC,f1_score,cohen_kappa,PPV_score,NPV_score,FPR_score,FDR_score,PLR_score,NLR_score,DOR_score
0.933026800350188,0.4794141442347593,15939,2465,0.13239875389408098,557,0.867601246105919,0.8660617257118017,0.8668314859088604,0.8661136196576709,0.1843150231634679,0.8668314859088604,0.3623994491267286,0.30403930131004364,0.2630632151809953,0.1843150231634679,0.9946954568147778,0.1339382742881982,0.8156849768365321,6.477620013522649,0.1528745007005876,42.37214174919461
