ROC_AUC_score,prediction_threshold,TN,FP,FN,TP,sensitivity,specificity,BA,Accuracy,precision,ROC_ACU_score_discretized,MCC,f1_score,cohen_kappa,PPV_score,NPV_score,FPR_score,FDR_score,PLR_score,NLR_score,DOR_score
0.9284807065472477,0.5111916788083657,12860,1863,0.14230019493177387,440,0.8576998050682261,0.873463288731916,0.865581546900071,0.8729325282226306,0.1910551454624403,0.865581546900071,0.36819212262906525,0.3125,0.2724306712560487,0.1910551454624403,0.9943555246269233,0.12653671126808394,0.8089448545375597,6.778268507793608,0.1629149121291219,41.60618828079616
