ROC_AUC_score,prediction_threshold,TN,FP,FN,TP,sensitivity,specificity,BA,Accuracy,precision,ROC_ACU_score_discretized,MCC,f1_score,cohen_kappa,PPV_score,NPV_score,FPR_score,FDR_score,PLR_score,NLR_score,DOR_score
0.9287070872443416,0.5111916788083657,16112,2292,0.1557632398753894,542,0.8442367601246106,0.8754618561182351,0.8598493081214229,0.8744093247926074,0.19124911785462245,0.8598493081214228,0.3649690805998887,0.31185270425776757,0.27182925160760707,0.19124911785462245,0.9938317295830249,0.12453814388176483,0.8087508821453776,6.778941244909829,0.17792121813968886,38.1008027923211
