ROC_AUC_score,prediction_threshold,TN,FP,FN,TP,sensitivity,specificity,BA,Accuracy,precision,ROC_ACU_score_discretized,MCC,f1_score,cohen_kappa,PPV_score,NPV_score,FPR_score,FDR_score,PLR_score,NLR_score,DOR_score
0.9364824023199568,0.4555756994406756,12457,2266,0.0935672514619883,465,0.9064327485380117,0.8460911499015147,0.8762619492197632,0.8481228668941979,0.17026730135481508,0.8762619492197632,0.35389500849381517,0.2866831072749692,0.24381384886419488,0.17026730135481508,0.9961615353858456,0.15390885009848537,0.829732698645185,5.889412778784267,0.11058767305730542,53.25559907325686
