ROC_AUC_score,prediction_threshold,TN,FP,FN,TP,sensitivity,specificity,BA,Accuracy,precision,ROC_ACU_score_discretized,MCC,f1_score,cohen_kappa,PPV_score,NPV_score,FPR_score,FDR_score,PLR_score,NLR_score,DOR_score
0.9128079633236985,0.4555756994406756,15542,2862,0.1542056074766355,543,0.8457943925233645,0.844490328189524,0.8451423603564443,0.8445342854142602,0.15947136563876652,0.8451423603564443,0.3251330145206135,0.2683469236471461,0.22435121985677842,0.15947136563876652,0.9936704814270187,0.15550967181047598,0.8405286343612335,5.438853948287909,0.18260198172693343,29.785295301018568
