ROC_AUC_score,prediction_threshold,TN,FP,FN,TP,sensitivity,specificity,BA,Accuracy,precision,ROC_ACU_score_discretized,MCC,f1_score,cohen_kappa,PPV_score,NPV_score,FPR_score,FDR_score,PLR_score,NLR_score,DOR_score
0.9303712389110458,0.47812247712051087,12644,2079,0.13060428849902533,446,0.8693957115009746,0.8587923656863411,0.8640940385936579,0.859149383040168,0.17663366336633662,0.8640940385936577,0.35324811402688366,0.29361421988150094,0.2517342994437197,0.17663366336633662,0.9947289749036268,0.1412076343136589,0.8233663366336633,6.156860538926815,0.15207900502777214,40.48461875327545
