ROC_AUC_score,prediction_threshold,TN,FP,FN,TP,sensitivity,specificity,BA,Accuracy,precision,ROC_ACU_score_discretized,MCC,f1_score,cohen_kappa,PPV_score,NPV_score,FPR_score,FDR_score,PLR_score,NLR_score,DOR_score
0.9197179469991965,0.47812247712051087,15751,2653,0.14174454828660435,551,0.8582554517133957,0.8558465550967181,0.8570510034050569,0.855927753859078,0.1719725343320849,0.857051003405057,0.34453442475882823,0.2865314612584503,0.24407713498622585,0.1719725343320849,0.9942557757858856,0.14415344490328189,0.8280274656679151,5.953763035557233,0.1656191141303197,35.94852603107412
