ROC_AUC_score,prediction_threshold,TN,FP,FN,TP,sensitivity,specificity,BA,Accuracy,precision,ROC_ACU_score_discretized,MCC,f1_score,cohen_kappa,PPV_score,NPV_score,FPR_score,FDR_score,PLR_score,NLR_score,DOR_score
0.9326947176176988,0.556886814279397,13211,1512,0.15204678362573099,435,0.847953216374269,0.8973035386809753,0.8726283775276222,0.8956419007613546,0.22342064714946072,0.8726283775276222,0.40265549785621646,0.3536585365853659,0.3172707400948591,0.22342064714946072,0.9941304838588306,0.10269646131902466,0.7765793528505393,8.256888362882515,0.16944855009625595,48.72799654049654
