ROC_AUC_score,prediction_threshold,TN,FP,FN,TP,sensitivity,specificity,BA,Accuracy,precision,ROC_ACU_score_discretized,MCC,f1_score,cohen_kappa,PPV_score,NPV_score,FPR_score,FDR_score,PLR_score,NLR_score,DOR_score
0.9351902539133781,0.556886814279397,16436,1968,0.16510903426791276,536,0.8348909657320872,0.8930667246250815,0.8639788451785844,0.891105743988239,0.21405750798722045,0.8639788451785845,0.38879314066700343,0.34075015893197713,0.30337019285202094,0.21405750798722045,0.9935920686736791,0.1069332753749185,0.7859424920127795,7.807588075880759,0.18487872150563806,42.23086362939101
