ROC_AUC_score,prediction_threshold,TN,FP,FN,TP,sensitivity,specificity,BA,Accuracy,precision,ROC_ACU_score_discretized,MCC,f1_score,cohen_kappa,PPV_score,NPV_score,FPR_score,FDR_score,PLR_score,NLR_score,DOR_score
0.9252937183457635,0.49505517410366856,12750,1973,0.13450292397660818,444,0.8654970760233918,0.865991985329077,0.8657445306762344,0.865975321606721,0.18369880016549442,0.8657445306762344,0.36115969344662846,0.3030716723549488,0.2620800928085384,0.18369880016549442,0.9946173648490522,0.13400801467092305,0.8163011998345056,6.458547111146679,0.15531659213392965,41.58311113069921
