ROC_AUC_score,prediction_threshold,TN,FP,FN,TP,sensitivity,specificity,BA,Accuracy,precision,ROC_ACU_score_discretized,MCC,f1_score,cohen_kappa,PPV_score,NPV_score,FPR_score,FDR_score,PLR_score,NLR_score,DOR_score
0.9242562736937182,0.49505517410366856,15924,2480,0.13551401869158877,555,0.8644859813084113,0.8652466855031515,0.8648663334057813,0.865221043788722,0.1828665568369028,0.8648663334057813,0.35983121722166483,0.3018765297797117,0.26074041476428844,0.1828665568369028,0.9945662357129473,0.13475331449684852,0.8171334431630972,6.415322580645164,0.1566189399648329,40.96134593993329
