ROC_AUC_score,prediction_threshold,TN,FP,FN,TP,sensitivity,specificity,BA,Accuracy,precision,ROC_ACU_score_discretized,MCC,f1_score,cohen_kappa,PPV_score,NPV_score,FPR_score,FDR_score,PLR_score,NLR_score,DOR_score
0.9268291552687251,0.4544499951201728,12628,2095,0.1267056530214425,448,0.8732943469785575,0.8577056306459281,0.8654999888122428,0.8582305066946705,0.17616987809673615,0.8654999888122428,0.3536053947359355,0.2931937172774869,0.25123574305827234,0.17616987809673615,0.994879067202395,0.14229436935407186,0.8238301219032639,6.137237551582481,0.14772626935656466,41.54465944556634
