ROC_AUC_score,prediction_threshold,TN,FP,FN,TP,sensitivity,specificity,BA,Accuracy,precision,ROC_ACU_score_discretized,MCC,f1_score,cohen_kappa,PPV_score,NPV_score,FPR_score,FDR_score,PLR_score,NLR_score,DOR_score
0.9267010557775263,0.4544499951201728,15716,2688,0.13239875389408098,557,0.867601246105919,0.8539447946098674,0.8607730203578932,0.854405124435577,0.1716486902927581,0.8607730203578932,0.3463682195431713,0.28659634679701573,0.24405080971473903,0.1716486902927581,0.9946205936333143,0.1460552053901326,0.8283513097072419,5.940228174603173,0.15504369220327474,38.31325280112045
