ROC_AUC_score,prediction_threshold,TN,FP,FN,TP,sensitivity,specificity,BA,Accuracy,precision,ROC_ACU_score_discretized,MCC,f1_score,cohen_kappa,PPV_score,NPV_score,FPR_score,FDR_score,PLR_score,NLR_score,DOR_score
0.924587706451462,0.5262469144744415,16086,2318,0.16355140186915887,537,0.8364485981308412,0.8740491197565746,0.855248858943708,0.8727816864433476,0.18809106830122593,0.855248858943708,0.35920834787521067,0.30712038890477555,0.2667636848315047,0.18809106830122593,0.993514915693904,0.12595088024342535,0.8119089316987741,6.641069887834338,0.18711923411662312,35.49111302847282
