ROC_AUC_score,prediction_threshold,TN,FP,FN,TP,sensitivity,specificity,BA,Accuracy,precision,ROC_ACU_score_discretized,MCC,f1_score,cohen_kappa,PPV_score,NPV_score,FPR_score,FDR_score,PLR_score,NLR_score,DOR_score
0.9212990932355907,0.5089969439524583,12849,1874,0.14814814814814814,437,0.8518518518518519,0.8727161583916322,0.862284005121742,0.8720136518771331,0.1890956295975768,0.862284005121742,0.3643516544817697,0.3094900849858357,0.2692184537061739,0.1890956295975768,0.9941199226305609,0.12728384160836786,0.8109043704024232,6.692537254436937,0.16975524828276012,39.42462646744933
