ROC_AUC_score,prediction_threshold,TN,FP,FN,TP,sensitivity,specificity,BA,Accuracy,precision,ROC_ACU_score_discretized,MCC,f1_score,cohen_kappa,PPV_score,NPV_score,FPR_score,FDR_score,PLR_score,NLR_score,DOR_score
0.9131614859562561,0.5089969439524583,16029,2375,0.1791277258566978,527,0.8208722741433022,0.8709519669637036,0.845912120553503,0.8692638874304316,0.18159889731219847,0.845912120553503,0.34742824552374085,0.29740406320541757,0.2563522637280037,0.18159889731219847,0.992876610505451,0.12904803303629644,0.8184011026878015,6.360982456140353,0.2056688918002786,30.92826727688789
