ROC_AUC_score,prediction_threshold,TN,FP,FN,TP,sensitivity,specificity,BA,Accuracy,precision,ROC_ACU_score_discretized,MCC,f1_score,cohen_kappa,PPV_score,NPV_score,FPR_score,FDR_score,PLR_score,NLR_score,DOR_score
0.9259479042418016,0.46540554951554636,12600,2123,0.13840155945419103,442,0.8615984405458089,0.8558038443252055,0.8587011424355072,0.8559989498556051,0.1723196881091618,0.8587011424355072,0.3458362106460166,0.28719948018193625,0.24482103331145144,0.1723196881091618,0.9943966537763397,0.14419615567479455,0.8276803118908382,5.975183155984903,0.16172112379714723,36.94745012704583
