ROC_AUC_score,prediction_threshold,TN,FP,FN,TP,sensitivity,specificity,BA,Accuracy,precision,ROC_ACU_score_discretized,MCC,f1_score,cohen_kappa,PPV_score,NPV_score,FPR_score,FDR_score,PLR_score,NLR_score,DOR_score
0.9280334730158215,0.46540554951554636,15752,2652,0.1308411214953271,558,0.8691588785046729,0.8559008911106282,0.8625298848076506,0.8563477895621128,0.17383177570093458,0.8625298848076505,0.34956035545151853,0.2897196261682243,0.2474410324877614,0.17383177570093458,0.9946956302096489,0.14409910888937189,0.8261682242990654,6.031674208144798,0.15286947689182326,39.45636716224953
