ROC_AUC_score,prediction_threshold,TN,FP,FN,TP,sensitivity,specificity,BA,Accuracy,precision,ROC_ACU_score_discretized,MCC,f1_score,cohen_kappa,PPV_score,NPV_score,FPR_score,FDR_score,PLR_score,NLR_score,DOR_score
0.9181029694690739,0.491047697068268,12642,2081,0.15789473684210525,432,0.8421052631578947,0.8586565238062894,0.850380893482092,0.8580992386453137,0.17190608834062873,0.8503808934820922,0.3405934111049913,0.28552544613350955,0.24320211199803854,0.17190608834062873,0.9936335769865597,0.14134347619371052,0.8280939116593713,5.957864387060874,0.18388579421976875,32.39980778471886
