ROC_AUC_score,prediction_threshold,TN,FP,FN,TP,sensitivity,specificity,BA,Accuracy,precision,ROC_ACU_score_discretized,MCC,f1_score,cohen_kappa,PPV_score,NPV_score,FPR_score,FDR_score,PLR_score,NLR_score,DOR_score
0.9253292830151376,0.491047697068268,15911,2493,0.13395638629283488,556,0.8660436137071651,0.8645403173223213,0.8652919655147432,0.8645909902341699,0.18235487044932766,0.8652919655147431,0.3595801899941937,0.30127336765104307,0.2600667300656019,0.18235487044932766,0.9946239919984997,0.13545968267767877,0.8176451295506724,6.393368097339219,0.15494521609787779,41.262119982462536
