{"performances": [0.9358866351009973, 0.9386576025393369, 0.9348974995954423, 0.9345429613364559, 0.9345256956871764, 0.9348988537640132, 0.9337484029274417, 0.9338039238388512, 0.9352318945969351, 0.9351046027512643], "mean": 0.9351298072137915, "std": 0.0013233319719802928}