ROC_AUC_score,prediction_threshold,TN,FP,FN,TP,sensitivity,specificity,BA,Accuracy,precision,ROC_ACU_score_discretized,MCC,f1_score,cohen_kappa,PPV_score,NPV_score,FPR_score,FDR_score,PLR_score,NLR_score,DOR_score
0.9430273064686818,0.4807159709975072,12763,1960,0.10916179337231968,457,0.8908382066276803,0.8668749575494125,0.8788565820885463,0.8676818062483591,0.18907736863880845,0.8788565820885464,0.3741073770654959,0.3119453924914675,0.27147574294907617,0.18907736863880845,0.9956314845151728,0.1331250424505875,0.8109226313611916,6.691740263356803,0.12592565100843553,53.14040634110786
