ROC_AUC_score,prediction_threshold,TN,FP,FN,TP,sensitivity,specificity,BA,Accuracy,precision,ROC_ACU_score_discretized,MCC,f1_score,cohen_kappa,PPV_score,NPV_score,FPR_score,FDR_score,PLR_score,NLR_score,DOR_score
0.9269866160749289,0.4807159709975072,15935,2469,0.14485981308411214,549,0.8551401869158879,0.8658443816561617,0.8604922842860248,0.8654835661031187,0.18190854870775347,0.8604922842860249,0.35632829617929945,0.3,0.25879622405991576,0.18190854870775347,0.9941976541053157,0.1341556183438383,0.8180914512922465,6.374240583232079,0.16730467524317535,38.09959628424726
