ROC_AUC_score,prediction_threshold,TN,FP,FN,TP,sensitivity,specificity,BA,Accuracy,precision,ROC_ACU_score_discretized,MCC,f1_score,cohen_kappa,PPV_score,NPV_score,FPR_score,FDR_score,PLR_score,NLR_score,DOR_score
0.9216473039027797,0.46468504120290965,12739,1984,0.15009746588693956,436,0.8499025341130604,0.865244854988793,0.8575736945509267,0.8647282751378315,0.18016528925619835,0.8575736945509267,0.3529136559632552,0.2973065121036481,0.2559663397076334,0.18016528925619835,0.9939918851435705,0.13475514501120694,0.8198347107438017,6.30701361378356,0.17347397678415982,36.3571166736489
