ROC_AUC_score,prediction_threshold,TN,FP,FN,TP,sensitivity,specificity,BA,Accuracy,precision,ROC_ACU_score_discretized,MCC,f1_score,cohen_kappa,PPV_score,NPV_score,FPR_score,FDR_score,PLR_score,NLR_score,DOR_score
0.9289929860838867,0.46468504120290965,15814,2590,0.11838006230529595,566,0.881619937694704,0.8592697239730493,0.8704448308338767,0.8600231019636669,0.17934093789607097,0.8704448308338767,0.35962238353606063,0.29805160610847814,0.2563948277266943,0.17934093789607097,0.9952171176840781,0.14073027602695065,0.820659062103929,6.264607464607465,0.13776822225032673,45.47207884576306
