ROC_AUC_score,prediction_threshold,TN,FP,FN,TP,sensitivity,specificity,BA,Accuracy,precision,ROC_ACU_score_discretized,MCC,f1_score,cohen_kappa,PPV_score,NPV_score,FPR_score,FDR_score,PLR_score,NLR_score,DOR_score
0.9314015717673438,0.43593349529053904,12449,2274,0.1111111111111111,456,0.8888888888888888,0.8455477823813081,0.8672183356350984,0.8470070884746652,0.16703296703296702,0.8672183356350984,0.345438434229349,0.2812210915818686,0.23802622683062347,0.16703296703296702,0.99544218774988,0.15445221761869185,0.832967032967033,5.75510602951236,0.13140725270213588,43.79595426561123
