ROC_AUC_score,prediction_threshold,TN,FP,FN,TP,sensitivity,specificity,BA,Accuracy,precision,ROC_ACU_score_discretized,MCC,f1_score,cohen_kappa,PPV_score,NPV_score,FPR_score,FDR_score,PLR_score,NLR_score,DOR_score
0.9358001375835269,0.43593349529053904,15543,2861,0.09501557632398754,581,0.9049844236760125,0.844544664203434,0.8747645439397232,0.8465819594665547,0.16879721092388147,0.8747645439397231,0.3515513048296226,0.28452497551420175,0.2414241710031969,0.16879721092388147,0.9960907459625737,0.15545533579656595,0.8312027890761186,5.821507631364324,0.1125050933968131,51.74439179239176
