ROC_AUC_score,prediction_threshold,TN,FP,FN,TP,sensitivity,specificity,BA,Accuracy,precision,ROC_ACU_score_discretized,MCC,f1_score,cohen_kappa,PPV_score,NPV_score,FPR_score,FDR_score,PLR_score,NLR_score,DOR_score
0.9224350808874845,0.4390009553616247,12350,2373,0.11306042884990253,455,0.8869395711500975,0.838823609318753,0.8628815902344252,0.840443686006826,0.1608910891089109,0.8628815902344252,0.33671400105961624,0.27237354085603116,0.22839139778244,0.1608910891089109,0.9953255963894262,0.16117639068124703,0.8391089108910891,5.502912476208549,0.13478450963215505,40.827484487844586
