ROC_AUC_score,prediction_threshold,TN,FP,FN,TP,sensitivity,specificity,BA,Accuracy,precision,ROC_ACU_score_discretized,MCC,f1_score,cohen_kappa,PPV_score,NPV_score,FPR_score,FDR_score,PLR_score,NLR_score,DOR_score
0.9260540171072114,0.4390009553616247,15408,2996,0.10747663551401869,573,0.8925233644859814,0.8372093023255814,0.8648663334057813,0.8390738212748083,0.1605491734379378,0.8648663334057813,0.33749764685448186,0.2721443837568273,0.22803616656997716,0.1605491734379378,0.9955417716611746,0.16279069767441862,0.8394508265620622,5.4826435246996015,0.12837487019730004,42.708074534161526
