ROC_AUC_score,prediction_threshold,TN,FP,FN,TP,sensitivity,specificity,BA,Accuracy,precision,ROC_ACU_score_discretized,MCC,f1_score,cohen_kappa,PPV_score,NPV_score,FPR_score,FDR_score,PLR_score,NLR_score,DOR_score
0.9351095519746788,0.5330272070088332,13054,1669,0.14035087719298245,441,0.8596491228070176,0.8866399510969232,0.8731445369519704,0.8857311630349173,0.20900473933649288,0.8731445369519704,0.38972341040998193,0.33625619519634004,0.2982418025708926,0.20900473933649288,0.9945147036416273,0.11336004890307681,0.7909952606635071,7.583351728632546,0.158295232489067,47.906381066506896
