ROC_AUC_score,prediction_threshold,TN,FP,FN,TP,sensitivity,specificity,BA,Accuracy,precision,ROC_ACU_score_discretized,MCC,f1_score,cohen_kappa,PPV_score,NPV_score,FPR_score,FDR_score,PLR_score,NLR_score,DOR_score
0.922142924367654,0.5330272070088332,16260,2144,0.17133956386292834,532,0.8286604361370716,0.883503586176918,0.8560820111569949,0.881654940669957,0.19880418535127056,0.8560820111569948,0.36985906030493787,0.3206751054852321,0.2816154931494095,0.19880418535127056,0.9932803909590715,0.11649641382308194,0.8011958146487295,7.1131840796019885,0.19393193931939323,36.67876526458615
