ROC_AUC_score,prediction_threshold,TN,FP,FN,TP,sensitivity,specificity,BA,Accuracy,precision,ROC_ACU_score_discretized,MCC,f1_score,cohen_kappa,PPV_score,NPV_score,FPR_score,FDR_score,PLR_score,NLR_score,DOR_score
0.9296940155031864,0.5032621256563344,12897,1826,0.14035087719298245,441,0.8596491228070176,0.875976363512871,0.8678127431599443,0.8754266211604096,0.1945302161446846,0.8678127431599443,0.37285038915065594,0.3172661870503597,0.277596095222055,0.1945302161446846,0.9944482997918113,0.12402363648712898,0.8054697838553154,6.9313329874522,0.16022221950161128,43.26074753559693
