ROC_AUC_score,prediction_threshold,TN,FP,FN,TP,sensitivity,specificity,BA,Accuracy,precision,ROC_ACU_score_discretized,MCC,f1_score,cohen_kappa,PPV_score,NPV_score,FPR_score,FDR_score,PLR_score,NLR_score,DOR_score
0.9237950100242329,0.5032621256563344,16069,2335,0.14797507788161993,547,0.8520249221183801,0.8731254075201044,0.8625751648192422,0.8724141552031923,0.18979875086745315,0.8625751648192421,0.3651995770872533,0.3104426787741203,0.2702062467942662,0.18979875086745315,0.9941227418955704,0.1268745924798957,0.8102012491325469,6.71548893647395,0.1694774617794096,39.62467260227659
