ROC_AUC_score,prediction_threshold,TN,FP,FN,TP,sensitivity,specificity,BA,Accuracy,precision,ROC_ACU_score_discretized,MCC,f1_score,cohen_kappa,PPV_score,NPV_score,FPR_score,FDR_score,PLR_score,NLR_score,DOR_score
0.9269125669494588,0.5465519864072973,13086,1637,0.17738791423001948,422,0.8226120857699805,0.8888134211777491,0.8557127534738648,0.8865844053557365,0.2049538610976202,0.8557127534738647,0.3753615850425402,0.328149300155521,0.2898666785634466,0.2049538610976202,0.9930940274721105,0.1111865788222509,0.7950461389023799,7.398483652285535,0.19957834794502352,37.07057267717009
