ROC_AUC_score,prediction_threshold,TN,FP,FN,TP,sensitivity,specificity,BA,Accuracy,precision,ROC_ACU_score_discretized,MCC,f1_score,cohen_kappa,PPV_score,NPV_score,FPR_score,FDR_score,PLR_score,NLR_score,DOR_score
0.9326501722163881,0.5465519864072973,16344,2060,0.16978193146417445,533,0.8302180685358256,0.8880678113453597,0.8591429399405927,0.8861178200147013,0.20555341303509447,0.8591429399405927,0.3780046551356454,0.3295208655332303,0.29122071398935945,0.20555341303509447,0.9933750683765878,0.1119321886546403,0.7944465869649056,7.417152103559872,0.19118126937510194,38.79643716041687
