ROC_AUC_score,prediction_threshold,TN,FP,FN,TP,sensitivity,specificity,BA,Accuracy,precision,ROC_ACU_score_discretized,MCC,f1_score,cohen_kappa,PPV_score,NPV_score,FPR_score,FDR_score,PLR_score,NLR_score,DOR_score
0.9324266086439126,0.43158921428711466,12596,2127,0.11500974658869395,454,0.884990253411306,0.8555321605651022,0.8702612069882041,0.8565240220530322,0.17590081363812476,0.8702612069882042,0.35609835690165825,0.29347123464770525,0.25141963474935924,0.17590081363812476,0.9953378111418412,0.14446783943489777,0.8240991863618753,6.125863423119254,0.13443065251074485,45.568948068816546
