ROC_AUC_score,prediction_threshold,TN,FP,FN,TP,sensitivity,specificity,BA,Accuracy,precision,ROC_ACU_score_discretized,MCC,f1_score,cohen_kappa,PPV_score,NPV_score,FPR_score,FDR_score,PLR_score,NLR_score,DOR_score
0.9320123588194629,0.43158921428711466,15680,2724,0.12149532710280374,564,0.8785046728971962,0.8519886981091067,0.8652466855031515,0.852882495012076,0.17153284671532848,0.8652466855031514,0.3488377310420638,0.2870229007633588,0.24440525751268016,0.17153284671532848,0.9950501332656428,0.1480113018908933,0.8284671532846716,5.935389133627019,0.14260204081632655,41.62204902293007
