ROC_AUC_score,prediction_threshold,TN,FP,FN,TP,sensitivity,specificity,BA,Accuracy,precision,ROC_ACU_score_discretized,MCC,f1_score,cohen_kappa,PPV_score,NPV_score,FPR_score,FDR_score,PLR_score,NLR_score,DOR_score
0.9256978015990945,0.4850680170675956,12748,1975,0.1617933723196881,430,0.8382066276803118,0.8658561434490253,0.8520313855646686,0.8649251772118667,0.1787941787941788,0.8520313855646685,0.34832161587193605,0.29472241261137766,0.25327808609430225,0.1787941787941788,0.9935312914036318,0.13414385655097466,0.8212058212058212,6.248565154094798,0.18685941486215632,33.43992679579073
