ROC_AUC_score,prediction_threshold,TN,FP,FN,TP,sensitivity,specificity,BA,Accuracy,precision,ROC_ACU_score_discretized,MCC,f1_score,cohen_kappa,PPV_score,NPV_score,FPR_score,FDR_score,PLR_score,NLR_score,DOR_score
0.9305722005442404,0.4850680170675956,15940,2464,0.11838006230529595,566,0.881619937694704,0.8661160617257118,0.8738679997102079,0.8666386642864643,0.1867986798679868,0.8738679997102079,0.3689551460300505,0.3082788671023965,0.2675324338686055,0.1867986798679868,0.9952547452547452,0.1338839382742882,0.8132013201320132,6.584956709956708,0.1366792137181096,48.17818694463429
