ROC_AUC_score,prediction_threshold,TN,FP,FN,TP,sensitivity,specificity,BA,Accuracy,precision,ROC_ACU_score_discretized,MCC,f1_score,cohen_kappa,PPV_score,NPV_score,FPR_score,FDR_score,PLR_score,NLR_score,DOR_score
0.9271168593675092,0.553273568258389,13134,1589,0.1695906432748538,426,0.8304093567251462,0.892073626298988,0.8612414915120671,0.8899973746390129,0.21141439205955334,0.8612414915120671,0.3846934423119062,0.33702531645569617,0.299421567837203,0.21141439205955334,0.9934195597912412,0.10792637370101202,0.7885856079404466,7.694220867881895,0.1901083478708446,40.4728196002691
