ROC_AUC_score,prediction_threshold,TN,FP,FN,TP,sensitivity,specificity,BA,Accuracy,precision,ROC_ACU_score_discretized,MCC,f1_score,cohen_kappa,PPV_score,NPV_score,FPR_score,FDR_score,PLR_score,NLR_score,DOR_score
0.9270595719066896,0.553273568258389,16409,1995,0.16043613707165108,539,0.839563862928349,0.891599652249511,0.86558175758893,0.8898456368791348,0.212707182320442,0.86558175758893,0.3885393355972585,0.3394206549118388,0.30186943842069847,0.212707182320442,0.9937621124031008,0.10840034775048903,0.787292817679558,7.745029239766083,0.17994190180185665,43.04183273718278
