ROC_AUC_score,prediction_threshold,TN,FP,FN,TP,sensitivity,specificity,BA,Accuracy,precision,ROC_ACU_score_discretized,MCC,f1_score,cohen_kappa,PPV_score,NPV_score,FPR_score,FDR_score,PLR_score,NLR_score,DOR_score
0.9323860943989849,0.4961741095985362,12761,1962,0.1286549707602339,447,0.8713450292397661,0.8667391156693609,0.8690420724545636,0.8668941979522184,0.1855541718555417,0.8690420724545634,0.36490664113510124,0.3059548254620123,0.26515794179588936,0.1855541718555417,0.9948546035705933,0.13326088433063912,0.8144458281444583,6.538640604228889,0.14843563470754045,44.05034287832455
