ROC_AUC_score,prediction_threshold,TN,FP,FN,TP,sensitivity,specificity,BA,Accuracy,precision,ROC_ACU_score_discretized,MCC,f1_score,cohen_kappa,PPV_score,NPV_score,FPR_score,FDR_score,PLR_score,NLR_score,DOR_score
0.929001534272991,0.4961741095985362,16054,2350,0.1557632398753894,542,0.8442367601246106,0.8723103673114541,0.8582735637180323,0.8713640659456053,0.18741355463347165,0.8582735637180323,0.36035387958013654,0.3067345783814374,0.26625478675792624,0.18741355463347165,0.9938095827658784,0.12768963268854597,0.8125864453665284,6.61163120567376,0.17856401312237866,37.026672340425534
