ROC_AUC_score,prediction_threshold,TN,FP,FN,TP,sensitivity,specificity,BA,Accuracy,precision,ROC_ACU_score_discretized,MCC,f1_score,cohen_kappa,PPV_score,NPV_score,FPR_score,FDR_score,PLR_score,NLR_score,DOR_score
0.9416176490642865,0.5171823399448096,12925,1798,0.10721247563352826,458,0.8927875243664717,0.8778781498335937,0.8853328371000326,0.8783801522709372,0.20301418439716312,0.8853328371000327,0.3913956192560403,0.33080534488985197,0.2919589260404093,0.20301418439716312,0.9957627118644068,0.12212185016640631,0.7969858156028369,7.310628877223338,0.12212683007755802,59.860956618464925
