ROC_AUC_score,prediction_threshold,TN,FP,FN,TP,sensitivity,specificity,BA,Accuracy,precision,ROC_ACU_score_discretized,MCC,f1_score,cohen_kappa,PPV_score,NPV_score,FPR_score,FDR_score,PLR_score,NLR_score,DOR_score
0.9264281908104768,0.5171823399448096,16149,2255,0.14953271028037382,546,0.8504672897196262,0.8774722886329059,0.8639697891762661,0.8765620077706605,0.1949303820064263,0.863969789176266,0.37093904272514194,0.3171652628521638,0.277542029065572,0.1949303820064263,0.9940904893813481,0.12252771136709412,0.8050696179935737,6.941019955654105,0.17041302867050592,40.730570953436825
