ROC_AUC_score,prediction_threshold,TN,FP,FN,TP,sensitivity,specificity,BA,Accuracy,precision,ROC_ACU_score_discretized,MCC,f1_score,cohen_kappa,PPV_score,NPV_score,FPR_score,FDR_score,PLR_score,NLR_score,DOR_score
0.9191054984317942,0.5297460763998919,13019,1704,0.14814814814814814,437,0.8518518518518519,0.8842627181960199,0.8680572850239359,0.88317143607246,0.20411022886501634,0.8680572850239359,0.3820684420363757,0.32931424265259984,0.29078691509902355,0.20411022886501634,0.9941962581137839,0.11573728180398017,0.7958897711349836,7.360219961745786,0.16753861165874376,43.931484741784054
