ROC_AUC_score,prediction_threshold,TN,FP,FN,TP,sensitivity,specificity,BA,Accuracy,precision,ROC_ACU_score_discretized,MCC,f1_score,cohen_kappa,PPV_score,NPV_score,FPR_score,FDR_score,PLR_score,NLR_score,DOR_score
0.9197016969763447,0.5297460763998919,16209,2195,0.16355140186915887,537,0.8364485981308412,0.8807324494675071,0.8585905237991741,0.8792397353775071,0.1965592972181552,0.858590523799174,0.3692596503387111,0.3183165382335507,0.27895623014223614,0.1965592972181552,0.9935638102243471,0.11926755053249294,0.8034407027818448,7.013211845102506,0.18569930285643774,37.766495281483905
