ROC_AUC_score,prediction_threshold,TN,FP,FN,TP,sensitivity,specificity,BA,Accuracy,precision,ROC_ACU_score_discretized,MCC,f1_score,cohen_kappa,PPV_score,NPV_score,FPR_score,FDR_score,PLR_score,NLR_score,DOR_score
0.9383677711035193,0.5718982750647016,13334,1389,0.14619883040935672,438,0.8538011695906432,0.9056578143041499,0.8797294919473966,0.9039117878708323,0.23973727422003285,0.8797294919473965,0.42169037983635,0.37435897435897436,0.3396389065484492,0.23973727422003285,0.9944067417406219,0.09434218569585003,0.7602627257799671,9.050046522593979,0.1614283320921674,56.06231821454279
