ROC_AUC_score,prediction_threshold,TN,FP,FN,TP,sensitivity,specificity,BA,Accuracy,precision,ROC_ACU_score_discretized,MCC,f1_score,cohen_kappa,PPV_score,NPV_score,FPR_score,FDR_score,PLR_score,NLR_score,DOR_score
0.9307688935291731,0.5718982750647016,16608,1796,0.1526479750778816,544,0.8473520249221184,0.9024125190176049,0.8748822719698617,0.900556547306521,0.23247863247863249,0.8748822719698617,0.412196555266922,0.3648558014755198,0.3293788142808266,0.23247863247863249,0.9941338441278582,0.09758748098239513,0.7675213675213676,8.682999257609504,0.169155427103404,51.331484932503066
