ROC_AUC_score,prediction_threshold,TN,FP,FN,TP,sensitivity,specificity,BA,Accuracy,precision,ROC_ACU_score_discretized,MCC,f1_score,cohen_kappa,PPV_score,NPV_score,FPR_score,FDR_score,PLR_score,NLR_score,DOR_score
0.9230300842100496,0.4793110386252043,12652,2071,0.12280701754385964,450,0.8771929824561403,0.8593357332065475,0.8682643578313439,0.8599369913363087,0.17850059500198334,0.868264357831344,0.3575212970392038,0.2966381015161502,0.25494929155660395,0.17850059500198334,0.9950452221785293,0.14066426679345242,0.8214994049980167,6.236075461468736,0.1429092411712177,43.63661447195969
