ROC_AUC_score,prediction_threshold,TN,FP,FN,TP,sensitivity,specificity,BA,Accuracy,precision,ROC_ACU_score_discretized,MCC,f1_score,cohen_kappa,PPV_score,NPV_score,FPR_score,FDR_score,PLR_score,NLR_score,DOR_score
0.933750434180298,0.4793110386252043,15850,2554,0.12149532710280374,564,0.8785046728971962,0.86122582047381,0.8698652466855031,0.8618082537015647,0.18088518280949326,0.8698652466855031,0.36080991972910104,0.3,0.2585493080789537,0.18088518280949326,0.9951029633350076,0.13877417952618995,0.8191148171905067,6.330462020360218,0.14107255520504733,44.87380278296487
