ROC_AUC_score,prediction_threshold,TN,FP,FN,TP,sensitivity,specificity,BA,Accuracy,precision,ROC_ACU_score_discretized,MCC,f1_score,cohen_kappa,PPV_score,NPV_score,FPR_score,FDR_score,PLR_score,NLR_score,DOR_score
0.933910674563502,0.5022678827973591,12811,1912,0.1267056530214425,448,0.8732943469785575,0.8701351626706514,0.8717147548246045,0.8702415332108165,0.18983050847457628,0.8717147548246045,0.37063817526421067,0.3118691263487643,0.2715754053742162,0.18983050847457628,0.9949518484001243,0.12986483732934864,0.8101694915254237,6.724640518078088,0.14561605881154466,46.18062439652397
