ROC_AUC_score,prediction_threshold,TN,FP,FN,TP,sensitivity,specificity,BA,Accuracy,precision,ROC_ACU_score_discretized,MCC,f1_score,cohen_kappa,PPV_score,NPV_score,FPR_score,FDR_score,PLR_score,NLR_score,DOR_score
0.923504964043439,0.5022678827973591,16018,2386,0.1573208722741433,541,0.8426791277258567,0.8703542708106933,0.856516699268275,0.8694214008190696,0.18483088486504953,0.856516699268275,0.35682320535563833,0.3031661529840291,0.2623842388171115,0.18483088486504953,0.9937341026118246,0.12964572918930667,0.8151691151349505,6.499860296172113,0.1807549839763599,35.95950802121284
