ROC_AUC_score,prediction_threshold,TN,FP,FN,TP,sensitivity,specificity,BA,Accuracy,precision,ROC_ACU_score_discretized,MCC,f1_score,cohen_kappa,PPV_score,NPV_score,FPR_score,FDR_score,PLR_score,NLR_score,DOR_score
0.9251793251836149,0.5124225577316792,12896,1827,0.15009746588693956,436,0.8499025341130604,0.8759084425728452,0.8629054883429528,0.8750328170123391,0.1926646045072912,0.8629054883429528,0.36814413369946736,0.3141210374639769,0.27428194691366226,0.1926646045072912,0.9940645956987589,0.12409155742715479,0.8073353954927088,6.848995626571749,0.17136204949235515,39.967983849757225
