ROC_AUC_score,prediction_threshold,TN,FP,FN,TP,sensitivity,specificity,BA,Accuracy,precision,ROC_ACU_score_discretized,MCC,f1_score,cohen_kappa,PPV_score,NPV_score,FPR_score,FDR_score,PLR_score,NLR_score,DOR_score
0.9239470154463238,0.5124225577316792,16130,2274,0.16199376947040497,538,0.838006230529595,0.8764399043686155,0.8572230674491053,0.8751443872729182,0.19132290184921763,0.8572230674491053,0.36347344598102543,0.3115228720324262,0.271541368652206,0.19132290184921763,0.9935936922508316,0.12356009563138448,0.8086770981507824,6.782175315156845,0.18483157677206036,36.693813003179756
