ROC_AUC_score,prediction_threshold,TN,FP,FN,TP,sensitivity,specificity,BA,Accuracy,precision,ROC_ACU_score_discretized,MCC,f1_score,cohen_kappa,PPV_score,NPV_score,FPR_score,FDR_score,PLR_score,NLR_score,DOR_score
0.932056949258821,0.4591669888373379,12395,2328,0.10721247563352826,458,0.8927875243664717,0.8418800516199144,0.867333787993193,0.8435941191913888,0.16439339554917445,0.867333787993193,0.34282499617778034,0.27765989693846627,0.23410420914800623,0.16439339554917445,0.9955823293172691,0.15811994838008558,0.8356066044508256,5.646267491944829,0.12734887283198365,44.337004061230836
