ROC_AUC_score,prediction_threshold,TN,FP,FN,TP,sensitivity,specificity,BA,Accuracy,precision,ROC_ACU_score_discretized,MCC,f1_score,cohen_kappa,PPV_score,NPV_score,FPR_score,FDR_score,PLR_score,NLR_score,DOR_score
0.9291197701163434,0.4591669888373379,15558,2846,0.12461059190031153,562,0.8753894080996885,0.8453597044120843,0.8603745562558864,0.8463719416150373,0.16490610328638497,0.8603745562558863,0.33936523077494235,0.2775308641975308,0.23408097599425892,0.16490610328638497,0.9948842562987594,0.15464029558791567,0.835093896713615,5.66081049426095,0.14740540772164376,38.40300421644412
