ROC_AUC_score,prediction_threshold,TN,FP,FN,TP,sensitivity,specificity,BA,Accuracy,precision,ROC_ACU_score_discretized,MCC,f1_score,cohen_kappa,PPV_score,NPV_score,FPR_score,FDR_score,PLR_score,NLR_score,DOR_score
0.9251337797579446,0.5460347325205627,13092,1631,0.1617933723196881,430,0.8382066276803118,0.889220946817904,0.8637137872491079,0.8875032817012339,0.20863658418243572,0.8637137872491079,0.3836474275892921,0.3341103341103341,0.29615961327851714,0.20863658418243572,0.9937001897533206,0.11077905318209604,0.7913634158175643,7.5664722129596775,0.18194957383614183,41.58554512347366
