ROC_AUC_score,prediction_threshold,TN,FP,FN,TP,sensitivity,specificity,BA,Accuracy,precision,ROC_ACU_score_discretized,MCC,f1_score,cohen_kappa,PPV_score,NPV_score,FPR_score,FDR_score,PLR_score,NLR_score,DOR_score
0.9188172647350374,0.5074249980912282,12906,1817,0.1617933723196881,430,0.8382066276803118,0.8765876519731033,0.8573971398267075,0.8752953531110528,0.19136626613262128,0.8573971398267075,0.363620627776163,0.3115942028985507,0.2716639370795578,0.19136626613262128,0.993609977673416,0.1234123480268967,0.8086337338673787,6.791918645755217,0.18457181316153484,36.79824415990874
