ROC_AUC_score,prediction_threshold,TN,FP,FN,TP,sensitivity,specificity,BA,Accuracy,precision,ROC_ACU_score_discretized,MCC,f1_score,cohen_kappa,PPV_score,NPV_score,FPR_score,FDR_score,PLR_score,NLR_score,DOR_score
0.9274485568286998,0.5074249980912282,16063,2341,0.14953271028037382,546,0.8504672897196262,0.8727993914366442,0.8616333405781351,0.8720466239630369,0.1891236577762383,0.8616333405781352,0.3639916766098582,0.3094361008784358,0.2691274738087134,0.1891236577762383,0.994059038306826,0.1272006085633558,0.8108763422237617,6.686031610422896,0.17132540621303619,39.02533639470312
