ROC_AUC_score,prediction_threshold,TN,FP,FN,TP,sensitivity,specificity,BA,Accuracy,precision,ROC_ACU_score_discretized,MCC,f1_score,cohen_kappa,PPV_score,NPV_score,FPR_score,FDR_score,PLR_score,NLR_score,DOR_score
0.9189219927341806,0.4102052254481642,12389,2334,0.13255360623781676,445,0.8674463937621832,0.8414725259797595,0.8544594598709714,0.8423470727224993,0.16012954300107954,0.8544594598709714,0.3311329513965196,0.27035236938031587,0.22637431657752238,0.16012954300107954,0.9945412218030023,0.15852747402024045,0.8398704569989205,5.471899423890583,0.1575257683944932,34.73653535964513
