ROC_AUC_score,prediction_threshold,TN,FP,FN,TP,sensitivity,specificity,BA,Accuracy,precision,ROC_ACU_score_discretized,MCC,f1_score,cohen_kappa,PPV_score,NPV_score,FPR_score,FDR_score,PLR_score,NLR_score,DOR_score
0.9366431921544889,0.4102052254481642,15583,2821,0.11059190031152648,571,0.8894080996884736,0.8467181047598348,0.8680631022241542,0.848157093352935,0.16833726415094338,0.8680631022241542,0.34724445365412787,0.2830937035200793,0.24001251941394974,0.16833726415094338,0.9954644180401175,0.1532818952401652,0.8316627358490566,5.802434125014769,0.13061241951699498,44.42482687689412
