ROC_AUC_score,prediction_threshold,TN,FP,FN,TP,sensitivity,specificity,BA,Accuracy,precision,ROC_ACU_score_discretized,MCC,f1_score,cohen_kappa,PPV_score,NPV_score,FPR_score,FDR_score,PLR_score,NLR_score,DOR_score
0.9329679901717208,0.4843147411380505,12788,1935,0.1364522417153996,443,0.8635477582846004,0.8685729810500578,0.866060369667329,0.8684037805198215,0.1862910008410429,0.8660603696673291,0.3638705543049658,0.30646835005188516,0.2658002000026535,0.1862910008410429,0.9945559184943226,0.13142701894994227,0.8137089991589571,6.570549687454354,0.15709933959773445,41.82417128091548
