ROC_AUC_score,prediction_threshold,TN,FP,FN,TP,sensitivity,specificity,BA,Accuracy,precision,ROC_ACU_score_discretized,MCC,f1_score,cohen_kappa,PPV_score,NPV_score,FPR_score,FDR_score,PLR_score,NLR_score,DOR_score
0.9358219735517337,0.4843147411380505,16069,2335,0.13862928348909656,553,0.8613707165109035,0.8731254075201044,0.8672480620155039,0.8727291819804683,0.1914819944598338,0.8672480620155039,0.3695904479119475,0.313314447592068,0.2732295295140176,0.1914819944598338,0.9944918925609605,0.1268745924798957,0.8085180055401662,6.789150606709496,0.15877362208807844,42.75994033154492
