ROC_AUC_score,prediction_threshold,TN,FP,FN,TP,sensitivity,specificity,BA,Accuracy,precision,ROC_ACU_score_discretized,MCC,f1_score,cohen_kappa,PPV_score,NPV_score,FPR_score,FDR_score,PLR_score,NLR_score,DOR_score
0.9246919626490437,0.5162716705094923,12855,1868,0.1539961013645224,434,0.8460038986354775,0.873123684031787,0.8595637913336323,0.8722105539511683,0.18853171155516943,0.8595637913336323,0.36219603972830705,0.308348134991119,0.2680402002709864,0.18853171155516943,0.9938920674192052,0.126876315968213,0.8114682884448305,6.667941862746324,0.17637375343367284,37.805749058086874
