ROC_AUC_score,prediction_threshold,TN,FP,FN,TP,sensitivity,specificity,BA,Accuracy,precision,ROC_ACU_score_discretized,MCC,f1_score,cohen_kappa,PPV_score,NPV_score,FPR_score,FDR_score,PLR_score,NLR_score,DOR_score
0.9291727519616824,0.5162716705094923,16149,2255,0.1542056074766355,543,0.8457943925233645,0.8774722886329059,0.8616333405781352,0.8764044943820225,0.19406719085060758,0.8616333405781352,0.3687213412514462,0.31569767441860463,0.2759976777297042,0.19406719085060758,0.9939069423929099,0.12252771136709412,0.8059328091493925,6.902882483370291,0.17573843581645918,39.2792985285225
