ROC_AUC_score,prediction_threshold,TN,FP,FN,TP,sensitivity,specificity,BA,Accuracy,precision,ROC_ACU_score_discretized,MCC,f1_score,cohen_kappa,PPV_score,NPV_score,FPR_score,FDR_score,PLR_score,NLR_score,DOR_score
0.9279226004640736,0.5315778793830257,16269,2135,0.14953271028037382,546,0.8504672897196262,0.8839926103021082,0.8672299500108671,0.8828625433161819,0.20365535248041775,0.8672299500108672,0.3811406793397451,0.3286187180258802,0.29000110848491567,0.20365535248041775,0.9941338221814848,0.11600738969789176,0.7963446475195822,7.331147540983603,0.1691560636793903,43.33954918032784
