ROC_AUC_score,prediction_threshold,TN,FP,FN,TP,sensitivity,specificity,BA,Accuracy,precision,ROC_ACU_score_discretized,MCC,f1_score,cohen_kappa,PPV_score,NPV_score,FPR_score,FDR_score,PLR_score,NLR_score,DOR_score
0.9340053402011597,0.569681934948677,13248,1475,0.14814814814814814,437,0.8518518518518519,0.8998166134619303,0.8758342326568911,0.8982016277238121,0.22855648535564854,0.8758342326568911,0.40928131043873295,0.3604123711340206,0.3245494116034294,0.22855648535564854,0.9942960072050435,0.10018338653806969,0.7714435146443515,8.502925298179536,0.1646426015387368,51.644745762711864
