ROC_AUC_score,prediction_threshold,TN,FP,FN,TP,sensitivity,specificity,BA,Accuracy,precision,ROC_ACU_score_discretized,MCC,f1_score,cohen_kappa,PPV_score,NPV_score,FPR_score,FDR_score,PLR_score,NLR_score,DOR_score
0.9337844576656437,0.569681934948677,16466,1938,0.17289719626168223,531,0.8271028037383178,0.8946968050423821,0.86089980439035,0.8924183555602226,0.21506682867557717,0.86089980439035,0.38781692182537686,0.3413693346190936,0.3041382863030163,0.21506682867557717,0.9933039753875852,0.1053031949576179,0.7849331713244229,7.854489164086691,0.19324669014939871,40.644883273366275
