ROC_AUC_score,prediction_threshold,TN,FP,FN,TP,sensitivity,specificity,BA,Accuracy,precision,ROC_ACU_score_discretized,MCC,f1_score,cohen_kappa,PPV_score,NPV_score,FPR_score,FDR_score,PLR_score,NLR_score,DOR_score
0.9268363048413595,0.46162572559361575,12493,2230,0.12280701754385964,450,0.8771929824561403,0.8485363037424438,0.8628646430992921,0.8495011814124442,0.16791044776119404,0.8628646430992921,0.3438257801557006,0.28186658315064206,0.23884510615817356,0.16791044776119404,0.9949824784963364,0.1514636962575562,0.832089552238806,5.7914404846196215,0.14472806526040552,40.01601537475976
