ROC_AUC_score,prediction_threshold,TN,FP,FN,TP,sensitivity,specificity,BA,Accuracy,precision,ROC_ACU_score_discretized,MCC,f1_score,cohen_kappa,PPV_score,NPV_score,FPR_score,FDR_score,PLR_score,NLR_score,DOR_score
0.9210770244312323,0.46162572559361575,15592,2812,0.12305295950155763,563,0.8769470404984424,0.847207128885025,0.8620770846917337,0.8482095978158144,0.1668148148148148,0.8620770846917337,0.3422704595476542,0.2803086880756783,0.23709686505783312,0.1668148148148148,0.9949588411715908,0.152792871114975,0.8331851851851851,5.739449976292083,0.14524542500427565,39.51553018708251
