ROC_AUC_score,prediction_threshold,TN,FP,FN,TP,sensitivity,specificity,BA,Accuracy,precision,ROC_ACU_score_discretized,MCC,f1_score,cohen_kappa,PPV_score,NPV_score,FPR_score,FDR_score,PLR_score,NLR_score,DOR_score
0.9294538428224711,0.545302601730243,13084,1639,0.15789473684210525,432,0.8421052631578947,0.8886775792976975,0.8653914212277961,0.8871094775531636,0.208594881699662,0.8653914212277962,0.38463136816756627,0.3343653250773994,0.2963905093459849,0.208594881699662,0.9938473224458793,0.11132242070230251,0.791405118300338,7.56456118942873,0.1776738161515069,42.57555419971528
