ROC_AUC_score,prediction_threshold,TN,FP,FN,TP,sensitivity,specificity,BA,Accuracy,precision,ROC_ACU_score_discretized,MCC,f1_score,cohen_kappa,PPV_score,NPV_score,FPR_score,FDR_score,PLR_score,NLR_score,DOR_score
0.9325153478080412,0.545302601730243,16354,2050,0.17445482866043613,530,0.8255451713395638,0.8886111714844599,0.8570781714120119,0.8864853512548566,0.2054263565891473,0.8570781714120118,0.3766283568944948,0.3289882060831782,0.29069810305295685,0.2054263565891473,0.9931981051864448,0.1113888285155401,0.7945736434108527,7.411382113821138,0.19632301985243164,37.750958188153305
