ROC_AUC_score,prediction_threshold,TN,FP,FN,TP,sensitivity,specificity,BA,Accuracy,precision,ROC_ACU_score_discretized,MCC,f1_score,cohen_kappa,PPV_score,NPV_score,FPR_score,FDR_score,PLR_score,NLR_score,DOR_score
0.9290958345927837,0.4850857926447514,12666,2057,0.12280701754385964,450,0.8771929824561403,0.8602866263669089,0.8687398044115247,0.8608558676818062,0.17949740725967292,0.8687398044115245,0.3587835684475799,0.29801324503311255,0.2564475145312427,0.17949740725967292,0.9950506716945557,0.13971337363309108,0.8205025927403271,6.278518366894386,0.14275128053831093,43.98222098756856
