ROC_AUC_score,prediction_threshold,TN,FP,FN,TP,sensitivity,specificity,BA,Accuracy,precision,ROC_ACU_score_discretized,MCC,f1_score,cohen_kappa,PPV_score,NPV_score,FPR_score,FDR_score,PLR_score,NLR_score,DOR_score
0.9323637655636288,0.4850857926447514,15801,2603,0.13862928348909656,553,0.8613707165109035,0.8585633557922191,0.8599670361515612,0.8586579859288039,0.17522179974651458,0.8599670361515613,0.3494506948412182,0.2912058978409689,0.2491428643061745,0.17522179974651458,0.9943989930774072,0.1414366442077809,0.8247782002534855,6.090152388269946,0.16146657384553714,37.71772846370007
