ROC_AUC_score,prediction_threshold,TN,FP,FN,TP,sensitivity,specificity,BA,Accuracy,precision,ROC_ACU_score_discretized,MCC,f1_score,cohen_kappa,PPV_score,NPV_score,FPR_score,FDR_score,PLR_score,NLR_score,DOR_score
0.9113993183279692,0.4313436760381939,12215,2508,0.14814814814814814,437,0.8518518518518519,0.8296542824152686,0.8407530671335602,0.8304016802310318,0.14838709677419354,0.8407530671335602,0.3113080484984182,0.2527472527472527,0.20728468561801006,0.14838709677419354,0.9938166137824425,0.17034571758473138,0.8516129032258064,5.000723610372733,0.17856612240566394,28.004884370015947
