ROC_AUC_score,prediction_threshold,TN,FP,FN,TP,sensitivity,specificity,BA,Accuracy,precision,ROC_ACU_score_discretized,MCC,f1_score,cohen_kappa,PPV_score,NPV_score,FPR_score,FDR_score,PLR_score,NLR_score,DOR_score
0.9283147169009041,0.4313436760381939,15304,3100,0.09813084112149532,579,0.9018691588785047,0.8315583568789393,0.8667137578787221,0.8339283839126326,0.1573797227507475,0.866713757878722,0.3352906061792095,0.26799352001851423,0.22341825404488336,0.1573797227507475,0.9959003058501985,0.16844164312106064,0.8426202772492525,5.354193548387095,0.11800836382645055,45.371305683563754
