ROC_AUC_score,prediction_threshold,TN,FP,FN,TP,sensitivity,specificity,BA,Accuracy,precision,ROC_ACU_score_discretized,MCC,f1_score,cohen_kappa,PPV_score,NPV_score,FPR_score,FDR_score,PLR_score,NLR_score,DOR_score
0.9342468368768073,0.4315456881425909,12606,2117,0.12475633528265107,449,0.8752436647173489,0.8562113699653603,0.8657275173413546,0.8568521921764243,0.17498051441932969,0.8657275173413547,0.35255577963279777,0.29165313413445926,0.24953657414651054,0.17498051441932969,0.9949486977111287,0.14378863003463968,0.8250194855806703,6.087015812769733,0.14570740317043246,41.7756111242324
