ROC_AUC_score,prediction_threshold,TN,FP,FN,TP,sensitivity,specificity,BA,Accuracy,precision,ROC_ACU_score_discretized,MCC,f1_score,cohen_kappa,PPV_score,NPV_score,FPR_score,FDR_score,PLR_score,NLR_score,DOR_score
0.9284617288263894,0.4315456881425909,15661,2743,0.1292834890965732,559,0.8707165109034268,0.8509563138448163,0.8608364123741216,0.8516223879029717,0.16929133858267717,0.8608364123741217,0.344047101328562,0.2834685598377282,0.24060699750003012,0.16929133858267717,0.9947281504065041,0.14904368615518365,0.8307086614173228,5.842022116903632,0.1519272928506055,38.452749386170275
