ROC_AUC_score,prediction_threshold,TN,FP,FN,TP,sensitivity,specificity,BA,Accuracy,precision,ROC_ACU_score_discretized,MCC,f1_score,cohen_kappa,PPV_score,NPV_score,FPR_score,FDR_score,PLR_score,NLR_score,DOR_score
0.9299775512705151,0.5363043731456333,16230,2174,0.1542056074766355,543,0.8457943925233645,0.8818735057596174,0.863833949141491,0.8806573558752494,0.19985277880014723,0.8638339491414909,0.375519270572505,0.32331050908008335,0.2842819185633063,0.19985277880014723,0.9939371670034908,0.11812649424038253,0.8001472211998528,7.160073597056115,0.17486136783733822,40.94714393242452
