ROC_AUC_score,prediction_threshold,TN,FP,FN,TP,sensitivity,specificity,BA,Accuracy,precision,ROC_ACU_score_discretized,MCC,f1_score,cohen_kappa,PPV_score,NPV_score,FPR_score,FDR_score,PLR_score,NLR_score,DOR_score
0.9239436407133208,0.5024112494245058,12968,1755,0.15984405458089668,431,0.8401559454191033,0.8807987502547036,0.8604773478369034,0.8794302966657915,0.19716376944190303,0.8604773478369034,0.370966317353491,0.31937754723971845,0.2801142042074606,0.19716376944190303,0.9937164750957854,0.11920124974529647,0.8028362305580969,7.048214236128468,0.1814762504314113,38.83821833090127
