ROC_AUC_score,prediction_threshold,TN,FP,FN,TP,sensitivity,specificity,BA,Accuracy,precision,ROC_ACU_score_discretized,MCC,f1_score,cohen_kappa,PPV_score,NPV_score,FPR_score,FDR_score,PLR_score,NLR_score,DOR_score
0.9286023816815239,0.6111650133803929,13377,1346,0.17543859649122806,423,0.8245614035087719,0.9085784147252598,0.8665699091170158,0.9057495405618272,0.23911814584511024,0.8665699091170158,0.4128043827927889,0.3707274320771253,0.3360687789767649,0.23911814584511024,0.9933169971040321,0.0914215852747402,0.7608818541548897,9.019329527384583,0.19309131016972048,46.710178306092125
