ROC_AUC_score,prediction_threshold,TN,FP,FN,TP,sensitivity,specificity,BA,Accuracy,precision,ROC_ACU_score_discretized,MCC,f1_score,cohen_kappa,PPV_score,NPV_score,FPR_score,FDR_score,PLR_score,NLR_score,DOR_score
0.9312738291350723,0.6111650133803929,16755,1649,0.19158878504672897,519,0.8084112149532711,0.9103999130623778,0.8594055640078244,0.9069620917778011,0.23939114391143912,0.8594055640078244,0.408458829038387,0.36939501779359424,0.3347955559679774,0.23939114391143912,0.9927124066832563,0.08960008693762225,0.7606088560885609,9.022437841115831,0.21044464339003277,42.87321214631191
