ROC_AUC_score,prediction_threshold,TN,FP,FN,TP,sensitivity,specificity,BA,Accuracy,precision,ROC_ACU_score_discretized,MCC,f1_score,cohen_kappa,PPV_score,NPV_score,FPR_score,FDR_score,PLR_score,NLR_score,DOR_score
0.9232706082451262,0.5676559821330541,16441,1963,0.17445482866043613,530,0.8255451713395638,0.8933384046946315,0.8594417880170977,0.8910532395253596,0.2125952667468913,0.8594417880170977,0.38466501662428176,0.33811802232854865,0.30062448637983463,0.2125952667468913,0.9932338548903522,0.1066615953053684,0.7874047332531087,7.739853965019524,0.19528414735518929,39.63380576377263
