ROC_AUC_score,prediction_threshold,TN,FP,FN,TP,sensitivity,specificity,BA,Accuracy,precision,ROC_ACU_score_discretized,MCC,f1_score,cohen_kappa,PPV_score,NPV_score,FPR_score,FDR_score,PLR_score,NLR_score,DOR_score
0.9348778528615304,0.472500823486883,12683,2040,0.14230019493177387,440,0.8576998050682261,0.8614412823473477,0.859570543707787,0.861315305854555,0.1774193548387097,0.8595705437077867,0.3513887437395792,0.2940193785499499,0.2522988899239026,0.1774193548387097,0.9942772028849169,0.13855871765265232,0.8225806451612904,6.190154034323283,0.16518850193018272,37.47327424120333
