ROC_AUC_score,prediction_threshold,TN,FP,FN,TP,sensitivity,specificity,BA,Accuracy,precision,ROC_ACU_score_discretized,MCC,f1_score,cohen_kappa,PPV_score,NPV_score,FPR_score,FDR_score,PLR_score,NLR_score,DOR_score
0.9310039264117717,0.472500823486883,15905,2499,0.1261682242990654,561,0.8738317757009346,0.8642143012388611,0.8690230384698978,0.8645384857712906,0.18333333333333332,0.8690230384698978,0.3627241610339995,0.3030794165316045,0.26195205677588573,0.18333333333333332,0.994933066433129,0.13578569876113888,0.8166666666666667,6.435374149659864,0.14599182646966358,44.080372889896715
