ROC_AUC_score,prediction_threshold,TN,FP,FN,TP,sensitivity,specificity,BA,Accuracy,precision,ROC_ACU_score_discretized,MCC,f1_score,cohen_kappa,PPV_score,NPV_score,FPR_score,FDR_score,PLR_score,NLR_score,DOR_score
0.9253642872756539,0.4688558072308387,12675,2048,0.13060428849902533,446,0.8693957115009746,0.8608979148271412,0.8651468131640578,0.8611840378051983,0.17882919005613473,0.8651468131640578,0.35603059820661376,0.2966411706019289,0.2550332200475831,0.17882919005613473,0.9947417987757023,0.1391020851728588,0.8211708099438653,6.250055205287523,0.15170705637642215,41.198183885261166
