ROC_AUC_score,prediction_threshold,TN,FP,FN,TP,sensitivity,specificity,BA,Accuracy,precision,ROC_ACU_score_discretized,MCC,f1_score,cohen_kappa,PPV_score,NPV_score,FPR_score,FDR_score,PLR_score,NLR_score,DOR_score
0.9350886912705554,0.4688558072308387,15820,2584,0.11682242990654206,567,0.883177570093458,0.8595957400565094,0.8713866550749837,0.8603906332038224,0.17994287527768962,0.8713866550749839,0.3607658732418343,0.2989717901397311,0.2573814372817106,0.17994287527768962,0.9952815350739226,0.14040425994349054,0.8200571247223104,6.290247678018574,0.13590391908975977,46.284520123839
