ROC_AUC_score,prediction_threshold,TN,FP,FN,TP,sensitivity,specificity,BA,Accuracy,precision,ROC_ACU_score_discretized,MCC,f1_score,cohen_kappa,PPV_score,NPV_score,FPR_score,FDR_score,PLR_score,NLR_score,DOR_score
0.9220357640159097,0.4740160970171448,12657,2066,0.1442495126705653,439,0.8557504873294347,0.8596753379066766,0.8577129126180556,0.8595431871882384,0.175249500998004,0.8577129126180556,0.3481659755874111,0.2909211398277004,0.2489415052267202,0.175249500998004,0.9941874165422984,0.14032466209332337,0.824750499001996,6.098361289908647,0.1677953365764978,36.34404515842076
