ROC_AUC_score,prediction_threshold,TN,FP,FN,TP,sensitivity,specificity,BA,Accuracy,precision,ROC_ACU_score_discretized,MCC,f1_score,cohen_kappa,PPV_score,NPV_score,FPR_score,FDR_score,PLR_score,NLR_score,DOR_score
0.9223539207581177,0.4740160970171448,15662,2742,0.14174454828660435,551,0.8582554517133957,0.8510106498587263,0.854633050786061,0.8512548566628163,0.1673246279987853,0.8546330507860612,0.33849739304290516,0.2800508259212198,0.23700511715593864,0.1673246279987853,0.9942233225417381,0.14898935014127362,0.8326753720012147,5.760515438852417,0.16656025198995442,34.58517485432146
