{"performances": [0.9277678020693051, 0.9280287334258229, 0.9266577223832555, 0.9270970654489984, 0.9275750869545494, 0.9272686216798326, 0.9283362143269681, 0.9268842917122853, 0.9277531601216316, 0.9297717176477279], "mean": 0.9277140415770377, "std": 0.0008442300068770241}