ROC_AUC_score,prediction_threshold,TN,FP,FN,TP,sensitivity,specificity,BA,Accuracy,precision,ROC_ACU_score_discretized,MCC,f1_score,cohen_kappa,PPV_score,NPV_score,FPR_score,FDR_score,PLR_score,NLR_score,DOR_score
0.9304815276889047,0.5645813189403665,13154,1569,0.1617933723196881,430,0.8382066276803118,0.8934320450995041,0.865819336389908,0.8915725912312943,0.21510755377688845,0.8658193363899079,0.39088797503915884,0.3423566878980892,0.3051192459536449,0.21510755377688845,0.9937296970612677,0.10656795490049582,0.7848924462231116,7.8654660161486465,0.18109197359455442,43.433542967280175
