ROC_AUC_score,prediction_threshold,TN,FP,FN,TP,sensitivity,specificity,BA,Accuracy,precision,ROC_ACU_score_discretized,MCC,f1_score,cohen_kappa,PPV_score,NPV_score,FPR_score,FDR_score,PLR_score,NLR_score,DOR_score
0.9254690162845541,0.5645813189403665,16389,2015,0.20249221183800623,512,0.7975077881619937,0.8905129319713105,0.8440103600666522,0.8873779271238055,0.20261179263949347,0.8440103600666522,0.3660417695940906,0.3231303250236668,0.28467582687285253,0.20261179263949347,0.9921302742296749,0.10948706802868942,0.7973882073605065,7.2840363937138095,0.2273882888929567,32.03347203664819
