{"performances": [0.9271023974877464, 0.9270064207902793, 0.9320362260405263, 0.927850406352134, 0.9299022256437549, 0.9285404398745769, 0.9298271539236018, 0.9273128014294604, 0.927184832499504, 0.9299311709969591], "mean": 0.9286694075038543, "std": 0.0016043850918831995}