ROC_AUC_score,prediction_threshold,TN,FP,FN,TP,sensitivity,specificity,BA,Accuracy,precision,ROC_ACU_score_discretized,MCC,f1_score,cohen_kappa,PPV_score,NPV_score,FPR_score,FDR_score,PLR_score,NLR_score,DOR_score
0.9136249538091268,0.47519526256524924,12646,2077,0.15789473684210525,432,0.8421052631578947,0.8589282075663928,0.8505167353621437,0.8583617747440273,0.17218015145476284,0.8505167353621437,0.34094336223766336,0.28590337524818,0.24361453522764465,0.17218015145476284,0.9936355779052408,0.1410717924336073,0.8278198485452372,5.969338367584828,0.18382763012227712,32.47247632803723
