ROC_AUC_score,prediction_threshold,TN,FP,FN,TP,sensitivity,specificity,BA,Accuracy,precision,ROC_ACU_score_discretized,MCC,f1_score,cohen_kappa,PPV_score,NPV_score,FPR_score,FDR_score,PLR_score,NLR_score,DOR_score
0.9273939669081828,0.47519526256524924,15815,2589,0.13551401869158877,555,0.8644859813084113,0.8593240599869594,0.8619050206476853,0.8594980573348735,0.1765267175572519,0.8619050206476853,0.35186906484834757,0.2931854199683043,0.2512685089125719,0.1765267175572519,0.9945289900641429,0.14067594001304065,0.8234732824427481,6.145229818462728,0.15769838760670243,38.96824762589739
