{"performances": [0.9228619032433014, 0.9219042521570212, 0.9224540445968336, 0.9222827422726062, 0.9230090844398584, 0.9229294424007785, 0.9217959186713439, 0.9215965173492691, 0.9214613543987796, 0.9253157413294277], "mean": 0.922561100085922, "std": 0.0010611622469410542}