ROC_AUC_score,prediction_threshold,TN,FP,FN,TP,sensitivity,specificity,BA,Accuracy,precision,ROC_ACU_score_discretized,MCC,f1_score,cohen_kappa,PPV_score,NPV_score,FPR_score,FDR_score,PLR_score,NLR_score,DOR_score
0.9258442354386044,0.4841287299203888,12912,1811,0.14814814814814814,437,0.8518518518518519,0.8769951776132582,0.864423514732555,0.8761485954318718,0.1943950177935943,0.864423514732555,0.3707011499534209,0.3165519739224919,0.2769058103103641,0.1943950177935943,0.9941484447182014,0.12300482238674183,0.8056049822064056,6.925353293658098,0.16892698150442884,40.99613473219216
