ROC_AUC_score,prediction_threshold,TN,FP,FN,TP,sensitivity,specificity,BA,Accuracy,precision,ROC_ACU_score_discretized,MCC,f1_score,cohen_kappa,PPV_score,NPV_score,FPR_score,FDR_score,PLR_score,NLR_score,DOR_score
0.9268681263249693,0.4841287299203888,16002,2402,0.14641744548286603,548,0.8535825545171339,0.869484894588133,0.8615337245526336,0.8689488606531555,0.1857627118644068,0.8615337245526336,0.3606886261778923,0.3051224944320713,0.2643946117064254,0.1857627118644068,0.9941600397614314,0.13051510541186698,0.8142372881355933,6.5401054676658354,0.16839561721451488,38.837741598313464
