ROC_AUC_score,prediction_threshold,TN,FP,FN,TP,sensitivity,specificity,BA,Accuracy,precision,ROC_ACU_score_discretized,MCC,f1_score,cohen_kappa,PPV_score,NPV_score,FPR_score,FDR_score,PLR_score,NLR_score,DOR_score
0.9246056381794593,0.5730139492606298,13234,1489,0.17153996101364521,425,0.8284600389863548,0.898865720301569,0.8636628796439618,0.8964951430821738,0.2220480668756531,0.8636628796439618,0.395849523251875,0.350226617222909,0.3137840146720706,0.2220480668756531,0.9933943852274433,0.10113427969843103,0.777951933124347,8.191683783744864,0.19084047498896015,42.92424751205813
