ROC_AUC_score,prediction_threshold,TN,FP,FN,TP,sensitivity,specificity,BA,Accuracy,precision,ROC_ACU_score_discretized,MCC,f1_score,cohen_kappa,PPV_score,NPV_score,FPR_score,FDR_score,PLR_score,NLR_score,DOR_score
0.9254231438242126,0.5730139492606298,16516,1888,0.16978193146417445,533,0.8302180685358256,0.8974136057378831,0.8638158371368543,0.8951485876299485,0.2201569599339116,0.8638158371368544,0.3942366543278435,0.3480248122755469,0.31132861388478816,0.2201569599339116,0.9934436090225564,0.10258639426211694,0.7798430400660884,8.09286723163842,0.18919028013239683,42.776337272585934
