ROC_AUC_score,prediction_threshold,TN,FP,FN,TP,sensitivity,specificity,BA,Accuracy,precision,ROC_ACU_score_discretized,MCC,f1_score,cohen_kappa,PPV_score,NPV_score,FPR_score,FDR_score,PLR_score,NLR_score,DOR_score
0.9222746127016924,0.5018594171326877,12834,1889,0.16764132553606237,427,0.8323586744639376,0.871697344291245,0.8520280093775914,0.8703728012601732,0.18436960276338515,0.8520280093775914,0.35372317920847285,0.3018734535171439,0.26114070205223994,0.18436960276338515,0.993343653250774,0.12830265570875501,0.8156303972366149,6.487462553802306,0.19231597599091835,33.7333522104719
