ROC_AUC_score,prediction_threshold,TN,FP,FN,TP,sensitivity,specificity,BA,Accuracy,precision,ROC_ACU_score_discretized,MCC,f1_score,cohen_kappa,PPV_score,NPV_score,FPR_score,FDR_score,PLR_score,NLR_score,DOR_score
0.9247866845958586,0.5018594171326877,16047,2357,0.14797507788161993,547,0.8520249221183801,0.8719300152140839,0.861977468666232,0.8712590570198467,0.18836088154269973,0.8619774686662318,0.36346130631763685,0.30851663846587707,0.2681087969950029,0.18836088154269973,0.9941147317556684,0.1280699847859161,0.8116391184573003,6.652807240842878,0.16970981076421343,39.20107630127504
