ROC_AUC_score,prediction_threshold,TN,FP,FN,TP,sensitivity,specificity,BA,Accuracy,precision,ROC_ACU_score_discretized,MCC,f1_score,cohen_kappa,PPV_score,NPV_score,FPR_score,FDR_score,PLR_score,NLR_score,DOR_score
0.9359468463698508,0.5143056785898488,12861,1862,0.1189083820662768,452,0.8810916179337231,0.8735312096719419,0.8773114138028325,0.8737857705434497,0.19533275713050993,0.8773114138028325,0.37926278651274564,0.31977361160240536,0.2800918413500728,0.19533275713050993,0.9952793685188052,0.12646879032805813,0.8046672428694901,6.966869973597318,0.13612379357451163,51.18039830254792
