ROC_AUC_score,prediction_threshold,TN,FP,FN,TP,sensitivity,specificity,BA,Accuracy,precision,ROC_ACU_score_discretized,MCC,f1_score,cohen_kappa,PPV_score,NPV_score,FPR_score,FDR_score,PLR_score,NLR_score,DOR_score
0.9236661947389196,0.5143056785898488,16048,2356,0.1557632398753894,542,0.8442367601246106,0.8719843512279939,0.8581105556763022,0.8710490391683293,0.18702553485162182,0.8581105556763021,0.3598837055351845,0.30621468926553674,0.2656884087183209,0.18702553485162182,0.9938072826356205,0.12801564877200608,0.8129744651483782,6.594793435200904,0.17863077434363578,36.9185738539898
