ROC_AUC_score,prediction_threshold,TN,FP,FN,TP,sensitivity,specificity,BA,Accuracy,precision,ROC_ACU_score_discretized,MCC,f1_score,cohen_kappa,PPV_score,NPV_score,FPR_score,FDR_score,PLR_score,NLR_score,DOR_score
0.9297373101374715,0.4987626746820536,12891,1832,0.12475633528265107,449,0.8752436647173489,0.8755688378727161,0.8754062512950325,0.8755578892097663,0.1968434896975011,0.8754062512950326,0.3795832004423735,0.3214030064423765,0.28192597404295483,0.1968434896975011,0.9950598224623698,0.12443116212728385,0.8031565103024989,7.033958774909128,0.14248603866003193,49.365950805130986
