ROC_AUC_score,prediction_threshold,TN,FP,FN,TP,sensitivity,specificity,BA,Accuracy,precision,ROC_ACU_score_discretized,MCC,f1_score,cohen_kappa,PPV_score,NPV_score,FPR_score,FDR_score,PLR_score,NLR_score,DOR_score
0.9300731894258394,0.4987626746820536,16021,2383,0.14174454828660435,551,0.8582554517133957,0.8705172788524234,0.8643863652829096,0.8701039588365012,0.18779822767552828,0.8643863652829096,0.364343443538819,0.308165548098434,0.26765781946384626,0.18779822767552828,0.9943520357497517,0.1294827211475766,0.8122017723244717,6.6283396279199875,0.16282795497576094,40.70762682554542
