ROC_AUC_score,prediction_threshold,TN,FP,FN,TP,sensitivity,specificity,BA,Accuracy,precision,ROC_ACU_score_discretized,MCC,f1_score,cohen_kappa,PPV_score,NPV_score,FPR_score,FDR_score,PLR_score,NLR_score,DOR_score
0.9248675243770637,0.5380725229958171,13078,1645,0.17153996101364521,425,0.8284600389863548,0.8882700536575426,0.8583650463219488,0.8862562352323444,0.20531400966183574,0.8583650463219488,0.37731179318832003,0.32907471931862176,0.2908019517620479,0.20531400966183574,0.9933161172717606,0.11172994634245738,0.7946859903381642,7.414843254708877,0.19311690212600538,38.39562033710971
