ROC_AUC_score,prediction_threshold,TN,FP,FN,TP,sensitivity,specificity,BA,Accuracy,precision,ROC_ACU_score_discretized,MCC,f1_score,cohen_kappa,PPV_score,NPV_score,FPR_score,FDR_score,PLR_score,NLR_score,DOR_score
0.9312057821643812,0.5380725229958171,16364,2040,0.14953271028037382,546,0.8504672897196262,0.8891545316235601,0.8698109106715931,0.8878504672897196,0.2111368909512761,0.8698109106715931,0.3896764556935698,0.33828996282527884,0.3005121865065348,0.2111368909512761,0.9941676792223573,0.11084546837643991,0.7888631090487239,7.672549019607841,0.1681740405768761,45.62267156862743
