ROC_AUC_score,prediction_threshold,TN,FP,FN,TP,sensitivity,specificity,BA,Accuracy,precision,ROC_ACU_score_discretized,MCC,f1_score,cohen_kappa,PPV_score,NPV_score,FPR_score,FDR_score,PLR_score,NLR_score,DOR_score
0.9174847962351939,0.5100022169128083,12845,1878,0.17348927875243664,424,0.8265107212475633,0.8724444746315289,0.8494775979395461,0.8708978734576004,0.1841876629018245,0.8494775979395462,0.3520360086258368,0.3012433392539965,0.26052135281614286,0.1841876629018245,0.9931189113963198,0.1275555253684711,0.8158123370981755,6.479615201772029,0.19885423519440448,32.584748297854496
