ROC_AUC_score,prediction_threshold,TN,FP,FN,TP,sensitivity,specificity,BA,Accuracy,precision,ROC_ACU_score_discretized,MCC,f1_score,cohen_kappa,PPV_score,NPV_score,FPR_score,FDR_score,PLR_score,NLR_score,DOR_score
0.9249442759633048,0.5100022169128083,16075,2329,0.14330218068535824,550,0.8566978193146417,0.8734514236035644,0.8650746214591031,0.8728866953691063,0.19103855505383813,0.865074621459103,0.367874524677402,0.31241124680488497,0.27229774227866044,0.19103855505383813,0.9943093956825633,0.12654857639643555,0.8089614449461618,6.76971518534421,0.16406428201140488,41.26257770642373
