ROC_AUC_score,prediction_threshold,TN,FP,FN,TP,sensitivity,specificity,BA,Accuracy,precision,ROC_ACU_score_discretized,MCC,f1_score,cohen_kappa,PPV_score,NPV_score,FPR_score,FDR_score,PLR_score,NLR_score,DOR_score
0.9342425898203086,0.48733538720338987,15903,2501,0.11838006230529595,566,0.881619937694704,0.8641056292110411,0.8728627834528726,0.8646959991599286,0.18454515813498532,0.8728627834528726,0.3661600619732887,0.3052035589107576,0.264184357344746,0.18454515813498532,0.995243757431629,0.1358943707889589,0.8154548418650147,6.48753831800613,0.13699721226602948,47.35525789684125
