ROC_AUC_score,prediction_threshold,TN,FP,FN,TP,sensitivity,specificity,BA,Accuracy,precision,ROC_ACU_score_discretized,MCC,f1_score,cohen_kappa,PPV_score,NPV_score,FPR_score,FDR_score,PLR_score,NLR_score,DOR_score
0.9265443639587926,0.4240931968714571,12208,2515,0.11500974658869395,454,0.884990253411306,0.829178835835088,0.8570845446231969,0.8310580204778157,0.15291343886830583,0.8570845446231969,0.32522476327117084,0.2607696726019529,0.21573789857519454,0.15291343886830583,0.9951903480883671,0.17082116416491205,0.8470865611316942,5.180799801580382,0.13870318635528683,37.351699969673476
