ROC_AUC_score,prediction_threshold,TN,FP,FN,TP,sensitivity,specificity,BA,Accuracy,precision,ROC_ACU_score_discretized,MCC,f1_score,cohen_kappa,PPV_score,NPV_score,FPR_score,FDR_score,PLR_score,NLR_score,DOR_score
0.9255329161139966,0.4240931968714571,15187,3217,0.11370716510903427,569,0.8862928348909658,0.825201043251467,0.8557469390712165,0.8272603171269558,0.1502905441098785,0.8557469390712164,0.32175642091950396,0.2570009033423667,0.21155378915169532,0.1502905441098785,0.99521625163827,0.17479895674853294,0.8497094558901215,5.07035540358512,0.13779328811922473,36.79682423426915
