ROC_AUC_score,prediction_threshold,TN,FP,FN,TP,sensitivity,specificity,BA,Accuracy,precision,ROC_ACU_score_discretized,MCC,f1_score,cohen_kappa,PPV_score,NPV_score,FPR_score,FDR_score,PLR_score,NLR_score,DOR_score
0.9250184597993432,0.5021105367679557,12867,1856,0.1539961013645224,434,0.8460038986354775,0.8739387353120968,0.8599713169737871,0.872998162247309,0.18951965065502183,0.8599713169737873,0.3633868344353608,0.30966821262932576,0.26947782598534165,0.18951965065502183,0.9938977290282712,0.12606126468790327,0.8104803493449781,6.711053555824429,0.17620926403900397,38.08570220427761
