ROC_AUC_score,prediction_threshold,TN,FP,FN,TP,sensitivity,specificity,BA,Accuracy,precision,ROC_ACU_score_discretized,MCC,f1_score,cohen_kappa,PPV_score,NPV_score,FPR_score,FDR_score,PLR_score,NLR_score,DOR_score
0.9225964862033921,0.5021105367679557,16032,2372,0.16199376947040497,538,0.838006230529595,0.8711149750054336,0.8545606027675143,0.8699989499107424,0.18487972508591066,0.8545606027675143,0.3557129382357472,0.30292792792792794,0.26217740099374554,0.18487972508591066,0.993554784333168,0.1288850249945664,0.8151202749140893,6.501967397414275,0.18596141051230874,34.964067972499656
