ROC_AUC_score,prediction_threshold,TN,FP,FN,TP,sensitivity,specificity,BA,Accuracy,precision,ROC_ACU_score_discretized,MCC,f1_score,cohen_kappa,PPV_score,NPV_score,FPR_score,FDR_score,PLR_score,NLR_score,DOR_score
0.9332461615069922,0.5059151418639647,12835,1888,0.14619883040935672,438,0.8538011695906432,0.8717652652312708,0.8627832174109571,0.871160409556314,0.1883061049011178,0.862783217410957,0.36388658567667526,0.30855935188446637,0.26818338061992353,0.1883061049011178,0.9941905499612703,0.1282347347687292,0.8116938950988822,6.658111557141443,0.16770435372940862,39.70148305084746
