ROC_AUC_score,prediction_threshold,TN,FP,FN,TP,sensitivity,specificity,BA,Accuracy,precision,ROC_ACU_score_discretized,MCC,f1_score,cohen_kappa,PPV_score,NPV_score,FPR_score,FDR_score,PLR_score,NLR_score,DOR_score
0.9339905451950374,0.5059151418639647,16095,2309,0.14330218068535824,550,0.8566978193146417,0.8745381438817649,0.8656179815982032,0.8739367846266932,0.19237495627841902,0.8656179815982032,0.36947997685691775,0.31419594401599543,0.2742404945064275,0.19237495627841902,0.9943164267622165,0.12546185611823515,0.807625043721581,6.8283528222895935,0.16386041213627422,41.67176643380346
