ROC_AUC_score,prediction_threshold,TN,FP,FN,TP,sensitivity,specificity,BA,Accuracy,precision,ROC_ACU_score_discretized,MCC,f1_score,cohen_kappa,PPV_score,NPV_score,FPR_score,FDR_score,PLR_score,NLR_score,DOR_score
0.925091544319605,0.4989234034545463,12876,1847,0.15789473684210525,432,0.8421052631578947,0.874550023772329,0.8583276434651119,0.8734576004200577,0.18955682316805617,0.8583276434651118,0.3624455364410452,0.30945558739255014,0.269290368331782,0.18955682316805617,0.9937485529057652,0.12544997622767098,0.8104431768319439,6.712677741999831,0.18054397410114292,37.180292365998916
