ROC_AUC_score,prediction_threshold,TN,FP,FN,TP,sensitivity,specificity,BA,Accuracy,precision,ROC_ACU_score_discretized,MCC,f1_score,cohen_kappa,PPV_score,NPV_score,FPR_score,FDR_score,PLR_score,NLR_score,DOR_score
0.9302634501100601,0.4989234034545463,16096,2308,0.13862928348909656,553,0.8613707165109035,0.8745924798956749,0.8679815982032892,0.8741468024782106,0.19328905976931143,0.8679815982032891,0.37176152629984927,0.31572937482158153,0.2758578552007631,0.19328905976931143,0.9945010812480692,0.12540752010432515,0.8067109402306886,6.868573079145006,0.15850728959575872,43.332852997877474
