ROC_AUC_score,prediction_threshold,TN,FP,FN,TP,sensitivity,specificity,BA,Accuracy,precision,ROC_ACU_score_discretized,MCC,f1_score,cohen_kappa,PPV_score,NPV_score,FPR_score,FDR_score,PLR_score,NLR_score,DOR_score
0.9291861310471647,0.43254322685333707,12428,2295,0.11500974658869395,454,0.884990253411306,0.8441214426407662,0.864555848026036,0.8454975059070622,0.16515096398690432,0.864555848026036,0.34200659271740064,0.27835683629675045,0.23493952284926778,0.16515096398690432,0.9952750860895331,0.15587855735923384,0.8348490360130957,5.6774342052177165,0.13624786763963162,41.669894021638775
