ROC_AUC_score,prediction_threshold,TN,FP,FN,TP,sensitivity,specificity,BA,Accuracy,precision,ROC_ACU_score_discretized,MCC,f1_score,cohen_kappa,PPV_score,NPV_score,FPR_score,FDR_score,PLR_score,NLR_score,DOR_score
0.9320931857560425,0.43254322685333707,15473,2931,0.12149532710280374,564,0.8785046728971962,0.8407411432297327,0.8596229080634645,0.8420140711960516,0.16137339055793992,0.8596229080634644,0.3353499298826277,0.2726613488034808,0.22873484763394136,0.16137339055793992,0.9949842453861488,0.15925885677026733,0.8386266094420601,5.516206073012625,0.14450979124927293,38.171849985565444
