ROC_AUC_score,prediction_threshold,TN,FP,FN,TP,sensitivity,specificity,BA,Accuracy,precision,ROC_ACU_score_discretized,MCC,f1_score,cohen_kappa,PPV_score,NPV_score,FPR_score,FDR_score,PLR_score,NLR_score,DOR_score
0.9233590969507205,0.5088956818740107,12770,1953,0.15789473684210525,432,0.8421052631578947,0.8673504041295932,0.8547278336437439,0.8665003938041481,0.1811320754716981,0.8547278336437439,0.352183858637371,0.2981366459627329,0.2569572270959939,0.1811320754716981,0.9936969885612015,0.13264959587040684,0.8188679245283019,6.348343978225134,0.18204261632939048,34.87284519542584
