ROC_AUC_score,prediction_threshold,TN,FP,FN,TP,sensitivity,specificity,BA,Accuracy,precision,ROC_ACU_score_discretized,MCC,f1_score,cohen_kappa,PPV_score,NPV_score,FPR_score,FDR_score,PLR_score,NLR_score,DOR_score
0.9225509522851933,0.5088956818740107,15993,2411,0.16199376947040497,538,0.838006230529595,0.8689958704629428,0.8535010504962689,0.867951275858448,0.18243472363513055,0.8535010504962689,0.3527235626717436,0.2996379838485102,0.2585912787135025,0.18243472363513055,0.9935391687892153,0.13100412953705717,0.8175652763648694,6.396792478916077,0.1864148898476417,34.31481511023193
