ROC_AUC_score,prediction_threshold,TN,FP,FN,TP,sensitivity,specificity,BA,Accuracy,precision,ROC_ACU_score_discretized,MCC,f1_score,cohen_kappa,PPV_score,NPV_score,FPR_score,FDR_score,PLR_score,NLR_score,DOR_score
0.930068838468514,0.5182101717773755,12904,1819,0.15009746588693956,436,0.8499025341130604,0.8764518100930517,0.8631771721030561,0.8755578892097663,0.19334811529933482,0.863177172103056,0.36895893230330756,0.3150289017341041,0.27527012426461295,0.19334811529933482,0.9940682536014175,0.12354818990694831,0.8066518847006652,6.8791176524170385,0.17125581139595566,40.168666957012206
