ROC_AUC_score,prediction_threshold,TN,FP,FN,TP,sensitivity,specificity,BA,Accuracy,precision,ROC_ACU_score_discretized,MCC,f1_score,cohen_kappa,PPV_score,NPV_score,FPR_score,FDR_score,PLR_score,NLR_score,DOR_score
0.9230986288366135,0.5182101717773755,16175,2229,0.15109034267912771,545,0.8489096573208723,0.8788850249945664,0.8638973411577193,0.8778746193426441,0.19646719538572457,0.8638973411577194,0.372356387486976,0.31908665105386413,0.2796506367875288,0.19646719538572457,0.9940388397246804,0.1211149750054336,0.8035328046142755,7.009122177359058,0.1719113858835651,40.77171585427337
