{"performances": [0.9227716817622609, 0.9222751250743947, 0.9231271510121395, 0.9229511937334497, 0.9236362337592868, 0.9232447097712064, 0.9228781532661531, 0.9232452175844206, 0.9232706082451262, 0.9225038102918166], "mean": 0.9229903884500255, "std": 0.000381351031956769}