ROC_AUC_score,prediction_threshold,TN,FP,FN,TP,sensitivity,specificity,BA,Accuracy,precision,ROC_ACU_score_discretized,MCC,f1_score,cohen_kappa,PPV_score,NPV_score,FPR_score,FDR_score,PLR_score,NLR_score,DOR_score
0.9211903932516506,0.520619730593375,12868,1855,0.1539961013645224,434,0.8460038986354775,0.8740066562521225,0.8600052774438001,0.8730637962719874,0.18960244648318042,0.8600052774438001,0.36348645442767735,0.30977872947894364,0.26959817670373465,0.18960244648318042,0.9938982003552946,0.12599334374787746,0.8103975535168195,6.714671374452901,0.17619557043750889,38.109195127776424
