ROC_AUC_score,prediction_threshold,TN,FP,FN,TP,sensitivity,specificity,BA,Accuracy,precision,ROC_ACU_score_discretized,MCC,f1_score,cohen_kappa,PPV_score,NPV_score,FPR_score,FDR_score,PLR_score,NLR_score,DOR_score
0.9213107877807953,0.520619730593375,16091,2313,0.16822429906542055,534,0.8317757009345794,0.8743207998261248,0.853048250380352,0.8728866953691063,0.18756585879873552,0.8530482503803521,0.35739613311039425,0.30610490111779887,0.2657111017962849,0.18756585879873552,0.9933329217852954,0.12567920017387524,0.8124341412012644,6.618244703847817,0.19240569262320553,34.39734351731758
