ROC_AUC_score,prediction_threshold,TN,FP,FN,TP,sensitivity,specificity,BA,Accuracy,precision,ROC_ACU_score_discretized,MCC,f1_score,cohen_kappa,PPV_score,NPV_score,FPR_score,FDR_score,PLR_score,NLR_score,DOR_score
0.9402028280796552,0.5024998371624455,13027,1696,0.1364522417153996,443,0.8635477582846004,0.8848060857162263,0.8741769220004134,0.8840903124179574,0.20710612435717626,0.8741769220004134,0.38857291589920473,0.33408748114630465,0.2958416600678262,0.20710612435717626,0.994655264564404,0.1151939142837737,0.7928938756428238,7.496470309684064,0.1542171148212043,48.609846698113216
