ROC_AUC_score,prediction_threshold,TN,FP,FN,TP,sensitivity,specificity,BA,Accuracy,precision,ROC_ACU_score_discretized,MCC,f1_score,cohen_kappa,PPV_score,NPV_score,FPR_score,FDR_score,PLR_score,NLR_score,DOR_score
0.9232149180626453,0.5024998371624455,16144,2260,0.16043613707165108,539,0.839563862928349,0.8772006085633558,0.8583822357458524,0.8759319542161084,0.1925687745623437,0.8583822357458524,0.3653524777441047,0.3132810229584423,0.27343801281719093,0.1925687745623437,0.993660368067951,0.12279939143664421,0.8074312254376563,6.836873156342183,0.1828956062107697,37.38128705215226
