ROC_AUC_score,prediction_threshold,TN,FP,FN,TP,sensitivity,specificity,BA,Accuracy,precision,ROC_ACU_score_discretized,MCC,f1_score,cohen_kappa,PPV_score,NPV_score,FPR_score,FDR_score,PLR_score,NLR_score,DOR_score
0.9280301510717939,0.532969423200149,13071,1652,0.14619883040935672,438,0.8538011695906432,0.8877946070773619,0.8707978883340026,0.8866500393804148,0.20956937799043063,0.8707978883340025,0.38882495413404533,0.336534767575874,0.2986113702669292,0.20956937799043063,0.994294842537654,0.11220539292263805,0.7904306220095694,7.609270351018787,0.16467641191316348,46.207409200968485
