ROC_AUC_score,prediction_threshold,TN,FP,FN,TP,sensitivity,specificity,BA,Accuracy,precision,ROC_ACU_score_discretized,MCC,f1_score,cohen_kappa,PPV_score,NPV_score,FPR_score,FDR_score,PLR_score,NLR_score,DOR_score
0.9339806428373624,0.532969423200149,16311,2093,0.16043613707165108,539,0.839563862928349,0.886274722886329,0.862919292907339,0.884700199516959,0.2047872340425532,0.8629192929073389,0.3795889146825182,0.32926084300549785,0.29082636051583133,0.2047872340425532,0.9937248690142562,0.11372527711367095,0.7952127659574468,7.382385730211816,0.1810230314920401,40.78147222132026
