{"performances": [0.9265438875877586, 0.9286306613556176, 0.927205060392533, 0.9241355834198308, 0.926130866173614, 0.9249441913277691, 0.9264691544097485, 0.9269674884438638, 0.9265508277016848, 0.9260777996927392], "mean": 0.9263655520505161, "std": 0.0011578251681423945}