ROC_AUC_score,prediction_threshold,TN,FP,FN,TP,sensitivity,specificity,BA,Accuracy,precision,ROC_ACU_score_discretized,MCC,f1_score,cohen_kappa,PPV_score,NPV_score,FPR_score,FDR_score,PLR_score,NLR_score,DOR_score
0.9293575883908946,0.4513816421077853,12715,2008,0.11500974658869395,454,0.884990253411306,0.8636147524281736,0.8743025029197398,0.8643344709897611,0.1844029244516653,0.8743025029197399,0.36686145591681063,0.30521008403361344,0.26420533982687544,0.1844029244516653,0.9953812431501488,0.1363852475718264,0.8155970755483347,6.48890014988778,0.13317251270352667,48.72552164224457
