ROC_AUC_score,prediction_threshold,TN,FP,FN,TP,sensitivity,specificity,BA,Accuracy,precision,ROC_ACU_score_discretized,MCC,f1_score,cohen_kappa,PPV_score,NPV_score,FPR_score,FDR_score,PLR_score,NLR_score,DOR_score
0.9297717176477279,0.4513816421077853,15803,2601,0.12305295950155763,563,0.8769470404984424,0.8586720278200392,0.8678095341592408,0.8592880394833561,0.1779393173198483,0.8678095341592408,0.35670218638871615,0.29584866001050975,0.25404222048475367,0.1779393173198483,0.9950258153884901,0.14132797217996088,0.8220606826801518,6.205049339997439,0.14330612330992,43.29926172504249
