ROC_AUC_score,prediction_threshold,TN,FP,FN,TP,sensitivity,specificity,BA,Accuracy,precision,ROC_ACU_score_discretized,MCC,f1_score,cohen_kappa,PPV_score,NPV_score,FPR_score,FDR_score,PLR_score,NLR_score,DOR_score
0.9271871634984129,0.4365063098206214,12464,2259,0.1267056530214425,448,0.8732943469785575,0.8465665964816953,0.8599304717301264,0.8474665266474141,0.16549685999261174,0.8599304717301264,0.33970592159872715,0.2782608695652174,0.2349498205997259,0.16549685999261174,0.994812036076303,0.1534334035183047,0.8345031400073882,5.691683342437052,0.14967003605862472,38.0282085333878
