ROC_AUC_score,prediction_threshold,TN,FP,FN,TP,sensitivity,specificity,BA,Accuracy,precision,ROC_ACU_score_discretized,MCC,f1_score,cohen_kappa,PPV_score,NPV_score,FPR_score,FDR_score,PLR_score,NLR_score,DOR_score
0.9234688246697015,0.4365063098206214,15545,2859,0.12305295950155763,563,0.8769470404984424,0.844653336231254,0.8608001883648482,0.8457418880604851,0.16452367036820573,0.8608001883648482,0.33922219488209077,0.2770669291338583,0.23355922664759476,0.16452367036820573,0.9949436763952892,0.15534666376874592,0.8354763296317943,5.645097353386965,0.14568457167363563,38.748765833853575
