ROC_AUC_score,prediction_threshold,TN,FP,FN,TP,sensitivity,specificity,BA,Accuracy,precision,ROC_ACU_score_discretized,MCC,f1_score,cohen_kappa,PPV_score,NPV_score,FPR_score,FDR_score,PLR_score,NLR_score,DOR_score
0.9183088506810431,0.5541112462029544,13158,1565,0.18128654970760233,420,0.8187134502923976,0.8937037288596075,0.8562085895760025,0.891178787083224,0.21158690176322417,0.8562085895760027,0.38175667508162026,0.33626901521216973,0.2987439829277573,0.21158690176322417,0.9929816617613765,0.10629627114039258,0.7884130982367759,7.702184107766758,0.20284859943342679,37.97011233639082
