ROC_AUC_score,prediction_threshold,TN,FP,FN,TP,sensitivity,specificity,BA,Accuracy,precision,ROC_ACU_score_discretized,MCC,f1_score,cohen_kappa,PPV_score,NPV_score,FPR_score,FDR_score,PLR_score,NLR_score,DOR_score
0.9259322265713603,0.5541112462029544,16382,2022,0.18847352024922118,521,0.8115264797507789,0.8901325798739405,0.8508295298123596,0.8874829360495642,0.20487613055446324,0.8508295298123596,0.37230179788601503,0.32715855572998426,0.2888813491072194,0.20487613055446324,0.9926679997576199,0.10986742012605956,0.7951238694455368,7.386416089680186,0.21173645871484958,34.88495148408826
