ROC_AUC_score,prediction_threshold,TN,FP,FN,TP,sensitivity,specificity,BA,Accuracy,precision,ROC_ACU_score_discretized,MCC,f1_score,cohen_kappa,PPV_score,NPV_score,FPR_score,FDR_score,PLR_score,NLR_score,DOR_score
0.924423986074751,0.49429125678721153,12852,1871,0.14230019493177387,440,0.8576998050682261,0.8729199212117096,0.8653098631399678,0.8724074560252034,0.1903937689311986,0.8653098631399678,0.3673947818613432,0.311614730878187,0.271467012310155,0.1903937689311986,0.9943520309477756,0.12708007878829042,0.8096062310688014,6.749286066285138,0.16301632197171706,41.402517150743485
