ROC_AUC_score,prediction_threshold,TN,FP,FN,TP,sensitivity,specificity,BA,Accuracy,precision,ROC_ACU_score_discretized,MCC,f1_score,cohen_kappa,PPV_score,NPV_score,FPR_score,FDR_score,PLR_score,NLR_score,DOR_score
0.9339692170400449,0.49429125678721153,15998,2406,0.1308411214953271,558,0.8691588785046729,0.8692675505324929,0.8692132145185829,0.8692638874304316,0.1882591093117409,0.8692132145185829,0.36763913019518646,0.30948419301164726,0.2689757545769421,0.1882591093117409,0.9947767690585748,0.13073244946750706,0.8117408906882592,6.648379052369077,0.1505188148518565,44.169754185963654
