ROC_AUC_score,prediction_threshold,TN,FP,FN,TP,sensitivity,specificity,BA,Accuracy,precision,ROC_ACU_score_discretized,MCC,f1_score,cohen_kappa,PPV_score,NPV_score,FPR_score,FDR_score,PLR_score,NLR_score,DOR_score
0.9386609035815255,0.5683211802732411,13189,1534,0.14230019493177387,440,0.8576998050682261,0.8958092780004075,0.8767545415343168,0.894526122341822,0.22289766970618036,0.8767545415343168,0.40473172169912097,0.3538399678327302,0.31735245217501473,0.22289766970618036,0.9944955511989142,0.10419072199959248,0.7771023302938197,8.232017099100062,0.15885099476688963,51.822257148470285
