ROC_AUC_score,prediction_threshold,TN,FP,FN,TP,sensitivity,specificity,BA,Accuracy,precision,ROC_ACU_score_discretized,MCC,f1_score,cohen_kappa,PPV_score,NPV_score,FPR_score,FDR_score,PLR_score,NLR_score,DOR_score
0.9355183858852302,0.5683211802732411,16454,1950,0.16510903426791276,536,0.8348909657320872,0.8940447728754618,0.8644678693037745,0.8920508243200672,0.21560740144810941,0.8644678693037746,0.3905099837533042,0.34271099744245526,0.30550031122379273,0.21560740144810941,0.9935990338164251,0.10595522712453814,0.7843925985518906,7.8796581196581155,0.1846764717799117,42.66736332849538
