ROC_AUC_score,prediction_threshold,TN,FP,FN,TP,sensitivity,specificity,BA,Accuracy,precision,ROC_ACU_score_discretized,MCC,f1_score,cohen_kappa,PPV_score,NPV_score,FPR_score,FDR_score,PLR_score,NLR_score,DOR_score
0.9354594838352797,0.47986341025775886,12578,2145,0.09746588693957114,463,0.9025341130604289,0.8543095836446376,0.8784218483525332,0.8559333158309268,0.17753067484662577,0.8784218483525331,0.362444869648996,0.29669977571291256,0.25476406543685914,0.17753067484662577,0.9960405448210327,0.14569041635536237,0.8224693251533742,6.194876338735987,0.11408731542465464,54.29943123543122
