ROC_AUC_score,prediction_threshold,TN,FP,FN,TP,sensitivity,specificity,BA,Accuracy,precision,ROC_ACU_score_discretized,MCC,f1_score,cohen_kappa,PPV_score,NPV_score,FPR_score,FDR_score,PLR_score,NLR_score,DOR_score
0.9324873334457294,0.47986341025775886,15740,2664,0.1308411214953271,558,0.8691588785046729,0.8552488589437078,0.8622038687241904,0.8557177360075606,0.17318435754189945,0.8622038687241904,0.34872718296920974,0.28881987577639756,0.24645986615890858,0.17318435754189945,0.9946916076845298,0.1447511410562921,0.8268156424581006,6.004504504504502,0.15298602287166457,39.248712998712975
