ROC_AUC_score,prediction_threshold,TN,FP,FN,TP,sensitivity,specificity,BA,Accuracy,precision,ROC_ACU_score_discretized,MCC,f1_score,cohen_kappa,PPV_score,NPV_score,FPR_score,FDR_score,PLR_score,NLR_score,DOR_score
0.9294627135885176,0.4450437826861381,12616,2107,0.12085769980506822,451,0.8791423001949318,0.8568905793656184,0.8680164397802751,0.8576398004725649,0.1763096168881939,0.8680164397802751,0.35520445990344335,0.29371540214913716,0.2517446296237259,0.1763096168881939,0.9951096387442814,0.1431094206343816,0.8236903831118061,6.143147643934494,0.1410421618761905,43.55539905384509
