ROC_AUC_score,prediction_threshold,TN,FP,FN,TP,sensitivity,specificity,BA,Accuracy,precision,ROC_ACU_score_discretized,MCC,f1_score,cohen_kappa,PPV_score,NPV_score,FPR_score,FDR_score,PLR_score,NLR_score,DOR_score
0.9272461932628759,0.4450437826861381,15675,2729,0.11993769470404984,565,0.8800623052959502,0.8517170180395566,0.8658896616677534,0.8526724771605586,0.17152398299939284,0.8658896616677534,0.34919990070347356,0.28709349593495936,0.2444666303624372,0.17152398299939284,0.9951117318435754,0.14828298196044337,0.8284760170006071,5.935018932453889,0.14081871345029234,42.1465214887714
