ROC_AUC_score,prediction_threshold,TN,FP,FN,TP,sensitivity,specificity,BA,Accuracy,precision,ROC_ACU_score_discretized,MCC,f1_score,cohen_kappa,PPV_score,NPV_score,FPR_score,FDR_score,PLR_score,NLR_score,DOR_score
0.925247908121107,0.539089581044313,12951,1772,0.15594541910331383,433,0.8440545808966862,0.8796440942742647,0.8618493375854754,0.8784457862956156,0.1963718820861678,0.8618493375854754,0.3710406113762543,0.318616629874908,0.279241182393943,0.1963718820861678,0.993860793492441,0.12035590572573525,0.8036281179138322,7.012988484504461,0.17728240332469228,39.55828865688486
