ROC_AUC_score,prediction_threshold,TN,FP,FN,TP,sensitivity,specificity,BA,Accuracy,precision,ROC_ACU_score_discretized,MCC,f1_score,cohen_kappa,PPV_score,NPV_score,FPR_score,FDR_score,PLR_score,NLR_score,DOR_score
0.930827884497546,0.539089581044313,16263,2141,0.1573208722741433,541,0.8426791277258567,0.8836665942186481,0.8631728609722524,0.8822849942245091,0.2017151379567487,0.8631728609722524,0.3768711449873181,0.32551143200962696,0.2867121368107983,0.2017151379567487,0.9938279149352237,0.11633340578135189,0.7982848620432513,7.243655612642068,0.17803193342761683,40.6873950823387
