ROC_AUC_score,prediction_threshold,TN,FP,FN,TP,sensitivity,specificity,BA,Accuracy,precision,ROC_ACU_score_discretized,MCC,f1_score,cohen_kappa,PPV_score,NPV_score,FPR_score,FDR_score,PLR_score,NLR_score,DOR_score
0.9194441763354709,0.5551831601022212,13142,1581,0.1695906432748538,426,0.8304093567251462,0.8926169938191945,0.8615131752721703,0.89052244683644,0.21225710014947682,0.8615131752721704,0.38563262574927637,0.3380952380952381,0.30058423794358025,0.21225710014947682,0.9934235391941946,0.10738300618080554,0.7877428998505231,7.733154306808556,0.18999262219872723,40.70239263669872
