ROC_AUC_score,prediction_threshold,TN,FP,FN,TP,sensitivity,specificity,BA,Accuracy,precision,ROC_ACU_score_discretized,MCC,f1_score,cohen_kappa,PPV_score,NPV_score,FPR_score,FDR_score,PLR_score,NLR_score,DOR_score
0.9200795100076444,0.5551831601022212,16392,2012,0.17601246105919002,529,0.82398753894081,0.8906759400130406,0.8573317394769253,0.8884280163813925,0.2081857536402991,0.8573317394769253,0.37932818989435324,0.3323908262645303,0.29441764506176293,0.2081857536402991,0.9931535898212663,0.10932405998695936,0.7918142463597009,7.5371106693174275,0.19761672360501054,38.14004468762646
