{"performances": [0.9268021952426703, 0.9225174366130618, 0.9274223198126372, 0.926642995800046, 0.9267147667343073, 0.9257807289624836, 0.9294954672592509, 0.927099858421676, 0.9251951356910761, 0.9274292599265636], "mean": 0.9265100164463773, "std": 0.0017112736811510142}