ROC_AUC_score,prediction_threshold,TN,FP,FN,TP,sensitivity,specificity,BA,Accuracy,precision,ROC_ACU_score_discretized,MCC,f1_score,cohen_kappa,PPV_score,NPV_score,FPR_score,FDR_score,PLR_score,NLR_score,DOR_score
0.9223107577633435,0.5355440130392907,12984,1739,0.13450292397660818,444,0.8654970760233918,0.8818854852951165,0.873691280659254,0.881333683381465,0.2033898305084746,0.873691280659254,0.3847846706718681,0.3293768545994065,0.2907010307675011,0.2033898305084746,0.9947138588830154,0.11811451470488352,0.7966101694915254,7.327609804653475,0.15251744837550857,48.04440333024973
