ROC_AUC_score,prediction_threshold,TN,FP,FN,TP,sensitivity,specificity,BA,Accuracy,precision,ROC_ACU_score_discretized,MCC,f1_score,cohen_kappa,PPV_score,NPV_score,FPR_score,FDR_score,PLR_score,NLR_score,DOR_score
0.9241687605498197,0.5355440130392907,16232,2172,0.17445482866043613,530,0.8255451713395638,0.8819821777874375,0.8537636745635007,0.8800798067835766,0.19615099925980756,0.8537636745635007,0.3659695981378108,0.31698564593301437,0.2776364230785632,0.19615099925980756,0.9931473323543808,0.11801782221256249,0.8038490007401925,6.9950890116635955,0.19779858715294893,35.364706656143106
