ROC_AUC_score,prediction_threshold,TN,FP,FN,TP,sensitivity,specificity,BA,Accuracy,precision,ROC_ACU_score_discretized,MCC,f1_score,cohen_kappa,PPV_score,NPV_score,FPR_score,FDR_score,PLR_score,NLR_score,DOR_score
0.9306970740638794,0.5240097629147307,13028,1695,0.13060428849902533,446,0.8693957115009746,0.8848740066562522,0.8771348590786134,0.8843528485166711,0.20831387202241944,0.8771348590786133,0.391491580003377,0.3360964581763376,0.2979587328115053,0.20831387202241944,0.9948835433371516,0.11512599334374787,0.7916861279775805,7.551689121196963,0.14759647985655133,51.16442565931404
