ROC_AUC_score,prediction_threshold,TN,FP,FN,TP,sensitivity,specificity,BA,Accuracy,precision,ROC_ACU_score_discretized,MCC,f1_score,cohen_kappa,PPV_score,NPV_score,FPR_score,FDR_score,PLR_score,NLR_score,DOR_score
0.9314447082816208,0.5240097629147307,16259,2145,0.1573208722741433,541,0.8426791277258567,0.883449250163008,0.8630641889444324,0.8820749763729917,0.20141474311243485,0.8630641889444324,0.37652375596541054,0.3251201923076923,0.2862865793570317,0.20141474311243485,0.9938264058679707,0.11655074983699196,0.7985852568875651,7.230147630147629,0.17807573241486763,40.6015324609384
