ROC_AUC_score,prediction_threshold,TN,FP,FN,TP,sensitivity,specificity,BA,Accuracy,precision,ROC_ACU_score_discretized,MCC,f1_score,cohen_kappa,PPV_score,NPV_score,FPR_score,FDR_score,PLR_score,NLR_score,DOR_score
0.9233642605309563,0.4788255176721743,12573,2150,0.12475633528265107,449,0.8752436647173489,0.8539699789445085,0.8646068218309287,0.8546862693620373,0.17275875336667948,0.8646068218309287,0.3496926400571267,0.288560411311054,0.24616494492317387,0.17275875336667948,0.994935506844979,0.1460300210554914,0.8272412466333205,5.993587197969081,0.1460898372994887,41.02672238372092
