ROC_AUC_score,prediction_threshold,TN,FP,FN,TP,sensitivity,specificity,BA,Accuracy,precision,ROC_ACU_score_discretized,MCC,f1_score,cohen_kappa,PPV_score,NPV_score,FPR_score,FDR_score,PLR_score,NLR_score,DOR_score
0.9206028115247871,0.4788255176721743,15759,2645,0.14018691588785046,552,0.8598130841121495,0.8562812432079983,0.8580471636600739,0.8564002940249921,0.17266187050359713,0.8580471636600739,0.3457973086967947,0.28757488929408703,0.24519906105324518,0.17266187050359713,0.9943214082907439,0.14371875679200175,0.8273381294964028,5.982608695652173,0.16371597182562347,36.54260869565216
