ROC_AUC_score,prediction_threshold,TN,FP,FN,TP,sensitivity,specificity,BA,Accuracy,precision,ROC_ACU_score_discretized,MCC,f1_score,cohen_kappa,PPV_score,NPV_score,FPR_score,FDR_score,PLR_score,NLR_score,DOR_score
0.918530355033213,0.48074335521641587,12746,1977,0.15789473684210525,432,0.8421052631578947,0.8657203015689737,0.8539127823634343,0.8649251772118667,0.1793275217932752,0.8539127823634343,0.3499468876490207,0.2956878850102669,0.25428749714789955,0.1793275217932752,0.9936851952911827,0.13427969843102627,0.8206724782067247,6.271277586987195,0.18238539232122364,34.38475805091889
