ROC_AUC_score,prediction_threshold,TN,FP,FN,TP,sensitivity,specificity,BA,Accuracy,precision,ROC_ACU_score_discretized,MCC,f1_score,cohen_kappa,PPV_score,NPV_score,FPR_score,FDR_score,PLR_score,NLR_score,DOR_score
0.9318346241945236,0.48074335521641587,16045,2359,0.13551401869158877,555,0.8644859813084113,0.8718213431862638,0.8681536622473376,0.8715740837971228,0.1904598490048044,0.8681536622473375,0.36914234488026193,0.31214848143982005,0.27192642140468215,0.1904598490048044,0.9946069923134143,0.12817865681373614,0.8095401509951956,6.744383213225941,0.15543783110003112,43.38958647001213
