ROC_AUC_score,prediction_threshold,TN,FP,FN,TP,sensitivity,specificity,BA,Accuracy,precision,ROC_ACU_score_discretized,MCC,f1_score,cohen_kappa,PPV_score,NPV_score,FPR_score,FDR_score,PLR_score,NLR_score,DOR_score
0.9293328296856611,0.573103934278126,13251,1472,0.16374269005847952,429,0.8362573099415205,0.9000203762820077,0.868138843111764,0.89787345760042,0.22567069963177275,0.868138843111764,0.4018934322632404,0.35542667771333886,0.3193308227635382,0.22567069963177275,0.9937007874015747,0.09997962371799225,0.7743293003682272,8.364277428171876,0.18193220328511012,45.974694293478244
