ROC_AUC_score,prediction_threshold,TN,FP,FN,TP,sensitivity,specificity,BA,Accuracy,precision,ROC_ACU_score_discretized,MCC,f1_score,cohen_kappa,PPV_score,NPV_score,FPR_score,FDR_score,PLR_score,NLR_score,DOR_score
0.9199243730707328,0.573103934278126,16419,1985,0.1853582554517134,523,0.8146417445482866,0.8921430123886112,0.853392378468449,0.8895306101018586,0.20853269537480063,0.8533923784684488,0.3772294071360897,0.332063492063492,0.29417795568823457,0.20853269537480063,0.9928044503567541,0.10785698761138883,0.7914673046251993,7.552980688497061,0.2077674239194429,36.3530554791186
