ROC_AUC_score,prediction_threshold,TN,FP,FN,TP,sensitivity,specificity,BA,Accuracy,precision,ROC_ACU_score_discretized,MCC,f1_score,cohen_kappa,PPV_score,NPV_score,FPR_score,FDR_score,PLR_score,NLR_score,DOR_score
0.9270417888548491,0.4827875211140379,12705,2018,0.13255360623781676,445,0.8674463937621832,0.8629355430279155,0.8651909683950494,0.8630874245208716,0.1806739748274462,0.8651909683950494,0.35787239572481133,0.29905913978494625,0.25768831505038214,0.1806739748274462,0.9946762702575745,0.1370644569720845,0.8193260251725538,6.328747896610816,0.15360777210856955,41.200701043549245
