ROC_AUC_score,prediction_threshold,TN,FP,FN,TP,sensitivity,specificity,BA,Accuracy,precision,ROC_ACU_score_discretized,MCC,f1_score,cohen_kappa,PPV_score,NPV_score,FPR_score,FDR_score,PLR_score,NLR_score,DOR_score
0.9237036882812283,0.4827875211140379,15909,2495,0.14797507788161993,547,0.8520249221183801,0.8644316452945012,0.8582282837064407,0.8640134411424971,0.17981591058514135,0.8582282837064407,0.35295522721649714,0.29695982627578715,0.2555163682401881,0.17981591058514135,0.994063984003999,0.1355683547054988,0.8201840894148587,6.284836339345359,0.1711819305634127,36.714367682733915
