ROC_AUC_score,prediction_threshold,TN,FP,FN,TP,sensitivity,specificity,BA,Accuracy,precision,ROC_ACU_score_discretized,MCC,f1_score,cohen_kappa,PPV_score,NPV_score,FPR_score,FDR_score,PLR_score,NLR_score,DOR_score
0.9435231425708196,0.5088079585709654,12925,1798,0.1189083820662768,452,0.8810916179337231,0.8778781498335937,0.8794848838836584,0.8779863481228669,0.2008888888888889,0.8794848838836584,0.3858800775699918,0.32718060079623595,0.2881441724668251,0.2008888888888889,0.9953026336054213,0.12212185016640631,0.7991111111111111,7.214856446517356,0.1354497569951098,53.26592388628528
