ROC_AUC_score,prediction_threshold,TN,FP,FN,TP,sensitivity,specificity,BA,Accuracy,precision,ROC_ACU_score_discretized,MCC,f1_score,cohen_kappa,PPV_score,NPV_score,FPR_score,FDR_score,PLR_score,NLR_score,DOR_score
0.9338277910599144,0.5088079585709654,16113,2291,0.14953271028037382,546,0.8504672897196262,0.8755161921321452,0.8629917409258856,0.8746718471070041,0.19245682058512514,0.8629917409258857,0.36799556671189476,0.31388329979879276,0.2739697001801038,0.19245682058512514,0.9940773644271701,0.12448380786785482,0.8075431794148749,6.831951113051067,0.17079376900639237,40.00117306852901
