ROC_AUC_score,prediction_threshold,TN,FP,FN,TP,sensitivity,specificity,BA,Accuracy,precision,ROC_ACU_score_discretized,MCC,f1_score,cohen_kappa,PPV_score,NPV_score,FPR_score,FDR_score,PLR_score,NLR_score,DOR_score
0.9414479129139686,0.5090123154159505,12868,1855,0.12280701754385964,450,0.8771929824561403,0.8740066562521225,0.8755998193541314,0.8741139406668417,0.19522776572668113,0.8755998193541314,0.37814702521678767,0.319375443577005,0.2797001970760844,0.19522776572668113,0.9951279870079653,0.12599334374787746,0.8047722342733189,6.962216862911994,0.14051039161472229,49.54948016942622
