ROC_AUC_score,prediction_threshold,TN,FP,FN,TP,sensitivity,specificity,BA,Accuracy,precision,ROC_ACU_score_discretized,MCC,f1_score,cohen_kappa,PPV_score,NPV_score,FPR_score,FDR_score,PLR_score,NLR_score,DOR_score
0.9319696178739418,0.5090123154159505,16189,2215,0.14797507788161993,547,0.8520249221183801,0.8796457291893067,0.8658353256538434,0.8787146907487137,0.19804489500362057,0.8658353256538434,0.3750134786876565,0.32138660399529967,0.28211771607352365,0.19804489500362057,0.9941660525669369,0.12035427081069333,0.8019551049963795,7.079307750188114,0.16822122017007426,42.08332184863969
