ROC_AUC_score,prediction_threshold,TN,FP,FN,TP,sensitivity,specificity,BA,Accuracy,precision,ROC_ACU_score_discretized,MCC,f1_score,cohen_kappa,PPV_score,NPV_score,FPR_score,FDR_score,PLR_score,NLR_score,DOR_score
0.9254349886050376,0.5215321346908651,12997,1726,0.16374269005847952,429,0.8362573099415205,0.882768457515452,0.8595128837284862,0.8812024153321082,0.19907192575406032,0.8595128837284862,0.37218355756667887,0.3215892053973014,0.28256629829927815,0.19907192575406032,0.9935784725938384,0.11723154248454798,0.8009280742459397,7.133381445115296,0.1854876991406474,38.457436682668416
