ROC_AUC_score,prediction_threshold,TN,FP,FN,TP,sensitivity,specificity,BA,Accuracy,precision,ROC_ACU_score_discretized,MCC,f1_score,cohen_kappa,PPV_score,NPV_score,FPR_score,FDR_score,PLR_score,NLR_score,DOR_score
0.9308768884727078,0.5215321346908651,16209,2195,0.1308411214953271,558,0.8691588785046729,0.8807324494675071,0.87494566398609,0.8803423290979733,0.2026879767526335,0.87494566398609,0.3848737781431383,0.32871870397643593,0.28989941779251294,0.2026879767526335,0.9948444117105505,0.11926755053249294,0.7973120232473665,7.287471526195899,0.14855944228515025,49.05424666449722
