ROC_AUC_score,prediction_threshold,TN,FP,FN,TP,sensitivity,specificity,BA,Accuracy,precision,ROC_ACU_score_discretized,MCC,f1_score,cohen_kappa,PPV_score,NPV_score,FPR_score,FDR_score,PLR_score,NLR_score,DOR_score
0.9290097749221854,0.46475621526541216,12797,1926,0.14230019493177387,440,0.8576998050682261,0.86918426951029,0.8634420372892581,0.8687975846678918,0.18596787827557057,0.8634420372892581,0.36201398566807913,0.305661688086141,0.2649849911653681,0.18596787827557057,0.9943278943278944,0.13081573048970999,0.8140321217244294,6.556549444454566,0.16371694693916602,40.04808034253686
