ROC_AUC_score,prediction_threshold,TN,FP,FN,TP,sensitivity,specificity,BA,Accuracy,precision,ROC_ACU_score_discretized,MCC,f1_score,cohen_kappa,PPV_score,NPV_score,FPR_score,FDR_score,PLR_score,NLR_score,DOR_score
0.9270025275556378,0.46475621526541216,15842,2562,0.13395638629283488,556,0.8660436137071651,0.8607911323625299,0.8634173730348476,0.8609681822954951,0.17831943553559973,0.8634173730348474,0.35451990790678284,0.2957446808510638,0.2540420090399199,0.17831943553559973,0.9946007031642391,0.13920886763747012,0.8216805644644003,6.221181368722354,0.15562008163952365,39.976726031625006
