{"performances": [0.9275173655192119, 0.9268733737281819, 0.9270855550161451, 0.9258414126415698, 0.9272732766342953, 0.9272059067478898, 0.9272643052675126, 0.9273871114297922, 0.9273067076708911, 0.9273667989012275], "mean": 0.9271121813556716, "std": 0.0004552911514620576}