ROC_AUC_score,prediction_threshold,TN,FP,FN,TP,sensitivity,specificity,BA,Accuracy,precision,ROC_ACU_score_discretized,MCC,f1_score,cohen_kappa,PPV_score,NPV_score,FPR_score,FDR_score,PLR_score,NLR_score,DOR_score
0.9221220884854942,0.4578638412434675,12475,2248,0.13060428849902533,446,0.8693957115009746,0.8473137268219793,0.8583547191614769,0.8480572328695195,0.16555308092056423,0.8583547191614769,0.33885801964190065,0.2781415653258497,0.234858629286668,0.16555308092056423,0.9946579492903843,0.15268627317802078,0.8344469190794358,5.6940004717210195,0.15413923363295798,36.9406304775057
