ROC_AUC_score,prediction_threshold,TN,FP,FN,TP,sensitivity,specificity,BA,Accuracy,precision,ROC_ACU_score_discretized,MCC,f1_score,cohen_kappa,PPV_score,NPV_score,FPR_score,FDR_score,PLR_score,NLR_score,DOR_score
0.9326153023756856,0.4578638412434675,15497,2907,0.10903426791277258,572,0.8909657320872274,0.8420452075635732,0.8665054698254002,0.8436942140081907,0.16441506179936763,0.8665054698254002,0.34237686066606265,0.27760252365930593,0.23400743000043367,0.16441506179936763,0.9955033082803366,0.15795479243642688,0.8355849382006324,5.640637541566335,0.1294874276741735,43.561275738365524
