ROC_AUC_score,prediction_threshold,TN,FP,FN,TP,sensitivity,specificity,BA,Accuracy,precision,ROC_ACU_score_discretized,MCC,f1_score,cohen_kappa,PPV_score,NPV_score,FPR_score,FDR_score,PLR_score,NLR_score,DOR_score
0.9299115478705593,0.46905672896355255,12557,2166,0.1111111111111111,456,0.8888888888888888,0.8528832439040956,0.8708860663964922,0.8540955631399317,0.17391304347826086,0.8708860663964922,0.35447417069324844,0.29090909090909095,0.2485887423114277,0.17391304347826086,0.9954812113524655,0.14711675609590436,0.8260869565217391,6.042064224889709,0.13027704777326507,46.37857802400737
