ROC_AUC_score,prediction_threshold,TN,FP,FN,TP,sensitivity,specificity,BA,Accuracy,precision,ROC_ACU_score_discretized,MCC,f1_score,cohen_kappa,PPV_score,NPV_score,FPR_score,FDR_score,PLR_score,NLR_score,DOR_score
0.9131899234962465,0.46905672896355255,15685,2719,0.1573208722741433,541,0.8426791277258567,0.8522603781786569,0.8474697529522568,0.8519374146802479,0.1659509202453988,0.8474697529522568,0.33298584949899274,0.27729369554074834,0.23415863638860246,0.1659509202453988,0.9936019257569999,0.14773962182134318,0.8340490797546012,5.703812676229007,0.18459249814047385,30.899482555831916
