{"performances": [0.918974762360343, 0.9215166214035823, 0.9188806476446608, 0.9229490778450574, 0.9214474741709273, 0.9187602112773805, 0.9200444708958706, 0.9180531660122649, 0.9207808000563333, 0.9185263632922817], "mean": 0.91999335949587, "std": 0.0015331820906583583}