ROC_AUC_score,prediction_threshold,TN,FP,FN,TP,sensitivity,specificity,BA,Accuracy,precision,ROC_ACU_score_discretized,MCC,f1_score,cohen_kappa,PPV_score,NPV_score,FPR_score,FDR_score,PLR_score,NLR_score,DOR_score
0.9307720121770461,0.5067778001344434,12949,1774,0.14619883040935672,438,0.8538011695906432,0.8795082523942132,0.8666547109924282,0.8786426883696509,0.1980108499095841,0.8666547109924282,0.3754735498231984,0.32146788990825687,0.2822324206924335,0.1980108499095841,0.9942414004914005,0.12049174760578686,0.8019891500904159,7.085972164533845,0.16622792340080003,42.62804960541149
