ROC_AUC_score,prediction_threshold,TN,FP,FN,TP,sensitivity,specificity,BA,Accuracy,precision,ROC_ACU_score_discretized,MCC,f1_score,cohen_kappa,PPV_score,NPV_score,FPR_score,FDR_score,PLR_score,NLR_score,DOR_score
0.9342801679981529,0.5067778001344434,16217,2187,0.13395638629283488,556,0.8660436137071651,0.8811671375787872,0.8736053756429761,0.8806573558752494,0.2026977761574918,0.8736053756429761,0.3840785650408004,0.32850812407680946,0.28970495809442887,0.2026977761574918,0.9947248972581734,0.11883286242121278,0.7973022238425082,7.28791342783112,0.15202154118106517,47.94000489148347
