{"performances": [0.9295580975556579, 0.9276421182988122, 0.9277943776275104, 0.9276643774446973, 0.9307688935291731, 0.9278589545412381, 0.9283595737348173, 0.9304592967396361, 0.9271150928180993, 0.9272974823975012], "mean": 0.9284518264687142, "std": 0.0012573738270884112}