ROC_AUC_score,prediction_threshold,TN,FP,FN,TP,sensitivity,specificity,BA,Accuracy,precision,ROC_ACU_score_discretized,MCC,f1_score,cohen_kappa,PPV_score,NPV_score,FPR_score,FDR_score,PLR_score,NLR_score,DOR_score
0.9246781931017483,0.5744601745902304,13242,1481,0.1793372319688109,421,0.8206627680311891,0.8994090878217754,0.8600359279264822,0.8967576791808873,0.2213459516298633,0.8600359279264822,0.39295895814021137,0.3486542443064183,0.3121748316356847,0.2213459516298633,0.9931003449827509,0.10059091217822455,0.7786540483701367,8.15841859130533,0.19939450734608088,40.91596453630037
