ROC_AUC_score,prediction_threshold,TN,FP,FN,TP,sensitivity,specificity,BA,Accuracy,precision,ROC_ACU_score_discretized,MCC,f1_score,cohen_kappa,PPV_score,NPV_score,FPR_score,FDR_score,PLR_score,NLR_score,DOR_score
0.9225786281053624,0.5744601745902304,16492,1912,0.20093457943925233,513,0.7990654205607477,0.8961095414040426,0.8475874809823951,0.8928383912632574,0.2115463917525773,0.8475874809823951,0.3763858620292048,0.3345288555591784,0.2970593584688076,0.2115463917525773,0.9922387341315204,0.1038904585959574,0.7884536082474227,7.691422594142263,0.22422992966286678,34.30149849177778
