ROC_AUC_score,prediction_threshold,TN,FP,FN,TP,sensitivity,specificity,BA,Accuracy,precision,ROC_ACU_score_discretized,MCC,f1_score,cohen_kappa,PPV_score,NPV_score,FPR_score,FDR_score,PLR_score,NLR_score,DOR_score
0.927304601848906,0.5466970202173688,13128,1595,0.15789473684210525,432,0.8421052631578947,0.8916661006588331,0.8668856819083639,0.8899973746390129,0.2131228416378885,0.8668856819083639,0.38972274526581274,0.3401574803149606,0.3026838149415487,0.2131228416378885,0.9938678173972292,0.10833389934116688,0.7868771583621115,7.773238739481933,0.1770783219474647,43.89717868338556
