ROC_AUC_score,prediction_threshold,TN,FP,FN,TP,sensitivity,specificity,BA,Accuracy,precision,ROC_ACU_score_discretized,MCC,f1_score,cohen_kappa,PPV_score,NPV_score,FPR_score,FDR_score,PLR_score,NLR_score,DOR_score
0.9294977524187144,0.5466970202173688,16403,2001,0.17757009345794392,528,0.822429906542056,0.8912736361660508,0.8568517713540534,0.8889530610101859,0.20877817319098457,0.8568517713540534,0.3795783903582782,0.3330179754020814,0.29511880020221315,0.20877817319098457,0.9930980202215899,0.10872636383394914,0.7912218268090154,7.5642178910544695,0.19923184783271355,37.96691128120148
