ROC_AUC_score,prediction_threshold,TN,FP,FN,TP,sensitivity,specificity,BA,Accuracy,precision,ROC_ACU_score_discretized,MCC,f1_score,cohen_kappa,PPV_score,NPV_score,FPR_score,FDR_score,PLR_score,NLR_score,DOR_score
0.9242827158154769,0.506892278694787,12890,1833,0.16569200779727095,428,0.834307992202729,0.8755009169326904,0.8549044545677097,0.8741139406668417,0.189296771340115,0.8549044545677097,0.3601590401572254,0.30857966834895456,0.26842565397245666,0.189296771340115,0.9934489402697495,0.12449908306730965,0.810703228659885,6.701318368358311,0.1892539511869062,35.40913321138603
