ROC_AUC_score,prediction_threshold,TN,FP,FN,TP,sensitivity,specificity,BA,Accuracy,precision,ROC_ACU_score_discretized,MCC,f1_score,cohen_kappa,PPV_score,NPV_score,FPR_score,FDR_score,PLR_score,NLR_score,DOR_score
0.9343821538186539,0.506892278694787,16138,2266,0.1526479750778816,544,0.8473520249221184,0.8768745924798956,0.862113308701007,0.8758794497532291,0.19359430604982206,0.862113308701007,0.3685576477035856,0.31517960602549244,0.275416023804276,0.19359430604982206,0.9939640305493964,0.12312540752010433,0.8064056939501779,6.882024124742569,0.1740818771429752,39.53326008249723
