ROC_AUC_score,prediction_threshold,TN,FP,FN,TP,sensitivity,specificity,BA,Accuracy,precision,ROC_ACU_score_discretized,MCC,f1_score,cohen_kappa,PPV_score,NPV_score,FPR_score,FDR_score,PLR_score,NLR_score,DOR_score
0.9259872396695558,0.5331781659521917,16232,2172,0.16510903426791276,536,0.8348909657320872,0.8819821777874375,0.8584365717597624,0.8803948335608527,0.19793205317577547,0.8584365717597624,0.37046071536499586,0.32,0.2808068052018077,0.19793205317577547,0.99351205777941,0.11801782221256249,0.8020679468242246,7.074278698588089,0.18720223426975524,37.78949928767503
