ROC_AUC_score,prediction_threshold,TN,FP,FN,TP,sensitivity,specificity,BA,Accuracy,precision,ROC_ACU_score_discretized,MCC,f1_score,cohen_kappa,PPV_score,NPV_score,FPR_score,FDR_score,PLR_score,NLR_score,DOR_score
0.934595577141969,0.4243751653640322,12396,2327,0.09746588693957114,463,0.9025341130604289,0.8419479725599402,0.8722410428101846,0.8439879233394592,0.16594982078853046,0.8722410428101846,0.34721149157197234,0.28035119588253105,0.23694752817666564,0.16594982078853046,0.9959826450265146,0.15805202744005978,0.8340501792114695,5.710360870901889,0.11576236313418085,49.32830253545338
