ROC_AUC_score,prediction_threshold,TN,FP,FN,TP,sensitivity,specificity,BA,Accuracy,precision,ROC_ACU_score_discretized,MCC,f1_score,cohen_kappa,PPV_score,NPV_score,FPR_score,FDR_score,PLR_score,NLR_score,DOR_score
0.9256925387342992,0.4243751653640322,15495,2909,0.11526479750778816,568,0.8847352024922118,0.8419365355357531,0.8633358690139825,0.8433791872309147,0.1633592177164222,0.8633358690139825,0.3394917238253456,0.2757950958970624,0.23209508025071657,0.1633592177164222,0.9952469651230008,0.1580634644642469,0.8366407822835777,5.597341583591153,0.1369043777562655,40.88504454953405
