ROC_AUC_score,prediction_threshold,TN,FP,FN,TP,sensitivity,specificity,BA,Accuracy,precision,ROC_ACU_score_discretized,MCC,f1_score,cohen_kappa,PPV_score,NPV_score,FPR_score,FDR_score,PLR_score,NLR_score,DOR_score
0.9341801075322202,0.4728746636295525,12726,1997,0.1111111111111111,456,0.8888888888888888,0.8643618827684575,0.8766253858286732,0.8651877133105802,0.18589482266612312,0.8766253858286731,0.36968451130278396,0.3074848280512475,0.26664169861372944,0.18589482266612312,0.9955409528279746,0.13563811723154248,0.8141051773338769,6.553385634006564,0.12854698168229528,50.98047070605905
