ROC_AUC_score,prediction_threshold,TN,FP,FN,TP,sensitivity,specificity,BA,Accuracy,precision,ROC_ACU_score_discretized,MCC,f1_score,cohen_kappa,PPV_score,NPV_score,FPR_score,FDR_score,PLR_score,NLR_score,DOR_score
0.9359010231420636,0.4728746636295525,15989,2415,0.13862928348909656,553,0.8613707165109035,0.8687785264073028,0.8650746214591032,0.8685288249501207,0.18632075471698112,0.8650746214591032,0.3633183265016916,0.306371191135734,0.26566979260713974,0.18632075471698112,0.9944644856325413,0.13122147359269723,0.8136792452830188,6.564251207729471,0.15956803635832964,41.137632307441805
