ROC_AUC_score,prediction_threshold,TN,FP,FN,TP,sensitivity,specificity,BA,Accuracy,precision,ROC_ACU_score_discretized,MCC,f1_score,cohen_kappa,PPV_score,NPV_score,FPR_score,FDR_score,PLR_score,NLR_score,DOR_score
0.9374756633181511,0.4752037712574116,12690,2033,0.10916179337231968,457,0.8908382066276803,0.8619167289275284,0.8763774677776044,0.8628905224468364,0.18353413654618475,0.8763774677776043,0.36721788055804366,0.30436230436230444,0.2632230473653907,0.18353413654618475,0.9956064647732622,0.13808327107247165,0.8164658634538152,6.451456427043452,0.1266500460063564,50.93923476916591
