ROC_AUC_score,prediction_threshold,TN,FP,FN,TP,sensitivity,specificity,BA,Accuracy,precision,ROC_ACU_score_discretized,MCC,f1_score,cohen_kappa,PPV_score,NPV_score,FPR_score,FDR_score,PLR_score,NLR_score,DOR_score
0.9251690679460851,0.4752037712574116,15739,2665,0.13551401869158877,555,0.8644859813084113,0.8551945229297979,0.8598402521191046,0.8555077181560433,0.17236024844720496,0.8598402521191045,0.3465371886914838,0.2874158467115484,0.24497684942570552,0.17236024844720496,0.9945027170478958,0.14480547707020214,0.827639751552795,5.969981238273923,0.15845987673930995,37.675033965193784
