ROC_AUC_score,prediction_threshold,TN,FP,FN,TP,sensitivity,specificity,BA,Accuracy,precision,ROC_ACU_score_discretized,MCC,f1_score,cohen_kappa,PPV_score,NPV_score,FPR_score,FDR_score,PLR_score,NLR_score,DOR_score
0.9330985360720433,0.5026085844535351,12918,1805,0.14035087719298245,441,0.8596491228070176,0.8774027032534131,0.8685259130302153,0.8768049356786558,0.19634906500445237,0.8685259130302153,0.375012214729766,0.3196810438564698,0.2802233016394353,0.19634906500445237,0.9944572748267898,0.12259729674658697,0.8036509349955476,7.011974534674639,0.1599617560700016,43.835318559556804
