ROC_AUC_score,prediction_threshold,TN,FP,FN,TP,sensitivity,specificity,BA,Accuracy,precision,ROC_ACU_score_discretized,MCC,f1_score,cohen_kappa,PPV_score,NPV_score,FPR_score,FDR_score,PLR_score,NLR_score,DOR_score
0.9265438875877586,0.5026085844535351,16094,2310,0.15109034267912771,545,0.8489096573208723,0.8744838078678548,0.8616967325943636,0.8736217578494172,0.19089316987740806,0.8616967325943635,0.3657280874410094,0.3116957392050329,0.2716055259551926,0.19089316987740806,0.9940090173553209,0.12551619213214518,0.809106830122592,6.763347763347765,0.17277660411747645,39.14504395947697
