ROC_AUC_score,prediction_threshold,TN,FP,FN,TP,sensitivity,specificity,BA,Accuracy,precision,ROC_ACU_score_discretized,MCC,f1_score,cohen_kappa,PPV_score,NPV_score,FPR_score,FDR_score,PLR_score,NLR_score,DOR_score
0.9288928661696655,0.5382730891079396,13074,1649,0.14814814814814814,437,0.8518518518518519,0.8879983698974394,0.8699251108746456,0.8867813074297716,0.20949185043144775,0.8699251108746456,0.388222425358563,0.33628318584070793,0.2983605587550985,0.20949185043144775,0.9942205323193917,0.11200163010256062,0.7905081495685522,7.605709408620266,0.16683380642383241,45.588538508186794
