ROC_AUC_score,prediction_threshold,TN,FP,FN,TP,sensitivity,specificity,BA,Accuracy,precision,ROC_ACU_score_discretized,MCC,f1_score,cohen_kappa,PPV_score,NPV_score,FPR_score,FDR_score,PLR_score,NLR_score,DOR_score
0.9223875210657848,0.5382730891079396,16379,2025,0.17289719626168223,531,0.8271028037383178,0.8899695718322104,0.8585361877852641,0.8878504672897196,0.20774647887323944,0.8585361877852641,0.37966089384155194,0.3320825515947467,0.29404425035092807,0.20774647887323944,0.9932686476652517,0.11003042816778962,0.7922535211267606,7.517037037037036,0.19427315464924594,38.69313313313314
