ROC_AUC_score,prediction_threshold,TN,FP,FN,TP,sensitivity,specificity,BA,Accuracy,precision,ROC_ACU_score_discretized,MCC,f1_score,cohen_kappa,PPV_score,NPV_score,FPR_score,FDR_score,PLR_score,NLR_score,DOR_score
0.9327962680290044,0.5382175599230465,13053,1670,0.15594541910331383,433,0.8440545808966862,0.8865720301568973,0.8653133055267918,0.8851404568128117,0.20589633856395625,0.8653133055267918,0.3820768426448074,0.33103975535168195,0.2927529552093494,0.20589633856395625,0.9939084748343867,0.11342796984310263,0.7941036614360437,7.4413267033185075,0.17589706622677465,42.30500748502993
