ROC_AUC_score,prediction_threshold,TN,FP,FN,TP,sensitivity,specificity,BA,Accuracy,precision,ROC_ACU_score_discretized,MCC,f1_score,cohen_kappa,PPV_score,NPV_score,FPR_score,FDR_score,PLR_score,NLR_score,DOR_score
0.9250331432757745,0.5382175599230465,16241,2163,0.16822429906542055,534,0.8317757009345794,0.8824712019126277,0.8571234514236036,0.8807623648010081,0.19799777530589543,0.8571234514236036,0.36973104821178626,0.31985624438454624,0.280687144336611,0.19799777530589543,0.9933940913817358,0.11752879808737231,0.8020022246941045,7.077207582061954,0.1906286558709439,37.12562284892383
