ROC_AUC_score,prediction_threshold,TN,FP,FN,TP,sensitivity,specificity,BA,Accuracy,precision,ROC_ACU_score_discretized,MCC,f1_score,cohen_kappa,PPV_score,NPV_score,FPR_score,FDR_score,PLR_score,NLR_score,DOR_score
0.9292520659947922,0.5717412223982428,13209,1514,0.15204678362573099,435,0.847953216374269,0.8971676968009237,0.8725604565875964,0.8955106327119979,0.22319138019497178,0.8725604565875964,0.40240577466555355,0.35337124289195776,0.31695904166773914,0.22319138019497178,0.9941296003612554,0.10283230319907627,0.7768086198050282,8.245980980632996,0.16947420662590942,48.65625952647086
