ROC_AUC_score,prediction_threshold,TN,FP,FN,TP,sensitivity,specificity,BA,Accuracy,precision,ROC_ACU_score_discretized,MCC,f1_score,cohen_kappa,PPV_score,NPV_score,FPR_score,FDR_score,PLR_score,NLR_score,DOR_score
0.9326128479451508,0.5717412223982428,16493,1911,0.16355140186915887,537,0.8364485981308412,0.8961638774179527,0.8663062377743969,0.894151002835241,0.2193627450980392,0.8663062377743967,0.39506117345966196,0.3475728155339806,0.3107612879433933,0.2193627450980392,0.9936739366188697,0.10383612258204739,0.7806372549019608,8.055468341182632,0.18250166737403742,44.1391492860881
