ROC_AUC_score,prediction_threshold,TN,FP,FN,TP,sensitivity,specificity,BA,Accuracy,precision,ROC_ACU_score_discretized,MCC,f1_score,cohen_kappa,PPV_score,NPV_score,FPR_score,FDR_score,PLR_score,NLR_score,DOR_score
0.9358799846257708,0.5179576111398577,12935,1788,0.12475633528265107,449,0.8752436647173489,0.8785573592338518,0.8769005119756004,0.8784457862956156,0.20071524362986143,0.8769005119756004,0.38417190196594064,0.3265454545454546,0.2875167300704543,0.20071524362986143,0.9950765443495654,0.1214426407661482,0.7992847563701386,7.207053957289446,0.14200135480220114,50.75341687639822
