ROC_AUC_score,prediction_threshold,TN,FP,FN,TP,sensitivity,specificity,BA,Accuracy,precision,ROC_ACU_score_discretized,MCC,f1_score,cohen_kappa,PPV_score,NPV_score,FPR_score,FDR_score,PLR_score,NLR_score,DOR_score
0.9239748605375643,0.5179576111398577,16247,2157,0.16822429906542055,534,0.8317757009345794,0.8827972179960878,0.8572864594653336,0.8810773915782841,0.19843924191750278,0.8572864594653337,0.3702440231150068,0.32043204320432045,0.28131383894670425,0.19843924191750278,0.99339651482727,0.1172027820039122,0.8015607580824972,7.096893834028743,0.19055825690896783,37.24264668005974
