ROC_AUC_score,prediction_threshold,TN,FP,FN,TP,sensitivity,specificity,BA,Accuracy,precision,ROC_ACU_score_discretized,MCC,f1_score,cohen_kappa,PPV_score,NPV_score,FPR_score,FDR_score,PLR_score,NLR_score,DOR_score
0.9371213622742738,0.5127095279579201,12938,1785,0.11500974658869395,454,0.884990253411306,0.8787611220539292,0.8818756877326176,0.8789708584930428,0.2027690933452434,0.8818756877326176,0.38909911026864274,0.32994186046511625,0.2911031210989794,0.2027690933452434,0.9954604908825113,0.12123887794607077,0.7972309066547566,7.299558263851347,0.1308771447693107,55.77412524331763
