ROC_AUC_score,prediction_threshold,TN,FP,FN,TP,sensitivity,specificity,BA,Accuracy,precision,ROC_ACU_score_discretized,MCC,f1_score,cohen_kappa,PPV_score,NPV_score,FPR_score,FDR_score,PLR_score,NLR_score,DOR_score
0.9324041367141507,0.5127095279579201,16090,2314,0.14330218068535824,550,0.8566978193146417,0.8742664638122147,0.8654821415634282,0.8736742623122965,0.1920391061452514,0.8654821415634283,0.36907716651456657,0.31374786081003997,0.27375275563846024,0.1920391061452514,0.9943146706216784,0.12573353618778527,0.8079608938547486,6.813598386632094,0.16391133209032527,41.568806132802216
