ROC_AUC_score,prediction_threshold,TN,FP,FN,TP,sensitivity,specificity,BA,Accuracy,precision,ROC_ACU_score_discretized,MCC,f1_score,cohen_kappa,PPV_score,NPV_score,FPR_score,FDR_score,PLR_score,NLR_score,DOR_score
0.926387073360838,0.4858997298884864,12694,2029,0.14814814814814814,437,0.8518518518518519,0.8621884126876316,0.8570201322697417,0.8618403780519821,0.17721005677210055,0.8570201322697417,0.34969349694671037,0.2933870426317556,0.2516721760324018,0.17721005677210055,0.9940485512920908,0.1378115873123684,0.8227899432278994,6.18127886388113,0.17182804357847684,35.973632331197635
