ROC_AUC_score,prediction_threshold,TN,FP,FN,TP,sensitivity,specificity,BA,Accuracy,precision,ROC_ACU_score_discretized,MCC,f1_score,cohen_kappa,PPV_score,NPV_score,FPR_score,FDR_score,PLR_score,NLR_score,DOR_score
0.926003574327943,0.4858997298884864,15864,2540,0.14641744548286603,548,0.8535825545171339,0.8619865246685503,0.8577845395928421,0.861703244775806,0.17746113989637305,0.8577845395928421,0.35038646044841715,0.29383378016085787,0.2520912959973456,0.17746113989637305,0.994109537536032,0.1380134753314497,0.822538860103627,6.184776902887139,0.16986048075306776,36.41092310269726
