ROC_AUC_score,prediction_threshold,TN,FP,FN,TP,sensitivity,specificity,BA,Accuracy,precision,ROC_ACU_score_discretized,MCC,f1_score,cohen_kappa,PPV_score,NPV_score,FPR_score,FDR_score,PLR_score,NLR_score,DOR_score
0.9239730334008174,0.4558707023117793,12648,2075,0.1442495126705653,439,0.8557504873294347,0.8590640494464443,0.8574072683879395,0.8589524809661329,0.17462211614956244,0.8574072683879395,0.347368059233083,0.29005616121572514,0.247998208911675,0.17462211614956244,0.9941833045118692,0.14093595055355565,0.8253778838504375,6.0719105662415735,0.1679147355351623,36.16067730380983
