ROC_AUC_score,prediction_threshold,TN,FP,FN,TP,sensitivity,specificity,BA,Accuracy,precision,ROC_ACU_score_discretized,MCC,f1_score,cohen_kappa,PPV_score,NPV_score,FPR_score,FDR_score,PLR_score,NLR_score,DOR_score
0.9280122294963643,0.4558707023117793,15831,2573,0.13239875389408098,557,0.867601246105919,0.8601934362095197,0.8638973411577193,0.8604431376667017,0.1779552715654952,0.8638973411577193,0.354440524357283,0.2953340402969247,0.25357809975767376,0.1779552715654952,0.9946594621764262,0.13980656379048034,0.8220447284345048,6.205726130327765,0.15391741940917603,40.31854324318149
