ROC_AUC_score,prediction_threshold,TN,FP,FN,TP,sensitivity,specificity,BA,Accuracy,precision,ROC_ACU_score_discretized,MCC,f1_score,cohen_kappa,PPV_score,NPV_score,FPR_score,FDR_score,PLR_score,NLR_score,DOR_score
0.9312644058923598,0.526233132904537,12920,1803,0.14814814814814814,437,0.8518518518518519,0.8775385451334646,0.8646951984926583,0.876673667629299,0.19508928571428572,0.8646951984926583,0.3715249798286542,0.3174718488921177,0.277906823881512,0.19508928571428572,0.9941520467836257,0.12246145486653535,0.8049107142857143,6.956081428072554,0.1688223827542713,41.20354963948974
