ROC_AUC_score,prediction_threshold,TN,FP,FN,TP,sensitivity,specificity,BA,Accuracy,precision,ROC_ACU_score_discretized,MCC,f1_score,cohen_kappa,PPV_score,NPV_score,FPR_score,FDR_score,PLR_score,NLR_score,DOR_score
0.9267489594907243,0.526233132904537,16205,2199,0.14641744548286603,548,0.8535825545171339,0.880515105411867,0.8670488299645005,0.8796072666176625,0.19949035311248633,0.8670488299645004,0.3771096591628066,0.3233992328120389,0.28428941674060726,0.19949035311248633,0.9942327750168722,0.11948489458813301,0.8005096468875137,7.143853266636348,0.16628612568137408,42.96121060830357
