ROC_AUC_score,prediction_threshold,TN,FP,FN,TP,sensitivity,specificity,BA,Accuracy,precision,ROC_ACU_score_discretized,MCC,f1_score,cohen_kappa,PPV_score,NPV_score,FPR_score,FDR_score,PLR_score,NLR_score,DOR_score
0.9356570238791753,0.5494224464728772,13185,1538,0.14814814814814814,437,0.8518518518518519,0.8955375942403043,0.8736947230460781,0.8940666841690732,0.22126582278481013,0.8736947230460782,0.40135817379931,0.35128617363344056,0.3146504073569337,0.22126582278481013,0.994268908830405,0.10446240575969572,0.7787341772151899,8.154626017434863,0.1654292897372154,49.293725617685325
