ROC_AUC_score,prediction_threshold,TN,FP,FN,TP,sensitivity,specificity,BA,Accuracy,precision,ROC_ACU_score_discretized,MCC,f1_score,cohen_kappa,PPV_score,NPV_score,FPR_score,FDR_score,PLR_score,NLR_score,DOR_score
0.9334313582107643,0.5494224464728772,16491,1913,0.16822429906542055,534,0.8317757009345794,0.8960552053901326,0.8639154531623561,0.8938884805208442,0.21822639967306906,0.8639154531623561,0.39255107638120573,0.34574295888637097,0.30883149720065006,0.21822639967306906,0.9934935839508404,0.10394479460986741,0.7817736003269309,8.002090956612653,0.18773876659996364,42.62354068653077
