{"performances": [0.9296202200388513, 0.9310073964687346, 0.9293271271787724, 0.9287881680875281, 0.9297013855175733, 0.9293685985912585, 0.9306614910343883, 0.9301788145743747, 0.9301772911347324, 0.9306635222872449], "mean": 0.929949401491346, "std": 0.0006696155726793638}