ROC_AUC_score,prediction_threshold,TN,FP,FN,TP,sensitivity,specificity,BA,Accuracy,precision,ROC_ACU_score_discretized,MCC,f1_score,cohen_kappa,PPV_score,NPV_score,FPR_score,FDR_score,PLR_score,NLR_score,DOR_score
0.9256935648153113,0.5152192694317954,12977,1746,0.1617933723196881,430,0.8382066276803118,0.8814100387149358,0.8598083331976238,0.8799553688632187,0.19761029411764705,0.8598083331976237,0.370985570218522,0.31982149497954626,0.2806199794160772,0.19761029411764705,0.9936447166921899,0.11858996128506419,0.8023897058823529,7.068107777398187,0.18356198047798172,38.50529264825625
