ROC_AUC_score,prediction_threshold,TN,FP,FN,TP,sensitivity,specificity,BA,Accuracy,precision,ROC_ACU_score_discretized,MCC,f1_score,cohen_kappa,PPV_score,NPV_score,FPR_score,FDR_score,PLR_score,NLR_score,DOR_score
0.9270964730002484,0.5152192694317954,16185,2219,0.1573208722741433,541,0.8426791277258567,0.8794283851336666,0.8610537564297617,0.8781896461199202,0.19601449275362318,0.8610537564297617,0.3702232880000933,0.3180482069370958,0.2785918425815287,0.19601449275362318,0.9937983544148348,0.1205716148663334,0.8039855072463769,6.989034099444195,0.17888991864895476,39.06890982022944
