ROC_AUC_score,prediction_threshold,TN,FP,FN,TP,sensitivity,specificity,BA,Accuracy,precision,ROC_ACU_score_discretized,MCC,f1_score,cohen_kappa,PPV_score,NPV_score,FPR_score,FDR_score,PLR_score,NLR_score,DOR_score
0.935648550311609,0.38777387784552153,12193,2530,0.0935672514619883,465,0.9064327485380117,0.8281600217347008,0.8672963851363562,0.8307954843791021,0.15525876460767946,0.8672963851363563,0.3334238224498556,0.26510832383124283,0.2202800205451042,0.15525876460767946,0.9960787517359693,0.1718399782652992,0.8447412353923205,5.274865358389387,0.11298209163248206,46.68762351778657
