ROC_AUC_score,prediction_threshold,TN,FP,FN,TP,sensitivity,specificity,BA,Accuracy,precision,ROC_ACU_score_discretized,MCC,f1_score,cohen_kappa,PPV_score,NPV_score,FPR_score,FDR_score,PLR_score,NLR_score,DOR_score
0.9280226396672537,0.38777387784552153,15206,3198,0.1043613707165109,575,0.8956386292834891,0.8262334275157575,0.8609360283996232,0.8285729286989394,0.1523986217863769,0.8609360283996234,0.3268724202919965,0.2604756511891279,0.2152650440052174,0.1523986217863769,0.9956131735742814,0.17376657248424254,0.8476013782136231,5.15426308109235,0.12630978999517728,40.80652086658642
