ROC_AUC_score,prediction_threshold,TN,FP,FN,TP,sensitivity,specificity,BA,Accuracy,precision,ROC_ACU_score_discretized,MCC,f1_score,cohen_kappa,PPV_score,NPV_score,FPR_score,FDR_score,PLR_score,NLR_score,DOR_score
0.9359886846097106,0.5298049710196346,13039,1684,0.13255360623781676,445,0.8674463937621832,0.885621136996536,0.8765337653793597,0.885009188763455,0.2090183184593706,0.8765337653793596,0.39178813640207993,0.33686601059803184,0.2988163279051247,0.2090183184593706,0.9948119325551232,0.11437886300346396,0.7909816815406294,7.5839746171975175,0.14967303816545566,50.67027909738715
