ROC_AUC_score,prediction_threshold,TN,FP,FN,TP,sensitivity,specificity,BA,Accuracy,precision,ROC_ACU_score_discretized,MCC,f1_score,cohen_kappa,PPV_score,NPV_score,FPR_score,FDR_score,PLR_score,NLR_score,DOR_score
0.9280100289724366,0.5298049710196346,16329,2075,0.1557632398753894,542,0.8442367601246106,0.8872527711367094,0.86574476563066,0.8858027932374252,0.20710737485670616,0.8657447656306599,0.38346375021912643,0.33261736729057995,0.2944206102446154,0.20710737485670616,0.9939132022642888,0.11274722886329058,0.7928926251432938,7.487871485943775,0.17555678037030234,42.65213493975903
