ROC_AUC_score,prediction_threshold,TN,FP,FN,TP,sensitivity,specificity,BA,Accuracy,precision,ROC_ACU_score_discretized,MCC,f1_score,cohen_kappa,PPV_score,NPV_score,FPR_score,FDR_score,PLR_score,NLR_score,DOR_score
0.9337370988278807,0.5106426560243597,12838,1885,0.1286549707602339,447,0.8713450292397661,0.8719690280513482,0.8716570286455572,0.8719480178524547,0.1916809605488851,0.8716570286455572,0.37239405096940437,0.31423550087873464,0.27417126835739825,0.1916809605488851,0.994885306881587,0.12803097194865176,0.8083190394511149,6.805736268168211,0.14754534464113755,46.126404629852914
