ROC_AUC_score,prediction_threshold,TN,FP,FN,TP,sensitivity,specificity,BA,Accuracy,precision,ROC_ACU_score_discretized,MCC,f1_score,cohen_kappa,PPV_score,NPV_score,FPR_score,FDR_score,PLR_score,NLR_score,DOR_score
0.9271511475563012,0.5106426560243597,16116,2288,0.13551401869158877,555,0.8644859813084113,0.8756792001738752,0.8700825907411432,0.8753019006615562,0.1952163207879001,0.8700825907411431,0.37485743731730364,0.31850789096126253,0.27884697397196245,0.1952163207879001,0.9946306239585262,0.12432079982612476,0.8047836792120999,6.953671328671328,0.15475304045668897,44.933988425367744
