ROC_AUC_score,prediction_threshold,TN,FP,FN,TP,sensitivity,specificity,BA,Accuracy,precision,ROC_ACU_score_discretized,MCC,f1_score,cohen_kappa,PPV_score,NPV_score,FPR_score,FDR_score,PLR_score,NLR_score,DOR_score
0.9295281189381718,0.557437579727694,13186,1537,0.15984405458089668,431,0.8401559454191033,0.89560551518033,0.8678807302997167,0.8937385140456813,0.2190040650406504,0.8678807302997167,0.3957114307656584,0.347440548166062,0.31061613441729474,0.2190040650406504,0.9938197166113958,0.10439448481966991,0.7809959349593496,8.047895890959957,0.17847596053348566,45.09232429344461
