ROC_AUC_score,prediction_threshold,TN,FP,FN,TP,sensitivity,specificity,BA,Accuracy,precision,ROC_ACU_score_discretized,MCC,f1_score,cohen_kappa,PPV_score,NPV_score,FPR_score,FDR_score,PLR_score,NLR_score,DOR_score
0.9357898966837088,0.557437579727694,16492,1912,0.16666666666666666,535,0.8333333333333334,0.8961095414040426,0.864721437368688,0.893993489446603,0.2186350633428688,0.864721437368688,0.393420481527353,0.3463904176108773,0.3095154838436974,0.2186350633428688,0.9935538285438882,0.1038904585959574,0.7813649366571311,8.021269177126921,0.1859891664645484,43.12761506276154
