ROC_AUC_score,prediction_threshold,TN,FP,FN,TP,sensitivity,specificity,BA,Accuracy,precision,ROC_ACU_score_discretized,MCC,f1_score,cohen_kappa,PPV_score,NPV_score,FPR_score,FDR_score,PLR_score,NLR_score,DOR_score
0.926461481876032,0.5019347141051175,12787,1936,0.1189083820662768,452,0.8810916179337231,0.8685050601100319,0.8747983390218775,0.8689288527172486,0.18927973199329984,0.8747983390218775,0.37192002866093765,0.3116166839021027,0.27121864888213876,0.18927973199329984,0.9952521793275217,0.13149493988996808,0.8107202680067002,6.7005743237800655,0.13691155933071042,48.94089554260938
