ROC_AUC_score,prediction_threshold,TN,FP,FN,TP,sensitivity,specificity,BA,Accuracy,precision,ROC_ACU_score_discretized,MCC,f1_score,cohen_kappa,PPV_score,NPV_score,FPR_score,FDR_score,PLR_score,NLR_score,DOR_score
0.9196442294476143,0.5019347141051175,15934,2470,0.14485981308411214,549,0.8551401869158879,0.8657900456422517,0.8604651162790697,0.8654310616402394,0.1818482941371315,0.8604651162790699,0.35625354090152755,0.29991805517618136,0.25870692036462306,0.1818482941371315,0.9941972920696325,0.13420995435774832,0.8181517058628685,6.371659919028342,0.16731517509727623,38.08178137651824
