{"performances": [0.9346396151182086, 0.9362011407516044, 0.9339806428373624, 0.935237057364612, 0.9332702121508192, 0.9332005571049501, 0.9359010231420636, 0.937211350505545, 0.9358219735517337, 0.9340925310155384], "mean": 0.9349556103542438, "std": 0.0012680462197790616}