ROC_AUC_score,prediction_threshold,TN,FP,FN,TP,sensitivity,specificity,BA,Accuracy,precision,ROC_ACU_score_discretized,MCC,f1_score,cohen_kappa,PPV_score,NPV_score,FPR_score,FDR_score,PLR_score,NLR_score,DOR_score
0.9279074167415717,0.44415973250219276,12536,2187,0.1189083820662768,452,0.8810916179337231,0.8514569041635536,0.8662742610486384,0.8524547125229719,0.17127699886320577,0.8662742610486384,0.34917245412784603,0.2868020304568528,0.2441889619394434,0.17127699886320577,0.9951575772009209,0.14854309583644637,0.8287230011367942,5.93155550564161,0.1396528485291795,42.47357335072368
