ROC_AUC_score,prediction_threshold,TN,FP,FN,TP,sensitivity,specificity,BA,Accuracy,precision,ROC_ACU_score_discretized,MCC,f1_score,cohen_kappa,PPV_score,NPV_score,FPR_score,FDR_score,PLR_score,NLR_score,DOR_score
0.933273174394568,0.44415973250219276,15708,2696,0.1308411214953271,558,0.8691588785046729,0.8535101064985873,0.8613344925016301,0.8540375931954216,0.17148125384142593,0.8613344925016301,0.34652590047193643,0.2864476386036961,0.24387262392274323,0.17148125384142593,0.9946808510638298,0.14648989350141273,0.828518746158574,5.933234421364985,0.15329768270944744,38.7040059347181
