ROC_AUC_score,prediction_threshold,TN,FP,FN,TP,sensitivity,specificity,BA,Accuracy,precision,ROC_ACU_score_discretized,MCC,f1_score,cohen_kappa,PPV_score,NPV_score,FPR_score,FDR_score,PLR_score,NLR_score,DOR_score
0.9354710025911904,0.5668241359576017,13215,1508,0.14619883040935672,438,0.8538011695906432,0.8975752224410786,0.8756881960158609,0.8961013389341035,0.2250770811921891,0.8756881960158609,0.40605089841359565,0.35624237494916633,0.3200041456237167,0.2250770811921891,0.9943566591422122,0.10242477755892142,0.774922918807811,8.335885026447638,0.1628819810909542,51.17745358090183
