ROC_AUC_score,prediction_threshold,TN,FP,FN,TP,sensitivity,specificity,BA,Accuracy,precision,ROC_ACU_score_discretized,MCC,f1_score,cohen_kappa,PPV_score,NPV_score,FPR_score,FDR_score,PLR_score,NLR_score,DOR_score
0.9344067827595384,0.5668241359576017,16446,1958,0.1526479750778816,544,0.8473520249221184,0.8936100847641817,0.8704810548431501,0.8920508243200672,0.21742605915267785,0.8704810548431501,0.39587284581977,0.3460559796437659,0.30898324798719057,0.21742605915267785,0.9940764023210832,0.1063899152358183,0.7825739408473221,7.964589717398705,0.17082167903036202,46.62516937316294
