ROC_AUC_score,prediction_threshold,TN,FP,FN,TP,sensitivity,specificity,BA,Accuracy,precision,ROC_ACU_score_discretized,MCC,f1_score,cohen_kappa,PPV_score,NPV_score,FPR_score,FDR_score,PLR_score,NLR_score,DOR_score
0.9342844383328838,0.5044475620596128,12810,1913,0.1189083820662768,452,0.8810916179337231,0.8700672417306256,0.8755794298321744,0.8704384352848517,0.19112050739957717,0.8755794298321744,0.3741682346233743,0.3141070187630299,0.2739282825429272,0.19112050739957717,0.995260663507109,0.12993275826937445,0.8088794926004228,6.781135332377525,0.13666573842012444,49.6184004181913
