ROC_AUC_score,prediction_threshold,TN,FP,FN,TP,sensitivity,specificity,BA,Accuracy,precision,ROC_ACU_score_discretized,MCC,f1_score,cohen_kappa,PPV_score,NPV_score,FPR_score,FDR_score,PLR_score,NLR_score,DOR_score
0.9255235215695355,0.5044475620596128,15993,2411,0.14953271028037382,546,0.8504672897196262,0.8689958704629428,0.8597315800912845,0.8683713115614827,0.18464660128508623,0.8597315800912845,0.35854362017899694,0.30341761600444567,0.26257151261365164,0.18464660128508623,0.9940331903785194,0.13100412953705717,0.8153533987149137,6.4919120696806285,0.17207528293628466,37.7271619659892
