ROC_AUC_score,prediction_threshold,TN,FP,FN,TP,sensitivity,specificity,BA,Accuracy,precision,ROC_ACU_score_discretized,MCC,f1_score,cohen_kappa,PPV_score,NPV_score,FPR_score,FDR_score,PLR_score,NLR_score,DOR_score
0.9270877314789989,0.5492688656230684,13109,1614,0.15984405458089668,431,0.8401559454191033,0.8903756027983427,0.8652657741087231,0.888684694145445,0.21075794621026894,0.865265774108723,0.3865541125284451,0.3369820172009382,0.29925713857090763,0.21075794621026894,0.9937836403608521,0.10962439720165727,0.789242053789731,7.663950424043033,0.1795242974746008,42.690323994318
