ROC_AUC_score,prediction_threshold,TN,FP,FN,TP,sensitivity,specificity,BA,Accuracy,precision,ROC_ACU_score_discretized,MCC,f1_score,cohen_kappa,PPV_score,NPV_score,FPR_score,FDR_score,PLR_score,NLR_score,DOR_score
0.9334531941789711,0.5492688656230684,16391,2013,0.17289719626168223,531,0.8271028037383178,0.8906216039991306,0.8588622038687241,0.8884805208442718,0.20872641509433962,0.8588622038687241,0.3807627870470055,0.3333333333333333,0.29540422676954037,0.20872641509433962,0.9932735426008968,0.10937839600086938,0.7912735849056604,7.561847988077495,0.19413092550790065,38.95230998509687
