ROC_AUC_score,prediction_threshold,TN,FP,FN,TP,sensitivity,specificity,BA,Accuracy,precision,ROC_ACU_score_discretized,MCC,f1_score,cohen_kappa,PPV_score,NPV_score,FPR_score,FDR_score,PLR_score,NLR_score,DOR_score
0.9230766888316658,0.5650253790861925,13209,1514,0.17543859649122806,423,0.8245614035087719,0.8971676968009237,0.8608645501548478,0.8947230244158572,0.21837893649974188,0.8608645501548478,0.39080197670932054,0.3453061224489796,0.30848996846084964,0.21837893649974188,0.9932325738777351,0.10283230319907627,0.7816210635002582,8.018505643236225,0.19554716149143395,41.00548216644648
