ROC_AUC_score,prediction_threshold,TN,FP,FN,TP,sensitivity,specificity,BA,Accuracy,precision,ROC_ACU_score_discretized,MCC,f1_score,cohen_kappa,PPV_score,NPV_score,FPR_score,FDR_score,PLR_score,NLR_score,DOR_score
0.9353823765793836,0.5650253790861925,16464,1940,0.14641744548286603,548,0.8535825545171339,0.8945881330145621,0.874085343765848,0.8932059225034128,0.2202572347266881,0.874085343765848,0.40067771484439324,0.35015974440894565,0.3133643349693904,0.2202572347266881,0.9943229858678584,0.10541186698543795,0.7797427652733119,8.097594501718214,0.16367022999676062,49.475060320245674
