ROC_AUC_score,prediction_threshold,TN,FP,FN,TP,sensitivity,specificity,BA,Accuracy,precision,ROC_ACU_score_discretized,MCC,f1_score,cohen_kappa,PPV_score,NPV_score,FPR_score,FDR_score,PLR_score,NLR_score,DOR_score
0.9236307807108237,0.4469696696714808,12532,2191,0.1267056530214425,448,0.8732943469785575,0.8511852204034503,0.8622397836910038,0.8519296403255447,0.16976127320954906,0.8622397836910038,0.345326351603319,0.28426395939086296,0.24149924294278657,0.16976127320954906,0.9948400412796697,0.14881477959654962,0.830238726790451,5.868330748774668,0.14885791010490734,39.422364217252365
