ROC_AUC_score,prediction_threshold,TN,FP,FN,TP,sensitivity,specificity,BA,Accuracy,precision,ROC_ACU_score_discretized,MCC,f1_score,cohen_kappa,PPV_score,NPV_score,FPR_score,FDR_score,PLR_score,NLR_score,DOR_score
0.927474032124941,0.4469696696714808,15726,2678,0.12305295950155763,563,0.8769470404984424,0.8544881547489677,0.865717597623705,0.8552451958416465,0.17371181734032706,0.8657175976237049,0.3512875147580797,0.28998197270151943,0.24764748988934238,0.17371181734032706,0.9950015817779184,0.1455118452510324,0.826288182659673,6.0266367936270875,0.14400780024587725,41.849377487450525
