ROC_AUC_score,prediction_threshold,TN,FP,FN,TP,sensitivity,specificity,BA,Accuracy,precision,ROC_ACU_score_discretized,MCC,f1_score,cohen_kappa,PPV_score,NPV_score,FPR_score,FDR_score,PLR_score,NLR_score,DOR_score
0.9265914981783815,0.43702745526594394,12509,2214,0.13255360623781676,445,0.8674463937621832,0.8496230387828567,0.85853471627252,0.8502231556839065,0.1673561489281685,0.85853471627252,0.3407770579149206,0.2805800756620429,0.2375394124330945,0.1673561489281685,0.9945933052397233,0.15037696121714325,0.8326438510718315,5.768479338464599,0.1560146090526322,36.973969126946166
