ROC_AUC_score,prediction_threshold,TN,FP,FN,TP,sensitivity,specificity,BA,Accuracy,precision,ROC_ACU_score_discretized,MCC,f1_score,cohen_kappa,PPV_score,NPV_score,FPR_score,FDR_score,PLR_score,NLR_score,DOR_score
0.9293685985912585,0.43702745526594394,15586,2818,0.10747663551401869,573,0.8925233644859814,0.8468811128015649,0.8697022386437732,0.8484196156673317,0.16897670303745208,0.8697022386437732,0.3488311594470938,0.2841557153483759,0.2411404910349063,0.16897670303745208,0.9955924624720537,0.1531188871984351,0.831023296962548,5.828956706884314,0.12690876427563194,45.930292837967116
