ROC_AUC_score,prediction_threshold,TN,FP,FN,TP,sensitivity,specificity,BA,Accuracy,precision,ROC_ACU_score_discretized,MCC,f1_score,cohen_kappa,PPV_score,NPV_score,FPR_score,FDR_score,PLR_score,NLR_score,DOR_score
0.9305453442446404,0.473413375634213,12652,2071,0.11500974658869395,454,0.884990253411306,0.8593357332065475,0.8721629933089268,0.8601995274350224,0.1798019801980198,0.8721629933089268,0.3610767042623809,0.2988808426596445,0.2573131676678113,0.1798019801980198,0.9953583510345371,0.14066426679345242,0.8201980198019801,6.291507243348457,0.13383563855717215,47.00920704809758
