ROC_AUC_score,prediction_threshold,TN,FP,FN,TP,sensitivity,specificity,BA,Accuracy,precision,ROC_ACU_score_discretized,MCC,f1_score,cohen_kappa,PPV_score,NPV_score,FPR_score,FDR_score,PLR_score,NLR_score,DOR_score
0.9322679581372328,0.473413375634213,15897,2507,0.13239875389408098,557,0.867601246105919,0.863779613127581,0.86569042961675,0.8639084322167384,0.18178851174934726,0.8656904296167501,0.35925868262416083,0.30059363194819216,0.2593096805265692,0.18178851174934726,0.9946815167062946,0.13622038687241905,0.8182114882506527,6.369099853742855,0.15327839634312548,41.552495365916634
