ROC_AUC_score,prediction_threshold,TN,FP,FN,TP,sensitivity,specificity,BA,Accuracy,precision,ROC_ACU_score_discretized,MCC,f1_score,cohen_kappa,PPV_score,NPV_score,FPR_score,FDR_score,PLR_score,NLR_score,DOR_score
0.9318763563500584,0.5485869035820715,13062,1661,0.16374269005847952,429,0.8362573099415205,0.8871833186171296,0.861720314279325,0.8854686269362038,0.20526315789473684,0.861720314279325,0.3793060560321255,0.3296196696119862,0.29130100817359084,0.20526315789473684,0.9936102236421726,0.11281668138287033,0.7947368421052632,7.412532434839856,0.1845646628181744,40.16225165562913
