ROC_AUC_score,prediction_threshold,TN,FP,FN,TP,sensitivity,specificity,BA,Accuracy,precision,ROC_ACU_score_discretized,MCC,f1_score,cohen_kappa,PPV_score,NPV_score,FPR_score,FDR_score,PLR_score,NLR_score,DOR_score
0.9272519484793026,0.5485869035820715,16433,1971,0.1557632398753894,542,0.8442367601246106,0.8929037165833514,0.8685702383539811,0.8912632573768771,0.2156784719458814,0.868570238353981,0.39309888169117896,0.343581616481775,0.3063334299273287,0.2156784719458814,0.993951490957479,0.10709628341664855,0.7843215280541186,7.882969727718585,0.17444572912229458,45.188665651953315
