ROC_AUC_score,prediction_threshold,TN,FP,FN,TP,sensitivity,specificity,BA,Accuracy,precision,ROC_ACU_score_discretized,MCC,f1_score,cohen_kappa,PPV_score,NPV_score,FPR_score,FDR_score,PLR_score,NLR_score,DOR_score
0.926032375118481,0.46346367782233644,12479,2244,0.1286549707602339,447,0.8713450292397661,0.8475854105820825,0.8594652199109243,0.8483854029929115,0.16610925306577481,0.8594652199109243,0.34005685120802726,0.2790262172284645,0.23580449520790037,0.16610925306577481,0.9947389398166601,0.15241458941791755,0.8338907469342252,5.716939779633279,0.15178997792314478,37.66348646896776
