ROC_AUC_score,prediction_threshold,TN,FP,FN,TP,sensitivity,specificity,BA,Accuracy,precision,ROC_ACU_score_discretized,MCC,f1_score,cohen_kappa,PPV_score,NPV_score,FPR_score,FDR_score,PLR_score,NLR_score,DOR_score
0.9286469960140049,0.46346367782233644,15568,2836,0.13707165109034267,554,0.8629283489096573,0.8459030645511846,0.854415706730421,0.846476950540796,0.16342182890855458,0.8544157067304209,0.33444624706349424,0.2748015873015873,0.23122644073404475,0.16342182890855458,0.9943791517629024,0.15409693544881548,0.8365781710914454,5.5999059708509655,0.16204179513532033,34.558404923708174
