ROC_AUC_score,prediction_threshold,TN,FP,FN,TP,sensitivity,specificity,BA,Accuracy,precision,ROC_ACU_score_discretized,MCC,f1_score,cohen_kappa,PPV_score,NPV_score,FPR_score,FDR_score,PLR_score,NLR_score,DOR_score
0.9320484756912545,0.5322936116685251,13110,1613,0.16764132553606237,427,0.8323586744639376,0.8904435237383685,0.8614010991011531,0.8884877920714098,0.20931372549019608,0.8614010991011531,0.3828600626977738,0.3345084214649432,0.29666245956876747,0.20931372549019608,0.99348287359806,0.10955647626163147,0.7906862745098039,7.597530541929668,0.18826721860163587,40.355036837324654
