ROC_AUC_score,prediction_threshold,TN,FP,FN,TP,sensitivity,specificity,BA,Accuracy,precision,ROC_ACU_score_discretized,MCC,f1_score,cohen_kappa,PPV_score,NPV_score,FPR_score,FDR_score,PLR_score,NLR_score,DOR_score
0.9273739929217608,0.5322936116685251,16315,2089,0.1822429906542056,525,0.8177570093457944,0.8864920669419691,0.8521245381438818,0.8841751548881654,0.2008416220351951,0.8521245381438818,0.36936174014690265,0.32248157248157244,0.28371397300255374,0.2008416220351951,0.992879746835443,0.11350793305803086,0.7991583779648049,7.20440402106271,0.20557768924302786,35.04467847454924
