ROC_AUC_score,prediction_threshold,TN,FP,FN,TP,sensitivity,specificity,BA,Accuracy,precision,ROC_ACU_score_discretized,MCC,f1_score,cohen_kappa,PPV_score,NPV_score,FPR_score,FDR_score,PLR_score,NLR_score,DOR_score
0.9196205324604501,0.5766577863074656,13260,1463,0.1871345029239766,417,0.8128654970760234,0.90063166474224,0.8567485809091318,0.8976765555263849,0.22180851063829787,0.8567485809091318,0.3913199223480424,0.34851650647722526,0.3121249080677613,0.22180851063829787,0.9928122192273136,0.09936833525775997,0.7781914893617021,8.180327213568207,0.20778139415910313,39.36987354750511
