ROC_AUC_score,prediction_threshold,TN,FP,FN,TP,sensitivity,specificity,BA,Accuracy,precision,ROC_ACU_score_discretized,MCC,f1_score,cohen_kappa,PPV_score,NPV_score,FPR_score,FDR_score,PLR_score,NLR_score,DOR_score
0.9232729780401253,0.5766577863074656,16566,1838,0.19003115264797507,520,0.8099688473520249,0.900130406433384,0.8550496268927045,0.8970912527564843,0.2205258693808312,0.8550496268927045,0.38910663524356653,0.3466666666666666,0.3101102621296251,0.2205258693808312,0.9926893576222435,0.09986959356661596,0.7794741306191688,8.110264780558579,0.2111151354179243,38.41631138621809
