ROC_AUC_score,prediction_threshold,TN,FP,FN,TP,sensitivity,specificity,BA,Accuracy,precision,ROC_ACU_score_discretized,MCC,f1_score,cohen_kappa,PPV_score,NPV_score,FPR_score,FDR_score,PLR_score,NLR_score,DOR_score
0.9193778441893636,0.4458956108705343,12672,2051,0.16374269005847952,429,0.8362573099415205,0.8606941520070638,0.8484757309742921,0.8598713573116303,0.17298387096774193,0.8484757309742922,0.34054638644232266,0.2866688940862011,0.24451402271061617,0.17298387096774193,0.993414863593603,0.13930584799293622,0.8270161290322581,6.003030899204782,0.19024491995983223,31.55422442014349
