ROC_AUC_score,prediction_threshold,TN,FP,FN,TP,sensitivity,specificity,BA,Accuracy,precision,ROC_ACU_score_discretized,MCC,f1_score,cohen_kappa,PPV_score,NPV_score,FPR_score,FDR_score,PLR_score,NLR_score,DOR_score
0.9346345369860676,0.4458956108705343,15903,2501,0.1292834890965732,559,0.8707165109034268,0.8641056292110411,0.867411070057234,0.8643284679197731,0.1826797385620915,0.867411070057234,0.36113970741147994,0.30199891950297136,0.26080779639879414,0.1826797385620915,0.994807956962342,0.1358943707889589,0.8173202614379085,6.407303745168599,0.14961537655369003,42.82516872768966
