ROC_AUC_score,prediction_threshold,TN,FP,FN,TP,sensitivity,specificity,BA,Accuracy,precision,ROC_ACU_score_discretized,MCC,f1_score,cohen_kappa,PPV_score,NPV_score,FPR_score,FDR_score,PLR_score,NLR_score,DOR_score
0.9348109911174504,0.5321385986820835,13078,1645,0.1442495126705653,439,0.8557504873294347,0.8882700536575426,0.8720102704934887,0.8871751115778419,0.21065259117082533,0.8720102704934887,0.3905683139760273,0.3380824027724297,0.30027014904845106,0.21065259117082533,0.9943734793187348,0.11172994634245738,0.7893474088291746,7.659096914863993,0.1623937586059591,47.1637394233139
