ROC_AUC_score,prediction_threshold,TN,FP,FN,TP,sensitivity,specificity,BA,Accuracy,precision,ROC_ACU_score_discretized,MCC,f1_score,cohen_kappa,PPV_score,NPV_score,FPR_score,FDR_score,PLR_score,NLR_score,DOR_score
0.9321200152208547,0.5321385986820835,16226,2178,0.15109034267912771,545,0.8489096573208723,0.8816561617039774,0.8652829095124248,0.8805523469494907,0.20014689680499448,0.8652829095124248,0.37666838012604614,0.32392273402674593,0.2849120774721259,0.20014689680499448,0.9940574649267904,0.1183438382960226,0.7998531031950055,7.173247627793084,0.1713710505772628,41.857989454053204
