ROC_AUC_score,prediction_threshold,TN,FP,FN,TP,sensitivity,specificity,BA,Accuracy,precision,ROC_ACU_score_discretized,MCC,f1_score,cohen_kappa,PPV_score,NPV_score,FPR_score,FDR_score,PLR_score,NLR_score,DOR_score
0.9332485446978703,0.4742430909020595,12627,2096,0.11306042884990253,455,0.8869395711500975,0.8576377097059024,0.8722886404279999,0.8586243108427408,0.17836142689141513,0.8722886404279999,0.3597212998432945,0.2969973890339425,0.2552419249241441,0.17836142689141513,0.9954276704769413,0.14236229029409767,0.8216385731085849,6.230158065860157,0.13182772582221547,47.25984634114243
