ROC_AUC_score,prediction_threshold,TN,FP,FN,TP,sensitivity,specificity,BA,Accuracy,precision,ROC_ACU_score_discretized,MCC,f1_score,cohen_kappa,PPV_score,NPV_score,FPR_score,FDR_score,PLR_score,NLR_score,DOR_score
0.9337317297269115,0.4742430909020595,15799,2605,0.1308411214953271,558,0.8691588785046729,0.858454683764399,0.863806781134536,0.8588154993174419,0.1764147960796712,0.863806781134536,0.35286497092015856,0.2932982917214192,0.2513428036050015,0.1764147960796712,0.9947113265755839,0.14154531623560096,0.8235852039203289,6.140499040307102,0.152414709791759,40.28809980806141
