ROC_AUC_score,prediction_threshold,TN,FP,FN,TP,sensitivity,specificity,BA,Accuracy,precision,ROC_ACU_score_discretized,MCC,f1_score,cohen_kappa,PPV_score,NPV_score,FPR_score,FDR_score,PLR_score,NLR_score,DOR_score
0.9327120619513117,0.48809119730831235,12778,1945,0.1189083820662768,452,0.8810916179337231,0.8678937716497996,0.8744926947917614,0.8683381464951431,0.18856904463913224,0.8744926947917614,0.37104840424803603,0.3106529209621993,0.2701698704681983,0.18856904463913224,0.9952488511566321,0.13210622835020036,0.8114309553608677,6.669569095546636,0.13700799101281844,48.68014665599054
