ROC_AUC_score,prediction_threshold,TN,FP,FN,TP,sensitivity,specificity,BA,Accuracy,precision,ROC_ACU_score_discretized,MCC,f1_score,cohen_kappa,PPV_score,NPV_score,FPR_score,FDR_score,PLR_score,NLR_score,DOR_score
0.9329892221723438,0.48809119730831235,15884,2520,0.13551401869158877,555,0.8644859813084113,0.8630732449467508,0.863779613127581,0.8631208652735483,0.18048780487804877,0.8637796131275809,0.35686451338788083,0.2986279257465698,0.2572007568117862,0.18048780487804877,0.9945526266357774,0.1369267550532493,0.8195121951219512,6.313492063492066,0.15701334676403922,40.20990695128629
