{"performances": [0.9272600734907284, 0.9278247617848212, 0.9275040777401095, 0.927665054528983, 0.927813843800718, 0.9269378660063741, 0.9275081402458223, 0.9271662973171891, 0.9274485568286998, 0.927860054803202], "mean": 0.9274988726546649, "std": 0.0002912874914061826}