ROC_AUC_score,prediction_threshold,TN,FP,FN,TP,sensitivity,specificity,BA,Accuracy,precision,ROC_ACU_score_discretized,MCC,f1_score,cohen_kappa,PPV_score,NPV_score,FPR_score,FDR_score,PLR_score,NLR_score,DOR_score
0.9318502736498926,0.5067815977350455,12816,1907,0.13450292397660818,444,0.8654970760233918,0.8704747673707804,0.8679859216970861,0.8703071672354948,0.18885580603998298,0.8679859216970861,0.36749337322297676,0.3100558659217877,0.2696851802374832,0.18885580603998298,0.9946449359720605,0.12952523262921958,0.811144193960017,6.68207312548107,0.15451674076994404,43.244978454663595
