ROC_AUC_score,prediction_threshold,TN,FP,FN,TP,sensitivity,specificity,BA,Accuracy,precision,ROC_ACU_score_discretized,MCC,f1_score,cohen_kappa,PPV_score,NPV_score,FPR_score,FDR_score,PLR_score,NLR_score,DOR_score
0.9272643052675126,0.5067815977350455,16100,2304,0.13707165109034267,554,0.8629283489096573,0.8748098239513149,0.8688690864304861,0.8744093247926074,0.19384184744576627,0.8688690864304861,0.3728191157201027,0.31657142857142856,0.2767570799586889,0.19384184744576627,0.9945638744749197,0.12519017604868507,0.8061581525542337,6.892939814814813,0.1566873706004141,43.99167455808079
