ROC_AUC_score,prediction_threshold,TN,FP,FN,TP,sensitivity,specificity,BA,Accuracy,precision,ROC_ACU_score_discretized,MCC,f1_score,cohen_kappa,PPV_score,NPV_score,FPR_score,FDR_score,PLR_score,NLR_score,DOR_score
0.9318159821811466,0.5496461796056265,13184,1539,0.14619883040935672,438,0.8538011695906432,0.8954696733002785,0.8746354214454608,0.8940666841690732,0.22154779969650987,0.8746354214454608,0.40219526319231846,0.35180722891566263,0.3151928202987766,0.22154779969650987,0.9943434648163512,0.10453032669972152,0.7784522003034902,8.167975711424978,0.16326497118605582,50.02895386614683
