ROC_AUC_score,prediction_threshold,TN,FP,FN,TP,sensitivity,specificity,BA,Accuracy,precision,ROC_ACU_score_discretized,MCC,f1_score,cohen_kappa,PPV_score,NPV_score,FPR_score,FDR_score,PLR_score,NLR_score,DOR_score
0.9256542834721695,0.5496461796056265,16338,2066,0.1853582554517134,523,0.8146417445482866,0.8877417952618996,0.851191769905093,0.8852777486086317,0.20200849748937813,0.851191769905093,0.36987637442999394,0.3237387805632931,0.2851208528627883,0.20200849748937813,0.9927690344534241,0.11225820473810041,0.7979915025106219,7.256857050661502,0.20879748643244783,34.75548089516542
