ROC_AUC_score,prediction_threshold,TN,FP,FN,TP,sensitivity,specificity,BA,Accuracy,precision,ROC_ACU_score_discretized,MCC,f1_score,cohen_kappa,PPV_score,NPV_score,FPR_score,FDR_score,PLR_score,NLR_score,DOR_score
0.932034838543452,0.5101018592753864,12924,1799,0.13060428849902533,446,0.8693957115009746,0.8778102288935679,0.8736029701972712,0.8775269099501182,0.19866369710467707,0.8736029701972712,0.380248658435688,0.32342277012327775,0.2841854820837495,0.19866369710467707,0.9948425833269187,0.12218977110643212,0.801336302895323,7.115126770666396,0.14878419526239176,47.821791542565066
