ROC_AUC_score,prediction_threshold,TN,FP,FN,TP,sensitivity,specificity,BA,Accuracy,precision,ROC_ACU_score_discretized,MCC,f1_score,cohen_kappa,PPV_score,NPV_score,FPR_score,FDR_score,PLR_score,NLR_score,DOR_score
0.924230798397477,0.5101018592753864,16052,2352,0.1526479750778816,544,0.8473520249221184,0.872201695283634,0.8597768601028761,0.8713640659456053,0.1878453038674033,0.8597768601028762,0.3616606904943136,0.3075183719615602,0.2670736052382138,0.1878453038674033,0.9939318885448917,0.127798304716366,0.8121546961325967,6.630385487528345,0.17501453609103748,37.88477023462446
