ROC_AUC_score,prediction_threshold,TN,FP,FN,TP,sensitivity,specificity,BA,Accuracy,precision,ROC_ACU_score_discretized,MCC,f1_score,cohen_kappa,PPV_score,NPV_score,FPR_score,FDR_score,PLR_score,NLR_score,DOR_score
0.93343681677724,0.4793341614589718,12719,2004,0.12085769980506822,451,0.8791423001949318,0.8638864361882769,0.8715143681916043,0.8644001050144395,0.18370672097759674,0.8715143681916044,0.3645476334257818,0.30390835579514824,0.2628481665495672,0.18370672097759674,0.9951490493701588,0.13611356381172315,0.8162932790224032,6.458888266352287,0.13989998539429352,46.16789807481812
