ROC_AUC_score,prediction_threshold,TN,FP,FN,TP,sensitivity,specificity,BA,Accuracy,precision,ROC_ACU_score_discretized,MCC,f1_score,cohen_kappa,PPV_score,NPV_score,FPR_score,FDR_score,PLR_score,NLR_score,DOR_score
0.9269791681477886,0.4793341614589718,15844,2560,0.13395638629283488,556,0.8660436137071651,0.86089980439035,0.8634717090487576,0.8610731912212538,0.17843388960205392,0.8634717090487575,0.3546644203940678,0.2959020755721128,0.25421356320819843,0.17843388960205392,0.994601381042059,0.13910019560965006,0.8215661103979461,6.226041666666668,0.1556004375999327,40.01300872093024
