ROC_AUC_score,prediction_threshold,TN,FP,FN,TP,sensitivity,specificity,BA,Accuracy,precision,ROC_ACU_score_discretized,MCC,f1_score,cohen_kappa,PPV_score,NPV_score,FPR_score,FDR_score,PLR_score,NLR_score,DOR_score
0.9175090253424547,0.48845586197267504,12725,1998,0.1539961013645224,434,0.8460038986354775,0.8642939618284317,0.8551489302319546,0.8636781307429772,0.17845394736842105,0.8551489302319547,0.3498184628215779,0.29473684210526313,0.25320754407078094,0.17845394736842105,0.9938300531084037,0.1357060381715683,0.821546052631579,6.234091791596662,0.17817560710332922,34.98846948214034
