ROC_AUC_score,prediction_threshold,TN,FP,FN,TP,sensitivity,specificity,BA,Accuracy,precision,ROC_ACU_score_discretized,MCC,f1_score,cohen_kappa,PPV_score,NPV_score,FPR_score,FDR_score,PLR_score,NLR_score,DOR_score
0.9262454626889319,0.48845586197267504,15938,2466,0.14174454828660435,551,0.8582554517133957,0.8660073896978918,0.8621314207056437,0.8657460884175154,0.18263175339741464,0.8621314207056437,0.35799664853253943,0.301175184476633,0.260043115080849,0.18263175339741464,0.9943227899432279,0.13399261030210824,0.8173682466025853,6.4052446607191165,0.16367591082109836,39.133704089908505
