ROC_AUC_score,prediction_threshold,TN,FP,FN,TP,sensitivity,specificity,BA,Accuracy,precision,ROC_ACU_score_discretized,MCC,f1_score,cohen_kappa,PPV_score,NPV_score,FPR_score,FDR_score,PLR_score,NLR_score,DOR_score
0.9315452252174958,0.4078236797616011,12368,2355,0.09551656920077972,464,0.9044834307992202,0.8400461862392176,0.8722648085192188,0.8422158046731426,0.16459737495565804,0.872264808519219,0.34584614453811335,0.27851140456182477,0.2349229304940057,0.16459737495565804,0.9960537972134976,0.15995381376078244,0.8354026250443419,5.654653737433937,0.11370394957495801,49.73137484293078
