ROC_AUC_score,prediction_threshold,TN,FP,FN,TP,sensitivity,specificity,BA,Accuracy,precision,ROC_ACU_score_discretized,MCC,f1_score,cohen_kappa,PPV_score,NPV_score,FPR_score,FDR_score,PLR_score,NLR_score,DOR_score
0.9323430298573857,0.4078236797616011,15481,2923,0.11059190031152648,571,0.8894080996884736,0.8411758313410128,0.8652919655147432,0.8428016381392418,0.16342301087578706,0.8652919655147432,0.3406741398164801,0.27611218568665374,0.23239615140865366,0.16342301087578706,0.995434670781893,0.15882416865898719,0.836576989124213,5.599954384764511,0.13147298839437585,42.5939537326594
