ROC_AUC_score,prediction_threshold,TN,FP,FN,TP,sensitivity,specificity,BA,Accuracy,precision,ROC_ACU_score_discretized,MCC,f1_score,cohen_kappa,PPV_score,NPV_score,FPR_score,FDR_score,PLR_score,NLR_score,DOR_score
0.9269926686428613,0.5655011050759972,13173,1550,0.17543859649122806,423,0.8245614035087719,0.8947225429599945,0.8596419732343832,0.8923601995274351,0.21439432336543335,0.8596419732343832,0.38643172948612686,0.3403057119871279,0.30305805486149073,0.21439432336543335,0.9932142049310111,0.10527745704000543,0.7856056766345666,7.832269383135255,0.1960815650300122,39.94393548387096
