ROC_AUC_score,prediction_threshold,TN,FP,FN,TP,sensitivity,specificity,BA,Accuracy,precision,ROC_ACU_score_discretized,MCC,f1_score,cohen_kappa,PPV_score,NPV_score,FPR_score,FDR_score,PLR_score,NLR_score,DOR_score
0.9245340475218378,0.5655011050759972,16384,2020,0.19781931464174454,515,0.8021806853582555,0.8902412519017605,0.846210968630008,0.8872729181980469,0.20315581854043394,0.8462109686300079,0.36789067049528734,0.3242052250550834,0.28578583629547405,0.20315581854043394,0.9923081581975652,0.10975874809823952,0.796844181459566,7.3085808580858105,0.22220865885416663,32.89062134559914
