ROC_AUC_score,prediction_threshold,TN,FP,FN,TP,sensitivity,specificity,BA,Accuracy,precision,ROC_ACU_score_discretized,MCC,f1_score,cohen_kappa,PPV_score,NPV_score,FPR_score,FDR_score,PLR_score,NLR_score,DOR_score
0.9177902418660701,0.46600191028649923,12475,2248,0.13450292397660818,444,0.8654970760233918,0.8473137268219793,0.8564054014226855,0.8479259648201628,0.1649331352154532,0.8564054014226855,0.3371130470841428,0.2770670826833073,0.23372517993944253,0.1649331352154532,0.994499362244898,0.15268627317802078,0.8350668647845468,5.668466837318683,0.1587404047861806,35.70903605136933
