ROC_AUC_score,prediction_threshold,TN,FP,FN,TP,sensitivity,specificity,BA,Accuracy,precision,ROC_ACU_score_discretized,MCC,f1_score,cohen_kappa,PPV_score,NPV_score,FPR_score,FDR_score,PLR_score,NLR_score,DOR_score
0.931300418554518,0.48323617372955324,12786,1937,0.13450292397660818,444,0.8654970760233918,0.8684371391700061,0.8669671075966989,0.8683381464951431,0.1864762704745905,0.8669671075966989,0.3645845284182334,0.3068417415342087,0.2661858640456807,0.1864762704745905,0.99463243873979,0.13156286082999388,0.8135237295254095,6.578582060037375,0.15487928591487587,42.47554488114743
