ROC_AUC_score,prediction_threshold,TN,FP,FN,TP,sensitivity,specificity,BA,Accuracy,precision,ROC_ACU_score_discretized,MCC,f1_score,cohen_kappa,PPV_score,NPV_score,FPR_score,FDR_score,PLR_score,NLR_score,DOR_score
0.9327369236404656,0.48323617372955324,15890,2514,0.13395638629283488,556,0.8660436137071651,0.8633992610302108,0.864721437368688,0.8634883965137037,0.18110749185667752,0.8647214373686879,0.35802363619818117,0.29956896551724144,0.2582097016169361,0.18110749185667752,0.9946169253880821,0.13660073896978916,0.8188925081433225,6.339962874569079,0.15514998951122302,40.86344378457382
