ROC_AUC_score,prediction_threshold,TN,FP,FN,TP,sensitivity,specificity,BA,Accuracy,precision,ROC_ACU_score_discretized,MCC,f1_score,cohen_kappa,PPV_score,NPV_score,FPR_score,FDR_score,PLR_score,NLR_score,DOR_score
0.9252582352815786,0.46016088614099626,12673,2050,0.14230019493177387,440,0.8576998050682261,0.8607620729470896,0.8592309390076578,0.8606589656077711,0.17670682730923695,0.8592309390076578,0.35048863268088915,0.29304029304029305,0.2512314646035062,0.17670682730923695,0.9942727130080025,0.1392379270529104,0.8232931726907631,6.15995816098512,0.16531884873198985,37.26107584363515
