ROC_AUC_score,prediction_threshold,TN,FP,FN,TP,sensitivity,specificity,BA,Accuracy,precision,ROC_ACU_score_discretized,MCC,f1_score,cohen_kappa,PPV_score,NPV_score,FPR_score,FDR_score,PLR_score,NLR_score,DOR_score
0.9354994275252367,0.46016088614099626,15795,2609,0.12461059190031153,562,0.8753894080996885,0.8582373397087589,0.8668133739042236,0.8588154993174419,0.1772311573636077,0.8668133739042236,0.35542158193492046,0.2947810123262523,0.252894662083907,0.1772311573636077,0.9949606299212599,0.14176266029124104,0.8227688426363923,6.1750351347898285,0.14519362667510818,42.52965695668837
