ROC_AUC_score,prediction_threshold,TN,FP,FN,TP,sensitivity,specificity,BA,Accuracy,precision,ROC_ACU_score_discretized,MCC,f1_score,cohen_kappa,PPV_score,NPV_score,FPR_score,FDR_score,PLR_score,NLR_score,DOR_score
0.927766940879257,0.5812289875725756,13226,1497,0.16764132553606237,427,0.8323586744639376,0.8983223527813625,0.8653405136226501,0.8961013389341035,0.22193347193347193,0.8653405136226502,0.39678978302646833,0.3504308576118178,0.31395739255323707,0.22193347193347193,0.9935396634615384,0.1016776472186375,0.7780665280665281,8.186250343441921,0.18661600150215077,43.866818909136114
