ROC_AUC_score,prediction_threshold,TN,FP,FN,TP,sensitivity,specificity,BA,Accuracy,precision,ROC_ACU_score_discretized,MCC,f1_score,cohen_kappa,PPV_score,NPV_score,FPR_score,FDR_score,PLR_score,NLR_score,DOR_score
0.9190557585679939,0.5812289875725756,16549,1855,0.1806853582554517,526,0.8193146417445483,0.8992066941969137,0.859260667970731,0.8965137036648115,0.22091558168836622,0.859260667970731,0.3920856414687914,0.34799867681111474,0.3114369938883895,0.22091558168836622,0.9930393039303931,0.10079330580308629,0.7790844183116338,8.128661275831083,0.20093862670453405,40.453452923134094
