ROC_AUC_score,prediction_threshold,TN,FP,FN,TP,sensitivity,specificity,BA,Accuracy,precision,ROC_ACU_score_discretized,MCC,f1_score,cohen_kappa,PPV_score,NPV_score,FPR_score,FDR_score,PLR_score,NLR_score,DOR_score
0.9246203345232076,0.40108778819156593,12426,2297,0.12280701754385964,450,0.8771929824561403,0.8439856007607145,0.8605892916084275,0.8451037017589919,0.16381507098653075,0.8605892916084275,0.3383814110670793,0.27607361963190186,0.23252422395470496,0.16381507098653075,0.9949555608935864,0.15601439923928548,0.8361849290134692,5.62251296504212,0.1455084274342706,38.64046271534297
