ROC_AUC_score,prediction_threshold,TN,FP,FN,TP,sensitivity,specificity,BA,Accuracy,precision,ROC_ACU_score_discretized,MCC,f1_score,cohen_kappa,PPV_score,NPV_score,FPR_score,FDR_score,PLR_score,NLR_score,DOR_score
0.9275996312598981,0.40108778819156593,15451,2953,0.11838006230529595,566,0.881619937694704,0.8395457509237122,0.8605828443092081,0.8409639819384648,0.16084114805342428,0.8605828443092082,0.33535537556228406,0.2720499879836578,0.22803716907922056,0.16084114805342428,0.9951053004443872,0.16045424907628777,0.8391588519465757,5.49452534146066,0.14100489720190712,38.966911437075574
