{"performances": [0.9324873334457294, 0.9327250746654695, 0.9323125610645391, 0.9323320272377467, 0.9321439670774536, 0.9320256465985656, 0.9322826000849065, 0.9325819559746256, 0.9323637655636288, 0.9326076851774739], "mean": 0.932386261689014, "std": 0.00020511197710252024}