ROC_AUC_score,prediction_threshold,TN,FP,FN,TP,sensitivity,specificity,BA,Accuracy,precision,ROC_ACU_score_discretized,MCC,f1_score,cohen_kappa,PPV_score,NPV_score,FPR_score,FDR_score,PLR_score,NLR_score,DOR_score
0.9312224352530069,0.5497039780582353,13155,1568,0.16764132553606237,427,0.8323586744639376,0.89349996603953,0.8629293202517339,0.8914413231819375,0.21403508771929824,0.8629293202517339,0.38812985210301854,0.3405103668261563,0.3031845304210825,0.21403508771929824,0.9935050222792841,0.10650003396047002,0.7859649122807018,7.815571915900862,0.18762320303059266,41.65567898671096
