ROC_AUC_score,prediction_threshold,TN,FP,FN,TP,sensitivity,specificity,BA,Accuracy,precision,ROC_ACU_score_discretized,MCC,f1_score,cohen_kappa,PPV_score,NPV_score,FPR_score,FDR_score,PLR_score,NLR_score,DOR_score
0.9291505774513329,0.5497039780582353,16474,1930,0.16978193146417445,533,0.8302180685358256,0.8951314931536622,0.8626747808447439,0.8929434001890161,0.21640276086073892,0.8626747808447439,0.3901280913372422,0.343317230273752,0.30621599819549095,0.21640276086073892,0.9934270035578605,0.10486850684633775,0.783597239139261,7.916753022452505,0.18967261543442188,41.739040737747786
