ROC_AUC_score,prediction_threshold,TN,FP,FN,TP,sensitivity,specificity,BA,Accuracy,precision,ROC_ACU_score_discretized,MCC,f1_score,cohen_kappa,PPV_score,NPV_score,FPR_score,FDR_score,PLR_score,NLR_score,DOR_score
0.9362422296392419,0.5200772973531576,12991,1732,0.1267056530214425,448,0.8732943469785575,0.8823609318752972,0.8778276394269273,0.8820556576529273,0.20550458715596331,0.8778276394269273,0.3892666895088685,0.3327144448570368,0.2942417600637297,0.20550458715596331,0.9950214460784313,0.11763906812470284,0.7944954128440367,7.423506160834472,0.14359843964550062,51.69628708473973
