ROC_AUC_score,prediction_threshold,TN,FP,FN,TP,sensitivity,specificity,BA,Accuracy,precision,ROC_ACU_score_discretized,MCC,f1_score,cohen_kappa,PPV_score,NPV_score,FPR_score,FDR_score,PLR_score,NLR_score,DOR_score
0.9328376399279312,0.5200772973531576,16168,2236,0.16043613707165108,539,0.839563862928349,0.8785046728971962,0.8590342679127726,0.8771920613252127,0.19423423423423422,0.8590342679127726,0.3673253553318444,0.3154814164471759,0.27583375947513245,0.19423423423423422,0.9936697191321984,0.12149532710280374,0.8057657657657658,6.91025641025641,0.18262411347517726,37.83868558625841
