ROC_AUC_score,prediction_threshold,TN,FP,FN,TP,sensitivity,specificity,BA,Accuracy,precision,ROC_ACU_score_discretized,MCC,f1_score,cohen_kappa,PPV_score,NPV_score,FPR_score,FDR_score,PLR_score,NLR_score,DOR_score
0.9249964814834675,0.5834639697073344,13308,1415,0.17738791423001948,422,0.8226120857699805,0.9038918698634789,0.8632519778167297,0.9011551588343397,0.22972237343494828,0.8632519778167297,0.40244269640491287,0.3591489361702127,0.3235399296423527,0.22972237343494828,0.993208448391671,0.09610813013652109,0.7702776265650517,8.559235151089345,0.19624904277190997,43.61414980778937
