ROC_AUC_score,prediction_threshold,TN,FP,FN,TP,sensitivity,specificity,BA,Accuracy,precision,ROC_ACU_score_discretized,MCC,f1_score,cohen_kappa,PPV_score,NPV_score,FPR_score,FDR_score,PLR_score,NLR_score,DOR_score
0.9255093874350762,0.5834639697073344,16602,1802,0.21339563862928349,505,0.7866043613707165,0.9020865029341447,0.8443454321524306,0.8981938464769506,0.21889900303424362,0.8443454321524306,0.380942472600643,0.34248897931502204,0.30588169045809044,0.21889900303424362,0.9918155206404206,0.09791349706585525,0.7811009969657564,8.03366629670736,0.23655784443641326,33.960684397708945
