ROC_AUC_score,prediction_threshold,TN,FP,FN,TP,sensitivity,specificity,BA,Accuracy,precision,ROC_ACU_score_discretized,MCC,f1_score,cohen_kappa,PPV_score,NPV_score,FPR_score,FDR_score,PLR_score,NLR_score,DOR_score
0.9223887410648547,0.5517430223570782,13205,1518,0.17738791423001948,422,0.8226120857699805,0.8968960130408205,0.8597540494054005,0.8943948542924652,0.2175257731958763,0.8597540494054003,0.38934191186259665,0.3440684875662454,0.3071701168466584,0.2175257731958763,0.993155836341757,0.10310398695917951,0.7824742268041237,7.978470183657061,0.19777980016725313,40.34016707929749
