ROC_AUC_score,prediction_threshold,TN,FP,FN,TP,sensitivity,specificity,BA,Accuracy,precision,ROC_ACU_score_discretized,MCC,f1_score,cohen_kappa,PPV_score,NPV_score,FPR_score,FDR_score,PLR_score,NLR_score,DOR_score
0.9350067640720119,0.5517430223570782,16485,1919,0.16355140186915887,537,0.8364485981308412,0.8957291893066724,0.8660888937187567,0.8937309671322062,0.2186482084690554,0.8660888937187567,0.39427823281877716,0.3466752743705617,0.30978673185534866,0.2186482084690554,0.9936708860759493,0.10427081069332754,0.7813517915309446,8.021886399166231,0.18259023354564752,43.933819697759255
