ROC_AUC_score,prediction_threshold,TN,FP,FN,TP,sensitivity,specificity,BA,Accuracy,precision,ROC_ACU_score_discretized,MCC,f1_score,cohen_kappa,PPV_score,NPV_score,FPR_score,FDR_score,PLR_score,NLR_score,DOR_score
0.9298953951323855,0.47466006361475244,12585,2138,0.1364522417153996,443,0.8635477582846004,0.8547850302248183,0.8591663942547094,0.8550800735101076,0.17163889965129794,0.8591663942547094,0.3454279315101725,0.286360698125404,0.24388588907895026,0.17163889965129794,0.99446858949032,0.1452149697751817,0.828361100348702,5.946685521620287,0.15963340125354217,37.25213817987439
