ROC_AUC_score,prediction_threshold,TN,FP,FN,TP,sensitivity,specificity,BA,Accuracy,precision,ROC_ACU_score_discretized,MCC,f1_score,cohen_kappa,PPV_score,NPV_score,FPR_score,FDR_score,PLR_score,NLR_score,DOR_score
0.924788715848715,0.47466006361475244,15739,2665,0.1308411214953271,558,0.8691588785046729,0.8551945229297979,0.8621767007172354,0.8556652315446813,0.17313062364256904,0.8621767007172354,0.3486579428147354,0.28874514877102203,0.24637837404935203,0.17313062364256904,0.9946912721986981,0.14480547707020214,0.826869376357431,6.0022514071294575,0.15299574305864413,39.23149289734656
