{"performances": [0.9270313882733064, 0.9279506994619211, 0.9280100289724366, 0.9274779253595826, 0.9279226004640736, 0.9274738628538697, 0.9282163704084375, 0.9259867318563416, 0.92540613208154, 0.9270503466333], "mean": 0.9272526086364807, "std": 0.0008740841652773836}