ROC_AUC_score,prediction_threshold,TN,FP,FN,TP,sensitivity,specificity,BA,Accuracy,precision,ROC_ACU_score_discretized,MCC,f1_score,cohen_kappa,PPV_score,NPV_score,FPR_score,FDR_score,PLR_score,NLR_score,DOR_score
0.9262222359917696,0.5568290215141695,13138,1585,0.16764132553606237,427,0.8323586744639376,0.8923453100590912,0.8623519922615144,0.8903255447624049,0.21222664015904572,0.8623519922615145,0.3861198059540866,0.33821782178217824,0.3006937096110187,0.21222664015904572,0.9934966727162734,0.10765468994090878,0.7877733598409543,7.731745592512653,0.18786597928660725,41.15564522045339
