ROC_AUC_score,prediction_threshold,TN,FP,FN,TP,sensitivity,specificity,BA,Accuracy,precision,ROC_ACU_score_discretized,MCC,f1_score,cohen_kappa,PPV_score,NPV_score,FPR_score,FDR_score,PLR_score,NLR_score,DOR_score
0.9278250156914285,0.5568290215141695,16410,1994,0.16978193146417445,533,0.8302180685358256,0.891653988263421,0.8609360283996232,0.889583114564738,0.2109220419469727,0.8609360283996232,0.3840514062427166,0.3363837172609656,0.2986821743186987,0.2109220419469727,0.9934015376233428,0.108346011736579,0.7890779580530273,7.662654630558343,0.19041235019297173,40.242424521270244
