ROC_AUC_score,prediction_threshold,TN,FP,FN,TP,sensitivity,specificity,BA,Accuracy,precision,ROC_ACU_score_discretized,MCC,f1_score,cohen_kappa,PPV_score,NPV_score,FPR_score,FDR_score,PLR_score,NLR_score,DOR_score
0.9297817963671962,0.493904395303412,12684,2039,0.14619883040935672,438,0.8538011695906432,0.8615092032873735,0.8576551864390083,0.8612496718298767,0.1768268066209124,0.8576551864390083,0.3496874446628909,0.2929765886287626,0.25120365958825075,0.1768268066209124,0.9941217963790265,0.1384907967126265,0.8231731933790876,6.165039048495849,0.16970083413094922,36.328867091711594
