ROC_AUC_score,prediction_threshold,TN,FP,FN,TP,sensitivity,specificity,BA,Accuracy,precision,ROC_ACU_score_discretized,MCC,f1_score,cohen_kappa,PPV_score,NPV_score,FPR_score,FDR_score,PLR_score,NLR_score,DOR_score
0.9249067824209962,0.493904395303412,15919,2485,0.13862928348909656,553,0.8613707165109035,0.8649750054336014,0.8631728609722524,0.8648535125485667,0.18202764976958524,0.8631728609722524,0.3580177729483608,0.3005434782608696,0.2593212886204621,0.18202764976958524,0.99444027986007,0.1350249945663986,0.8179723502304147,6.3793427230046955,0.16026969868291555,39.80379806931478
