ROC_AUC_score,prediction_threshold,TN,FP,FN,TP,sensitivity,specificity,BA,Accuracy,precision,ROC_ACU_score_discretized,MCC,f1_score,cohen_kappa,PPV_score,NPV_score,FPR_score,FDR_score,PLR_score,NLR_score,DOR_score
0.9349512021807785,0.5043090027481438,12896,1827,0.12475633528265107,449,0.8752436647173489,0.8759084425728452,0.875576053645097,0.8758860593331583,0.19727592267135324,0.875576053645097,0.3800984502859538,0.32197920401577623,0.28255251976018336,0.19727592267135324,0.9950617283950617,0.12409155742715479,0.8027240773286467,7.0532087989236585,0.14243079438325618,49.520251778872456
