ROC_AUC_score,prediction_threshold,TN,FP,FN,TP,sensitivity,specificity,BA,Accuracy,precision,ROC_ACU_score_discretized,MCC,f1_score,cohen_kappa,PPV_score,NPV_score,FPR_score,FDR_score,PLR_score,NLR_score,DOR_score
0.924428507008838,0.5043090027481438,16023,2381,0.15109034267912771,545,0.8489096573208723,0.8706259508802434,0.8597678041005579,0.8698939409849837,0.1862611073137389,0.8597678041005579,0.36012745986509076,0.305493273542601,0.2648501980026401,0.1862611073137389,0.9939826302729529,0.12937404911975658,0.8137388926862611,6.561668766624667,0.1735421997545195,37.81022008425811
