ROC_AUC_score,prediction_threshold,TN,FP,FN,TP,sensitivity,specificity,BA,Accuracy,precision,ROC_ACU_score_discretized,MCC,f1_score,cohen_kappa,PPV_score,NPV_score,FPR_score,FDR_score,PLR_score,NLR_score,DOR_score
0.9351431814459588,0.43905171797923104,12512,2211,0.12085769980506822,451,0.8791423001949318,0.8498268016029342,0.864484550898933,0.850813861906012,0.16942148760330578,0.8644845508989331,0.34627824331453066,0.28409448818897637,0.2412558063556084,0.16942148760330578,0.9950691903928742,0.1501731983970658,0.8305785123966942,5.854189093518762,0.14221450721147852,41.164500080243954
