ROC_AUC_score,prediction_threshold,TN,FP,FN,TP,sensitivity,specificity,BA,Accuracy,precision,ROC_ACU_score_discretized,MCC,f1_score,cohen_kappa,PPV_score,NPV_score,FPR_score,FDR_score,PLR_score,NLR_score,DOR_score
0.9348748172718786,0.43905171797923104,15620,2784,0.11838006230529595,566,0.881619937694704,0.8487285372745056,0.8651742374846048,0.849837236165074,0.16895522388059703,0.8651742374846046,0.3462078050426683,0.28356713426853714,0.24060527226511685,0.16895522388059703,0.995158002038736,0.15127146272549447,0.831044776119403,5.828065134099619,0.13947930004268033,41.784444948578354
