ROC_AUC_score,prediction_threshold,TN,FP,FN,TP,sensitivity,specificity,BA,Accuracy,precision,ROC_ACU_score_discretized,MCC,f1_score,cohen_kappa,PPV_score,NPV_score,FPR_score,FDR_score,PLR_score,NLR_score,DOR_score
0.9290009041561392,0.5583619817240293,13163,1560,0.16569200779727095,428,0.834307992202729,0.8940433335597364,0.8641756628812327,0.892032029404043,0.2152917505030181,0.8641756628812327,0.3900447205855151,0.34226309476209515,0.3050647670735518,0.2152917505030181,0.9935839371980676,0.10595666644026354,0.7847082494969819,7.874049082821009,0.18532883315347726,42.48690799396678
