ROC_AUC_score,prediction_threshold,TN,FP,FN,TP,sensitivity,specificity,BA,Accuracy,precision,ROC_ACU_score_discretized,MCC,f1_score,cohen_kappa,PPV_score,NPV_score,FPR_score,FDR_score,PLR_score,NLR_score,DOR_score
0.9336020680862416,0.5583619817240293,16455,1949,0.1588785046728972,540,0.8411214953271028,0.8940991088893718,0.8676103021082373,0.8923133466344639,0.21695460024106067,0.8676103021082373,0.3936751694413025,0.34493771957840946,0.30784339747843403,0.21695460024106067,0.9938394636709549,0.10590089111062813,0.7830453997589394,7.942534633145199,0.17769674870859925,44.69712974979624
