ROC_AUC_score,prediction_threshold,TN,FP,FN,TP,sensitivity,specificity,BA,Accuracy,precision,ROC_ACU_score_discretized,MCC,f1_score,cohen_kappa,PPV_score,NPV_score,FPR_score,FDR_score,PLR_score,NLR_score,DOR_score
0.9435197001839957,0.5878470395040349,13318,1405,0.15009746588693956,436,0.8499025341130604,0.904571079263737,0.8772368066883987,0.9027303754266212,0.23682781097229766,0.8772368066883988,0.41754437838641556,0.37043330501274424,0.3354337937334545,0.23682781097229766,0.9942515864128406,0.095428920736263,0.7631721890277023,8.90613167953494,0.16593219629474484,53.673318851966535
