ROC_AUC_score,prediction_threshold,TN,FP,FN,TP,sensitivity,specificity,BA,Accuracy,precision,ROC_ACU_score_discretized,MCC,f1_score,cohen_kappa,PPV_score,NPV_score,FPR_score,FDR_score,PLR_score,NLR_score,DOR_score
0.9345573493775226,0.5878470395040349,16613,1791,0.18847352024922118,521,0.8115264797507789,0.9026841990871549,0.8571053394189669,0.8996114669746929,0.22534602076124569,0.8571053394189669,0.3946900413338486,0.3527420446851727,0.31668768120015733,0.22534602076124569,0.9927692123819768,0.09731580091284503,0.7746539792387543,8.33910292201749,0.20879231124219985,39.939703106902726
