ROC_AUC_score,prediction_threshold,TN,FP,FN,TP,sensitivity,specificity,BA,Accuracy,precision,ROC_ACU_score_discretized,MCC,f1_score,cohen_kappa,PPV_score,NPV_score,FPR_score,FDR_score,PLR_score,NLR_score,DOR_score
0.9282487426351128,0.5093673693272671,12843,1880,0.15009746588693956,436,0.8499025341130604,0.8723086327514773,0.8611055834322688,0.8715542137043844,0.18825561312607944,0.8611055834322688,0.3628444657782491,0.3082361258395192,0.2678746095778397,0.18825561312607944,0.9940402476780186,0.12769136724852273,0.8117443868739206,6.655912239226909,0.1720692198281875,38.68159712627797
