ROC_AUC_score,prediction_threshold,TN,FP,FN,TP,sensitivity,specificity,BA,Accuracy,precision,ROC_ACU_score_discretized,MCC,f1_score,cohen_kappa,PPV_score,NPV_score,FPR_score,FDR_score,PLR_score,NLR_score,DOR_score
0.9263521880994312,0.5093673693272671,16026,2378,0.16043613707165108,539,0.839563862928349,0.8707889589219735,0.8551764109251612,0.8697364275963457,0.18477888241343846,0.8551764109251612,0.355980165666227,0.30289407136836183,0.2621228475283126,0.18477888241343846,0.9936139872279744,0.12921104107802653,0.8152211175865616,6.49761704513597,0.18424227297308535,35.26670041725528
