ROC_AUC_score,prediction_threshold,TN,FP,FN,TP,sensitivity,specificity,BA,Accuracy,precision,ROC_ACU_score_discretized,MCC,f1_score,cohen_kappa,PPV_score,NPV_score,FPR_score,FDR_score,PLR_score,NLR_score,DOR_score
0.9241752074269761,0.5445928700302737,13148,1575,0.16569200779727095,428,0.834307992202729,0.8930245194593494,0.8636662558310392,0.8910475190338671,0.21367948077883175,0.8636662558310392,0.3882578172169033,0.34022257551669316,0.3028481893148426,0.21367948077883175,0.993576664399607,0.10697548054065069,0.7863205192211683,7.7990581391751,0.18554026702154097,42.03431559290383
