ROC_AUC_score,prediction_threshold,TN,FP,FN,TP,sensitivity,specificity,BA,Accuracy,precision,ROC_ACU_score_discretized,MCC,f1_score,cohen_kappa,PPV_score,NPV_score,FPR_score,FDR_score,PLR_score,NLR_score,DOR_score
0.9259190234277933,0.5445928700302737,16364,2040,0.16822429906542055,534,0.8317757009345794,0.8891545316235601,0.8604651162790697,0.8872204137351675,0.20745920745920746,0.8604651162790697,0.38057427305647634,0.332089552238806,0.29399512519388427,0.20745920745920746,0.9934434191355027,0.11084546837643991,0.7925407925407926,7.503921568627448,0.18919579564898562,39.66220043572982
