ROC_AUC_score,prediction_threshold,TN,FP,FN,TP,sensitivity,specificity,BA,Accuracy,precision,ROC_ACU_score_discretized,MCC,f1_score,cohen_kappa,PPV_score,NPV_score,FPR_score,FDR_score,PLR_score,NLR_score,DOR_score
0.9332497362933093,0.5781298803443381,13256,1467,0.1539961013645224,434,0.8460038986354775,0.9003599809821368,0.8731819398088072,0.898529797847204,0.2283008942661757,0.8731819398088072,0.40739892965568686,0.3595691797845899,0.3237053033370373,0.2283008942661757,0.9940757405324334,0.09964001901786321,0.7716991057338243,8.490603544383186,0.17103836756109417,49.641514155298395
