ROC_AUC_score,prediction_threshold,TN,FP,FN,TP,sensitivity,specificity,BA,Accuracy,precision,ROC_ACU_score_discretized,MCC,f1_score,cohen_kappa,PPV_score,NPV_score,FPR_score,FDR_score,PLR_score,NLR_score,DOR_score
0.9215965173492691,0.5781298803443381,16543,1861,0.18847352024922118,521,0.8115264797507789,0.8988806781134536,0.8552035789321162,0.8959361545731387,0.21872376154492024,0.8552035789321163,0.3875881119041158,0.3445767195767196,0.30781968576854857,0.21872376154492024,0.9927388382141142,0.1011193218865464,0.7812762384550798,8.02543435428981,0.20967579439440645,38.275445086397184
