ROC_AUC_score,prediction_threshold,TN,FP,FN,TP,sensitivity,specificity,BA,Accuracy,precision,ROC_ACU_score_discretized,MCC,f1_score,cohen_kappa,PPV_score,NPV_score,FPR_score,FDR_score,PLR_score,NLR_score,DOR_score
0.9260134419909495,0.48097873545614683,12650,2073,0.1267056530214425,448,0.8732943469785575,0.859199891326496,0.8662471191525267,0.8596744552375951,0.17770725902419673,0.8662471191525267,0.3555629055371441,0.29531970995385626,0.25355275789504184,0.17770725902419673,0.9948879276445144,0.14080010867350404,0.8222927409758033,6.202369836259192,0.14746935410550976,42.058703476937914
