ROC_AUC_score,prediction_threshold,TN,FP,FN,TP,sensitivity,specificity,BA,Accuracy,precision,ROC_ACU_score_discretized,MCC,f1_score,cohen_kappa,PPV_score,NPV_score,FPR_score,FDR_score,PLR_score,NLR_score,DOR_score
0.9239475232595379,0.48097873545614683,15904,2500,0.14485981308411214,549,0.8551401869158879,0.8641599652249511,0.8596500760704195,0.8638559277538591,0.18005903574942606,0.8596500760704195,0.354026518219734,0.2974803576266594,0.25605003143082805,0.18005903574942606,0.994186409951866,0.1358400347750489,0.819940964250574,6.2951999999999995,0.16763078470824946,37.55396129032258
