ROC_AUC_score,prediction_threshold,TN,FP,FN,TP,sensitivity,specificity,BA,Accuracy,precision,ROC_ACU_score_discretized,MCC,f1_score,cohen_kappa,PPV_score,NPV_score,FPR_score,FDR_score,PLR_score,NLR_score,DOR_score
0.9333820033870438,0.4957552126239085,12651,2072,0.1267056530214425,448,0.8732943469785575,0.8592678122665217,0.8662810796225395,0.8597400892622735,0.17777777777777778,0.8662810796225396,0.35565243777537064,0.2954170787998681,0.2536588657747614,0.17777777777777778,0.9948883296634161,0.14073218773347823,0.8222222222222222,6.205363257994835,0.14745769737053976,42.08232848232845
