ROC_AUC_score,prediction_threshold,TN,FP,FN,TP,sensitivity,specificity,BA,Accuracy,precision,ROC_ACU_score_discretized,MCC,f1_score,cohen_kappa,PPV_score,NPV_score,FPR_score,FDR_score,PLR_score,NLR_score,DOR_score
0.9264669538858207,0.4957552126239085,15898,2506,0.1261682242990654,561,0.8738317757009346,0.863833949141491,0.8688328624212128,0.8641709545311351,0.18291490055428758,0.8688328624212128,0.362202584316132,0.30250741439741174,0.2613290385917183,0.18291490055428758,0.9949308467363415,0.13616605085850902,0.8170850994457124,6.4173982442138895,0.1460561076865014,43.93789719488047
