ROC_AUC_score,prediction_threshold,TN,FP,FN,TP,sensitivity,specificity,BA,Accuracy,precision,ROC_ACU_score_discretized,MCC,f1_score,cohen_kappa,PPV_score,NPV_score,FPR_score,FDR_score,PLR_score,NLR_score,DOR_score
0.9372000075732511,0.5061025526103753,12869,1854,0.11695906432748537,453,0.8830409356725146,0.8740745771921483,0.8785577564323315,0.8743764767655553,0.19635890767230169,0.8785577564323315,0.38098924696988423,0.32127659574468087,0.28170556289490045,0.19635890767230169,0.9953592698584577,0.12592542280785166,0.8036410923276983,7.012411917964633,0.13380902199810144,52.40612189859761
