ROC_AUC_score,prediction_threshold,TN,FP,FN,TP,sensitivity,specificity,BA,Accuracy,precision,ROC_ACU_score_discretized,MCC,f1_score,cohen_kappa,PPV_score,NPV_score,FPR_score,FDR_score,PLR_score,NLR_score,DOR_score
0.9305667838699564,0.5061025526103753,16118,2286,0.14641744548286603,548,0.8535825545171339,0.8757878722016953,0.8646852133594146,0.8750393783471595,0.19336626676076218,0.8646852133594146,0.36987378890068245,0.3153049482163406,0.2754822821179368,0.19336626676076218,0.9942018258080434,0.12421212779830472,0.8066337332392378,6.871974336541266,0.1671836869752244,41.10433536233502
