ROC_AUC_score,prediction_threshold,TN,FP,FN,TP,sensitivity,specificity,BA,Accuracy,precision,ROC_ACU_score_discretized,MCC,f1_score,cohen_kappa,PPV_score,NPV_score,FPR_score,FDR_score,PLR_score,NLR_score,DOR_score
0.9239085548476155,0.4880460084603081,12701,2022,0.1364522417153996,443,0.8635477582846004,0.8626638592678123,0.8631058087762064,0.8626936203728013,0.1797160243407708,0.8631058087762064,0.3557124915712283,0.29751511081262594,0.25604701253985473,0.1797160243407708,0.994518831728134,0.13733614073218772,0.8202839756592292,6.287840576273084,0.15817544719123125,39.752317366115605
