ROC_AUC_score,prediction_threshold,TN,FP,FN,TP,sensitivity,specificity,BA,Accuracy,precision,ROC_ACU_score_discretized,MCC,f1_score,cohen_kappa,PPV_score,NPV_score,FPR_score,FDR_score,PLR_score,NLR_score,DOR_score
0.9264691544097485,0.4880460084603081,15942,2462,0.14174454828660435,551,0.8582554517133957,0.8662247337535318,0.8622400927334637,0.8659561062690329,0.1828742117490873,0.8622400927334638,0.35829700360227223,0.30150478796169633,0.2604022563855516,0.1828742117490873,0.9943242063244558,0.13377526624646816,0.8171257882509128,6.415651232060655,0.1636348429724417,39.20712187893342
