ROC_AUC_score,prediction_threshold,TN,FP,FN,TP,sensitivity,specificity,BA,Accuracy,precision,ROC_ACU_score_discretized,MCC,f1_score,cohen_kappa,PPV_score,NPV_score,FPR_score,FDR_score,PLR_score,NLR_score,DOR_score
0.925507940725806,0.5659623274401433,13153,1570,0.17153996101364521,425,0.8284600389863548,0.8933641241594784,0.8609120815729165,0.891178787083224,0.21303258145363407,0.8609120815729165,0.38597254348567467,0.33891547049441784,0.3014993660448336,0.21303258145363407,0.993353976285779,0.10663587584052163,0.7869674185463659,7.769055512099431,0.19201572614642273,40.4605167921251
