ROC_AUC_score,prediction_threshold,TN,FP,FN,TP,sensitivity,specificity,BA,Accuracy,precision,ROC_ACU_score_discretized,MCC,f1_score,cohen_kappa,PPV_score,NPV_score,FPR_score,FDR_score,PLR_score,NLR_score,DOR_score
0.9281291958066816,0.5659623274401433,16486,1918,0.14797507788161993,547,0.8520249221183801,0.8957835253205825,0.8739042237194813,0.8943085162238791,0.22190669371196756,0.8739042237194812,0.40206861287991513,0.35210814290312203,0.3154970905464729,0.22190669371196756,0.9942705506302394,0.10421647467941751,0.7780933062880324,8.175530066041015,0.16519066682842004,49.49147686735087
