ROC_AUC_score,prediction_threshold,TN,FP,FN,TP,sensitivity,specificity,BA,Accuracy,precision,ROC_ACU_score_discretized,MCC,f1_score,cohen_kappa,PPV_score,NPV_score,FPR_score,FDR_score,PLR_score,NLR_score,DOR_score
0.927494727521181,0.5689455018861228,13218,1505,0.16374269005847952,429,0.8362573099415205,0.897778985261156,0.8670181476013382,0.895707534786033,0.2218200620475698,0.8670181476013382,0.3977293739231925,0.3506334286881896,0.31412937449969136,0.2218200620475698,0.9936851601262968,0.10222101473884398,0.7781799379524302,8.180874667288371,0.18238641441451006,44.854627432368275
