ROC_AUC_score,prediction_threshold,TN,FP,FN,TP,sensitivity,specificity,BA,Accuracy,precision,ROC_ACU_score_discretized,MCC,f1_score,cohen_kappa,PPV_score,NPV_score,FPR_score,FDR_score,PLR_score,NLR_score,DOR_score
0.9332079203965548,0.5689455018861228,16560,1844,0.16043613707165108,539,0.839563862928349,0.8998043903499239,0.8696841266391364,0.8977738107739158,0.22618548048678136,0.8696841266391364,0.4033163303820947,0.3563636363636363,0.3202642325057763,0.22618548048678136,0.9938186401008222,0.10019560965007607,0.7738145195132187,8.379248011569048,0.17830112721417066,46.99492449929447
