ROC_AUC_score,prediction_threshold,TN,FP,FN,TP,sensitivity,specificity,BA,Accuracy,precision,ROC_ACU_score_discretized,MCC,f1_score,cohen_kappa,PPV_score,NPV_score,FPR_score,FDR_score,PLR_score,NLR_score,DOR_score
0.9269243505043561,0.43615322038149323,12588,2135,0.1267056530214425,448,0.8732943469785575,0.8549887930448957,0.8641415700117265,0.8556051457075348,0.17344173441734417,0.8641415700117265,0.3501048584071635,0.28940568475452194,0.24710635536916048,0.17344173441734417,0.9948628783687663,0.14501120695510425,0.8265582655826558,6.0222541782507255,0.14819568870628366,40.63717528373263
