ROC_AUC_score,prediction_threshold,TN,FP,FN,TP,sensitivity,specificity,BA,Accuracy,precision,ROC_ACU_score_discretized,MCC,f1_score,cohen_kappa,PPV_score,NPV_score,FPR_score,FDR_score,PLR_score,NLR_score,DOR_score
0.9243571592522553,0.43615322038149323,15735,2669,0.13707165109034267,554,0.8629283489096573,0.8549771788741578,0.8589527638919076,0.8552451958416465,0.17188954390319577,0.8589527638919077,0.3455543439938906,0.2866752910737387,0.24418522271883003,0.17188954390319577,0.9944384756367314,0.14502282112584222,0.8281104560968042,5.950293493193456,0.16032199978815806,37.114641166252255
