ROC_AUC_score,prediction_threshold,TN,FP,FN,TP,sensitivity,specificity,BA,Accuracy,precision,ROC_ACU_score_discretized,MCC,f1_score,cohen_kappa,PPV_score,NPV_score,FPR_score,FDR_score,PLR_score,NLR_score,DOR_score
0.9294096213917331,0.45026312626180254,12482,2241,0.11306042884990253,455,0.8869395711500975,0.8477891734021599,0.8673643722761286,0.8491073772643738,0.1687685459940653,0.8673643722761286,0.34727630929499476,0.2835774384543472,0.240615035766636,0.1687685459940653,0.9953748006379586,0.1522108265978401,0.8312314540059347,5.827046544418957,0.13335913266761057,43.694394435981465
