ROC_AUC_score,prediction_threshold,TN,FP,FN,TP,sensitivity,specificity,BA,Accuracy,precision,ROC_ACU_score_discretized,MCC,f1_score,cohen_kappa,PPV_score,NPV_score,FPR_score,FDR_score,PLR_score,NLR_score,DOR_score
0.9274982378881471,0.45026312626180254,15645,2759,0.10903426791277258,572,0.8909657320872274,0.8500869376222561,0.8705263348547417,0.8514648745143337,0.17172020414290004,0.8705263348547416,0.352069329767242,0.28794361943116037,0.2452856770310331,0.17172020414290004,0.9955456570155902,0.14991306237774396,0.8282797958571,5.943216141113932,0.12826249067859807,46.3363537513592
