ROC_AUC_score,prediction_threshold,TN,FP,FN,TP,sensitivity,specificity,BA,Accuracy,precision,ROC_ACU_score_discretized,MCC,f1_score,cohen_kappa,PPV_score,NPV_score,FPR_score,FDR_score,PLR_score,NLR_score,DOR_score
0.9377278843527499,0.4936069239098464,12754,1969,0.12085769980506822,451,0.8791423001949318,0.8662636690891802,0.872702984642056,0.8666972958781832,0.18636363636363637,0.872702984642056,0.3678457752985287,0.3075349471530856,0.2667965239913651,0.18636363636363637,0.9951622971285893,0.1337363309108198,0.8136363636363636,6.5736983675825185,0.13951606666379326,47.117859073706974
