ROC_AUC_score,prediction_threshold,TN,FP,FN,TP,sensitivity,specificity,BA,Accuracy,precision,ROC_ACU_score_discretized,MCC,f1_score,cohen_kappa,PPV_score,NPV_score,FPR_score,FDR_score,PLR_score,NLR_score,DOR_score
0.9223017852681356,0.4936069239098464,15857,2547,0.1542056074766355,543,0.8457943925233645,0.8616061725711802,0.8537002825472724,0.8610731912212538,0.17572815533980582,0.8537002825472725,0.3462962392785768,0.2909967845659164,0.24908165608020205,0.17572815533980582,0.9937954374529957,0.1383938274288198,0.8242718446601942,6.11150372987829,0.17897458535662478,34.147327217998615
