ROC_AUC_score,prediction_threshold,TN,FP,FN,TP,sensitivity,specificity,BA,Accuracy,precision,ROC_ACU_score_discretized,MCC,f1_score,cohen_kappa,PPV_score,NPV_score,FPR_score,FDR_score,PLR_score,NLR_score,DOR_score
0.9345994132387582,0.4687513390681293,15780,2624,0.1292834890965732,559,0.8707165109034268,0.8574222995001086,0.8640694052017677,0.8578704189856138,0.17562048382029533,0.8640694052017677,0.3522303909681785,0.29228758169934643,0.25022484883000806,0.17562048382029533,0.9947676984177015,0.14257770049989132,0.8243795161797047,6.106961382113819,0.15078158005914655,40.50203864237437
