ROC_AUC_score,prediction_threshold,TN,FP,FN,TP,sensitivity,specificity,BA,Accuracy,precision,ROC_ACU_score_discretized,MCC,f1_score,cohen_kappa,PPV_score,NPV_score,FPR_score,FDR_score,PLR_score,NLR_score,DOR_score
0.9443652033477475,0.480076897921885,12777,1946,0.10721247563352826,458,0.8927875243664717,0.8678258507097738,0.8803066875381227,0.868666316618535,0.19051580698835274,0.8803066875381228,0.3763625388353036,0.314021254713747,0.27371410967191756,0.19051580698835274,0.9957138403990025,0.13217414929022617,0.8094841930116472,6.754630380908305,0.1235414634697063,54.67500700738107
