ROC_AUC_score,prediction_threshold,TN,FP,FN,TP,sensitivity,specificity,BA,Accuracy,precision,ROC_ACU_score_discretized,MCC,f1_score,cohen_kappa,PPV_score,NPV_score,FPR_score,FDR_score,PLR_score,NLR_score,DOR_score
0.9260419988611442,0.480076897921885,15900,2504,0.14330218068535824,550,0.8566978193146417,0.863942621169311,0.8603202202419764,0.863698414365221,0.18009168303863785,0.8603202202419764,0.3544511170556138,0.29761904761904756,0.25618440538278275,0.18009168303863785,0.9942471235617809,0.13605737883068897,0.8199083169613621,6.296592119275823,0.16587002096436063,37.96100152798998
