ROC_AUC_score,prediction_threshold,TN,FP,FN,TP,sensitivity,specificity,BA,Accuracy,precision,ROC_ACU_score_discretized,MCC,f1_score,cohen_kappa,PPV_score,NPV_score,FPR_score,FDR_score,PLR_score,NLR_score,DOR_score
0.9295735858586885,0.5071003512642037,16081,2323,0.14174454828660435,551,0.8582554517133957,0.8737774396870246,0.8660164457002102,0.8732542266092618,0.19171885873347252,0.8660164457002102,0.3690871907196617,0.3134243458475541,0.2733833874458875,0.19171885873347252,0.9943729903536977,0.12622256031297543,0.8082811412665275,6.799540823647584,0.1622204257612503,41.91544185474451
