ROC_AUC_score,prediction_threshold,TN,FP,FN,TP,sensitivity,specificity,BA,Accuracy,precision,ROC_ACU_score_discretized,MCC,f1_score,cohen_kappa,PPV_score,NPV_score,FPR_score,FDR_score,PLR_score,NLR_score,DOR_score
0.9250706251996751,0.5438914228481612,13140,1583,0.15789473684210525,432,0.8421052631578947,0.8924811519391428,0.8672932075485187,0.8907849829351536,0.2143920595533499,0.8672932075485187,0.3911380383194471,0.34177215189873417,0.30443764253049266,0.2143920595533499,0.9938733832539143,0.10751884806085717,0.7856079404466502,7.832164112112242,0.1769166065849556,44.270372710044185
