ROC_AUC_score,prediction_threshold,TN,FP,FN,TP,sensitivity,specificity,BA,Accuracy,precision,ROC_ACU_score_discretized,MCC,f1_score,cohen_kappa,PPV_score,NPV_score,FPR_score,FDR_score,PLR_score,NLR_score,DOR_score
0.9271863559391463,0.5438914228481612,16351,2053,0.17445482866043613,530,0.8255451713395638,0.8884481634427298,0.8569966673911469,0.8863278378662186,0.20518776616337592,0.8569966673911468,0.37635794780084175,0.32868217054263565,0.29036523071370435,0.20518776616337592,0.9931968656988398,0.11155183655727016,0.794812233836624,7.400552037668451,0.19635904022180095,37.68887864449236
