ROC_AUC_score,prediction_threshold,TN,FP,FN,TP,sensitivity,specificity,BA,Accuracy,precision,ROC_ACU_score_discretized,MCC,f1_score,cohen_kappa,PPV_score,NPV_score,FPR_score,FDR_score,PLR_score,NLR_score,DOR_score
0.9336846686285624,0.5668661073584497,13260,1463,0.15009746588693956,436,0.8499025341130604,0.90063166474224,0.8752670994276501,0.8989236019952743,0.229594523433386,0.8752670994276501,0.4098602180288813,0.36152570480928686,0.32577984140505956,0.229594523433386,0.9942265876883857,0.09936833525775997,0.770405476566614,8.553051954714,0.1666579932317807,51.32098250348417
