ROC_AUC_score,prediction_threshold,TN,FP,FN,TP,sensitivity,specificity,BA,Accuracy,precision,ROC_ACU_score_discretized,MCC,f1_score,cohen_kappa,PPV_score,NPV_score,FPR_score,FDR_score,PLR_score,NLR_score,DOR_score
0.9260243946697216,0.5668661073584497,16452,1952,0.19626168224299065,516,0.8037383177570093,0.8939361008476419,0.8488372093023255,0.8908957261367216,0.20907617504051865,0.8488372093023255,0.37491928501576827,0.33183279742765276,0.2940660045346627,0.20907617504051865,0.992399565689468,0.10606389915235818,0.7909238249594813,7.577868852459019,0.21954777534646244,34.51580796252929
