{"performances": [0.916287499466796, 0.9161521672452354, 0.9166766536598775, 0.9160594913336597, 0.9162373105941347, 0.9154152456360225, 0.9167720379085951, 0.9161954160039706, 0.9167600196625277, 0.91571130073985], "mean": 0.916226714225067, "std": 0.0004179327566839834}