{"performances": [0.9195110131144456, 0.9193584998791404, 0.9195659415771054, 0.9199122701891299, 0.9193089034552288, 0.9194055572369816, 0.9190557585679939, 0.9193546912800346, 0.9193503748677146, 0.9196442294476143], "mean": 0.919446723961539, "std": 0.00021752411895643284}