ROC_AUC_score,prediction_threshold,TN,FP,FN,TP,sensitivity,specificity,BA,Accuracy,precision,ROC_ACU_score_discretized,MCC,f1_score,cohen_kappa,PPV_score,NPV_score,FPR_score,FDR_score,PLR_score,NLR_score,DOR_score
0.9279165523066044,0.48880213034623543,12854,1869,0.15594541910331383,433,0.8440545808966862,0.8730557630917611,0.8585551719942237,0.8720792859018115,0.18809730668983493,0.8585551719942237,0.36118003661806003,0.3076376554174068,0.26728831552550203,0.18809730668983493,0.9938147518169167,0.1269442369082388,0.8119026933101651,6.64901850965324,0.17862022759126261,37.22433119315141
