ROC_AUC_score,prediction_threshold,TN,FP,FN,TP,sensitivity,specificity,BA,Accuracy,precision,ROC_ACU_score_discretized,MCC,f1_score,cohen_kappa,PPV_score,NPV_score,FPR_score,FDR_score,PLR_score,NLR_score,DOR_score
0.9242930901517414,0.48880213034623543,16003,2401,0.15109034267912771,545,0.8489096573208723,0.8695392306020431,0.8592244439614577,0.8688438517273969,0.18499660556687034,0.8592244439614577,0.35858341086793594,0.30379041248606464,0.26299493462752266,0.18499660556687034,0.9939751552795031,0.13046076939795698,0.8150033944331296,6.50701096765237,0.17375908683788452,37.448464342606414
