ROC_AUC_score,prediction_threshold,TN,FP,FN,TP,sensitivity,specificity,BA,Accuracy,precision,ROC_ACU_score_discretized,MCC,f1_score,cohen_kappa,PPV_score,NPV_score,FPR_score,FDR_score,PLR_score,NLR_score,DOR_score
0.9176491040062897,0.5651448315203447,13198,1525,0.18908382066276802,416,0.8109161793372319,0.8964205664606398,0.8536683728989358,0.893541611971646,0.21432251416795467,0.8536683728989359,0.3826715012258777,0.339038304808476,0.3018527373462181,0.21432251416795467,0.992704024069199,0.10357943353936018,0.7856774858320453,7.828930431725946,0.21093204209864633,37.11588980902484
