ROC_AUC_score,prediction_threshold,TN,FP,FN,TP,sensitivity,specificity,BA,Accuracy,precision,ROC_ACU_score_discretized,MCC,f1_score,cohen_kappa,PPV_score,NPV_score,FPR_score,FDR_score,PLR_score,NLR_score,DOR_score
0.9297495431373785,0.5651448315203447,16550,1854,0.17445482866043613,530,0.8255451713395638,0.8992610302108237,0.8624031007751938,0.8967762259792083,0.22231543624161074,0.8624031007751938,0.395301840416361,0.35029742233972244,0.3138543586526019,0.22231543624161074,0.9932781178730045,0.10073896978917626,0.7776845637583892,8.19489392304926,0.19399798590130918,42.24215980890737
