ROC_AUC_score,prediction_threshold,TN,FP,FN,TP,sensitivity,specificity,BA,Accuracy,precision,ROC_ACU_score_discretized,MCC,f1_score,cohen_kappa,PPV_score,NPV_score,FPR_score,FDR_score,PLR_score,NLR_score,DOR_score
0.9273272421622479,0.5559706528960207,13121,1602,0.15009746588693956,436,0.8499025341130604,0.8911906540786525,0.8705465940958564,0.8898004725649776,0.2139352306182532,0.8705465940958564,0.39271139965852964,0.3418267346138769,0.3044047582274202,0.2139352306182532,0.9941657826943476,0.10880934592134756,0.7860647693817469,7.810933214573405,0.1684235188059913,46.37673687111891
