ROC_AUC_score,prediction_threshold,TN,FP,FN,TP,sensitivity,specificity,BA,Accuracy,precision,ROC_ACU_score_discretized,MCC,f1_score,cohen_kappa,PPV_score,NPV_score,FPR_score,FDR_score,PLR_score,NLR_score,DOR_score
0.9268148905730232,0.5559706528960207,16445,1959,0.16355140186915887,537,0.8364485981308412,0.8935557487502717,0.8650021734405564,0.8916307886170325,0.21514423076923078,0.8650021734405564,0.3904161576445766,0.3422562141491396,0.3049874009670608,0.21514423076923078,0.9936555891238671,0.10644425124972832,0.7848557692307693,7.858090862685042,0.1830343569474004,42.93232698898856
