ROC_AUC_score,prediction_threshold,TN,FP,FN,TP,sensitivity,specificity,BA,Accuracy,precision,ROC_ACU_score_discretized,MCC,f1_score,cohen_kappa,PPV_score,NPV_score,FPR_score,FDR_score,PLR_score,NLR_score,DOR_score
0.9316960282402823,0.5870865601697702,13286,1437,0.14619883040935672,438,0.8538011695906432,0.9023976091829111,0.8780993893867772,0.9007613546862694,0.2336,0.8780993893867772,0.415214672876527,0.3668341708542714,0.3314871250916067,0.2336,0.99438664770601,0.09760239081708891,0.7664,8.747748517663913,0.16201154449171756,53.994599860821154
