ROC_AUC_score,prediction_threshold,TN,FP,FN,TP,sensitivity,specificity,BA,Accuracy,precision,ROC_ACU_score_discretized,MCC,f1_score,cohen_kappa,PPV_score,NPV_score,FPR_score,FDR_score,PLR_score,NLR_score,DOR_score
0.9341341716990956,0.5870865601697702,16570,1834,0.1588785046728972,540,0.8411214953271028,0.9003477504890242,0.8707346229080635,0.8983513598655886,0.22746419545071608,0.8707346229080635,0.4051189520319552,0.35809018567639256,0.32211818396411984,0.22746419545071608,0.9938819577735125,0.09965224951097587,0.7725358045492839,8.440567066521268,0.17646348823174413,47.831804477516215
