ROC_AUC_score,prediction_threshold,TN,FP,FN,TP,sensitivity,specificity,BA,Accuracy,precision,ROC_ACU_score_discretized,MCC,f1_score,cohen_kappa,PPV_score,NPV_score,FPR_score,FDR_score,PLR_score,NLR_score,DOR_score
0.9268074417518358,0.5475224027773116,13068,1655,0.16764132553606237,427,0.8323586744639376,0.8875908442572845,0.8599747593606111,0.8857311630349173,0.20509125840537945,0.8599747593606111,0.3780851352029827,0.3290944123314066,0.29077640320836007,0.20509125840537945,0.9934620647711723,0.11240915574271548,0.7949087415946205,7.404723120321784,0.18887230148970358,39.20491814796599
