ROC_AUC_score,prediction_threshold,TN,FP,FN,TP,sensitivity,specificity,BA,Accuracy,precision,ROC_ACU_score_discretized,MCC,f1_score,cohen_kappa,PPV_score,NPV_score,FPR_score,FDR_score,PLR_score,NLR_score,DOR_score
0.9250409297450575,0.5475224027773116,16340,2064,0.1588785046728972,540,0.8411214953271028,0.8878504672897196,0.8644859813084111,0.8862753334033393,0.2073732718894009,0.8644859813084111,0.3829452081064022,0.33271719038817005,0.2945658140300802,0.2073732718894009,0.9937963751368447,0.11214953271028037,0.7926267281105991,7.499999999999999,0.17894736842105266,41.91176470588234
