ROC_AUC_score,prediction_threshold,TN,FP,FN,TP,sensitivity,specificity,BA,Accuracy,precision,ROC_ACU_score_discretized,MCC,f1_score,cohen_kappa,PPV_score,NPV_score,FPR_score,FDR_score,PLR_score,NLR_score,DOR_score
0.9280410078302385,0.5586762014137233,13130,1593,0.15594541910331383,433,0.8440545808966862,0.8918019425388848,0.8679282617177855,0.8901942767130481,0.21372161895360317,0.8679282617177855,0.39091186606601364,0.34107916502560065,0.303661785728101,0.21372161895360317,0.9939439818319455,0.10819805746111526,0.7862783810463968,7.801014183642132,0.17486552973785907,44.61150345260517
