ROC_AUC_score,prediction_threshold,TN,FP,FN,TP,sensitivity,specificity,BA,Accuracy,precision,ROC_ACU_score_discretized,MCC,f1_score,cohen_kappa,PPV_score,NPV_score,FPR_score,FDR_score,PLR_score,NLR_score,DOR_score
0.9270599950843681,0.5586762014137233,16444,1960,0.16510903426791276,536,0.8348909657320872,0.8935014127363616,0.8641961892342245,0.8915257796912738,0.21474358974358973,0.8641961892342245,0.38955405522476844,0.3416188655194391,0.30431393914629246,0.21474358974358973,0.993595166163142,0.10649858726363834,0.7852564102564102,7.839455782312923,0.18478877807508315,42.42387370042354
