ROC_AUC_score,prediction_threshold,TN,FP,FN,TP,sensitivity,specificity,BA,Accuracy,precision,ROC_ACU_score_discretized,MCC,f1_score,cohen_kappa,PPV_score,NPV_score,FPR_score,FDR_score,PLR_score,NLR_score,DOR_score
0.9323761644369931,0.5023892616365917,12803,1920,0.1442495126705653,439,0.8557504873294347,0.8695917951504449,0.8626711412399398,0.8691257547912838,0.18609580330648579,0.8626711412399396,0.36168334859375667,0.30571030640668523,0.26505921094615914,0.18609580330648579,0.9942533198726411,0.13040820484955512,0.8139041966935142,6.562090846328788,0.1658818694875211,39.55881897522525
