ROC_AUC_score,prediction_threshold,TN,FP,FN,TP,sensitivity,specificity,BA,Accuracy,precision,ROC_ACU_score_discretized,MCC,f1_score,cohen_kappa,PPV_score,NPV_score,FPR_score,FDR_score,PLR_score,NLR_score,DOR_score
0.9226401581398057,0.5023892616365917,15905,2499,0.14330218068535824,550,0.8566978193146417,0.8642143012388611,0.8604560602767515,0.8639609366796178,0.18038701213512628,0.8604560602767515,0.3548198999017997,0.29802221620157143,0.2566238455215101,0.18038701213512628,0.9942489216728136,0.13578569876113888,0.8196129878648737,6.309190342803788,0.16581787697788958,38.048915218261214
