ROC_AUC_score,prediction_threshold,TN,FP,FN,TP,sensitivity,specificity,BA,Accuracy,precision,ROC_ACU_score_discretized,MCC,f1_score,cohen_kappa,PPV_score,NPV_score,FPR_score,FDR_score,PLR_score,NLR_score,DOR_score
0.919891554223087,0.49831377448078945,12952,1771,0.1617933723196881,430,0.8382066276803118,0.8797120152142905,0.8589593214473012,0.8783145182462588,0.19536574284416175,0.8589593214473011,0.36835496735795226,0.3168754605747973,0.277413713265827,0.19536574284416175,0.993632527809743,0.12028798478570943,0.8046342571558383,6.968332117073534,0.18391629251565542,37.88860694046653
