ROC_AUC_score,prediction_threshold,TN,FP,FN,TP,sensitivity,specificity,BA,Accuracy,precision,ROC_ACU_score_discretized,MCC,f1_score,cohen_kappa,PPV_score,NPV_score,FPR_score,FDR_score,PLR_score,NLR_score,DOR_score
0.9309437505458995,0.49831377448078945,16171,2233,0.16043613707165108,539,0.839563862928349,0.8786676809389263,0.8591157719336376,0.8773495747138507,0.19444444444444445,0.8591157719336375,0.36757361747650663,0.3157586408904511,0.2761355644223471,0.19444444444444445,0.9936708860759493,0.12133231906107368,0.8055555555555556,6.919540229885058,0.18259023354564752,37.89655172413794
