ROC_AUC_score,prediction_threshold,TN,FP,FN,TP,sensitivity,specificity,BA,Accuracy,precision,ROC_ACU_score_discretized,MCC,f1_score,cohen_kappa,PPV_score,NPV_score,FPR_score,FDR_score,PLR_score,NLR_score,DOR_score
0.9318997910603598,0.524993001561041,12994,1729,0.15204678362573099,435,0.847953216374269,0.8825646946953746,0.8652589555348218,0.8813993174061433,0.2010166358595194,0.8652589555348219,0.37747488315742916,0.3249906611878969,0.2861305462242004,0.2010166358595194,0.9940330477356181,0.11743530530462541,0.7989833641404805,7.220598730294021,0.17227834349096793,41.91239934154914
