ROC_AUC_score,prediction_threshold,TN,FP,FN,TP,sensitivity,specificity,BA,Accuracy,precision,ROC_ACU_score_discretized,MCC,f1_score,cohen_kappa,PPV_score,NPV_score,FPR_score,FDR_score,PLR_score,NLR_score,DOR_score
0.9330739423435647,0.524993001561041,16163,2241,0.13395638629283488,556,0.8660436137071651,0.8782329928276461,0.8721383032674056,0.8778221148797648,0.19878441186986057,0.8721383032674057,0.3794883453773964,0.32334981099156734,0.2840965263110592,0.19878441186986057,0.9947073666071758,0.12176700717235384,0.8012155881301395,7.112301056076153,0.15252943966672855,46.62903811628942
