ROC_AUC_score,prediction_threshold,TN,FP,FN,TP,sensitivity,specificity,BA,Accuracy,precision,ROC_ACU_score_discretized,MCC,f1_score,cohen_kappa,PPV_score,NPV_score,FPR_score,FDR_score,PLR_score,NLR_score,DOR_score
0.9258524442071845,0.4763698114256769,12657,2066,0.1364522417153996,443,0.8635477582846004,0.8596753379066766,0.8616115480956386,0.8598057232869519,0.17656436827421285,0.8616115480956386,0.35173515154508905,0.2931833223031105,0.2513256011335723,0.17656436827421285,0.9944998821403316,0.14032466209332337,0.8234356317257872,6.153927224213054,0.1587253183831736,38.77092380030424
