ROC_AUC_score,prediction_threshold,TN,FP,FN,TP,sensitivity,specificity,BA,Accuracy,precision,ROC_ACU_score_discretized,MCC,f1_score,cohen_kappa,PPV_score,NPV_score,FPR_score,FDR_score,PLR_score,NLR_score,DOR_score
0.9329539291539629,0.4763698114256769,15857,2547,0.13862928348909656,553,0.8613707165109035,0.8616061725711802,0.8614884445410418,0.8615982358500472,0.17838709677419354,0.8614884445410418,0.35346084734809763,0.2955638695884553,0.2538942494227796,0.17838709677419354,0.9944186629875831,0.1383938274288198,0.8216129032258065,6.224054443135717,0.16089634441151116,38.68362867969811
