ROC_AUC_score,prediction_threshold,TN,FP,FN,TP,sensitivity,specificity,BA,Accuracy,precision,ROC_ACU_score_discretized,MCC,f1_score,cohen_kappa,PPV_score,NPV_score,FPR_score,FDR_score,PLR_score,NLR_score,DOR_score
0.9214660489965508,0.5738860193217553,13218,1505,0.18908382066276802,416,0.8109161793372319,0.897778985261156,0.8543475822991939,0.894854292465214,0.21655387818844352,0.8543475822991939,0.3851075565311352,0.34182415776499586,0.304880251395205,0.21655387818844352,0.992714983101765,0.10222101473884398,0.7834461218115565,7.932969374340239,0.21061288331199385,37.66611638182002
