ROC_AUC_score,prediction_threshold,TN,FP,FN,TP,sensitivity,specificity,BA,Accuracy,precision,ROC_ACU_score_discretized,MCC,f1_score,cohen_kappa,PPV_score,NPV_score,FPR_score,FDR_score,PLR_score,NLR_score,DOR_score
0.9324455234911009,0.5738860193217553,16483,1921,0.16510903426791276,536,0.8348909657320872,0.8956205172788524,0.8652557415054698,0.8935734537435682,0.21815221815221816,0.8652557415054698,0.3933127196026568,0.34591803807679905,0.3089834488200437,0.21815221815221816,0.9936102236421726,0.10437948272114758,0.7818477818477818,7.998611834114174,0.18435155412647378,43.38781884435188
