ROC_AUC_score,prediction_threshold,TN,FP,FN,TP,sensitivity,specificity,BA,Accuracy,precision,ROC_ACU_score_discretized,MCC,f1_score,cohen_kappa,PPV_score,NPV_score,FPR_score,FDR_score,PLR_score,NLR_score,DOR_score
0.9234805072860103,0.47614847894822565,12704,2019,0.14814814814814814,437,0.8518518518518519,0.8628676220878897,0.8573597369698708,0.8624967182987661,0.1779315960912052,0.8573597369698708,0.3506007541408367,0.2943752105085888,0.25274958968371153,0.1779315960912052,0.9940532081377151,0.1371323779121103,0.8220684039087948,6.211894410507585,0.17169278850639053,36.1802872709262
