ROC_AUC_score,prediction_threshold,TN,FP,FN,TP,sensitivity,specificity,BA,Accuracy,precision,ROC_ACU_score_discretized,MCC,f1_score,cohen_kappa,PPV_score,NPV_score,FPR_score,FDR_score,PLR_score,NLR_score,DOR_score
0.9281573794400648,0.47614847894822565,15839,2565,0.13551401869158877,555,0.8644859813084113,0.8606281243207998,0.8625570528146056,0.8607581644439778,0.1778846153846154,0.8625570528146055,0.3535894732916688,0.2950558213716109,0.2533075185543724,0.1778846153846154,0.9945372347105362,0.13937187567920017,0.8221153846153846,6.202729044834308,0.15745943557042738,39.392552261880766
