ROC_AUC_score,prediction_threshold,TN,FP,FN,TP,sensitivity,specificity,BA,Accuracy,precision,ROC_ACU_score_discretized,MCC,f1_score,cohen_kappa,PPV_score,NPV_score,FPR_score,FDR_score,PLR_score,NLR_score,DOR_score
0.9284031204442162,0.45394732874603233,12463,2260,0.11500974658869395,454,0.884990253411306,0.8464986755416695,0.8657444644764878,0.847794696770806,0.16728076639646278,0.8657444644764877,0.34484411963941647,0.2813758909203595,0.2382329803401353,0.16728076639646278,0.9952882926050152,0.1535013244583305,0.8327192336035372,5.765359071227723,0.1358652410354924,42.434393280335954
