ROC_AUC_score,prediction_threshold,TN,FP,FN,TP,sensitivity,specificity,BA,Accuracy,precision,ROC_ACU_score_discretized,MCC,f1_score,cohen_kappa,PPV_score,NPV_score,FPR_score,FDR_score,PLR_score,NLR_score,DOR_score
0.9252066461239296,0.45394732874603233,15489,2915,0.12305295950155763,563,0.8769470404984424,0.8416105194522929,0.8592787799753676,0.8428016381392418,0.16187464059804485,0.8592787799753676,0.335663399755392,0.2733009708737864,0.22944837079106573,0.16187464059804485,0.9949254881808839,0.15838948054770702,0.8381253594019551,5.536649514008003,0.14621128973249828,37.86745554421695
