{"performances": [0.9338200045906315, 0.9340074723021747, 0.9338277910599144, 0.9339445880991604, 0.9332669960004633, 0.9339346857414853, 0.9334543790764707, 0.9344485927141669, 0.933026800350188, 0.9338324460143772], "mean": 0.9337563755949031, "std": 0.000385660783655421}