ROC_AUC_score,prediction_threshold,TN,FP,FN,TP,sensitivity,specificity,BA,Accuracy,precision,ROC_ACU_score_discretized,MCC,f1_score,cohen_kappa,PPV_score,NPV_score,FPR_score,FDR_score,PLR_score,NLR_score,DOR_score
0.9313564235401532,0.5040946095102238,12877,1846,0.12475633528265107,449,0.8752436647173489,0.8746179447123548,0.8749308047148519,0.8746390128642688,0.19564270152505447,0.8749308047148519,0.3781487722630702,0.31980056980056987,0.28018336194467897,0.19564270152505447,0.9950544780156093,0.12538205528764518,0.8043572984749455,6.980613475424444,0.14264095087104697,48.93835488894906
