ROC_AUC_score,prediction_threshold,TN,FP,FN,TP,sensitivity,specificity,BA,Accuracy,precision,ROC_ACU_score_discretized,MCC,f1_score,cohen_kappa,PPV_score,NPV_score,FPR_score,FDR_score,PLR_score,NLR_score,DOR_score
0.9336804405922862,0.5040946095102238,15992,2412,0.1261682242990654,561,0.8738317757009346,0.8689415344490328,0.8713866550749837,0.8691063740417936,0.18869828456104945,0.8713866550749836,0.3693465012190797,0.3103734439834025,0.2698940759533657,0.18869828456104945,0.9949604927518199,0.13105846555096717,0.8113017154389506,6.6674958540630165,0.14519759879939967,45.92015232479577
