ROC_AUC_score,prediction_threshold,TN,FP,FN,TP,sensitivity,specificity,BA,Accuracy,precision,ROC_ACU_score_discretized,MCC,f1_score,cohen_kappa,PPV_score,NPV_score,FPR_score,FDR_score,PLR_score,NLR_score,DOR_score
0.9314631375316947,0.4791733504828309,12683,2040,0.11500974658869395,454,0.884990253411306,0.8614412823473477,0.8732157678793269,0.8622341822000525,0.18203688853247796,0.8732157678793268,0.36389810429077213,0.3019620884602594,0.26066890254367703,0.18203688853247796,0.9953696436980066,0.13855871765265232,0.8179631114675221,6.387113480869933,0.13350851525864083,47.840495181123295
