ROC_AUC_score,prediction_threshold,TN,FP,FN,TP,sensitivity,specificity,BA,Accuracy,precision,ROC_ACU_score_discretized,MCC,f1_score,cohen_kappa,PPV_score,NPV_score,FPR_score,FDR_score,PLR_score,NLR_score,DOR_score
0.9301654421597365,0.4791733504828309,15918,2486,0.13395638629283488,556,0.8660436137071651,0.8649206694196914,0.8654821415634282,0.8649585214743253,0.18277449046679817,0.8654821415634282,0.3601023095786685,0.30184581976112923,0.26069038575821,0.18277449046679817,0.9946263434141465,0.13507933058030863,0.8172255095332018,6.41137034057388,0.15487707835992798,41.39650882149338
