ROC_AUC_score,prediction_threshold,TN,FP,FN,TP,sensitivity,specificity,BA,Accuracy,precision,ROC_ACU_score_discretized,MCC,f1_score,cohen_kappa,PPV_score,NPV_score,FPR_score,FDR_score,PLR_score,NLR_score,DOR_score
0.9381777778307375,0.46878591764868266,12646,2077,0.10526315789473684,459,0.8947368421052632,0.8589282075663928,0.876832524835828,0.860133893410344,0.18099369085173503,0.8768325248358279,0.3649713125059382,0.3010823220728108,0.25961299286327844,0.18099369085173503,0.995748031496063,0.1410717924336073,0.819006309148265,6.34242201555888,0.12255175341485136,51.753009147809365
