ROC_AUC_score,prediction_threshold,TN,FP,FN,TP,sensitivity,specificity,BA,Accuracy,precision,ROC_ACU_score_discretized,MCC,f1_score,cohen_kappa,PPV_score,NPV_score,FPR_score,FDR_score,PLR_score,NLR_score,DOR_score
0.9263810488170998,0.46878591764868266,15818,2586,0.13551401869158877,555,0.8644859813084113,0.8594870680286895,0.8619865246685503,0.8596555707235115,0.1766953199617956,0.8619865246685504,0.35208313357496357,0.2934179222839016,0.25152198740879883,0.1766953199617956,0.9945300220056585,0.1405129319713106,0.8233046800382043,6.152358855375099,0.15766847894803382,39.0208550017335
