ROC_AUC_score,prediction_threshold,TN,FP,FN,TP,sensitivity,specificity,BA,Accuracy,precision,ROC_ACU_score_discretized,MCC,f1_score,cohen_kappa,PPV_score,NPV_score,FPR_score,FDR_score,PLR_score,NLR_score,DOR_score
0.9276714808446399,0.49910434987429786,12866,1857,0.15204678362573099,435,0.847953216374269,0.8738708143720709,0.86091201537317,0.872998162247309,0.18979057591623036,0.8609120153731701,0.3642055974754971,0.31016042780748665,0.2699919089547934,0.18979057591623036,0.9939740420271941,0.1261291856279291,0.8102094240837696,6.722894563639399,0.17399228939232375,38.639037322397584
