ROC_AUC_score,prediction_threshold,TN,FP,FN,TP,sensitivity,specificity,BA,Accuracy,precision,ROC_ACU_score_discretized,MCC,f1_score,cohen_kappa,PPV_score,NPV_score,FPR_score,FDR_score,PLR_score,NLR_score,DOR_score
0.9283025293837652,0.49910434987429786,16051,2353,0.13239875389408098,557,0.867601246105919,0.872147359269724,0.8698743026878215,0.8719941195001575,0.1914089347079038,0.8698743026878215,0.3710764082642681,0.31362612612612617,0.2735010111562002,0.1914089347079038,0.9947322756569162,0.12785264073027602,0.8085910652920962,6.785947017991218,0.15180777936992498,44.70091747706309
