ROC_AUC_score,prediction_threshold,TN,FP,FN,TP,sensitivity,specificity,BA,Accuracy,precision,ROC_ACU_score_discretized,MCC,f1_score,cohen_kappa,PPV_score,NPV_score,FPR_score,FDR_score,PLR_score,NLR_score,DOR_score
0.9288491743369004,0.48413894330347806,12765,1958,0.12280701754385964,450,0.8771929824561403,0.8670107994294641,0.8721018909428022,0.8673536361249672,0.18687707641196014,0.8721018909428022,0.36799421745586247,0.3081136597055803,0.2674468144025607,0.18687707641196014,0.995088868101029,0.1329892005705359,0.8131229235880398,6.5959715427485985,0.14164416132379523,46.56719684809572
