ROC_AUC_score,prediction_threshold,TN,FP,FN,TP,sensitivity,specificity,BA,Accuracy,precision,ROC_ACU_score_discretized,MCC,f1_score,cohen_kappa,PPV_score,NPV_score,FPR_score,FDR_score,PLR_score,NLR_score,DOR_score
0.9162373105941347,0.48413894330347806,15951,2453,0.16355140186915887,537,0.8364485981308412,0.8667137578787221,0.8515811780047816,0.8656935839546361,0.17959866220735787,0.8515811780047817,0.3488389455356709,0.295704845814978,0.25432022744245164,0.17959866220735787,0.9934603886397608,0.133286242121278,0.8204013377926421,6.2755809213208344,0.1887029026393329,33.25640906179025
