ROC_AUC_score,prediction_threshold,TN,FP,FN,TP,sensitivity,specificity,BA,Accuracy,precision,ROC_ACU_score_discretized,MCC,f1_score,cohen_kappa,PPV_score,NPV_score,FPR_score,FDR_score,PLR_score,NLR_score,DOR_score
0.9238363971238065,0.4765509190099573,12698,2025,0.1286549707602339,447,0.8713450292397661,0.8624600964477348,0.8669025628437504,0.8627592543974797,0.1808252427184466,0.8669025628437503,0.3590210796870922,0.29949748743718596,0.2581250372003122,0.1808252427184466,0.9948292071450956,0.13753990355226517,0.8191747572815534,6.335216229875098,0.14917208493486564,42.469180695847356
