ROC_AUC_score,prediction_threshold,TN,FP,FN,TP,sensitivity,specificity,BA,Accuracy,precision,ROC_ACU_score_discretized,MCC,f1_score,cohen_kappa,PPV_score,NPV_score,FPR_score,FDR_score,PLR_score,NLR_score,DOR_score
0.9326527959179942,0.4765509190099573,15853,2551,0.13707165109034267,554,0.8629283489096573,0.8613888285155401,0.8621585887125987,0.8614407224614092,0.1784219001610306,0.8621585887125987,0.35388636341600843,0.29570322925006676,0.25402965828497737,0.1784219001610306,0.9944796436860924,0.1386111714844599,0.8215780998389695,6.225532470926434,0.15912866124182595,39.122634617440575
