ROC_AUC_score,prediction_threshold,TN,FP,FN,TP,sensitivity,specificity,BA,Accuracy,precision,ROC_ACU_score_discretized,MCC,f1_score,cohen_kappa,PPV_score,NPV_score,FPR_score,FDR_score,PLR_score,NLR_score,DOR_score
0.9280689441233095,0.4612844099172535,12650,2073,0.12475633528265107,449,0.8752436647173489,0.859199891326496,0.8672217780219225,0.8597400892622735,0.1780333068992863,0.8672217780219225,0.3564524619480633,0.2958813838550247,0.2541447586284119,0.1780333068992863,0.9949661790152587,0.14080010867350404,0.8219666931007137,6.216214411786557,0.1452005948115788,42.81121864447662
