ROC_AUC_score,prediction_threshold,TN,FP,FN,TP,sensitivity,specificity,BA,Accuracy,precision,ROC_ACU_score_discretized,MCC,f1_score,cohen_kappa,PPV_score,NPV_score,FPR_score,FDR_score,PLR_score,NLR_score,DOR_score
0.9271747608707577,0.4612844099172535,15797,2607,0.13551401869158877,555,0.8644859813084113,0.858346011736579,0.8614159965224951,0.8585529770030452,0.17552182163187854,0.861415996522495,0.35059048147101385,0.2917981072555205,0.24975593271252616,0.17552182163187854,0.9945227902291615,0.141653988263421,0.8244781783681214,6.102800153433064,0.15787807811609794,38.655145959816416
