ROC_AUC_score,prediction_threshold,TN,FP,FN,TP,sensitivity,specificity,BA,Accuracy,precision,ROC_ACU_score_discretized,MCC,f1_score,cohen_kappa,PPV_score,NPV_score,FPR_score,FDR_score,PLR_score,NLR_score,DOR_score
0.9264724710339699,0.5073135961820446,12897,1826,0.14619883040935672,438,0.8538011695906432,0.875976363512871,0.8648887665517571,0.8752297190863744,0.19346289752650175,0.8648887665517571,0.3700885479043937,0.3154483255311487,0.2756828957683485,0.19346289752650175,0.994218316373728,0.12402363648712898,0.8065371024734982,6.8841810623674915,0.1668981453141785,41.24779846659363
