ROC_AUC_score,prediction_threshold,TN,FP,FN,TP,sensitivity,specificity,BA,Accuracy,precision,ROC_ACU_score_discretized,MCC,f1_score,cohen_kappa,PPV_score,NPV_score,FPR_score,FDR_score,PLR_score,NLR_score,DOR_score
0.930957292231609,0.5073135961820446,16157,2247,0.1308411214953271,558,0.8691588785046729,0.877906976744186,0.8735329276244295,0.8776120970282474,0.19893048128342247,0.8735329276244295,0.3804606081129032,0.3237597911227154,0.2845081789117546,0.19893048128342247,0.9948279046856721,0.12209302325581395,0.8010695187165775,7.118825100133511,0.1490375688556044,47.765306122448976
