ROC_AUC_score,prediction_threshold,TN,FP,FN,TP,sensitivity,specificity,BA,Accuracy,precision,ROC_ACU_score_discretized,MCC,f1_score,cohen_kappa,PPV_score,NPV_score,FPR_score,FDR_score,PLR_score,NLR_score,DOR_score
0.9318293545299624,0.45419301296301434,12515,2208,0.10916179337231968,457,0.8908382066276803,0.8500305644230116,0.870434385525346,0.8514045681281176,0.17148217636022514,0.8704343855253459,0.35177470507243647,0.28760226557583385,0.24496526463697033,0.17148217636022514,0.9955453026807732,0.14996943557698839,0.8285178236397749,5.9401317555160045,0.12842102147987716,46.255135546066256
