ROC_AUC_score,prediction_threshold,TN,FP,FN,TP,sensitivity,specificity,BA,Accuracy,precision,ROC_ACU_score_discretized,MCC,f1_score,cohen_kappa,PPV_score,NPV_score,FPR_score,FDR_score,PLR_score,NLR_score,DOR_score
0.9281023663418695,0.45419301296301434,15614,2790,0.12461059190031153,562,0.8753894080996885,0.8484025211910454,0.861895964645367,0.8493121915362806,0.16766109785202865,0.8618959646453669,0.3430192818653223,0.28142213319979975,0.23832726014897687,0.16766109785202865,0.994902510513572,0.15159747880895458,0.8323389021479713,5.774432497013142,0.14687673455445968,39.31482078853046
