ROC_AUC_score,prediction_threshold,TN,FP,FN,TP,sensitivity,specificity,BA,Accuracy,precision,ROC_ACU_score_discretized,MCC,f1_score,cohen_kappa,PPV_score,NPV_score,FPR_score,FDR_score,PLR_score,NLR_score,DOR_score
0.9310429015401901,0.47809392944961027,12779,1944,0.12280701754385964,450,0.8771929824561403,0.8679616925898255,0.8725773375229828,0.8682725124704647,0.18796992481203006,0.8725773375229829,0.369338740037814,0.30959752321981426,0.2690619734647761,0.18796992481203006,0.9950942220837876,0.13203830741017455,0.8120300751879699,6.643473395422714,0.14148898343362126,46.95399764844209
