ROC_AUC_score,prediction_threshold,TN,FP,FN,TP,sensitivity,specificity,BA,Accuracy,precision,ROC_ACU_score_discretized,MCC,f1_score,cohen_kappa,PPV_score,NPV_score,FPR_score,FDR_score,PLR_score,NLR_score,DOR_score
0.9360071561038135,0.47809392944961027,15850,2554,0.11682242990654206,567,0.883177570093458,0.86122582047381,0.872201695283634,0.8619657670902027,0.18167254085229093,0.872201695283634,0.36294879933407154,0.301355301621047,0.25997767101755,0.18167254085229093,0.9952904238618524,0.13877417952618995,0.8183274591477091,6.364134690681284,0.13564668769716084,46.9169929522318
