ROC_AUC_score,prediction_threshold,TN,FP,FN,TP,sensitivity,specificity,BA,Accuracy,precision,ROC_ACU_score_discretized,MCC,f1_score,cohen_kappa,PPV_score,NPV_score,FPR_score,FDR_score,PLR_score,NLR_score,DOR_score
0.9187776772865625,0.4087469183000144,12297,2426,0.13060428849902533,446,0.8693957115009746,0.835223799497385,0.8523097554991799,0.8363743764767656,0.15529247910863508,0.8523097554991798,0.3249673936994094,0.2635155096011817,0.21888660310771013,0.15529247910863508,0.9945810417340667,0.16477620050261496,0.8447075208913649,5.276221376928626,0.15637041063439464,33.74181442334902
