ROC_AUC_score,prediction_threshold,TN,FP,FN,TP,sensitivity,specificity,BA,Accuracy,precision,ROC_ACU_score_discretized,MCC,f1_score,cohen_kappa,PPV_score,NPV_score,FPR_score,FDR_score,PLR_score,NLR_score,DOR_score
0.9306840887224166,0.4087469183000144,15378,3026,0.11682242990654206,567,0.883177570093458,0.8355792219082808,0.8593783960008694,0.8371836606111519,0.1578068466462566,0.8593783960008694,0.33156644820649916,0.26776859504132233,0.2233472254662212,0.1578068466462566,0.9951465734808775,0.1644207780917192,0.8421931533537433,5.37144745538665,0.13981011835089083,38.41959021810974
