ROC_AUC_score,prediction_threshold,TN,FP,FN,TP,sensitivity,specificity,BA,Accuracy,precision,ROC_ACU_score_discretized,MCC,f1_score,cohen_kappa,PPV_score,NPV_score,FPR_score,FDR_score,PLR_score,NLR_score,DOR_score
0.9313670154996115,0.4505436736125764,12641,2082,0.1364522417153996,443,0.8635477582846004,0.8585886028662637,0.8610681805754321,0.8587555788920976,0.17544554455445543,0.8610681805754321,0.35031239268857217,0.2916392363396971,0.24964222385968537,0.17544554455445543,0.9944929588545355,0.14141139713373632,0.8245544554455445,6.106634795977029,0.15892622061354547,38.42433786194594
