ROC_AUC_score,prediction_threshold,TN,FP,FN,TP,sensitivity,specificity,BA,Accuracy,precision,ROC_ACU_score_discretized,MCC,f1_score,cohen_kappa,PPV_score,NPV_score,FPR_score,FDR_score,PLR_score,NLR_score,DOR_score
0.9256146740414686,0.4505436736125764,15813,2591,0.13551401869158877,555,0.8644859813084113,0.8592153879591393,0.8618506846337752,0.8593930484091148,0.17641449459631278,0.8618506846337752,0.3517265072200949,0.2930306230200634,0.2510997436026343,0.17641449459631278,0.9945283018867924,0.14078461204086068,0.8235855054036872,6.140486298726361,0.15771833301713775,38.93324372163592
