{"performances": [0.9263084315274819, 0.9282251725041488, 0.9265518433281131, 0.9245624850618278, 0.9269295717238769, 0.9275124566581422, 0.9251690679460851, 0.9273739929217608, 0.9270025275556378, 0.9273686608830125], "mean": 0.9267004210110086, "std": 0.0010545062580352628}