ROC_AUC_score,prediction_threshold,TN,FP,FN,TP,sensitivity,specificity,BA,Accuracy,precision,ROC_ACU_score_discretized,MCC,f1_score,cohen_kappa,PPV_score,NPV_score,FPR_score,FDR_score,PLR_score,NLR_score,DOR_score
0.9266386323979706,0.49561029465619705,12808,1915,0.13450292397660818,444,0.8654970760233918,0.8699313998505739,0.8677142379369829,0.8697820950380677,0.18821534548537516,0.8677142379369829,0.3667127096133088,0.30919220055710306,0.2687449721751153,0.18821534548537516,0.9946416090704356,0.13006860014942606,0.8117846545146249,6.654158459682711,0.15461325341252366,43.037438982858404
