ROC_AUC_score,prediction_threshold,TN,FP,FN,TP,sensitivity,specificity,BA,Accuracy,precision,ROC_ACU_score_discretized,MCC,f1_score,cohen_kappa,PPV_score,NPV_score,FPR_score,FDR_score,PLR_score,NLR_score,DOR_score
0.927066512020616,0.49561029465619705,15993,2411,0.14485981308411214,549,0.8551401869158879,0.8689958704629428,0.8620680286894153,0.8685288249501207,0.18547297297297297,0.8620680286894153,0.36072306442510693,0.3048306496390894,0.26405960015586927,0.18547297297297297,0.994218575158523,0.13100412953705717,0.8145270270270271,6.527581916217335,0.16669793034452568,39.15814613130678
