ROC_AUC_score,prediction_threshold,TN,FP,FN,TP,sensitivity,specificity,BA,Accuracy,precision,ROC_ACU_score_discretized,MCC,f1_score,cohen_kappa,PPV_score,NPV_score,FPR_score,FDR_score,PLR_score,NLR_score,DOR_score
0.9357880993774709,0.4450283568982129,12587,2136,0.11500974658869395,454,0.884990253411306,0.8549208721048699,0.8699555627580879,0.8559333158309268,0.17528957528957528,0.8699555627580879,0.3553120410249841,0.2926200451176281,0.2504920666908591,0.17528957528957528,0.9953344931203543,0.14507912789513006,0.8247104247104247,6.100052200830831,0.134526773577925,45.34452167841042
