ROC_AUC_score,prediction_threshold,TN,FP,FN,TP,sensitivity,specificity,BA,Accuracy,precision,ROC_ACU_score_discretized,MCC,f1_score,cohen_kappa,PPV_score,NPV_score,FPR_score,FDR_score,PLR_score,NLR_score,DOR_score
0.9317509196497307,0.4450283568982129,15644,2760,0.11370716510903427,569,0.8862928348909658,0.850032601608346,0.8681627182496559,0.8512548566628163,0.17092219885851606,0.868162718249656,0.3499062546726789,0.2865776882397381,0.24384231282520352,0.17092219885851606,0.9953553477126678,0.149967398391654,0.8290778011414839,5.909903381642513,0.1337680047728628,44.180246178280754
