ROC_AUC_score,prediction_threshold,TN,FP,FN,TP,sensitivity,specificity,BA,Accuracy,precision,ROC_ACU_score_discretized,MCC,f1_score,cohen_kappa,PPV_score,NPV_score,FPR_score,FDR_score,PLR_score,NLR_score,DOR_score
0.9336156884925907,0.5355910357622825,13030,1693,0.14814814814814814,437,0.8518518518518519,0.8850098485363037,0.8684308501940778,0.8838934103439223,0.2051643192488263,0.8684308501940777,0.383281571931492,0.33068482784714337,0.29227677552048437,0.2051643192488263,0.9942011292537769,0.11499015146369626,0.7948356807511737,7.408041828006386,0.16739717461129586,44.25428233904311
