ROC_AUC_score,prediction_threshold,TN,FP,FN,TP,sensitivity,specificity,BA,Accuracy,precision,ROC_ACU_score_discretized,MCC,f1_score,cohen_kappa,PPV_score,NPV_score,FPR_score,FDR_score,PLR_score,NLR_score,DOR_score
0.9274297677397775,0.5355910357622825,16327,2077,0.13551401869158877,555,0.8644859813084113,0.8871440991088894,0.8758150402086503,0.886380342329098,0.2108662613981763,0.8758150402086502,0.3930769899041753,0.339034819792303,0.3011604026212472,0.2108662613981763,0.9946996466431095,0.11285590089111062,0.7891337386018237,7.660086663456909,0.15275310834813494,50.14684641309583
