ROC_AUC_score,prediction_threshold,TN,FP,FN,TP,sensitivity,specificity,BA,Accuracy,precision,ROC_ACU_score_discretized,MCC,f1_score,cohen_kappa,PPV_score,NPV_score,FPR_score,FDR_score,PLR_score,NLR_score,DOR_score
0.9283992808589124,0.5168089174317839,12904,1819,0.14230019493177387,440,0.8576998050682261,0.8764518100930517,0.8670758075806388,0.8758204253084799,0.19477644975652944,0.867075807580639,0.37264674269433673,0.3174603174603175,0.2778289095690806,0.19477644975652944,0.9943746628650689,0.12354818990694831,0.8052235502434706,6.94222882354013,0.16235940560915277,42.75840255446693
