ROC_AUC_score,prediction_threshold,TN,FP,FN,TP,sensitivity,specificity,BA,Accuracy,precision,ROC_ACU_score_discretized,MCC,f1_score,cohen_kappa,PPV_score,NPV_score,FPR_score,FDR_score,PLR_score,NLR_score,DOR_score
0.929993378115688,0.5168089174317839,16188,2216,0.14641744548286603,548,0.8535825545171339,0.8795913931753967,0.8665869738462653,0.8787146907487137,0.19826338639652677,0.8665869738462653,0.37567107386368537,0.3217850851438638,0.28253358925143957,0.19826338639652677,0.9942267534700897,0.12040860682460335,0.8017366136034733,7.089049338146814,0.1664607528210197,42.58691143713036
