ROC_AUC_score,prediction_threshold,TN,FP,FN,TP,sensitivity,specificity,BA,Accuracy,precision,ROC_ACU_score_discretized,MCC,f1_score,cohen_kappa,PPV_score,NPV_score,FPR_score,FDR_score,PLR_score,NLR_score,DOR_score
0.9200501688159739,0.5139244723359675,12873,1850,0.1695906432748538,426,0.8304093567251462,0.8743462609522515,0.8523778088386988,0.8728668941979523,0.18717047451669597,0.8523778088386988,0.3566208701402334,0.3054858372176408,0.2651000691567822,0.18717047451669597,0.993287037037037,0.12565373904774843,0.812829525483304,6.608711869764499,0.19396279351632667,34.072059645852725
