ROC_AUC_score,prediction_threshold,TN,FP,FN,TP,sensitivity,specificity,BA,Accuracy,precision,ROC_ACU_score_discretized,MCC,f1_score,cohen_kappa,PPV_score,NPV_score,FPR_score,FDR_score,PLR_score,NLR_score,DOR_score
0.9323320272377467,0.5139244723359675,16023,2381,0.14174454828660435,551,0.8582554517133957,0.8706259508802434,0.8644407012968196,0.8702089677622598,0.1879263301500682,0.8644407012968196,0.3644994128199062,0.30833799664241746,0.26784561422191455,0.1879263301500682,0.9943527367506516,0.12937404911975658,0.8120736698499318,6.633907321853563,0.16280763069753892,40.74690660032954
