ROC_AUC_score,prediction_threshold,TN,FP,FN,TP,sensitivity,specificity,BA,Accuracy,precision,ROC_ACU_score_discretized,MCC,f1_score,cohen_kappa,PPV_score,NPV_score,FPR_score,FDR_score,PLR_score,NLR_score,DOR_score
0.9306704617657405,0.5609336309155478,13238,1485,0.15594541910331383,433,0.8440545808966862,0.8991374040616722,0.8715959924791792,0.8972827513783145,0.22575599582898853,0.8715959924791792,0.4041234474983263,0.3562320032908268,0.3201093968415021,0.22575599582898853,0.9939930920558643,0.10086259593832779,0.7742440041710115,8.36836066972519,0.17343891867790373,48.24961279461279
