ROC_AUC_score,prediction_threshold,TN,FP,FN,TP,sensitivity,specificity,BA,Accuracy,precision,ROC_ACU_score_discretized,MCC,f1_score,cohen_kappa,PPV_score,NPV_score,FPR_score,FDR_score,PLR_score,NLR_score,DOR_score
0.933866384864187,0.5609336309155478,16454,1950,0.16355140186915887,537,0.8364485981308412,0.8940447728754618,0.8652466855031515,0.8921033287829465,0.21592279855247287,0.8652466855031515,0.3912775764506399,0.34324065196548414,0.3060567083651099,0.21592279855247287,0.9936590373814844,0.10595522712453814,0.7840772014475271,7.894358974358971,0.1829342409140634,43.154080586080575
