ROC_AUC_score,prediction_threshold,TN,FP,FN,TP,sensitivity,specificity,BA,Accuracy,precision,ROC_ACU_score_discretized,MCC,f1_score,cohen_kappa,PPV_score,NPV_score,FPR_score,FDR_score,PLR_score,NLR_score,DOR_score
0.9373214179085408,0.4298745669846711,12365,2358,0.08576998050682261,469,0.9142300194931774,0.8398424234191402,0.8770362214561588,0.8423470727224993,0.16590024761230987,0.8770362214561588,0.3498957055063587,0.2808383233532934,0.23737034656645006,0.16590024761230987,0.9964541864775566,0.16015757658085988,0.8340997523876902,5.708315766326571,0.1021262776386534,55.894681548307524
