ROC_AUC_score,prediction_threshold,TN,FP,FN,TP,sensitivity,specificity,BA,Accuracy,precision,ROC_ACU_score_discretized,MCC,f1_score,cohen_kappa,PPV_score,NPV_score,FPR_score,FDR_score,PLR_score,NLR_score,DOR_score
0.9332005571049501,0.4298745669846711,15509,2895,0.1292834890965732,559,0.8707165109034268,0.8426972397304934,0.8567068753169601,0.8436417095453114,0.1618413433700058,0.8567068753169601,0.3341588922193289,0.27294921875000006,0.22912570531091858,0.1618413433700058,0.9946767573114418,0.15730276026950663,0.8381586566299942,5.535290731145654,0.1534162959142003,36.080200595126634
