ROC_AUC_score,prediction_threshold,TN,FP,FN,TP,sensitivity,specificity,BA,Accuracy,precision,ROC_ACU_score_discretized,MCC,f1_score,cohen_kappa,PPV_score,NPV_score,FPR_score,FDR_score,PLR_score,NLR_score,DOR_score
0.9311067180959258,0.514641180753054,12928,1795,0.14035087719298245,441,0.8596491228070176,0.8780819126536711,0.8688655177303444,0.8774612759254398,0.1972271914132379,0.8688655177303444,0.37605149271963145,0.32084394325209165,0.28148827263544896,0.1972271914132379,0.9944615384615385,0.12191808734632888,0.802772808586762,7.051038459658894,0.15983802327601182,44.11364902506962
