ROC_AUC_score,prediction_threshold,TN,FP,FN,TP,sensitivity,specificity,BA,Accuracy,precision,ROC_ACU_score_discretized,MCC,f1_score,cohen_kappa,PPV_score,NPV_score,FPR_score,FDR_score,PLR_score,NLR_score,DOR_score
0.9290681424395754,0.514641180753054,16027,2377,0.1588785046728972,540,0.8411214953271028,0.8708432949358835,0.8559823951314931,0.8698414365221043,0.18512170037709977,0.8559823951314931,0.35678797379331245,0.3034560269738691,0.2627176699003172,0.18512170037709977,0.9936759873519747,0.1291567050641165,0.8148782996229003,6.5124106015986545,0.18244212890746866,35.69576084535623
