ROC_AUC_score,prediction_threshold,TN,FP,FN,TP,sensitivity,specificity,BA,Accuracy,precision,ROC_ACU_score_discretized,MCC,f1_score,cohen_kappa,PPV_score,NPV_score,FPR_score,FDR_score,PLR_score,NLR_score,DOR_score
0.9330523286489067,0.5303069055252421,12992,1731,0.15009746588693956,436,0.8499025341130604,0.882428852815323,0.8661656934641917,0.881333683381465,0.20119981541301338,0.8661656934641917,0.3781933184477073,0.3253731343283582,0.28652413840474755,0.20119981541301338,0.9941081949651848,0.11757114718467704,0.7988001845869867,7.228835938617327,0.17009582745177124,42.49860826637257
