ROC_AUC_score,prediction_threshold,TN,FP,FN,TP,sensitivity,specificity,BA,Accuracy,precision,ROC_ACU_score_discretized,MCC,f1_score,cohen_kappa,PPV_score,NPV_score,FPR_score,FDR_score,PLR_score,NLR_score,DOR_score
0.9305103319676543,0.5303069055252421,16268,2136,0.14018691588785046,552,0.8598130841121495,0.8839382742881983,0.8718756792001738,0.8831250656305786,0.20535714285714285,0.8718756792001741,0.3855419717811479,0.3315315315315315,0.2930609972809216,0.20535714285714285,0.9944981049027999,0.11606172571180179,0.7946428571428571,7.408239700374535,0.15859355790508975,46.71210986267168
