ROC_AUC_score,prediction_threshold,TN,FP,FN,TP,sensitivity,specificity,BA,Accuracy,precision,ROC_ACU_score_discretized,MCC,f1_score,cohen_kappa,PPV_score,NPV_score,FPR_score,FDR_score,PLR_score,NLR_score,DOR_score
0.9253617716852828,0.5139900311938675,12870,1853,0.14035087719298245,441,0.8596491228070176,0.8741424981321742,0.8668958104695959,0.8736545024940929,0.19224062772449868,0.8668958104695959,0.37011116149722806,0.314214463840399,0.27427526750263176,0.19224062772449868,0.9944367176634215,0.12585750186782585,0.8077593722755013,6.830336770149875,0.16055835003203422,42.54114948731787
