ROC_AUC_score,prediction_threshold,TN,FP,FN,TP,sensitivity,specificity,BA,Accuracy,precision,ROC_ACU_score_discretized,MCC,f1_score,cohen_kappa,PPV_score,NPV_score,FPR_score,FDR_score,PLR_score,NLR_score,DOR_score
0.9248528695847645,0.5139900311938675,16077,2327,0.14797507788161993,547,0.8520249221183801,0.8735600956313845,0.8627925088748822,0.872834190906227,0.19032707028531662,0.8627925088748822,0.365836206235504,0.31114903299203633,0.2709753787878788,0.19032707028531662,0.9941256492703439,0.12643990436861552,0.8096729297146834,6.73857613522418,0.16939312890049962,39.78069346119921
