ROC_AUC_score,prediction_threshold,TN,FP,FN,TP,sensitivity,specificity,BA,Accuracy,precision,ROC_ACU_score_discretized,MCC,f1_score,cohen_kappa,PPV_score,NPV_score,FPR_score,FDR_score,PLR_score,NLR_score,DOR_score
0.9272214549671589,0.4866056707763801,12587,2136,0.13255360623781676,445,0.8674463937621832,0.8549208721048699,0.8611836329335265,0.8553426096088212,0.1724137931034483,0.8611836329335266,0.347368008854079,0.2876535229476406,0.24525566101902463,0.1724137931034483,0.9946266297905966,0.14507912789513006,0.8275862068965517,5.97912605588044,0.1550478068355745,38.563112745098024
