ROC_AUC_score,prediction_threshold,TN,FP,FN,TP,sensitivity,specificity,BA,Accuracy,precision,ROC_ACU_score_discretized,MCC,f1_score,cohen_kappa,PPV_score,NPV_score,FPR_score,FDR_score,PLR_score,NLR_score,DOR_score
0.9253829419447621,0.4866056707763801,15794,2610,0.14018691588785046,552,0.8598130841121495,0.8581830036948489,0.8589980439034992,0.8582379502257692,0.174573055028463,0.8589980439034993,0.3482449539320437,0.2902208201892745,0.24808501051366771,0.174573055028463,0.9943339209267187,0.14181699630515104,0.825426944971537,6.062835249042143,0.16335317209066738,37.11489144316728
