ROC_AUC_score,prediction_threshold,TN,FP,FN,TP,sensitivity,specificity,BA,Accuracy,precision,ROC_ACU_score_discretized,MCC,f1_score,cohen_kappa,PPV_score,NPV_score,FPR_score,FDR_score,PLR_score,NLR_score,DOR_score
0.927853000549855,0.5092497054638538,12942,1781,0.15789473684210525,432,0.8421052631578947,0.8790328058140324,0.8605690344859636,0.8777894460488317,0.19521012200632626,0.8605690344859636,0.3691722376932354,0.3169479090242113,0.2774475216972564,0.19521012200632626,0.9937802349689012,0.12096719418596753,0.8047898779936737,6.961435030586007,0.17962325842422475,38.755755193711366
