ROC_AUC_score,prediction_threshold,TN,FP,FN,TP,sensitivity,specificity,BA,Accuracy,precision,ROC_ACU_score_discretized,MCC,f1_score,cohen_kappa,PPV_score,NPV_score,FPR_score,FDR_score,PLR_score,NLR_score,DOR_score
0.9332014880958426,0.5092497054638538,16198,2206,0.14330218068535824,550,0.8566978193146417,0.8801347533144969,0.8684162863145692,0.8793447443032658,0.1995645863570392,0.8684162863145692,0.3780004298615999,0.3237198351971748,0.2846029536248714,0.1995645863570392,0.9943523634131369,0.11986524668550315,0.8004354136429608,7.147174372922334,0.16281845495328642,43.89658638495802
