ROC_AUC_score,prediction_threshold,TN,FP,FN,TP,sensitivity,specificity,BA,Accuracy,precision,ROC_ACU_score_discretized,MCC,f1_score,cohen_kappa,PPV_score,NPV_score,FPR_score,FDR_score,PLR_score,NLR_score,DOR_score
0.9295906114989755,0.49249796454168077,12806,1917,0.14814814814814814,437,0.8518518518518519,0.8697955579705223,0.8608237049111871,0.8691913888159621,0.18564146134239592,0.8608237049111871,0.36015298539755375,0.3048482734565748,0.2641630451576982,0.18564146134239592,0.9941002949852508,0.1302044420294777,0.8143585386576041,6.54241774377403,0.17032525263042206,38.41131977047471
