ROC_AUC_score,prediction_threshold,TN,FP,FN,TP,sensitivity,specificity,BA,Accuracy,precision,ROC_ACU_score_discretized,MCC,f1_score,cohen_kappa,PPV_score,NPV_score,FPR_score,FDR_score,PLR_score,NLR_score,DOR_score
0.9296941068615046,0.49249796454168077,15982,2422,0.13395638629283488,556,0.8660436137071651,0.8683981743099326,0.8672208940085488,0.8683188070986034,0.18670248488918736,0.8672208940085488,0.3649536801034385,0.30718232044198895,0.26650279975814295,0.18670248488918736,0.9946477470749315,0.13160182569006737,0.8132975151108126,6.580787228186071,0.15425687231468738,42.66122558715648
