ROC_AUC_score,prediction_threshold,TN,FP,FN,TP,sensitivity,specificity,BA,Accuracy,precision,ROC_ACU_score_discretized,MCC,f1_score,cohen_kappa,PPV_score,NPV_score,FPR_score,FDR_score,PLR_score,NLR_score,DOR_score
0.9225014130335913,0.4711570652962196,12750,1973,0.14814814814814814,437,0.8518518518518519,0.865991985329077,0.8589219185904644,0.8655158834339721,0.1813278008298755,0.8589219185904644,0.3548400859418267,0.2990078686281218,0.25779945532051507,0.1813278008298755,0.9940745360985498,0.13400801467092305,0.8186721991701245,6.356723170205178,0.17107334785766157,37.15788139888495
