ROC_AUC_score,prediction_threshold,TN,FP,FN,TP,sensitivity,specificity,BA,Accuracy,precision,ROC_ACU_score_discretized,MCC,f1_score,cohen_kappa,PPV_score,NPV_score,FPR_score,FDR_score,PLR_score,NLR_score,DOR_score
0.9306860353397371,0.4711570652962196,15936,2468,0.11993769470404984,565,0.8800623052959502,0.8658987176700718,0.8729805114830109,0.8663761419720676,0.1862842070557204,0.872980511483011,0.36793169840452183,0.3074829931972789,0.2666822068331408,0.1862842070557204,0.9951914069818273,0.13410128232992827,0.8137157929442795,6.562668827660726,0.13851238286479245,47.37965438127516
