ROC_AUC_score,prediction_threshold,TN,FP,FN,TP,sensitivity,specificity,BA,Accuracy,precision,ROC_ACU_score_discretized,MCC,f1_score,cohen_kappa,PPV_score,NPV_score,FPR_score,FDR_score,PLR_score,NLR_score,DOR_score
0.9322019267039053,0.48387857153795155,12719,2004,0.10916179337231968,457,0.8908382066276803,0.8638864361882769,0.8773623214079787,0.8647939091625099,0.18569687119057293,0.8773623214079785,0.3699211034605087,0.3073301950235373,0.2664536075756685,0.18569687119057293,0.9956164383561644,0.13611356381172315,0.814303128809427,6.544815826436796,0.12636127713032963,51.794473552894225
