ROC_AUC_score,prediction_threshold,TN,FP,FN,TP,sensitivity,specificity,BA,Accuracy,precision,ROC_ACU_score_discretized,MCC,f1_score,cohen_kappa,PPV_score,NPV_score,FPR_score,FDR_score,PLR_score,NLR_score,DOR_score
0.9312497926429376,0.48387857153795155,15851,2553,0.1308411214953271,558,0.8691588785046729,0.86128015648772,0.8652195174961965,0.861545731387168,0.17936354869816779,0.8652195174961965,0.3566001823439312,0.2973621103117506,0.25577213961585676,0.17936354869816779,0.994728584876059,0.13871984351227995,0.8206364513018322,6.26556991774383,0.1519147056968015,41.24399865704213
