ROC_AUC_score,prediction_threshold,TN,FP,FN,TP,sensitivity,specificity,BA,Accuracy,precision,ROC_ACU_score_discretized,MCC,f1_score,cohen_kappa,PPV_score,NPV_score,FPR_score,FDR_score,PLR_score,NLR_score,DOR_score
0.9289734974610412,0.5573572665864898,13113,1610,0.15594541910331383,433,0.8440545808966862,0.8906472865584459,0.867350933727566,0.8890784982935154,0.21194322075379343,0.867350933727566,0.3889215588495874,0.338810641627543,0.3011976139884883,0.21194322075379343,0.9939361782763587,0.10935271344155403,0.7880567792462065,7.718643226423545,0.1750922295018752,44.083299689440985
