ROC_AUC_score,prediction_threshold,TN,FP,FN,TP,sensitivity,specificity,BA,Accuracy,precision,ROC_ACU_score_discretized,MCC,f1_score,cohen_kappa,PPV_score,NPV_score,FPR_score,FDR_score,PLR_score,NLR_score,DOR_score
0.9284684150337085,0.5573572665864898,16341,2063,0.17133956386292834,532,0.8286604361370716,0.8879048033036296,0.8582826197203506,0.8859078021631839,0.205009633911368,0.8582826197203506,0.3769767194611915,0.3286994130367624,0.2903461359224726,0.205009633911368,0.9933134763844144,0.11209519669637036,0.7949903660886319,7.392470512199062,0.192970646431267,38.30878244392543
