ROC_AUC_score,prediction_threshold,TN,FP,FN,TP,sensitivity,specificity,BA,Accuracy,precision,ROC_ACU_score_discretized,MCC,f1_score,cohen_kappa,PPV_score,NPV_score,FPR_score,FDR_score,PLR_score,NLR_score,DOR_score
0.9304151955427975,0.49128200443567666,12878,1845,0.14619883040935672,438,0.8538011695906432,0.8746858656523806,0.864243517621512,0.8739826726174849,0.19185282522996058,0.8642435176215119,0.36816332805946145,0.3133047210300429,0.2733497744941824,0.19185282522996058,0.9942098355593298,0.12531413434761937,0.8081471747700394,6.813287056847175,0.1671443842302345,40.76288346883466
