ROC_AUC_score,prediction_threshold,TN,FP,FN,TP,sensitivity,specificity,BA,Accuracy,precision,ROC_ACU_score_discretized,MCC,f1_score,cohen_kappa,PPV_score,NPV_score,FPR_score,FDR_score,PLR_score,NLR_score,DOR_score
0.923479658018269,0.49128200443567666,15991,2413,0.14485981308411214,549,0.8551401869158879,0.8688871984351229,0.8620136926755053,0.868423816024362,0.18534773801485482,0.8620136926755053,0.360569560165524,0.30466148723640396,0.2638753201489187,0.18534773801485482,0.994217856254663,0.1311128015648772,0.8146522619851452,6.522171570658934,0.1667187793133637,39.1207972942262
