{"performances": [0.9271880486498602, 0.9268056652996335, 0.9269239857785216, 0.92668235132414, 0.9279660184938803, 0.9272204640600278, 0.9272609198460852, 0.9279614481749532, 0.9282118847250463, 0.927308823559283], "mean": 0.9273529609911432, "std": 0.0004972209740135212}