{"performances": [0.9250351745286308, 0.925718437208219, 0.9248528695847645, 0.9248091130128152, 0.9243772178742125, 0.9253292830151376, 0.924982954403113, 0.9253044848031817, 0.9249067824209962, 0.9250995821712875], "mean": 0.9250415899022357, "std": 0.0003414776456484391}