ROC_AUC_score,prediction_threshold,TN,FP,FN,TP,sensitivity,specificity,BA,Accuracy,precision,ROC_ACU_score_discretized,MCC,f1_score,cohen_kappa,PPV_score,NPV_score,FPR_score,FDR_score,PLR_score,NLR_score,DOR_score
0.9323471689479761,0.5844649595519111,13318,1405,0.16569200779727095,428,0.834307992202729,0.904571079263737,0.869439535733233,0.902205303229194,0.23349699945444627,0.8694395357332331,0.4096830186124253,0.36487638533674344,0.3296033623484843,0.23349699945444627,0.9936581362381557,0.095428920736263,0.7665030005455538,8.742716419359986,0.18317190500069236,47.72957086037261
