ROC_AUC_score,prediction_threshold,TN,FP,FN,TP,sensitivity,specificity,BA,Accuracy,precision,ROC_ACU_score_discretized,MCC,f1_score,cohen_kappa,PPV_score,NPV_score,FPR_score,FDR_score,PLR_score,NLR_score,DOR_score
0.9328899446889849,0.5844649595519111,16580,1824,0.18691588785046728,522,0.8130841121495327,0.9008911106281243,0.8569876113888285,0.8979313241625538,0.22250639386189258,0.8569876113888285,0.39208888181732876,0.3493975903614458,0.31303602058319047,0.22250639386189258,0.9928143712574851,0.09910888937187567,0.7774936061381074,8.203947368421053,0.20747889022919183,39.54111842105263
