ROC_AUC_score,prediction_threshold,TN,FP,FN,TP,sensitivity,specificity,BA,Accuracy,precision,ROC_ACU_score_discretized,MCC,f1_score,cohen_kappa,PPV_score,NPV_score,FPR_score,FDR_score,PLR_score,NLR_score,DOR_score
0.9276786304172742,0.535578693696713,13081,1642,0.1793372319688109,421,0.8206627680311891,0.88847381647762,0.8545682922544046,0.886190601207666,0.20407174018419777,0.8545682922544046,0.3738477489726804,0.3268633540372671,0.2884917731666693,0.20407174018419777,0.9930160176117817,0.11152618352237995,0.7959282598158022,7.358476208114004,0.2018486404920727,36.455416247418306
