ROC_AUC_score,prediction_threshold,TN,FP,FN,TP,sensitivity,specificity,BA,Accuracy,precision,ROC_ACU_score_discretized,MCC,f1_score,cohen_kappa,PPV_score,NPV_score,FPR_score,FDR_score,PLR_score,NLR_score,DOR_score
0.9249361509518791,0.535578693696713,16322,2082,0.16355140186915887,537,0.8364485981308412,0.8868724190393392,0.8616605085850901,0.885172739682873,0.20504009163802978,0.8616605085850902,0.3790598905759385,0.32934682612695493,0.2909567783181247,0.20504009163802978,0.9936080842515371,0.11312758096066072,0.7949599083619702,7.393852065321803,0.1844136747947555,40.09383834225332
