ROC_AUC_score,prediction_threshold,TN,FP,FN,TP,sensitivity,specificity,BA,Accuracy,precision,ROC_ACU_score_discretized,MCC,f1_score,cohen_kappa,PPV_score,NPV_score,FPR_score,FDR_score,PLR_score,NLR_score,DOR_score
0.9377219263755545,0.4370672831918337,12475,2248,0.0935672514619883,465,0.9064327485380117,0.8473137268219793,0.8768732376799955,0.849304279338409,0.17139697751566532,0.8768732376799955,0.35538823434979516,0.2882827030378177,0.24555709977860063,0.17139697751566532,0.9961670526231734,0.15268627317802078,0.8286030224843347,5.936569998543216,0.11042810767734298,53.75959185943062
