ROC_AUC_score,prediction_threshold,TN,FP,FN,TP,sensitivity,specificity,BA,Accuracy,precision,ROC_ACU_score_discretized,MCC,f1_score,cohen_kappa,PPV_score,NPV_score,FPR_score,FDR_score,PLR_score,NLR_score,DOR_score
0.9227885242338624,0.4370672831918337,15604,2800,0.14018691588785046,552,0.8598130841121495,0.8478591610519453,0.8538361225820474,0.8482621022786937,0.16467780429594273,0.8538361225820474,0.33537984537915705,0.27641462193289934,0.23301943617788967,0.16467780429594273,0.9942653243277686,0.15214083894805477,0.8353221957040573,5.651428571428572,0.1653422199436042,34.18019047619048
