ROC_AUC_score,prediction_threshold,TN,FP,FN,TP,sensitivity,specificity,BA,Accuracy,precision,ROC_ACU_score_discretized,MCC,f1_score,cohen_kappa,PPV_score,NPV_score,FPR_score,FDR_score,PLR_score,NLR_score,DOR_score
0.9301499993578625,0.520578153915213,13017,1706,0.14230019493177387,440,0.8576998050682261,0.8841268763159682,0.8709133406920971,0.8832370700971384,0.20503261882572227,0.8709133406920971,0.38465785555956494,0.33095148552087245,0.2924998971567443,0.20503261882572227,0.9944232238349885,0.11587312368403178,0.7949673811742777,7.402059923809784,0.16094997080590823,45.98981836869066
