ROC_AUC_score,prediction_threshold,TN,FP,FN,TP,sensitivity,specificity,BA,Accuracy,precision,ROC_ACU_score_discretized,MCC,f1_score,cohen_kappa,PPV_score,NPV_score,FPR_score,FDR_score,PLR_score,NLR_score,DOR_score
0.9346952206651542,0.520578153915213,16163,2241,0.1277258566978193,560,0.8722741433021807,0.8782329928276461,0.8752535680649134,0.8780321327312821,0.19992859692966797,0.8752535680649135,0.38243888217266814,0.3252977054893988,0.286146377507156,0.19992859692966797,0.9949522930132348,0.12176700717235384,0.800071403070332,7.1634686895731035,0.14543504712409003,49.255449984218686
