ROC_AUC_score,prediction_threshold,TN,FP,FN,TP,sensitivity,specificity,BA,Accuracy,precision,ROC_ACU_score_discretized,MCC,f1_score,cohen_kappa,PPV_score,NPV_score,FPR_score,FDR_score,PLR_score,NLR_score,DOR_score
0.9354948344999713,0.5153522586419392,12948,1775,0.1267056530214425,448,0.8732943469785575,0.8794403314541873,0.8763673392163724,0.8792333945917563,0.2015294646873594,0.8763673392163723,0.3846274864300232,0.3274853801169591,0.28855950851592105,0.2015294646873594,0.995004995004995,0.12055966854581267,0.7984705353126406,7.243669110177634,0.14407532664772155,50.27695774647884
