ROC_AUC_score,prediction_threshold,TN,FP,FN,TP,sensitivity,specificity,BA,Accuracy,precision,ROC_ACU_score_discretized,MCC,f1_score,cohen_kappa,PPV_score,NPV_score,FPR_score,FDR_score,PLR_score,NLR_score,DOR_score
0.9353173764879774,0.5153522586419392,16097,2307,0.1261682242990654,561,0.8738317757009346,0.8746468159095848,0.8742392958052597,0.8746193426441248,0.19560669456066945,0.8742392958052597,0.37770350954557147,0.3196581196581197,0.2799967477691728,0.19560669456066945,0.9949932006428484,0.12535318409041513,0.8043933054393305,6.97095795405288,0.14425048145617192,48.32537045064136
