ROC_AUC_score,prediction_threshold,TN,FP,FN,TP,sensitivity,specificity,BA,Accuracy,precision,ROC_ACU_score_discretized,MCC,f1_score,cohen_kappa,PPV_score,NPV_score,FPR_score,FDR_score,PLR_score,NLR_score,DOR_score
0.9350526201925909,0.5637136101010041,13153,1570,0.13450292397660818,444,0.8654970760233918,0.8933641241594784,0.8794306000914351,0.8924258335521135,0.22045680238331677,0.8794306000914351,0.4041484126900112,0.35140482785912147,0.31462059786016794,0.22045680238331677,0.9947814248978974,0.10663587584052163,0.7795431976166832,8.116377993816817,0.1505577852738997,53.90872334533371
