ROC_AUC_score,prediction_threshold,TN,FP,FN,TP,sensitivity,specificity,BA,Accuracy,precision,ROC_ACU_score_discretized,MCC,f1_score,cohen_kappa,PPV_score,NPV_score,FPR_score,FDR_score,PLR_score,NLR_score,DOR_score
0.928045406626353,0.5637136101010041,16427,1977,0.1806853582554517,526,0.8193146417445483,0.8925777004998914,0.8559461711222198,0.8901081591935315,0.21014782261286455,0.8559461711222198,0.3802772879435828,0.33449920508744035,0.29676805581247856,0.21014782261286455,0.9929879707429125,0.10742229950010868,0.7898521773871354,7.627044343281069,0.2024309571640186,37.67726265850384
