ROC_AUC_score,prediction_threshold,TN,FP,FN,TP,sensitivity,specificity,BA,Accuracy,precision,ROC_ACU_score_discretized,MCC,f1_score,cohen_kappa,PPV_score,NPV_score,FPR_score,FDR_score,PLR_score,NLR_score,DOR_score
0.9276908111706511,0.44343133591399225,12683,2040,0.1364522417153996,443,0.8635477582846004,0.8614412823473477,0.8624945203159741,0.8615122079285902,0.1784132098268224,0.8624945203159741,0.3540737580914768,0.2957276368491322,0.25409896885573946,0.1784132098268224,0.9945110954285267,0.13855871765265232,0.8215867901731776,6.232359630011851,0.15839993335770938,39.34572128851543
