ROC_AUC_score,prediction_threshold,TN,FP,FN,TP,sensitivity,specificity,BA,Accuracy,precision,ROC_ACU_score_discretized,MCC,f1_score,cohen_kappa,PPV_score,NPV_score,FPR_score,FDR_score,PLR_score,NLR_score,DOR_score
0.9302813082080896,0.44343133591399225,15826,2578,0.13707165109034267,554,0.8629283489096573,0.8599217561399696,0.8614250525248135,0.8600231019636669,0.1768837803320562,0.8614250525248135,0.35194218116068265,0.29358770535241124,0.25172346370476884,0.1768837803320562,0.9944702777428679,0.14007824386003043,0.8231162196679438,6.160331005947763,0.15940014322423018,38.646960293391636
