ROC_AUC_score,prediction_threshold,TN,FP,FN,TP,sensitivity,specificity,BA,Accuracy,precision,ROC_ACU_score_discretized,MCC,f1_score,cohen_kappa,PPV_score,NPV_score,FPR_score,FDR_score,PLR_score,NLR_score,DOR_score
0.9298297249837448,0.49220493906324675,12837,1886,0.13060428849902533,446,0.8693957115009746,0.8719011071113224,0.8706484093061485,0.871816749803098,0.19125214408233276,0.8706484093061484,0.3713834314661024,0.3135325131810193,0.273427210200922,0.19125214408233276,0.9948078115313082,0.12809889288867757,0.8087478559176673,6.78691042440554,0.14979254806973208,45.308732055523
