ROC_AUC_score,prediction_threshold,TN,FP,FN,TP,sensitivity,specificity,BA,Accuracy,precision,ROC_ACU_score_discretized,MCC,f1_score,cohen_kappa,PPV_score,NPV_score,FPR_score,FDR_score,PLR_score,NLR_score,DOR_score
0.9334338126412992,0.49220493906324675,15921,2483,0.12149532710280374,564,0.8785046728971962,0.8650836774614215,0.8717941751793088,0.8655360705659981,0.18510009845749917,0.8717941751793088,0.3660779385308472,0.3057739224722147,0.26483764945700383,0.18510009845749917,0.9951246952934558,0.13491632253857858,0.8148999015425008,6.511478050745067,0.1404434394824446,46.36370395613247
