ROC_AUC_score,prediction_threshold,TN,FP,FN,TP,sensitivity,specificity,BA,Accuracy,precision,ROC_ACU_score_discretized,MCC,f1_score,cohen_kappa,PPV_score,NPV_score,FPR_score,FDR_score,PLR_score,NLR_score,DOR_score
0.9342302869401536,0.5354920044184858,13045,1678,0.14230019493177387,440,0.8576998050682261,0.8860286626366909,0.8718642338524585,0.8850748227881333,0.2077431539187913,0.8718642338524585,0.38777021971590564,0.33447358418852147,0.2963273030820581,0.2077431539187913,0.9944351273059918,0.11397133736330911,0.7922568460812087,7.525574630524131,0.16060450517290206,46.85780528025861
