ROC_AUC_score,prediction_threshold,TN,FP,FN,TP,sensitivity,specificity,BA,Accuracy,precision,ROC_ACU_score_discretized,MCC,f1_score,cohen_kappa,PPV_score,NPV_score,FPR_score,FDR_score,PLR_score,NLR_score,DOR_score
0.9327208428886854,0.5354920044184858,16283,2121,0.15109034267912771,545,0.8489096573208723,0.8847533144968485,0.8668314859088604,0.8835451013336133,0.20442610652663165,0.8668314859088603,0.38162182644229004,0.3295042321644498,0.29098184012413086,0.20442610652663165,0.9940781440781441,0.1152466855031515,0.7955738934733684,7.3660223165173635,0.17077115191713235,43.13387966189844
