ROC_AUC_score,prediction_threshold,TN,FP,FN,TP,sensitivity,specificity,BA,Accuracy,precision,ROC_ACU_score_discretized,MCC,f1_score,cohen_kappa,PPV_score,NPV_score,FPR_score,FDR_score,PLR_score,NLR_score,DOR_score
0.9276704216486941,0.5396437238773849,13048,1675,0.14230019493177387,440,0.8576998050682261,0.8862324254567683,0.8719661152624971,0.8852717248621685,0.20803782505910165,0.8719661152624971,0.3881070749452614,0.33485540334855396,0.2967421523689143,0.20803782505910165,0.9944363996646597,0.11376757454323168,0.7919621749408984,7.539053271653426,0.16056757893780715,46.952525046002826
