ROC_AUC_score,prediction_threshold,TN,FP,FN,TP,sensitivity,specificity,BA,Accuracy,precision,ROC_ACU_score_discretized,MCC,f1_score,cohen_kappa,PPV_score,NPV_score,FPR_score,FDR_score,PLR_score,NLR_score,DOR_score
0.9177571109084371,0.5396437238773849,16320,2084,0.1791277258566978,527,0.8208722741433022,0.8867637470115193,0.8538180105774107,0.8845426861283209,0.2018383761011107,0.8538180105774108,0.37131737204398,0.3240086074392868,0.2853376471146718,0.2018383761011107,0.9930027380590204,0.11323625298848077,0.7981616238988893,7.249200255918109,0.20200163398692805,35.88683968956023
