ROC_AUC_score,prediction_threshold,TN,FP,FN,TP,sensitivity,specificity,BA,Accuracy,precision,ROC_ACU_score_discretized,MCC,f1_score,cohen_kappa,PPV_score,NPV_score,FPR_score,FDR_score,PLR_score,NLR_score,DOR_score
0.9327066241186901,0.4531863206825477,15706,2698,0.11526479750778816,568,0.8847352024922118,0.8534014344707672,0.8690683184814896,0.8544576288984563,0.17391304347826086,0.8690683184814896,0.3534262465901267,0.2906857727737973,0.24833646135471765,0.17391304347826086,0.9953105196451204,0.14659856552923278,0.8260869565217391,6.035087719298245,0.13506515556687468,44.68278805120909
