ROC_AUC_score,prediction_threshold,TN,FP,FN,TP,sensitivity,specificity,BA,Accuracy,precision,ROC_ACU_score_discretized,MCC,f1_score,cohen_kappa,PPV_score,NPV_score,FPR_score,FDR_score,PLR_score,NLR_score,DOR_score
0.9232685356973528,0.5249803421437282,12941,1782,0.15204678362573099,435,0.847953216374269,0.8789648848740067,0.8634590506241379,0.8779207140981885,0.19621109607577808,0.863459050624138,0.3718524626855919,0.3186813186813187,0.279267016649543,0.19621109607577808,0.9940087564329058,0.12103511512599334,0.803788903924222,7.005844671536682,0.17298391123727974,40.49997841664511
