ROC_AUC_score,prediction_threshold,TN,FP,FN,TP,sensitivity,specificity,BA,Accuracy,precision,ROC_ACU_score_discretized,MCC,f1_score,cohen_kappa,PPV_score,NPV_score,FPR_score,FDR_score,PLR_score,NLR_score,DOR_score
0.9200285594151617,0.5249803421437282,16143,2261,0.1588785046728972,540,0.8411214953271028,0.8771462725494458,0.8591338839382743,0.8759319542161084,0.19278828989646554,0.8591338839382743,0.3660105401047735,0.3136799302933488,0.273854451162036,0.19278828989646554,0.9937211449676824,0.12285372745055423,0.8072117101035344,6.8465280849181775,0.18113114043238557,37.79873559330853
