ROC_AUC_score,prediction_threshold,TN,FP,FN,TP,sensitivity,specificity,BA,Accuracy,precision,ROC_ACU_score_discretized,MCC,f1_score,cohen_kappa,PPV_score,NPV_score,FPR_score,FDR_score,PLR_score,NLR_score,DOR_score
0.930015481472743,0.46913989844081466,12725,1998,0.13450292397660818,444,0.8654970760233918,0.8642939618284317,0.8648955189259118,0.8643344709897611,0.18181818181818182,0.8648955189259119,0.35882224687818787,0.300507614213198,0.25928699203008465,0.18181818181818182,0.9946068469595123,0.1357060381715683,0.8181818181818182,6.377734459605802,0.1556217327864521,40.982286634460515
