ROC_AUC_score,prediction_threshold,TN,FP,FN,TP,sensitivity,specificity,BA,Accuracy,precision,ROC_ACU_score_discretized,MCC,f1_score,cohen_kappa,PPV_score,NPV_score,FPR_score,FDR_score,PLR_score,NLR_score,DOR_score
0.9293271271787724,0.46913989844081466,15909,2495,0.12461059190031153,562,0.8753894080996885,0.8644316452945012,0.8699105266970948,0.8648010080856873,0.1838403663722604,0.8699105266970949,0.3637407364517334,0.30386590970532584,0.2627923659161897,0.1838403663722604,0.9949965601350929,0.1355683547054988,0.8161596336277396,6.457181028724117,0.14415320468497916,44.79387775551103
