ROC_AUC_score,prediction_threshold,TN,FP,FN,TP,sensitivity,specificity,BA,Accuracy,precision,ROC_ACU_score_discretized,MCC,f1_score,cohen_kappa,PPV_score,NPV_score,FPR_score,FDR_score,PLR_score,NLR_score,DOR_score
0.9294357992065927,0.5355862880752561,16342,2062,0.16355140186915887,537,0.8364485981308412,0.8879591393175397,0.8622038687241904,0.8862228289404599,0.20661792997306658,0.8622038687241904,0.3808554904138848,0.33137920394939835,0.29316670026204406,0.20661792997306658,0.9936158569951967,0.11204086068246033,0.7933820700269334,7.465567410281281,0.18418798188716187,40.53232645143413
