ROC_AUC_score,prediction_threshold,TN,FP,FN,TP,sensitivity,specificity,BA,Accuracy,precision,ROC_ACU_score_discretized,MCC,f1_score,cohen_kappa,PPV_score,NPV_score,FPR_score,FDR_score,PLR_score,NLR_score,DOR_score
0.9307652598028915,0.4632760231849155,12639,2084,0.1286549707602339,447,0.8713450292397661,0.858452760986212,0.864898895112989,0.8588868469414545,0.17661003555906757,0.864898895112989,0.3536926014647686,0.29369250985545337,0.2517994668899325,0.17661003555906757,0.9948051948051948,0.14154723901378796,0.8233899644409325,6.1558603001425505,0.1498684337766377,41.075095969289826
