ROC_AUC_score,prediction_threshold,TN,FP,FN,TP,sensitivity,specificity,BA,Accuracy,precision,ROC_ACU_score_discretized,MCC,f1_score,cohen_kappa,PPV_score,NPV_score,FPR_score,FDR_score,PLR_score,NLR_score,DOR_score
0.9243503884094005,0.4632760231849155,15767,2637,0.13395638629283488,556,0.8660436137071651,0.8567159313192784,0.8613797725132217,0.8570303475795442,0.17413091136861886,0.8613797725132217,0.3491903819726326,0.2899608865710561,0.24773635215128031,0.17413091136861886,0.9945751592758468,0.14328406868072158,0.8258690886313812,6.044242194412841,0.15636033064840069,38.655854521081906
