{"performances": [0.9235670865266322, 0.9248751287306499, 0.9252583584362332, 0.9261110614582637, 0.927895855634797, 0.9260579949773888, 0.9275996312598981, 0.925428983676175, 0.9286727252168532, 0.9266878526339596], "mean": 0.926215467855085, "std": 0.0014622455121603927}