ROC_AUC_score,prediction_threshold,TN,FP,FN,TP,sensitivity,specificity,BA,Accuracy,precision,ROC_ACU_score_discretized,MCC,f1_score,cohen_kappa,PPV_score,NPV_score,FPR_score,FDR_score,PLR_score,NLR_score,DOR_score
0.9362352124661006,0.6233362293402721,13468,1255,0.15984405458089668,431,0.8401559454191033,0.9147592202676085,0.877457582843356,0.9122473090049882,0.2556346381969158,0.8774575828433558,0.4340667862761612,0.3919963619827194,0.35889563987405093,0.2556346381969158,0.9939483394833948,0.0852407797323915,0.7443653618030842,9.856267716657733,0.17473893789683262,56.405674861529484
