ROC_AUC_score,prediction_threshold,TN,FP,FN,TP,sensitivity,specificity,BA,Accuracy,precision,ROC_ACU_score_discretized,MCC,f1_score,cohen_kappa,PPV_score,NPV_score,FPR_score,FDR_score,PLR_score,NLR_score,DOR_score
0.9299022256437549,0.6233362293402721,16848,1556,0.19314641744548286,518,0.8068535825545171,0.9154531623560096,0.8611533724552634,0.9117925023627008,0.24975891996142718,0.8611533724552634,0.4184797129139899,0.38144329896907214,0.3478715980460573,0.24975891996142718,0.9926938486919632,0.08454683764399043,0.7502410800385728,9.543273350471297,0.21098448876226655,45.23210879840784
