ROC_AUC_score,prediction_threshold,TN,FP,FN,TP,sensitivity,specificity,BA,Accuracy,precision,ROC_ACU_score_discretized,MCC,f1_score,cohen_kappa,PPV_score,NPV_score,FPR_score,FDR_score,PLR_score,NLR_score,DOR_score
0.9386975782411494,0.523408582065591,13039,1684,0.1442495126705653,439,0.8557504873294347,0.885621136996536,0.8706858121629854,0.8846153846153846,0.20678285445124822,0.8706858121629852,0.3861595417966506,0.33308042488619116,0.2948357222315623,0.20678285445124822,0.9943567452146724,0.11437886300346396,0.7932171455487518,7.481718779662271,0.16287948270946645,45.93407748603709
