ROC_AUC_score,prediction_threshold,TN,FP,FN,TP,sensitivity,specificity,BA,Accuracy,precision,ROC_ACU_score_discretized,MCC,f1_score,cohen_kappa,PPV_score,NPV_score,FPR_score,FDR_score,PLR_score,NLR_score,DOR_score
0.9297031628638227,0.523408582065591,16244,2160,0.17133956386292834,532,0.8286604361370716,0.8826342099543577,0.8556473230457147,0.8808148692638874,0.1976225854383358,0.8556473230457147,0.3684882479435954,0.31913617276544687,0.27994040787813546,0.1976225854383358,0.9932738168032286,0.11736579004564225,0.8023774145616642,7.060493827160491,0.19412295822047118,36.37124579124577
