ROC_AUC_score,prediction_threshold,TN,FP,FN,TP,sensitivity,specificity,BA,Accuracy,precision,ROC_ACU_score_discretized,MCC,f1_score,cohen_kappa,PPV_score,NPV_score,FPR_score,FDR_score,PLR_score,NLR_score,DOR_score
0.9363542396105122,0.5601240118982351,13103,1620,0.1442495126705653,439,0.8557504873294347,0.8899680771581878,0.8728592822438113,0.8888159621948017,0.21321029626032054,0.8728592822438114,0.3934552523463118,0.34136858475894244,0.303839209193564,0.21321029626032054,0.9943841542080899,0.11003192284181212,0.7867897037396795,7.777292854908186,0.16208391780880202,47.9831247914581
