ROC_AUC_score,prediction_threshold,TN,FP,FN,TP,sensitivity,specificity,BA,Accuracy,precision,ROC_ACU_score_discretized,MCC,f1_score,cohen_kappa,PPV_score,NPV_score,FPR_score,FDR_score,PLR_score,NLR_score,DOR_score
0.9278789285276599,0.5601240118982351,16456,1948,0.14797507788161993,547,0.8520249221183801,0.8941534449032819,0.873089183510831,0.8927333823374987,0.21923847695390783,0.8730891835108309,0.39913414840638956,0.3487408351928594,0.31184264806621675,0.21923847695390783,0.9942601655489094,0.1058465550967181,0.7807615230460921,8.049623545516766,0.16549181656133524,48.64061385496595
