ROC_AUC_score,prediction_threshold,TN,FP,FN,TP,sensitivity,specificity,BA,Accuracy,precision,ROC_ACU_score_discretized,MCC,f1_score,cohen_kappa,PPV_score,NPV_score,FPR_score,FDR_score,PLR_score,NLR_score,DOR_score
0.9297242025876423,0.5141551695635228,12872,1851,0.14230019493177387,440,0.8576998050682261,0.8742783400122258,0.865989072540226,0.8737201365187713,0.19205587079877784,0.865989072540226,0.3693953132677899,0.3138373751783167,0.27388633544455887,0.19205587079877784,0.9943607570490537,0.12572165998777424,0.8079441292012222,6.822211901685304,0.16276303371507983,41.914995966637804
