ROC_AUC_score,prediction_threshold,TN,FP,FN,TP,sensitivity,specificity,BA,Accuracy,precision,ROC_ACU_score_discretized,MCC,f1_score,cohen_kappa,PPV_score,NPV_score,FPR_score,FDR_score,PLR_score,NLR_score,DOR_score
0.9334935653294929,0.5141551695635228,16102,2302,0.14953271028037382,546,0.8504672897196262,0.874918495979135,0.8626928928493806,0.8740942980153313,0.19171348314606743,0.8626928928493806,0.36710641837547764,0.31289398280802294,0.272892662219527,0.19171348314606743,0.9940733423879491,0.12508150402086504,0.8082865168539326,6.799304952215464,0.17091044590734072,39.78285186794091
