ROC_AUC_score,prediction_threshold,TN,FP,FN,TP,sensitivity,specificity,BA,Accuracy,precision,ROC_ACU_score_discretized,MCC,f1_score,cohen_kappa,PPV_score,NPV_score,FPR_score,FDR_score,PLR_score,NLR_score,DOR_score
0.9278617389164081,0.5738143605106146,13160,1563,0.17543859649122806,423,0.8245614035087719,0.893839570739659,0.8592004871242155,0.8915069572066159,0.21299093655589124,0.8592004871242155,0.3848807498396016,0.3385354141656663,0.30113443002450146,0.21299093655589124,0.9932075471698113,0.10616042926034096,0.7870090634441088,7.767125747830869,0.1962752626246467,39.57261676263596
