ROC_AUC_score,prediction_threshold,TN,FP,FN,TP,sensitivity,specificity,BA,Accuracy,precision,ROC_ACU_score_discretized,MCC,f1_score,cohen_kappa,PPV_score,NPV_score,FPR_score,FDR_score,PLR_score,NLR_score,DOR_score
0.9262350525180425,0.5738143605106146,16519,1885,0.1557632398753894,542,0.8442367601246106,0.8975766137796132,0.8709066869521118,0.8957786411845007,0.22332097239390195,0.8709066869521119,0.401495750566964,0.35320951449983706,0.3167851991074295,0.22332097239390195,0.9939827907816354,0.10242338622038687,0.7766790276060981,8.242617152961984,0.17353754262768126,47.497602122015934
