ROC_AUC_score,prediction_threshold,TN,FP,FN,TP,sensitivity,specificity,BA,Accuracy,precision,ROC_ACU_score_discretized,MCC,f1_score,cohen_kappa,PPV_score,NPV_score,FPR_score,FDR_score,PLR_score,NLR_score,DOR_score
0.9161557701221742,0.47071188975612915,12536,2187,0.13840155945419103,442,0.8615984405458089,0.8514569041635536,0.8565276723546813,0.8517983722761879,0.1681247622670217,0.8565276723546813,0.34039165827799084,0.28134945894334823,0.23843875518388202,0.1681247622670217,0.9943682081383358,0.14854309583644637,0.8318752377329783,5.800326401534495,0.16254675812412694,35.6840485068619
