ROC_AUC_score,prediction_threshold,TN,FP,FN,TP,sensitivity,specificity,BA,Accuracy,precision,ROC_ACU_score_discretized,MCC,f1_score,cohen_kappa,PPV_score,NPV_score,FPR_score,FDR_score,PLR_score,NLR_score,DOR_score
0.9288212605819809,0.47071188975612915,15694,2710,0.1292834890965732,559,0.8707165109034268,0.852749402303847,0.8617329566036369,0.8533550351779902,0.17100030590394616,0.8617329566036369,0.3462757088775153,0.28586039376118644,0.24321617219490654,0.17100030590394616,0.9947391772833872,0.147250597696153,0.8289996940960538,5.913161131611316,0.15160783314217743,39.003005379451395
