ROC_AUC_score,prediction_threshold,TN,FP,FN,TP,sensitivity,specificity,BA,Accuracy,precision,ROC_ACU_score_discretized,MCC,f1_score,cohen_kappa,PPV_score,NPV_score,FPR_score,FDR_score,PLR_score,NLR_score,DOR_score
0.9177672043542487,0.4539663178645802,12510,2213,0.13840155945419103,442,0.8615984405458089,0.8496909597228826,0.8556447001343457,0.8500918876345498,0.1664783427495292,0.8556447001343458,0.33823093919171726,0.27904040404040403,0.23591876253660837,0.1664783427495292,0.994356569430093,0.15030904027711744,0.8335216572504708,5.732179774132826,0.16288458511942888,35.191665128593506
