ROC_AUC_score,prediction_threshold,TN,FP,FN,TP,sensitivity,specificity,BA,Accuracy,precision,ROC_ACU_score_discretized,MCC,f1_score,cohen_kappa,PPV_score,NPV_score,FPR_score,FDR_score,PLR_score,NLR_score,DOR_score
0.925428983676175,0.4539663178645802,15765,2639,0.13551401869158877,555,0.8644859813084113,0.8566072592914584,0.8605466202999348,0.8568728341909062,0.17376330619912336,0.8605466202999349,0.34834177715872017,0.2893639207507821,0.247101539225422,0.17376330619912336,0.9945117335352006,0.14339274070854163,0.8262366938008766,6.028798787419479,0.15819854107199488,38.10906691406099
