ROC_AUC_score,prediction_threshold,TN,FP,FN,TP,sensitivity,specificity,BA,Accuracy,precision,ROC_ACU_score_discretized,MCC,f1_score,cohen_kappa,PPV_score,NPV_score,FPR_score,FDR_score,PLR_score,NLR_score,DOR_score
0.9248382640890604,0.5032586284238505,12851,1872,0.13255360623781676,445,0.8674463937621832,0.8728520002716837,0.8701491970169335,0.872669992123917,0.19205869659041863,0.8701491970169335,0.3718657495844242,0.3144876325088339,0.2744875522076998,0.19205869659041863,0.9947364347085688,0.12714799972831625,0.8079413034095814,6.822336140684094,0.1518626367317233,44.92438882604324
