ROC_AUC_score,prediction_threshold,TN,FP,FN,TP,sensitivity,specificity,BA,Accuracy,precision,ROC_ACU_score_discretized,MCC,f1_score,cohen_kappa,PPV_score,NPV_score,FPR_score,FDR_score,PLR_score,NLR_score,DOR_score
0.9222787644024293,0.5032586284238505,16042,2362,0.14953271028037382,546,0.8504672897196262,0.8716583351445338,0.86106281243208,0.8709440302425706,0.18775790921595598,0.8610628124320799,0.3623383697700373,0.30760563380281686,0.2671338885501604,0.18775790921595598,0.9940513074730449,0.1283416648554662,0.812242090784044,6.62658763759526,0.17154968208452812,38.6278048264183
