ROC_AUC_score,prediction_threshold,TN,FP,FN,TP,sensitivity,specificity,BA,Accuracy,precision,ROC_ACU_score_discretized,MCC,f1_score,cohen_kappa,PPV_score,NPV_score,FPR_score,FDR_score,PLR_score,NLR_score,DOR_score
0.9332579450618896,0.5801002402954117,13241,1482,0.14814814814814814,437,0.8518518518518519,0.8993411668817497,0.8755965093668008,0.8977421895510632,0.22772277227722773,0.8755965093668008,0.40838303698369155,0.35937500000000006,0.32342457578379946,0.22772277227722773,0.9942930089359465,0.10065883311825036,0.7722772277227723,8.462763032938476,0.16472964165736614,51.37365047233471
