ROC_AUC_score,prediction_threshold,TN,FP,FN,TP,sensitivity,specificity,BA,Accuracy,precision,ROC_ACU_score_discretized,MCC,f1_score,cohen_kappa,PPV_score,NPV_score,FPR_score,FDR_score,PLR_score,NLR_score,DOR_score
0.9230354060914565,0.5801002402954117,16567,1837,0.18847352024922118,521,0.8115264797507789,0.9001847424472941,0.8558556110990365,0.897196261682243,0.22094995759117897,0.8558556110990364,0.3899899309262854,0.3473333333333334,0.31081423124990104,0.22094995759117897,0.9927492809204218,0.09981525755270593,0.779050042408821,8.130284884775904,0.20937204482807184,38.83175947129034
