ROC_AUC_score,prediction_threshold,TN,FP,FN,TP,sensitivity,specificity,BA,Accuracy,precision,ROC_ACU_score_discretized,MCC,f1_score,cohen_kappa,PPV_score,NPV_score,FPR_score,FDR_score,PLR_score,NLR_score,DOR_score
0.938593777038459,0.4692162862885625,12713,2010,0.1111111111111111,456,0.8888888888888888,0.863478910548122,0.8761838997185054,0.8643344709897611,0.18491484184914841,0.8761838997185054,0.3684639926362043,0.30614300100704933,0.2651811818807479,0.18491484184914841,0.9955364134690682,0.13652108945187802,0.8150851581508516,6.511000552791597,0.12867843065278767,50.599004975124345
