ROC_AUC_score,prediction_threshold,TN,FP,FN,TP,sensitivity,specificity,BA,Accuracy,precision,ROC_ACU_score_discretized,MCC,f1_score,cohen_kappa,PPV_score,NPV_score,FPR_score,FDR_score,PLR_score,NLR_score,DOR_score
0.9337341841574465,0.4692162862885625,15832,2572,0.1277258566978193,560,0.8722741433021807,0.8602477722234297,0.8662609577628052,0.8606531555182191,0.17879948914431673,0.8662609577628051,0.35665120458187544,0.296767355590885,0.2550915501397062,0.17879948914431673,0.9948473042603997,0.13975222777657031,0.8212005108556832,6.241575946086058,0.14847566110830387,42.03770435838108
