{"performances": [0.9228867014552573, 0.923032020670029, 0.9228620725143728, 0.9225390186746617, 0.923504964043439, 0.922142924367654, 0.9228922874006126, 0.9222706393910032, 0.922201322887277, 0.9224429573416588], "mean": 0.9226774908745965, "std": 0.00041068067617272243}