ROC_AUC_score,prediction_threshold,TN,FP,FN,TP,sensitivity,specificity,BA,Accuracy,precision,ROC_ACU_score_discretized,MCC,f1_score,cohen_kappa,PPV_score,NPV_score,FPR_score,FDR_score,PLR_score,NLR_score,DOR_score
0.9287043292913092,0.4823253309531088,12705,2018,0.13060428849902533,446,0.8693957115009746,0.8629355430279155,0.8661656272644451,0.86315305854555,0.1810064935064935,0.866165627264445,0.3587687449291367,0.2996305005038629,0.2582903357190095,0.1810064935064935,0.9947541497024741,0.1370644569720845,0.8189935064935064,6.342969801996458,0.1513488342834436,41.909604603346
