ROC_AUC_score,prediction_threshold,TN,FP,FN,TP,sensitivity,specificity,BA,Accuracy,precision,ROC_ACU_score_discretized,MCC,f1_score,cohen_kappa,PPV_score,NPV_score,FPR_score,FDR_score,PLR_score,NLR_score,DOR_score
0.9251948817844692,0.4823253309531088,15847,2557,0.13551401869158877,555,0.8644859813084113,0.8610628124320799,0.8627743968702456,0.8611782001470125,0.17834190231362468,0.8627743968702457,0.3541669652730828,0.2956846030900373,0.2539929113538807,0.17834190231362468,0.9945399774068031,0.13893718756792,0.8216580976863753,6.222135314822055,0.15737994573105316,39.53575715075587
