ROC_AUC_score,prediction_threshold,TN,FP,FN,TP,sensitivity,specificity,BA,Accuracy,precision,ROC_ACU_score_discretized,MCC,f1_score,cohen_kappa,PPV_score,NPV_score,FPR_score,FDR_score,PLR_score,NLR_score,DOR_score
0.9336066853270513,0.5097002011785031,12868,1855,0.1267056530214425,448,0.8732943469785575,0.8740066562521225,0.87365050161534,0.8739826726174849,0.1945288753799392,0.87365050161534,0.37631869682080027,0.3181818181818181,0.27844364091508955,0.1945288753799392,0.9949740972705482,0.12599334374787746,0.8054711246200608,6.931273676854607,0.1449710389675706,47.81143686502173
