ROC_AUC_score,prediction_threshold,TN,FP,FN,TP,sensitivity,specificity,BA,Accuracy,precision,ROC_ACU_score_discretized,MCC,f1_score,cohen_kappa,PPV_score,NPV_score,FPR_score,FDR_score,PLR_score,NLR_score,DOR_score
0.9133041814694218,0.5097002011785031,16044,2360,0.17601246105919002,529,0.82398753894081,0.8717670071723539,0.847877273056582,0.8701564632993805,0.18310834198684667,0.8478772730565819,0.35004634363881565,0.29963183234211277,0.25874547444640894,0.18310834198684667,0.9930061273751315,0.12823299282764616,0.8168916580131533,6.425706214689269,0.20190309980885893,31.82569371531426
