ROC_AUC_score,prediction_threshold,TN,FP,FN,TP,sensitivity,specificity,BA,Accuracy,precision,ROC_ACU_score_discretized,MCC,f1_score,cohen_kappa,PPV_score,NPV_score,FPR_score,FDR_score,PLR_score,NLR_score,DOR_score
0.9192875477349824,0.4609272597388234,12537,2186,0.13450292397660818,444,0.8654970760233918,0.8515248251035794,0.8585109505634856,0.8519952743502232,0.1688212927756654,0.8585109505634856,0.34223366971354824,0.282532612153993,0.239689736084295,0.1688212927756654,0.9945264159923846,0.14847517489642056,0.8311787072243346,5.829237625934307,0.1579553760634604,36.90433191455505
