ROC_AUC_score,prediction_threshold,TN,FP,FN,TP,sensitivity,specificity,BA,Accuracy,precision,ROC_ACU_score_discretized,MCC,f1_score,cohen_kappa,PPV_score,NPV_score,FPR_score,FDR_score,PLR_score,NLR_score,DOR_score
0.9261034442600518,0.4609272597388234,15638,2766,0.11682242990654206,567,0.883177570093458,0.8497065855248859,0.8664420778091719,0.8508348209597816,0.1701170117011701,0.866442077809172,0.3481061907924175,0.28528301886792445,0.2424612840309548,0.1701170117011701,0.9952268821994527,0.1502934144751141,0.8298829882988299,5.8763557483731015,0.13748561197084022,42.741605206073764
