ROC_AUC_score,prediction_threshold,TN,FP,FN,TP,sensitivity,specificity,BA,Accuracy,precision,ROC_ACU_score_discretized,MCC,f1_score,cohen_kappa,PPV_score,NPV_score,FPR_score,FDR_score,PLR_score,NLR_score,DOR_score
0.9324700356776914,0.4916820211234796,12800,1923,0.13450292397660818,444,0.8654970760233918,0.8693880323303674,0.8674425541768795,0.8692570228406405,0.18757921419518378,0.8674425541768795,0.3659356794843567,0.30833333333333335,0.26780992116549374,0.18757921419518378,0.9946382780324812,0.13061196766963254,0.8124207858048162,6.626476053194173,0.1547098866959065,42.83162630853057
