ROC_AUC_score,prediction_threshold,TN,FP,FN,TP,sensitivity,specificity,BA,Accuracy,precision,ROC_ACU_score_discretized,MCC,f1_score,cohen_kappa,PPV_score,NPV_score,FPR_score,FDR_score,PLR_score,NLR_score,DOR_score
0.924763155916938,0.4916820211234796,15934,2470,0.1542056074766355,543,0.8457943925233645,0.8657900456422517,0.8557922190828081,0.8651160348629634,0.18021905077995354,0.8557922190828081,0.35191931693815176,0.2971272229822161,0.25576709622188876,0.18021905077995354,0.9938252354518805,0.13420995435774832,0.8197809492200465,6.302024291497977,0.17810970252290695,35.38282419335052
