ROC_AUC_score,prediction_threshold,TN,FP,FN,TP,sensitivity,specificity,BA,Accuracy,precision,ROC_ACU_score_discretized,MCC,f1_score,cohen_kappa,PPV_score,NPV_score,FPR_score,FDR_score,PLR_score,NLR_score,DOR_score
0.9189806457096805,0.5248620681284774,12988,1735,0.17153996101364521,425,0.8284600389863548,0.8821571690552197,0.8553086040207872,0.880349173011289,0.19675925925925927,0.8553086040207872,0.3674753625644151,0.31799476243920693,0.2787466253928753,0.19675925925925927,0.9932701131844601,0.11784283094478028,0.8032407407407407,7.030211616136079,0.19445510055465803,36.15339271679328
