ROC_AUC_score,prediction_threshold,TN,FP,FN,TP,sensitivity,specificity,BA,Accuracy,precision,ROC_ACU_score_discretized,MCC,f1_score,cohen_kappa,PPV_score,NPV_score,FPR_score,FDR_score,PLR_score,NLR_score,DOR_score
0.92282838757117,0.5248620681284774,16236,2168,0.1526479750778816,544,0.8473520249221184,0.8821995218430776,0.864775773382598,0.8810248871154048,0.20058997050147492,0.864775773382598,0.3767805629577216,0.32438878950506855,0.28543690696372526,0.20058997050147492,0.9940002448879638,0.1178004781569224,0.799410029498525,7.1931119311193115,0.17303112425063646,41.571202650802014
