ROC_AUC_score,prediction_threshold,TN,FP,FN,TP,sensitivity,specificity,BA,Accuracy,precision,ROC_ACU_score_discretized,MCC,f1_score,cohen_kappa,PPV_score,NPV_score,FPR_score,FDR_score,PLR_score,NLR_score,DOR_score
0.9273044694494126,0.5013282637878874,12781,1942,0.12085769980506822,451,0.8791423001949318,0.868097534469877,0.8736199173324044,0.8684694145444999,0.18846636021730045,0.8736199173324044,0.3704352133039611,0.3103922918100481,0.2699065661375766,0.18846636021730045,0.995172467492019,0.13190246553012294,0.8115336397826995,6.66509376198248,0.1392213374720303,47.87408225640343
