ROC_AUC_score,prediction_threshold,TN,FP,FN,TP,sensitivity,specificity,BA,Accuracy,precision,ROC_ACU_score_discretized,MCC,f1_score,cohen_kappa,PPV_score,NPV_score,FPR_score,FDR_score,PLR_score,NLR_score,DOR_score
0.9273869421587208,0.5013282637878874,15991,2413,0.1588785046728972,540,0.8411214953271028,0.8688871984351229,0.8550043468811128,0.867951275858448,0.182864883169658,0.8550043468811127,0.35402755333955643,0.30041724617524335,0.2594056981772582,0.182864883169658,0.9936618405517927,0.1311128015648772,0.817135116830342,6.4152507252382955,0.18285285473078608,35.08422515297045
