ROC_AUC_score,prediction_threshold,TN,FP,FN,TP,sensitivity,specificity,BA,Accuracy,precision,ROC_ACU_score_discretized,MCC,f1_score,cohen_kappa,PPV_score,NPV_score,FPR_score,FDR_score,PLR_score,NLR_score,DOR_score
0.9388842615266005,0.5064980270586587,12956,1767,0.12475633528265107,449,0.8752436647173489,0.8799836989743938,0.8776136818458713,0.8798241008138619,0.2026173285198556,0.8776136818458713,0.3864062884181681,0.3290582631000366,0.29024774898774786,0.2026173285198556,0.9950844854070661,0.12001630102560619,0.7973826714801444,7.292706551009352,0.1417711889754918,51.43997594793434
