ROC_AUC_score,prediction_threshold,TN,FP,FN,TP,sensitivity,specificity,BA,Accuracy,precision,ROC_ACU_score_discretized,MCC,f1_score,cohen_kappa,PPV_score,NPV_score,FPR_score,FDR_score,PLR_score,NLR_score,DOR_score
0.9371382254027129,0.5064980270586587,16082,2322,0.14330218068535824,550,0.8566978193146417,0.8738317757009346,0.8652647975077882,0.8732542266092618,0.1915041782729805,0.8652647975077882,0.3684346809398018,0.3130335799658509,0.2729752228320824,0.1915041782729805,0.994311858538395,0.1261682242990654,0.8084958217270195,6.790123456790125,0.16399286987522282,41.40499194847022
