ROC_AUC_score,prediction_threshold,TN,FP,FN,TP,sensitivity,specificity,BA,Accuracy,precision,ROC_ACU_score_discretized,MCC,f1_score,cohen_kappa,PPV_score,NPV_score,FPR_score,FDR_score,PLR_score,NLR_score,DOR_score
0.9273890727255854,0.5149389368098753,12933,1790,0.14035087719298245,441,0.8596491228070176,0.8784215173538001,0.8690353200804088,0.8777894460488317,0.1976692066337965,0.8690353200804087,0.37657354347338673,0.3214285714285714,0.28212416954881314,0.1976692066337965,0.9944636678200692,0.12157848264619982,0.8023307933662035,7.070734097814366,0.1597762286331308,44.253980446927365
