ROC_AUC_score,prediction_threshold,TN,FP,FN,TP,sensitivity,specificity,BA,Accuracy,precision,ROC_ACU_score_discretized,MCC,f1_score,cohen_kappa,PPV_score,NPV_score,FPR_score,FDR_score,PLR_score,NLR_score,DOR_score
0.9282217870827215,0.5149389368098753,16131,2273,0.15109034267912771,545,0.8489096573208723,0.8764942403825255,0.8627019488516989,0.8755644229759529,0.19339957416607523,0.8627019488516989,0.3687232450048426,0.315028901734104,0.2752343384919872,0.19339957416607523,0.9940226768548188,0.12350575961747447,0.8066004258339248,6.8734418536442305,0.17238030293637505,39.87370793855255
