ROC_AUC_score,prediction_threshold,TN,FP,FN,TP,sensitivity,specificity,BA,Accuracy,precision,ROC_ACU_score_discretized,MCC,f1_score,cohen_kappa,PPV_score,NPV_score,FPR_score,FDR_score,PLR_score,NLR_score,DOR_score
0.9387906550848886,0.5491611918031725,13188,1535,0.1364522417153996,443,0.8635477582846004,0.8957413570603817,0.8796445576724911,0.8946573903911788,0.22396359959555107,0.8796445576724911,0.4074852207905779,0.3556804496186271,0.3192808218186628,0.22396359959555107,0.9947201689545935,0.10425864293961828,0.776036400404449,8.282745045748646,0.15233442180587112,54.372117263843656
