ROC_AUC_score,prediction_threshold,TN,FP,FN,TP,sensitivity,specificity,BA,Accuracy,precision,ROC_ACU_score_discretized,MCC,f1_score,cohen_kappa,PPV_score,NPV_score,FPR_score,FDR_score,PLR_score,NLR_score,DOR_score
0.934166333202656,0.5491611918031725,16376,2028,0.14953271028037382,546,0.8504672897196262,0.8898065637904803,0.8701369267550532,0.8884805208442718,0.21212121212121213,0.8701369267550533,0.39078564185419307,0.3395522388059702,0.3018834478174163,0.21212121212121213,0.9941719281204469,0.11019343620951967,0.7878787878787878,7.7179487179487145,0.16805080605764536,45.92628205128202
