ROC_AUC_score,prediction_threshold,TN,FP,FN,TP,sensitivity,specificity,BA,Accuracy,precision,ROC_ACU_score_discretized,MCC,f1_score,cohen_kappa,PPV_score,NPV_score,FPR_score,FDR_score,PLR_score,NLR_score,DOR_score
0.9278140750988462,0.45033812543386065,12732,1991,0.13450292397660818,444,0.8654970760233918,0.8647694084086124,0.8651332422160021,0.8647939091625099,0.18234086242299793,0.8651332422160021,0.3594734139329166,0.3012211668928087,0.26006434432194814,0.18234086242299793,0.9946097961096789,0.13523059159138762,0.817659137577002,6.400157433597387,0.15553617261291258,41.148996571528386
