ROC_AUC_score,prediction_threshold,TN,FP,FN,TP,sensitivity,specificity,BA,Accuracy,precision,ROC_ACU_score_discretized,MCC,f1_score,cohen_kappa,PPV_score,NPV_score,FPR_score,FDR_score,PLR_score,NLR_score,DOR_score
0.9348056700392235,0.45033812543386065,15817,2587,0.12305295950155763,563,0.8769470404984424,0.8594327320147794,0.8681898862566109,0.8600231019636669,0.17873015873015874,0.868189886256611,0.35770603949486107,0.2969409282700422,0.25523246324406446,0.17873015873015874,0.9950301962757927,0.1405672679852206,0.8212698412698413,6.238629042649145,0.14317927967798355,43.57214994152851
