ROC_AUC_score,prediction_threshold,TN,FP,FN,TP,sensitivity,specificity,BA,Accuracy,precision,ROC_ACU_score_discretized,MCC,f1_score,cohen_kappa,PPV_score,NPV_score,FPR_score,FDR_score,PLR_score,NLR_score,DOR_score
0.9380935717530448,0.5537546306873714,13087,1636,0.14619883040935672,438,0.8538011695906432,0.8888813421177749,0.8713412558542091,0.887700183775269,0.2111861137897782,0.8713412558542091,0.39065619601539187,0.33861615771163506,0.3008723970708982,0.2111861137897782,0.9943017778453123,0.1111186578822251,0.7888138862102217,7.683688642960294,0.16447508062328722,46.71643031784839
