ROC_AUC_score,prediction_threshold,TN,FP,FN,TP,sensitivity,specificity,BA,Accuracy,precision,ROC_ACU_score_discretized,MCC,f1_score,cohen_kappa,PPV_score,NPV_score,FPR_score,FDR_score,PLR_score,NLR_score,DOR_score
0.9227940255436818,0.5537546306873714,16282,2122,0.16199376947040497,538,0.838006230529595,0.8846989784829384,0.8613526045062667,0.8831250656305786,0.20225563909774436,0.8613526045062667,0.37627686564348706,0.32586311326468803,0.287149446959175,0.20225563909774436,0.9936531185158062,0.11530102151706151,0.7977443609022556,7.267986176562987,0.1831060885231135,39.69276082070613
