{"performances": [0.924230798397477, 0.9244143728743786, 0.9270964730002484, 0.9233948532115123, 0.9226401581398057, 0.9237633563338864, 0.9248871469767171, 0.9242992685458464, 0.9227940255436818, 0.9243893207558158], "mean": 0.9241909773779371, "std": 0.0011917341749663466}