ROC_AUC_score,prediction_threshold,TN,FP,FN,TP,sensitivity,specificity,BA,Accuracy,precision,ROC_ACU_score_discretized,MCC,f1_score,cohen_kappa,PPV_score,NPV_score,FPR_score,FDR_score,PLR_score,NLR_score,DOR_score
0.9303609117505742,0.5075464033699679,12877,1846,0.14814814814814814,437,0.8518518518518519,0.8746179447123548,0.8632348982821033,0.8738514045681282,0.19141480508103373,0.8632348982821032,0.3671438544524454,0.3125894134477825,0.2725928471759471,0.19141480508103373,0.9941326333667876,0.12538205528764518,0.8085851949189663,6.794049195457643,0.16938612915936826,40.10983206933909
