ROC_AUC_score,prediction_threshold,TN,FP,FN,TP,sensitivity,specificity,BA,Accuracy,precision,ROC_ACU_score_discretized,MCC,f1_score,cohen_kappa,PPV_score,NPV_score,FPR_score,FDR_score,PLR_score,NLR_score,DOR_score
0.9269378660063741,0.5075464033699679,16045,2359,0.14797507788161993,547,0.8520249221183801,0.8718213431862638,0.861923132652322,0.871154048094088,0.1882312456985547,0.8619231326523219,0.36330417956428107,0.30834272829763243,0.26791939289928146,0.1882312456985547,0.9941140024783147,0.12817865681373614,0.8117687543014452,6.647166878620882,0.16973096499428686,39.162959327101134
