ROC_AUC_score,prediction_threshold,TN,FP,FN,TP,sensitivity,specificity,BA,Accuracy,precision,ROC_ACU_score_discretized,MCC,f1_score,cohen_kappa,PPV_score,NPV_score,FPR_score,FDR_score,PLR_score,NLR_score,DOR_score
0.9192949621066028,0.513335478762012,12912,1811,0.1539961013645224,434,0.8460038986354775,0.8769951776132582,0.8614995381243679,0.8759516933578367,0.1933184855233853,0.861499538124368,0.3679299292624192,0.3147208121827411,0.27497886448997144,0.1933184855233853,0.9939188669078592,0.12300482238674183,0.8066815144766147,6.877810822534587,0.17559515182697213,39.16856901215497
