ROC_AUC_score,prediction_threshold,TN,FP,FN,TP,sensitivity,specificity,BA,Accuracy,precision,ROC_ACU_score_discretized,MCC,f1_score,cohen_kappa,PPV_score,NPV_score,FPR_score,FDR_score,PLR_score,NLR_score,DOR_score
0.9231271510121395,0.513335478762012,16076,2328,0.14485981308411214,549,0.8551401869158879,0.8735057596174745,0.8643229732666812,0.8728866953691063,0.1908237747653806,0.8643229732666811,0.36722198017508695,0.3120204603580563,0.27188954107235186,0.1908237747653806,0.9942482528294885,0.12649424038252555,0.8091762252346194,6.760309278350515,0.16583727295347098,40.76471566345195
