ROC_AUC_score,prediction_threshold,TN,FP,FN,TP,sensitivity,specificity,BA,Accuracy,precision,ROC_ACU_score_discretized,MCC,f1_score,cohen_kappa,PPV_score,NPV_score,FPR_score,FDR_score,PLR_score,NLR_score,DOR_score
0.9242175752648089,0.47157022438508583,12632,2091,0.1442495126705653,439,0.8557504873294347,0.8579773144060314,0.856863900867733,0.8579023365712786,0.17351778656126482,0.856863900867733,0.34595910635060273,0.28853105488005254,0.24633484928771587,0.17351778656126482,0.9941759798520384,0.14202268559396863,0.8264822134387352,6.025449270660579,0.16812742044400988,35.83858751147131
