ROC_AUC_score,prediction_threshold,TN,FP,FN,TP,sensitivity,specificity,BA,Accuracy,precision,ROC_ACU_score_discretized,MCC,f1_score,cohen_kappa,PPV_score,NPV_score,FPR_score,FDR_score,PLR_score,NLR_score,DOR_score
0.9246038718387781,0.47157022438508583,15729,2675,0.1292834890965732,559,0.8707165109034268,0.8546511627906976,0.8626838368470622,0.8551926913787672,0.17285095856524427,0.8626838368470623,0.3486730758058932,0.28844169246646023,0.24603145349551536,0.17285095856524427,0.9947508221603846,0.14534883720930233,0.8271490414347558,5.990529595015575,0.15127047703816726,39.60144578313253
