ROC_AUC_score,prediction_threshold,TN,FP,FN,TP,sensitivity,specificity,BA,Accuracy,precision,ROC_ACU_score_discretized,MCC,f1_score,cohen_kappa,PPV_score,NPV_score,FPR_score,FDR_score,PLR_score,NLR_score,DOR_score
0.9204786135760586,0.4930420021201708,12866,1857,0.16764132553606237,427,0.8323586744639376,0.8738708143720709,0.8531147444180043,0.8724730900498818,0.18695271453590193,0.8531147444180043,0.35685042526451694,0.3053271362173758,0.2649045826414911,0.18695271453590193,0.993360098826436,0.1261291856279291,0.8130472854640981,6.599255123388559,0.19183765240692105,34.40020788718989
