ROC_AUC_score,prediction_threshold,TN,FP,FN,TP,sensitivity,specificity,BA,Accuracy,precision,ROC_ACU_score_discretized,MCC,f1_score,cohen_kappa,PPV_score,NPV_score,FPR_score,FDR_score,PLR_score,NLR_score,DOR_score
0.9185853542606545,0.4930420021201708,16117,2287,0.16978193146417445,533,0.8302180685358256,0.8757335361877853,0.8529758023618055,0.8741993069410899,0.18900709219858156,0.8529758023618055,0.3587304696646045,0.30791450028885037,0.26770101443004424,0.18900709219858156,0.9932823862936029,0.12426646381221473,0.8109929078014184,6.680950298790264,0.1938739633099625,34.460276071773855
