{"performances": [0.9363019416746053, 0.9335181096348416, 0.9354529626161454, 0.9350886912705554, 0.9334338126412992, 0.9345040289900409, 0.9344166851172134, 0.9374267479438643, 0.936074187448076, 0.9337247049774497], "mean": 0.9349941872314093, "std": 0.0012574697832426758}