ROC_AUC_score,prediction_threshold,TN,FP,FN,TP,sensitivity,specificity,BA,Accuracy,precision,ROC_ACU_score_discretized,MCC,f1_score,cohen_kappa,PPV_score,NPV_score,FPR_score,FDR_score,PLR_score,NLR_score,DOR_score
0.9261284971505642,0.38498063461239046,12084,2639,0.0935672514619883,465,0.9064327485380117,0.8207566392718876,0.8635946939049497,0.8236413756891573,0.14980670103092783,0.8635946939049496,0.32566966985596596,0.25711915952446773,0.2115552627510241,0.14980670103092783,0.9960435212660732,0.17924336072811248,0.8501932989690721,5.0569948301345775,0.11400121179037187,44.3591322470633
