ROC_AUC_score,prediction_threshold,TN,FP,FN,TP,sensitivity,specificity,BA,Accuracy,precision,ROC_ACU_score_discretized,MCC,f1_score,cohen_kappa,PPV_score,NPV_score,FPR_score,FDR_score,PLR_score,NLR_score,DOR_score
0.9170495578301073,0.38498063461239046,15140,3264,0.1308411214953271,558,0.8691588785046729,0.8226472505976962,0.8459030645511845,0.8242150582799538,0.14599686028257458,0.8459030645511846,0.3117441429406554,0.25000000000000006,0.20405808250793345,0.14599686028257458,0.9944823962165003,0.17735274940230383,0.8540031397174255,4.900735294117648,0.15904887714663146,30.812762605042018
