ROC_AUC_score,prediction_threshold,TN,FP,FN,TP,sensitivity,specificity,BA,Accuracy,precision,ROC_ACU_score_discretized,MCC,f1_score,cohen_kappa,PPV_score,NPV_score,FPR_score,FDR_score,PLR_score,NLR_score,DOR_score
0.9357099836764666,0.5804251443865216,13300,1423,0.16764132553606237,427,0.8323586744639376,0.9033485023432725,0.867853588403605,0.9009582567603045,0.2308108108108108,0.8678535884036052,0.4063034936349652,0.36140499365213713,0.32586379631021867,0.2308108108108108,0.9935753772598237,0.09665149765672756,0.7691891891891892,8.611958372545718,0.1855776869073268,46.40621680367388
