ROC_AUC_score,prediction_threshold,TN,FP,FN,TP,sensitivity,specificity,BA,Accuracy,precision,ROC_ACU_score_discretized,MCC,f1_score,cohen_kappa,PPV_score,NPV_score,FPR_score,FDR_score,PLR_score,NLR_score,DOR_score
0.9309385031426867,0.5804251443865216,16592,1812,0.17133956386292834,532,0.8286604361370716,0.9015431427950445,0.8651017894660581,0.8990864223458994,0.22696245733788395,0.8651017894660581,0.40114791586725124,0.3563295378432686,0.3203623505105486,0.22696245733788395,0.9934139623997126,0.09845685720495545,0.773037542662116,8.416482707873435,0.1900514304082289,44.285289985952225
