ROC_AUC_score,prediction_threshold,TN,FP,FN,TP,sensitivity,specificity,BA,Accuracy,precision,ROC_ACU_score_discretized,MCC,f1_score,cohen_kappa,PPV_score,NPV_score,FPR_score,FDR_score,PLR_score,NLR_score,DOR_score
0.9320261001768989,0.4625741602023485,12561,2162,0.1364522417153996,443,0.8635477582846004,0.8531549276641989,0.8583513429743996,0.8535048569178262,0.17005758157389636,0.8583513429743997,0.3433785317248106,0.2841565105837075,0.24148144235696478,0.17005758157389636,0.994458079328636,0.14684507233580113,0.8299424184261036,5.88067236134328,0.1599384089464078,36.76835601955862
