ROC_AUC_score,prediction_threshold,TN,FP,FN,TP,sensitivity,specificity,BA,Accuracy,precision,ROC_ACU_score_discretized,MCC,f1_score,cohen_kappa,PPV_score,NPV_score,FPR_score,FDR_score,PLR_score,NLR_score,DOR_score
0.9275441103484886,0.4625741602023485,15842,2562,0.1277258566978193,560,0.8722741433021807,0.8607911323625299,0.8665326378323552,0.8611782001470125,0.17937219730941703,0.8665326378323553,0.3573746479545869,0.29755579171094576,0.255950724711001,0.17937219730941703,0.9948505400653103,0.13920886763747012,0.820627802690583,6.265938069216759,0.14838193830745278,42.22844195655072
