ROC_AUC_score,prediction_threshold,TN,FP,FN,TP,sensitivity,specificity,BA,Accuracy,precision,ROC_ACU_score_discretized,MCC,f1_score,cohen_kappa,PPV_score,NPV_score,FPR_score,FDR_score,PLR_score,NLR_score,DOR_score
0.9327760109065406,0.40737303306146727,12297,2426,0.09551656920077972,464,0.9044834307992202,0.835223799497385,0.8698536151483026,0.8375557889209766,0.16055363321799307,0.8698536151483026,0.34033345659228803,0.27270055833088447,0.22858407451855212,0.16055363321799307,0.996031103191317,0.16477620050261496,0.8394463667820069,5.489163046849512,0.11436044956843788,47.99878863334283
