ROC_AUC_score,prediction_threshold,TN,FP,FN,TP,sensitivity,specificity,BA,Accuracy,precision,ROC_ACU_score_discretized,MCC,f1_score,cohen_kappa,PPV_score,NPV_score,FPR_score,FDR_score,PLR_score,NLR_score,DOR_score
0.9281434992122125,0.40737303306146727,15392,3012,0.12305295950155763,563,0.8769470404984424,0.8363399261030211,0.8566434833007317,0.8377087052399455,0.1574825174825175,0.8566434833007317,0.329678555567046,0.26701446525966327,0.2225833161421229,0.1574825174825175,0.9948936720315429,0.16366007389697892,0.8425174825174825,5.358344400177071,0.14713270963270958,36.41844436599595
