ROC_AUC_score,prediction_threshold,TN,FP,FN,TP,sensitivity,specificity,BA,Accuracy,precision,ROC_ACU_score_discretized,MCC,f1_score,cohen_kappa,PPV_score,NPV_score,FPR_score,FDR_score,PLR_score,NLR_score,DOR_score
0.9269681747366144,0.49373361412544475,12850,1873,0.13450292397660818,444,0.8654970760233918,0.8727840793316579,0.8691405776775248,0.8725387240745602,0.19162710401381097,0.8691405776775248,0.37085245281188695,0.3137809187279152,0.27373960123059426,0.19162710401381097,0.994659029336636,0.12721592066834206,0.808372895986189,6.803370768976184,0.1541079027009808,44.14680006499683
