ROC_AUC_score,prediction_threshold,TN,FP,FN,TP,sensitivity,specificity,BA,Accuracy,precision,ROC_ACU_score_discretized,MCC,f1_score,cohen_kappa,PPV_score,NPV_score,FPR_score,FDR_score,PLR_score,NLR_score,DOR_score
0.9283495021060707,0.49373361412544475,16016,2388,0.1573208722741433,541,0.8426791277258567,0.8702455987828733,0.8564623632543651,0.8693163918933109,0.18470467736428817,0.856462363254365,0.3566691240876518,0.3029963595631476,0.26219920398341356,0.18470467736428817,0.9937333250604952,0.12975440121712672,0.8152953226357118,6.494416527079846,0.18077755577755572,35.92490505331943
