ROC_AUC_score,prediction_threshold,TN,FP,FN,TP,sensitivity,specificity,BA,Accuracy,precision,ROC_ACU_score_discretized,MCC,f1_score,cohen_kappa,PPV_score,NPV_score,FPR_score,FDR_score,PLR_score,NLR_score,DOR_score
0.9358499299408082,0.6323382229932352,13480,1243,0.17738791423001948,422,0.8226120857699805,0.9155742715479183,0.8690931786589493,0.9124442110790234,0.25345345345345344,0.8690931786589493,0.4267856504812964,0.38751147842056927,0.35426972626962794,0.25345345345345344,0.9932945250902661,0.08442572845208178,0.7465465465465465,9.743618454377657,0.19374497486710515,50.290947990063046
