ROC_AUC_score,prediction_threshold,TN,FP,FN,TP,sensitivity,specificity,BA,Accuracy,precision,ROC_ACU_score_discretized,MCC,f1_score,cohen_kappa,PPV_score,NPV_score,FPR_score,FDR_score,PLR_score,NLR_score,DOR_score
0.9327183038226149,0.6323382229932352,16826,1578,0.17445482866043613,530,0.8255451713395638,0.9142577700499891,0.8699014706947765,0.9112674577339074,0.2514231499051233,0.8699014706947764,0.4255722608065625,0.38545454545454544,0.3519659460064971,0.2514231499051233,0.9933876490730901,0.08574222995001086,0.7485768500948766,9.628221377270803,0.1908158009429851,50.458197537570136
