ROC_AUC_score,prediction_threshold,TN,FP,FN,TP,sensitivity,specificity,BA,Accuracy,precision,ROC_ACU_score_discretized,MCC,f1_score,cohen_kappa,PPV_score,NPV_score,FPR_score,FDR_score,PLR_score,NLR_score,DOR_score
0.9327675373389739,0.5852919000268494,13269,1454,0.14230019493177387,440,0.8576998050682261,0.9012429532024723,0.8794713791353492,0.8997768443160935,0.23231256599788808,0.8794713791353492,0.41492098904605107,0.3656003323639386,0.3301036389259623,0.23231256599788808,0.9945285564383151,0.09875704679752768,0.7676874340021119,8.684947888596621,0.15789326776550663,55.00518173767213
