ROC_AUC_score,prediction_threshold,TN,FP,FN,TP,sensitivity,specificity,BA,Accuracy,precision,ROC_ACU_score_discretized,MCC,f1_score,cohen_kappa,PPV_score,NPV_score,FPR_score,FDR_score,PLR_score,NLR_score,DOR_score
0.9307201434606184,0.5852919000268494,16569,1835,0.17445482866043613,530,0.8255451713395638,0.9002934144751141,0.862919292907339,0.8977738107739158,0.22410147991543342,0.862919292907339,0.3972254487392215,0.3525108081143997,0.3162571567238679,0.22410147991543342,0.9932857742341586,0.0997065855248859,0.7758985200845666,8.279745685740238,0.19377552457400368,42.72854223433243
