ROC_AUC_score,prediction_threshold,TN,FP,FN,TP,sensitivity,specificity,BA,Accuracy,precision,ROC_ACU_score_discretized,MCC,f1_score,cohen_kappa,PPV_score,NPV_score,FPR_score,FDR_score,PLR_score,NLR_score,DOR_score
0.9347138098894212,0.41758363598166215,12325,2398,0.09941520467836257,462,0.9005847953216374,0.8371255858181077,0.8688551905698725,0.8392622735626148,0.16153846153846155,0.8688551905698725,0.3407764439091587,0.2739401126593537,0.22997256022638612,0.16153846153846155,0.9958791208791209,0.16287441418189227,0.8384615384615385,5.529320242502279,0.1187578140754185,46.5596330275229
