ROC_AUC_score,prediction_threshold,TN,FP,FN,TP,sensitivity,specificity,BA,Accuracy,precision,ROC_ACU_score_discretized,MCC,f1_score,cohen_kappa,PPV_score,NPV_score,FPR_score,FDR_score,PLR_score,NLR_score,DOR_score
0.9263025916755196,0.41758363598166215,15460,2944,0.11370716510903427,569,0.8862928348909658,0.8400347750489024,0.8631638049699342,0.8415940354930169,0.16196982635923712,0.8631638049699341,0.3379787797667926,0.2738868832731649,0.22999739043407696,0.16196982635923712,0.995300328333226,0.15996522495109758,0.8380301736407629,5.540534420289856,0.13536006899525652,40.93182325789163
