ROC_AUC_score,prediction_threshold,TN,FP,FN,TP,sensitivity,specificity,BA,Accuracy,precision,ROC_ACU_score_discretized,MCC,f1_score,cohen_kappa,PPV_score,NPV_score,FPR_score,FDR_score,PLR_score,NLR_score,DOR_score
0.9342007618531638,0.4830312639980798,12876,1847,0.1267056530214425,448,0.8732943469785575,0.874550023772329,0.8739221853754433,0.874507744814912,0.1952069716775599,0.8739221853754432,0.3771314961148267,0.3190883190883191,0.27942962724514464,0.1952069716775599,0.9949772042346032,0.12544997622767098,0.80479302832244,6.961295436147973,0.14488096687128754,48.048377826829366
