ROC_AUC_score,prediction_threshold,TN,FP,FN,TP,sensitivity,specificity,BA,Accuracy,precision,ROC_ACU_score_discretized,MCC,f1_score,cohen_kappa,PPV_score,NPV_score,FPR_score,FDR_score,PLR_score,NLR_score,DOR_score
0.933595466514458,0.4830312639980798,16007,2397,0.14953271028037382,546,0.8504672897196262,0.8697565746576831,0.8601119321886546,0.8691063740417936,0.18552497451580022,0.8601119321886547,0.35961898115602925,0.30460251046025105,0.26386248494560505,0.18552497451580022,0.9940383779419983,0.1302434253423169,0.8144750254841998,6.529828952857737,0.171924782907478,37.98073112223611
