{"performances": [0.9335234416735899, 0.9323422681375646, 0.9339720946482583, 0.9355794927419949, 0.9333564557616826, 0.9347867963147657, 0.9349205204611485, 0.9357060228678447, 0.9336804405922862, 0.9346828638769439], "mean": 0.9342550397076079, "std": 0.0010089498071957329}