ROC_AUC_score,prediction_threshold,TN,FP,FN,TP,sensitivity,specificity,BA,Accuracy,precision,ROC_ACU_score_discretized,MCC,f1_score,cohen_kappa,PPV_score,NPV_score,FPR_score,FDR_score,PLR_score,NLR_score,DOR_score
0.9312372639962483,0.5275017621845083,12993,1730,0.15204678362573099,435,0.847953216374269,0.8824967737553487,0.8652249950648089,0.881333683381465,0.20092378752886836,0.8652249950648089,0.37736704273418886,0.32486930545182974,0.28599856539735735,0.20092378752886836,0.9940325912324994,0.11750322624465123,0.7990762124711316,7.2164249738025195,0.17229160281087028,41.88494886616272
