ROC_AUC_score,prediction_threshold,TN,FP,FN,TP,sensitivity,specificity,BA,Accuracy,precision,ROC_ACU_score_discretized,MCC,f1_score,cohen_kappa,PPV_score,NPV_score,FPR_score,FDR_score,PLR_score,NLR_score,DOR_score
0.928120478346506,0.5275017621845083,16158,2246,0.14953271028037382,546,0.8504672897196262,0.8779613127580961,0.8642143012388611,0.8770345479365746,0.19555873925501432,0.8642143012388611,0.37168307212910345,0.31799650553290626,0.2784466584047024,0.19555873925501432,0.994093761535622,0.12203868724190393,0.8044412607449857,6.9688334817453255,0.17031810867681646,40.91657390917186
