ROC_AUC_score,prediction_threshold,TN,FP,FN,TP,sensitivity,specificity,BA,Accuracy,precision,ROC_ACU_score_discretized,MCC,f1_score,cohen_kappa,PPV_score,NPV_score,FPR_score,FDR_score,PLR_score,NLR_score,DOR_score
0.9306422606736829,0.5236627857783902,13020,1703,0.1539961013645224,434,0.8460038986354775,0.8843306391360456,0.8651672688857616,0.8830401680231031,0.20308844174075807,0.8651672688857617,0.37936507413739257,0.32754716981132076,0.2889331065438352,0.20308844174075807,0.9939690052675777,0.11566936086395435,0.796911558259242,7.31398438027606,0.17413860218048113,42.000936545336934
