ROC_AUC_score,prediction_threshold,TN,FP,FN,TP,sensitivity,specificity,BA,Accuracy,precision,ROC_ACU_score_discretized,MCC,f1_score,cohen_kappa,PPV_score,NPV_score,FPR_score,FDR_score,PLR_score,NLR_score,DOR_score
0.9321645335126253,0.5236627857783902,16329,2075,0.17133956386292834,532,0.8286604361370716,0.8872527711367094,0.8579566036368905,0.8852777486086317,0.20406597621787495,0.8579566036368904,0.3759029962780242,0.32748538011695905,0.2890256252764891,0.20406597621787495,0.9933085954133463,0.11274722886329058,0.7959340237821251,7.349718875502008,0.19311245840733257,38.059268346111715
