ROC_AUC_score,prediction_threshold,TN,FP,FN,TP,sensitivity,specificity,BA,Accuracy,precision,ROC_ACU_score_discretized,MCC,f1_score,cohen_kappa,PPV_score,NPV_score,FPR_score,FDR_score,PLR_score,NLR_score,DOR_score
0.9231652640926351,0.5524784777014976,13093,1630,0.16374269005847952,429,0.8362573099415205,0.8892888677579298,0.8627730888497251,0.8875032817012339,0.2083535696940262,0.8627730888497251,0.38281191863821085,0.33359253499222397,0.29562007352878905,0.2083535696940262,0.993625256128102,0.11071113224207023,0.7916464303059738,7.553506978079148,0.1841276732399751,41.023203330411945
