ROC_AUC_score,prediction_threshold,TN,FP,FN,TP,sensitivity,specificity,BA,Accuracy,precision,ROC_ACU_score_discretized,MCC,f1_score,cohen_kappa,PPV_score,NPV_score,FPR_score,FDR_score,PLR_score,NLR_score,DOR_score
0.933029762593937,0.5524784777014976,16326,2078,0.1588785046728972,540,0.8411214953271028,0.8870897630949793,0.8641056292110411,0.8855402709230284,0.20626432391138275,0.864105629211041,0.3816839052710957,0.33128834355828224,0.29301247667910457,0.20626432391138275,0.993791088385683,0.11291023690502065,0.7937356760886173,7.449470644850817,0.17910082077667527,41.59372699994337
