ROC_AUC_score,prediction_threshold,TN,FP,FN,TP,sensitivity,specificity,BA,Accuracy,precision,ROC_ACU_score_discretized,MCC,f1_score,cohen_kappa,PPV_score,NPV_score,FPR_score,FDR_score,PLR_score,NLR_score,DOR_score
0.9393651364860036,0.4681275224282696,12696,2027,0.10331384015594541,460,0.8966861598440545,0.8623242545676832,0.8795052072058689,0.863481228668942,0.18496180136710896,0.8795052072058689,0.37044916508582104,0.30666666666666664,0.26567263422582343,0.18496180136710896,0.9958428112008785,0.13767574543231678,0.8150381986328911,6.513029270539723,0.11980857503276506,54.36196256201653
