ROC_AUC_score,prediction_threshold,TN,FP,FN,TP,sensitivity,specificity,BA,Accuracy,precision,ROC_ACU_score_discretized,MCC,f1_score,cohen_kappa,PPV_score,NPV_score,FPR_score,FDR_score,PLR_score,NLR_score,DOR_score
0.9355391215914731,0.4681275224282696,15798,2606,0.12305295950155763,563,0.8769470404984424,0.858400347750489,0.8676736941244657,0.8590255171689594,0.17765856737141053,0.8676736941244656,0.35634513880589935,0.295460509052742,0.25361922758577604,0.17765856737141053,0.9950242489135227,0.141599652249511,0.8223414326285895,6.193144026605269,0.14335147909018015,43.202512216209925
