ROC_AUC_score,prediction_threshold,TN,FP,FN,TP,sensitivity,specificity,BA,Accuracy,precision,ROC_ACU_score_discretized,MCC,f1_score,cohen_kappa,PPV_score,NPV_score,FPR_score,FDR_score,PLR_score,NLR_score,DOR_score
0.9291031165649111,0.5672435597853667,13149,1574,0.15984405458089668,431,0.8401559454191033,0.8930924403993751,0.8666241929092392,0.8913100551325808,0.21496259351620947,0.8666241929092392,0.3912500724675441,0.3423351866560762,0.30507246540471766,0.21496259351620947,0.9938024336784823,0.10690755960062487,0.7850374064837905,7.858714094285548,0.17897817443110062,43.908784516688854
