ROC_AUC_score,prediction_threshold,TN,FP,FN,TP,sensitivity,specificity,BA,Accuracy,precision,ROC_ACU_score_discretized,MCC,f1_score,cohen_kappa,PPV_score,NPV_score,FPR_score,FDR_score,PLR_score,NLR_score,DOR_score
0.9341438201501638,0.5672435597853667,16419,1985,0.15109034267912771,545,0.8489096573208723,0.8921430123886112,0.8705263348547417,0.8906857082852042,0.21541501976284586,0.8705263348547417,0.39405786938292786,0.34363177805800754,0.306332544697673,0.21541501976284586,0.9941269072414628,0.10785698761138883,0.7845849802371542,7.870696893366918,0.16935663966542822,46.474096964346
