ROC_AUC_score,prediction_threshold,TN,FP,FN,TP,sensitivity,specificity,BA,Accuracy,precision,ROC_ACU_score_discretized,MCC,f1_score,cohen_kappa,PPV_score,NPV_score,FPR_score,FDR_score,PLR_score,NLR_score,DOR_score
0.9363027362076468,0.524113515276615,12989,1734,0.13840155945419103,442,0.8615984405458089,0.8822250899952455,0.8719117652705273,0.8815305854555001,0.203125,0.8719117652705273,0.383464988383362,0.32874674600223125,0.2900596297681899,0.203125,0.9945635528330781,0.11777491000475447,0.796875,7.315636586018421,0.1568778319996963,46.63269814968238
