ROC_AUC_score,prediction_threshold,TN,FP,FN,TP,sensitivity,specificity,BA,Accuracy,precision,ROC_ACU_score_discretized,MCC,f1_score,cohen_kappa,PPV_score,NPV_score,FPR_score,FDR_score,PLR_score,NLR_score,DOR_score
0.9260777996927392,0.524113515276615,16234,2170,0.1573208722741433,541,0.8426791277258567,0.8820908498152575,0.8623849887705571,0.8807623648010081,0.19955735890815196,0.8623849887705571,0.3743686671268486,0.32269609305099917,0.2836495351779721,0.19955735890815196,0.9938169574533211,0.11790915018474245,0.800442641091848,7.1468509984639015,0.17834996509383594,40.07206278231511
