ROC_AUC_score,prediction_threshold,TN,FP,FN,TP,sensitivity,specificity,BA,Accuracy,precision,ROC_ACU_score_discretized,MCC,f1_score,cohen_kappa,PPV_score,NPV_score,FPR_score,FDR_score,PLR_score,NLR_score,DOR_score
0.938239078796102,0.47463214119778213,12699,2024,0.11306042884990253,455,0.8869395711500975,0.8625280173877606,0.874733794268929,0.8633499606195852,0.18354175070592982,0.8747337942689289,0.3662664621704016,0.304144385026738,0.26302525276203914,0.18354175070592982,0.9954534765226934,0.13747198261223936,0.8164582492940702,6.45178424211605,0.13108029718537798,49.2200916587161
