ROC_AUC_score,prediction_threshold,TN,FP,FN,TP,sensitivity,specificity,BA,Accuracy,precision,ROC_ACU_score_discretized,MCC,f1_score,cohen_kappa,PPV_score,NPV_score,FPR_score,FDR_score,PLR_score,NLR_score,DOR_score
0.9272538950966235,0.47463214119778213,15842,2562,0.13707165109034267,554,0.8629283489096573,0.8607911323625299,0.8618597406360936,0.8608631733697364,0.1777920410783055,0.8618597406360936,0.35309151161316926,0.29483767961681745,0.2530861460701912,0.1777920410783055,0.9944758317639674,0.13920886763747012,0.8222079589216945,6.198803018475151,0.15923915330555907,38.92763111205735
