{"performances": [0.9268578854251512, 0.9264549356397532, 0.9260584181550673, 0.9264281908104768, 0.9260508009568555, 0.9256925387342992, 0.9269745131933259, 0.9268632174638995, 0.9262241345339391, 0.9263345839080085], "mean": 0.9263939218820777, "std": 0.00039141609574728126}