ROC_AUC_score,prediction_threshold,TN,FP,FN,TP,sensitivity,specificity,BA,Accuracy,precision,ROC_ACU_score_discretized,MCC,f1_score,cohen_kappa,PPV_score,NPV_score,FPR_score,FDR_score,PLR_score,NLR_score,DOR_score
0.9237132655951045,0.5037096821722125,12844,1879,0.15009746588693956,436,0.8499025341130604,0.8723765536915031,0.8611395439022818,0.8716198477290628,0.18833693304535637,0.8611395439022818,0.36294291131964884,0.30834512022630833,0.26799330854437853,0.18833693304535637,0.994040708923458,0.1276234463084969,0.8116630669546436,6.6594545022600276,0.17205582297208127,38.70519687869342
