ROC_AUC_score,prediction_threshold,TN,FP,FN,TP,sensitivity,specificity,BA,Accuracy,precision,ROC_ACU_score_discretized,MCC,f1_score,cohen_kappa,PPV_score,NPV_score,FPR_score,FDR_score,PLR_score,NLR_score,DOR_score
0.9270624495149031,0.5037096821722125,15964,2440,0.14953271028037382,546,0.8504672897196262,0.8674201260595523,0.8589437078895892,0.8668486821379817,0.18285331547220363,0.8589437078895891,0.356338128380503,0.3009922822491731,0.25992865012328836,0.18285331547220363,0.9940224159402241,0.13257987394044773,0.8171466845277964,6.414754098360658,0.17238787271360562,37.211168032786894
