ROC_AUC_score,prediction_threshold,TN,FP,FN,TP,sensitivity,specificity,BA,Accuracy,precision,ROC_ACU_score_discretized,MCC,f1_score,cohen_kappa,PPV_score,NPV_score,FPR_score,FDR_score,PLR_score,NLR_score,DOR_score
0.9345379833624149,0.4830607308618467,12714,2009,0.12085769980506822,451,0.8791423001949318,0.8635468314881478,0.8713445658415397,0.8640719348910475,0.18333333333333332,0.8713445658415399,0.3640817433812578,0.303397241843256,0.26229161108210497,0.18333333333333332,0.9951471509079524,0.1364531685118522,0.8166666666666667,6.442813382663008,0.13995500347884374,46.03489137590522
