ROC_AUC_score,prediction_threshold,TN,FP,FN,TP,sensitivity,specificity,BA,Accuracy,precision,ROC_ACU_score_discretized,MCC,f1_score,cohen_kappa,PPV_score,NPV_score,FPR_score,FDR_score,PLR_score,NLR_score,DOR_score
0.9241988908005234,0.4830607308618467,15857,2547,0.13707165109034267,554,0.8629283489096573,0.8616061725711802,0.8622672607404187,0.8616507403129265,0.17865204772653984,0.8622672607404188,0.35417635517082213,0.29601923590702645,0.25437411174452584,0.17865204772653984,0.9944810285355911,0.1383938274288198,0.8213479522734601,6.235309514461459,0.15908852031699985,39.19396259413928
