ROC_AUC_score,prediction_threshold,TN,FP,FN,TP,sensitivity,specificity,BA,Accuracy,precision,ROC_ACU_score_discretized,MCC,f1_score,cohen_kappa,PPV_score,NPV_score,FPR_score,FDR_score,PLR_score,NLR_score,DOR_score
0.930145100576613,0.5505008734280157,13061,1662,0.14230019493177387,440,0.8576998050682261,0.8871153976771039,0.8724076013726649,0.8861249671829876,0.2093244529019981,0.8724076013726648,0.3895744887596229,0.3365200764818356,0.2985506781814794,0.2093244529019981,0.994441906502208,0.11288460232289615,0.7906755470980019,7.59802300241847,0.16040776127252948,47.36692877042019
