ROC_AUC_score,prediction_threshold,TN,FP,FN,TP,sensitivity,specificity,BA,Accuracy,precision,ROC_ACU_score_discretized,MCC,f1_score,cohen_kappa,PPV_score,NPV_score,FPR_score,FDR_score,PLR_score,NLR_score,DOR_score
0.9274514344369131,0.5505008734280157,16331,2073,0.17601246105919002,529,0.82398753894081,0.8873614431645295,0.8556744910526697,0.8852252441457524,0.20330514988470408,0.8556744910526697,0.3738083175457093,0.32614056720098644,0.28761936844572034,0.20330514988470408,0.9931281926538555,0.11263855683547055,0.796694850115296,7.315324007075095,0.1983548670218194,36.879982411877975
