ROC_AUC_score,prediction_threshold,TN,FP,FN,TP,sensitivity,specificity,BA,Accuracy,precision,ROC_ACU_score_discretized,MCC,f1_score,cohen_kappa,PPV_score,NPV_score,FPR_score,FDR_score,PLR_score,NLR_score,DOR_score
0.9266415451868216,0.4629350998180857,12463,2260,0.13060428849902533,446,0.8693957115009746,0.8464986755416695,0.8579471935213221,0.8472696245733788,0.1648189209164819,0.857947193521322,0.33788301772072327,0.2771046908977943,0.2337269676137853,0.1648189209164819,0.9946528332003193,0.1535013244583305,0.8351810790835181,5.663766840897719,0.15428764659962696,36.7091401400079
