ROC_AUC_score,prediction_threshold,TN,FP,FN,TP,sensitivity,specificity,BA,Accuracy,precision,ROC_ACU_score_discretized,MCC,f1_score,cohen_kappa,PPV_score,NPV_score,FPR_score,FDR_score,PLR_score,NLR_score,DOR_score
0.9205034494058923,0.4629350998180857,15641,2763,0.13551401869158877,555,0.8644859813084113,0.849869593566616,0.8571777874375136,0.8503622807938674,0.16726943942133815,0.8571777874375135,0.3399093598244099,0.28030303030303033,0.23721626790805095,0.16726943942133815,0.994468463886063,0.15013040643338404,0.8327305605786618,5.7582338038364105,0.1594527204142957,36.112483931758355
