ROC_AUC_score,prediction_threshold,TN,FP,FN,TP,sensitivity,specificity,BA,Accuracy,precision,ROC_ACU_score_discretized,MCC,f1_score,cohen_kappa,PPV_score,NPV_score,FPR_score,FDR_score,PLR_score,NLR_score,DOR_score
0.925128218979229,0.42955740364522116,12404,2319,0.12475633528265107,449,0.8752436647173489,0.8424913400801467,0.8588675023987478,0.8435941191913888,0.16221098265895953,0.8588675023987479,0.3357681723319158,0.2736970435842731,0.22994930916117873,0.16221098265895953,0.9948668591594482,0.1575086599198533,0.8377890173410405,5.556797100316312,0.14808025833331762,37.52557675722294
