ROC_AUC_score,prediction_threshold,TN,FP,FN,TP,sensitivity,specificity,BA,Accuracy,precision,ROC_ACU_score_discretized,MCC,f1_score,cohen_kappa,PPV_score,NPV_score,FPR_score,FDR_score,PLR_score,NLR_score,DOR_score
0.916287499466796,0.42955740364522116,15444,2960,0.13862928348909656,553,0.8613707165109035,0.8391653988263421,0.8502680576686228,0.8399138926808779,0.1574153145459721,0.8502680576686228,0.32597733888135266,0.26618531889290015,0.221830309391283,0.1574153145459721,0.9942702633103715,0.1608346011736579,0.8425846854540279,5.355630630630631,0.1651989985323318,32.41926814454906
