ROC_AUC_score,prediction_threshold,TN,FP,FN,TP,sensitivity,specificity,BA,Accuracy,precision,ROC_ACU_score_discretized,MCC,f1_score,cohen_kappa,PPV_score,NPV_score,FPR_score,FDR_score,PLR_score,NLR_score,DOR_score
0.9132813771242009,0.4667004503830328,12441,2282,0.14230019493177387,440,0.8576998050682261,0.8450044148611017,0.8513521099646639,0.8454318718823838,0.16164584864070536,0.8513521099646638,0.33089275972015025,0.27202472952086554,0.228298761812063,0.16164584864070536,0.9941665334824996,0.15499558513889833,0.8383541513592946,5.533704745845527,0.16840171770601298,32.86014430984596
