ROC_AUC_score,prediction_threshold,TN,FP,FN,TP,sensitivity,specificity,BA,Accuracy,precision,ROC_ACU_score_discretized,MCC,f1_score,cohen_kappa,PPV_score,NPV_score,FPR_score,FDR_score,PLR_score,NLR_score,DOR_score
0.9309711724594613,0.4667004503830328,15607,2797,0.11682242990654206,567,0.883177570093458,0.8480221690936753,0.8655998695935667,0.8492071826105219,0.16854934601664684,0.8655998695935667,0.34604369111657873,0.2830753869196206,0.2400535156830682,0.16854934601664684,0.9952174467542405,0.15197783090632472,0.8314506539833532,5.811226313907761,0.1377586980201191,42.184097247050445
