ROC_AUC_score,prediction_threshold,TN,FP,FN,TP,sensitivity,specificity,BA,Accuracy,precision,ROC_ACU_score_discretized,MCC,f1_score,cohen_kappa,PPV_score,NPV_score,FPR_score,FDR_score,PLR_score,NLR_score,DOR_score
0.9372119235276414,0.5615737939793705,13263,1460,0.15009746588693956,436,0.8499025341130604,0.9008354275623175,0.875368980837689,0.8991205040693095,0.229957805907173,0.875368980837689,0.41024956967917225,0.3619759236197593,0.3262679558923429,0.229957805907173,0.9942278860569715,0.09916457243768254,0.770042194092827,8.570626719004515,0.16662029633215802,51.438071517523575
