ROC_AUC_score,prediction_threshold,TN,FP,FN,TP,sensitivity,specificity,BA,Accuracy,precision,ROC_ACU_score_discretized,MCC,f1_score,cohen_kappa,PPV_score,NPV_score,FPR_score,FDR_score,PLR_score,NLR_score,DOR_score
0.9307396096338261,0.5615737939793705,16585,1819,0.16510903426791276,536,0.8348909657320872,0.9011627906976745,0.8680268782148808,0.8989289089572614,0.22760084925690022,0.8680268782148809,0.4035492323222747,0.357691024357691,0.3217618159720985,0.22760084925690022,0.9936492720627883,0.09883720930232558,0.7723991507430998,8.447132123877592,0.18321776705858708,46.10432852386239
