ROC_AUC_score,prediction_threshold,TN,FP,FN,TP,sensitivity,specificity,BA,Accuracy,precision,ROC_ACU_score_discretized,MCC,f1_score,cohen_kappa,PPV_score,NPV_score,FPR_score,FDR_score,PLR_score,NLR_score,DOR_score
0.9292977438199558,0.5586899714159361,13132,1591,0.15789473684210525,432,0.8421052631578947,0.8919377844189363,0.8670215237884156,0.8902599107377265,0.21354424122590213,0.8670215237884155,0.3901932114990377,0.34069400630914826,0.30326660649273474,0.21354424122590213,0.9938696738061,0.10806221558106364,0.7864557587740979,7.79278176585398,0.17702438398768783,44.02095118374186
