ROC_AUC_score,prediction_threshold,TN,FP,FN,TP,sensitivity,specificity,BA,Accuracy,precision,ROC_ACU_score_discretized,MCC,f1_score,cohen_kappa,PPV_score,NPV_score,FPR_score,FDR_score,PLR_score,NLR_score,DOR_score
0.9333791380852463,0.5586899714159361,16515,1889,0.18691588785046728,522,0.8130841121495327,0.8973592697239731,0.8552216909367529,0.8945185340753964,0.21650767316466196,0.8552216909367528,0.38560538612513773,0.3419587291188994,0.3049550827790757,0.21650767316466196,0.9927862939585211,0.10264073027602695,0.783492326835338,7.921651667548969,0.20829548894943992,38.03083642138698
