ROC_AUC_score,prediction_threshold,TN,FP,FN,TP,sensitivity,specificity,BA,Accuracy,precision,ROC_ACU_score_discretized,MCC,f1_score,cohen_kappa,PPV_score,NPV_score,FPR_score,FDR_score,PLR_score,NLR_score,DOR_score
0.9312180660697301,0.4854439376898612,12718,2005,0.13060428849902533,446,0.8693957115009746,0.863818515248251,0.8666071133746128,0.8640063008663691,0.18196654426764586,0.8666071133746128,0.3599694959216906,0.300944669365722,0.2597219758067447,0.18196654426764586,0.994759483770043,0.13618148475174896,0.8180334557323541,6.384096289490698,0.1511941295464028,42.22449845535414
