ROC_AUC_score,prediction_threshold,TN,FP,FN,TP,sensitivity,specificity,BA,Accuracy,precision,ROC_ACU_score_discretized,MCC,f1_score,cohen_kappa,PPV_score,NPV_score,FPR_score,FDR_score,PLR_score,NLR_score,DOR_score
0.9321876390138673,0.4854439376898612,15770,2634,0.11682242990654206,567,0.883177570093458,0.8568789393610085,0.8700282547272332,0.8577654100598551,0.17713214620431114,0.8700282547272332,0.3571902127980611,0.2950819672131148,0.25314338286542704,0.17713214620431114,0.9952666456295362,0.14312106063899152,0.8228678537956888,6.170842824601366,0.13633481293595429,45.262414578587716
