ROC_AUC_score,prediction_threshold,TN,FP,FN,TP,sensitivity,specificity,BA,Accuracy,precision,ROC_ACU_score_discretized,MCC,f1_score,cohen_kappa,PPV_score,NPV_score,FPR_score,FDR_score,PLR_score,NLR_score,DOR_score
0.9184182126624492,0.49846839415034416,12888,1835,0.1539961013645224,434,0.8460038986354775,0.8753650750526387,0.8606844868440582,0.8743764767655553,0.19127368884971352,0.8606844868440582,0.3654915110819076,0.31200575125808766,0.2720231217509127,0.19127368884971352,0.9939076116295211,0.12463492494736127,0.8087263111502865,6.787855803602254,0.17592214466091435,38.584430724657665
