ROC_AUC_score,prediction_threshold,TN,FP,FN,TP,sensitivity,specificity,BA,Accuracy,precision,ROC_ACU_score_discretized,MCC,f1_score,cohen_kappa,PPV_score,NPV_score,FPR_score,FDR_score,PLR_score,NLR_score,DOR_score
0.9281189549068636,0.49846839415034416,16050,2354,0.12461059190031153,562,0.8753894080996885,0.872093023255814,0.8737412156777512,0.8722041373516749,0.19272976680384088,0.8737412156777512,0.3746395924925928,0.3159078133783024,0.2759003362681588,0.19272976680384088,0.9950402975821451,0.12790697674418605,0.8072702331961591,6.843953554233928,0.14288681204569056,47.897727272727266
