ROC_AUC_score,prediction_threshold,TN,FP,FN,TP,sensitivity,specificity,BA,Accuracy,precision,ROC_ACU_score_discretized,MCC,f1_score,cohen_kappa,PPV_score,NPV_score,FPR_score,FDR_score,PLR_score,NLR_score,DOR_score
0.9256007527705586,0.45128601056290774,12637,2086,0.13840155945419103,442,0.8615984405458089,0.8583169191061605,0.8599576798259847,0.8584274087687057,0.17484177215189872,0.8599576798259847,0.34906888615245946,0.29069385070700426,0.24863186009869287,0.17484177215189872,0.9944129682090022,0.14168308089383957,0.8251582278481012,6.0811667498350666,0.16124761888454975,37.713218910780114
