ROC_AUC_score,prediction_threshold,TN,FP,FN,TP,sensitivity,specificity,BA,Accuracy,precision,ROC_ACU_score_discretized,MCC,f1_score,cohen_kappa,PPV_score,NPV_score,FPR_score,FDR_score,PLR_score,NLR_score,DOR_score
0.9372645862574912,0.45128601056290774,15762,2642,0.10747663551401869,573,0.8925233644859814,0.8564442512497283,0.8744838078678548,0.8576604011340964,0.1782270606531882,0.8744838078678548,0.3608627073782931,0.29712211563391244,0.25527265319476633,0.1782270606531882,0.995641462952435,0.1435557487502717,0.8217729393468118,6.2172596517789565,0.1254916888719705,49.543198499160745
