ROC_AUC_score,prediction_threshold,TN,FP,FN,TP,sensitivity,specificity,BA,Accuracy,precision,ROC_ACU_score_discretized,MCC,f1_score,cohen_kappa,PPV_score,NPV_score,FPR_score,FDR_score,PLR_score,NLR_score,DOR_score
0.9340993438413515,0.4400846136573486,12447,2276,0.10526315789473684,459,0.8947368421052632,0.8454119405012566,0.8700743913032598,0.8470727224993436,0.16782449725776966,0.8700743913032599,0.3478762860141325,0.28263546798029554,0.23951237968777406,0.16782449725776966,0.9956803455723542,0.15458805949874346,0.8321755027422304,5.7878780871334765,0.12451108489469032,46.48484182776803
