ROC_AUC_score,prediction_threshold,TN,FP,FN,TP,sensitivity,specificity,BA,Accuracy,precision,ROC_ACU_score_discretized,MCC,f1_score,cohen_kappa,PPV_score,NPV_score,FPR_score,FDR_score,PLR_score,NLR_score,DOR_score
0.9272686216798326,0.4400846136573486,15585,2819,0.11370716510903427,569,0.8862928348909658,0.8468267767876548,0.8665598058393102,0.848157093352935,0.1679456906729634,0.8665598058393102,0.3459860739140878,0.28238213399503725,0.23926677740274627,0.1679456906729634,0.9953378464682591,0.15317322321234514,0.8320543093270366,5.7862126049426506,0.13427440915410113,43.0924451010025
