ROC_AUC_score,prediction_threshold,TN,FP,FN,TP,sensitivity,specificity,BA,Accuracy,precision,ROC_ACU_score_discretized,MCC,f1_score,cohen_kappa,PPV_score,NPV_score,FPR_score,FDR_score,PLR_score,NLR_score,DOR_score
0.9255297866421887,0.4831291160419401,12767,1956,0.13840155945419103,442,0.8615984405458089,0.8671466413095157,0.8643725409276624,0.8669598319768969,0.18432026688907424,0.8643725409276624,0.36096010172584747,0.3036757128134661,0.26277973117696396,0.18432026688907424,0.9944695435426079,0.13285335869048429,0.8156797331109258,6.485334274108355,0.15960571472108212,40.63347158616317
