ROC_AUC_score,prediction_threshold,TN,FP,FN,TP,sensitivity,specificity,BA,Accuracy,precision,ROC_ACU_score_discretized,MCC,f1_score,cohen_kappa,PPV_score,NPV_score,FPR_score,FDR_score,PLR_score,NLR_score,DOR_score
0.9250547253373742,0.4831291160419401,15923,2481,0.14485981308411214,549,0.8551401869158879,0.8651923494892415,0.8601662682025647,0.8648535125485667,0.18118811881188118,0.8601662682025647,0.3554334636363031,0.29901960784313725,0.2577277499125159,0.18118811881188118,0.9941933066933067,0.13480765051075852,0.8188118811881188,6.343409915356713,0.167430760535075,37.8867652221399
