ROC_AUC_score,prediction_threshold,TN,FP,FN,TP,sensitivity,specificity,BA,Accuracy,precision,ROC_ACU_score_discretized,MCC,f1_score,cohen_kappa,PPV_score,NPV_score,FPR_score,FDR_score,PLR_score,NLR_score,DOR_score
0.9329716973575313,0.5579701585815888,13096,1627,0.13840155945419103,442,0.8615984405458089,0.8894926305780072,0.8755455355619081,0.8885534260960882,0.21362977283711937,0.8755455355619081,0.39548113753128616,0.3423702556158017,0.30485973474494876,0.21362977283711937,0.9946077314498367,0.1105073694219928,0.7863702271628806,7.796750977354606,0.155596072071171,50.10891903356214
