ROC_AUC_score,prediction_threshold,TN,FP,FN,TP,sensitivity,specificity,BA,Accuracy,precision,ROC_ACU_score_discretized,MCC,f1_score,cohen_kappa,PPV_score,NPV_score,FPR_score,FDR_score,PLR_score,NLR_score,DOR_score
0.932484201930909,0.5579701585815888,16334,2070,0.1526479750778816,544,0.8473520249221184,0.8875244512062596,0.867438238064189,0.8861703244775806,0.20811017597551645,0.867438238064189,0.38542507637580503,0.33415233415233414,0.29605253557095945,0.20811017597551645,0.9940360272638754,0.11247554879374048,0.7918898240244836,7.5336553945249625,0.1719929798783723,43.80210982943904
