ROC_AUC_score,prediction_threshold,TN,FP,FN,TP,sensitivity,specificity,BA,Accuracy,precision,ROC_ACU_score_discretized,MCC,f1_score,cohen_kappa,PPV_score,NPV_score,FPR_score,FDR_score,PLR_score,NLR_score,DOR_score
0.9339787279030209,0.48511269946295943,12696,2027,0.12475633528265107,449,0.8752436647173489,0.8623242545676832,0.8687839596425161,0.8627592543974797,0.18134087237479807,0.8687839596425161,0.3606269675117116,0.30043492806958855,0.259105691745131,0.18134087237479807,0.9949843260188088,0.13767574543231678,0.818659127625202,6.357282918418121,0.1446745056999426,43.94197089294526
