ROC_AUC_score,prediction_threshold,TN,FP,FN,TP,sensitivity,specificity,BA,Accuracy,precision,ROC_ACU_score_discretized,MCC,f1_score,cohen_kappa,PPV_score,NPV_score,FPR_score,FDR_score,PLR_score,NLR_score,DOR_score
0.9311546623008272,0.48511269946295943,15975,2429,0.1277258566978193,560,0.8722741433021807,0.8680178222125625,0.8701459827573716,0.8681612937099653,0.1873536299765808,0.8701459827573716,0.3673089418869412,0.3084549710823465,0.2678220984519616,0.1873536299765808,0.9948931929999377,0.1319821777874375,0.8126463700234192,6.609029779058599,0.14714658320292123,44.914599001897805
