ROC_AUC_score,prediction_threshold,TN,FP,FN,TP,sensitivity,specificity,BA,Accuracy,precision,ROC_ACU_score_discretized,MCC,f1_score,cohen_kappa,PPV_score,NPV_score,FPR_score,FDR_score,PLR_score,NLR_score,DOR_score
0.9306840989135432,0.6046822542624215,13405,1318,0.18323586744639375,419,0.8167641325536062,0.9104802010459825,0.8636221667997943,0.9073247571541087,0.24122049510650548,0.8636221667997944,0.412749424871988,0.37244444444444447,0.3380307320526351,0.24122049510650548,0.9930365212237944,0.08951979895401753,0.7587795048934945,9.123837878290399,0.20125189678577063,45.33541310173377
