ROC_AUC_score,prediction_threshold,TN,FP,FN,TP,sensitivity,specificity,BA,Accuracy,precision,ROC_ACU_score_discretized,MCC,f1_score,cohen_kappa,PPV_score,NPV_score,FPR_score,FDR_score,PLR_score,NLR_score,DOR_score
0.9277534140282387,0.6046822542624215,16762,1642,0.1822429906542056,525,0.8177570093457944,0.9107802651597479,0.8642686372527711,0.9076446497952326,0.24227041993539455,0.8642686372527711,0.41406887917220886,0.3737985048059807,0.33944447022983204,0.24227041993539455,0.993068309733989,0.08921973484025211,0.7577295800646054,9.165651644336174,0.20009545400310222,45.806396202254916
