ROC_AUC_score,prediction_threshold,TN,FP,FN,TP,sensitivity,specificity,BA,Accuracy,precision,ROC_ACU_score_discretized,MCC,f1_score,cohen_kappa,PPV_score,NPV_score,FPR_score,FDR_score,PLR_score,NLR_score,DOR_score
0.935908053318335,0.5456477030775216,13129,1594,0.1364522417153996,443,0.8635477582846004,0.891734021598859,0.8776408899417296,0.8907849829351536,0.21747668139420717,0.8776408899417297,0.40031311418321047,0.3474509803921568,0.31035265429329184,0.21747668139420717,0.9946965679218123,0.10826597840114108,0.7825233186057928,7.976169162624952,0.1530189926708682,52.12535400609429
