ROC_AUC_score,prediction_threshold,TN,FP,FN,TP,sensitivity,specificity,BA,Accuracy,precision,ROC_ACU_score_discretized,MCC,f1_score,cohen_kappa,PPV_score,NPV_score,FPR_score,FDR_score,PLR_score,NLR_score,DOR_score
0.9283595737348173,0.5456477030775216,16417,1987,0.14485981308411214,549,0.8551401869158879,0.8920343403607911,0.8735872636383395,0.8907907172109629,0.21648264984227128,0.8735872636383395,0.39691500980654554,0.3455003146633102,0.3082884323645684,0.21648264984227128,0.9943670502725621,0.10796565963920887,0.7835173501577287,7.9204831404126805,0.16239264177377105,48.77365780801013
