ROC_AUC_score,prediction_threshold,TN,FP,FN,TP,sensitivity,specificity,BA,Accuracy,precision,ROC_ACU_score_discretized,MCC,f1_score,cohen_kappa,PPV_score,NPV_score,FPR_score,FDR_score,PLR_score,NLR_score,DOR_score
0.9326152779217622,0.5022781264332863,12924,1799,0.11306042884990253,455,0.8869395711500975,0.8778102288935679,0.8823749000218326,0.8781176161722237,0.20186335403726707,0.8823749000218326,0.38853348399623033,0.328876039031442,0.28992439982042584,0.20186335403726707,0.9955322754583269,0.12218977110643212,0.7981366459627329,7.258705562002714,0.128798258585354,56.357171608748146
