ROC_AUC_score,prediction_threshold,TN,FP,FN,TP,sensitivity,specificity,BA,Accuracy,precision,ROC_ACU_score_discretized,MCC,f1_score,cohen_kappa,PPV_score,NPV_score,FPR_score,FDR_score,PLR_score,NLR_score,DOR_score
0.932433928422712,0.5022781264332863,15976,2428,0.1308411214953271,558,0.8691588785046729,0.8680721582264725,0.8686155183655727,0.868108789247086,0.1868720696584059,0.8686155183655727,0.36593973099202726,0.30760749724366043,0.2669324799328472,0.1868720696584059,0.9947696139476961,0.13192784177352748,0.8131279303415941,6.588138385502473,0.15072608913370056,43.709343374911754
