ROC_AUC_score,prediction_threshold,TN,FP,FN,TP,sensitivity,specificity,BA,Accuracy,precision,ROC_ACU_score_discretized,MCC,f1_score,cohen_kappa,PPV_score,NPV_score,FPR_score,FDR_score,PLR_score,NLR_score,DOR_score
0.9301959419820125,0.5895767017442778,13322,1401,0.16569200779727095,428,0.834307992202729,0.9048427630238403,0.8695753776132846,0.9024678393279076,0.23400765445598687,0.8695753776132846,0.4102203550311123,0.36549957301451746,0.3302789391210915,0.23400765445598687,0.9936600283434027,0.09515723697615976,0.7659923455440131,8.767677779586567,0.18311690668062008,47.88022001091657
