ROC_AUC_score,prediction_threshold,TN,FP,FN,TP,sensitivity,specificity,BA,Accuracy,precision,ROC_ACU_score_discretized,MCC,f1_score,cohen_kappa,PPV_score,NPV_score,FPR_score,FDR_score,PLR_score,NLR_score,DOR_score
0.9270139533529553,0.5895767017442778,16619,1785,0.19937694704049844,514,0.8006230529595015,0.9030102151706151,0.8518166340650584,0.8995589625118136,0.22357546759460636,0.8518166340650583,0.38979116884495796,0.3495409724583475,0.3133552459115564,0.22357546759460636,0.9923568400310503,0.09698978482938492,0.7764245324053937,8.2547152194211,0.22079146358585558,37.38693102240895
