{"performances": [0.9266769346498561, 0.9293977978510699, 0.9284617288263894, 0.9261998441351975, 0.9276895141987961, 0.9291930644902471, 0.9263025916755196, 0.9272004900736059, 0.9270139533529553, 0.9276537980027367], "mean": 0.9275789717256373, "std": 0.0010732104447820935}