ROC_AUC_score,prediction_threshold,TN,FP,FN,TP,sensitivity,specificity,BA,Accuracy,precision,ROC_ACU_score_discretized,MCC,f1_score,cohen_kappa,PPV_score,NPV_score,FPR_score,FDR_score,PLR_score,NLR_score,DOR_score
0.934150317646244,0.5087783152190706,12939,1784,0.1267056530214425,448,0.8732943469785575,0.878829042993955,0.8760616949862563,0.8786426883696509,0.2007168458781362,0.8760616949862563,0.3836722225462432,0.3264116575591985,0.287392429797767,0.2007168458781362,0.9950015379883113,0.12117095700604497,0.7992831541218638,7.207125936415528,0.14417554134281618,49.98854777509484
