ROC_AUC_score,prediction_threshold,TN,FP,FN,TP,sensitivity,specificity,BA,Accuracy,precision,ROC_ACU_score_discretized,MCC,f1_score,cohen_kappa,PPV_score,NPV_score,FPR_score,FDR_score,PLR_score,NLR_score,DOR_score
0.9326445862710329,0.5087783152190706,16064,2340,0.14018691588785046,552,0.8598130841121495,0.8728537274505542,0.8663334057813519,0.8724141552031923,0.1908713692946058,0.8663334057813519,0.3684605211257187,0.31239388794567063,0.2722445436007187,0.1908713692946058,0.9944286244892906,0.12714627254944577,0.8091286307053942,6.762393162393162,0.16060756972111556,42.10507122507122
