ROC_AUC_score,prediction_threshold,TN,FP,FN,TP,sensitivity,specificity,BA,Accuracy,precision,ROC_ACU_score_discretized,MCC,f1_score,cohen_kappa,PPV_score,NPV_score,FPR_score,FDR_score,PLR_score,NLR_score,DOR_score
0.9260227099554753,0.4272641020942021,12406,2317,0.12085769980506822,451,0.8791423001949318,0.8426271819601984,0.8608847410775651,0.8438566552901023,0.1629335260115607,0.8608847410775652,0.3376555668154406,0.27491618409021645,0.23124188270853718,0.1629335260115607,0.9950272698107154,0.15737281803980166,0.8370664739884393,5.586366890707805,0.1434296239102063,38.94848733763071
