ROC_AUC_score,prediction_threshold,TN,FP,FN,TP,sensitivity,specificity,BA,Accuracy,precision,ROC_ACU_score_discretized,MCC,f1_score,cohen_kappa,PPV_score,NPV_score,FPR_score,FDR_score,PLR_score,NLR_score,DOR_score
0.9265482886356143,0.4272641020942021,15486,2918,0.12305295950155763,563,0.8769470404984424,0.841447511410563,0.8591972759545027,0.8426441247506038,0.16173513358230393,0.8591972759545026,0.33547493876431295,0.27310211011399466,0.2292312626964611,0.16173513358230393,0.9949245101188564,0.15855248858943707,0.838264866417696,5.530957276673522,0.1462396142752593,37.82119710916965
