ROC_AUC_score,prediction_threshold,TN,FP,FN,TP,sensitivity,specificity,BA,Accuracy,precision,ROC_ACU_score_discretized,MCC,f1_score,cohen_kappa,PPV_score,NPV_score,FPR_score,FDR_score,PLR_score,NLR_score,DOR_score
0.9207247442339689,0.5452319062590378,13133,1590,0.17543859649122806,423,0.8245614035087719,0.8920057053589622,0.8582835544338671,0.8897348385402993,0.21013412816691504,0.8582835544338671,0.38170409742386635,0.33491686460807596,0.29720156049299085,0.21013412816691504,0.9931936776828254,0.10799429464103784,0.789865871833085,7.635231159660157,0.1966787829239588,38.820817610062896
