ROC_AUC_score,prediction_threshold,TN,FP,FN,TP,sensitivity,specificity,BA,Accuracy,precision,ROC_ACU_score_discretized,MCC,f1_score,cohen_kappa,PPV_score,NPV_score,FPR_score,FDR_score,PLR_score,NLR_score,DOR_score
0.9297897450168291,0.5452319062590378,16409,1995,0.1588785046728972,540,0.8411214953271028,0.891599652249511,0.8663605737883069,0.8898981413420141,0.21301775147928995,0.8663605737883069,0.389302042241351,0.33994334277620397,0.3024186766239446,0.21301775147928995,0.9938223002846587,0.10840034775048903,0.7869822485207101,7.759398496240602,0.17819489304649888,43.54444935869085
