ROC_AUC_score,prediction_threshold,TN,FP,FN,TP,sensitivity,specificity,BA,Accuracy,precision,ROC_ACU_score_discretized,MCC,f1_score,cohen_kappa,PPV_score,NPV_score,FPR_score,FDR_score,PLR_score,NLR_score,DOR_score
0.9316146025519472,0.4735660057175703,12613,2110,0.12280701754385964,450,0.8771929824561403,0.856686816545541,0.8669398995008406,0.8573772643738514,0.17578125,0.8669398995008407,0.35405495280614924,0.292873413602343,0.25084679551830813,0.17578125,0.9950299779110129,0.143313183454459,0.82421875,6.120811507441591,0.14335112338842831,42.698036560595796
