ROC_AUC_score,prediction_threshold,TN,FP,FN,TP,sensitivity,specificity,BA,Accuracy,precision,ROC_ACU_score_discretized,MCC,f1_score,cohen_kappa,PPV_score,NPV_score,FPR_score,FDR_score,PLR_score,NLR_score,DOR_score
0.9302783459643407,0.4735660057175703,15841,2563,0.1261682242990654,561,0.8738317757009346,0.8607367963486199,0.8672842860247773,0.8611782001470125,0.1795774647887324,0.8672842860247773,0.3580153498830426,0.2979288369622942,0.2563410548936573,0.1795774647887324,0.9949126994096219,0.13926320365138015,0.8204225352112676,6.274678111587984,0.1465816551985354,42.806707995549225
