ROC_AUC_score,prediction_threshold,TN,FP,FN,TP,sensitivity,specificity,BA,Accuracy,precision,ROC_ACU_score_discretized,MCC,f1_score,cohen_kappa,PPV_score,NPV_score,FPR_score,FDR_score,PLR_score,NLR_score,DOR_score
0.942947734373252,0.5327452923872513,13030,1693,0.12475633528265107,449,0.8752436647173489,0.8850098485363037,0.8801267566268263,0.884681018640063,0.2096171802054155,0.8801267566268264,0.3945203164670183,0.3382297551789078,0.30021094849234664,0.2096171802054155,0.995112265159615,0.11499015146369626,0.7903828197945845,7.611466317562625,0.14096604177793337,53.99503470171292
