ROC_AUC_score,prediction_threshold,TN,FP,FN,TP,sensitivity,specificity,BA,Accuracy,precision,ROC_ACU_score_discretized,MCC,f1_score,cohen_kappa,PPV_score,NPV_score,FPR_score,FDR_score,PLR_score,NLR_score,DOR_score
0.9315884194212148,0.5327452923872513,16297,2107,0.1526479750778816,544,0.8473520249221184,0.8855140186915887,0.8664330218068536,0.8842276593510449,0.2052055827989438,0.8664330218068537,0.3821093384713381,0.330397813543881,0.2919713822874688,0.2052055827989438,0.9940225678560537,0.11448598130841121,0.7947944172010563,7.401360544217685,0.17238346525945472,42.93544356518116
