ROC_AUC_score,prediction_threshold,TN,FP,FN,TP,sensitivity,specificity,BA,Accuracy,precision,ROC_ACU_score_discretized,MCC,f1_score,cohen_kappa,PPV_score,NPV_score,FPR_score,FDR_score,PLR_score,NLR_score,DOR_score
0.9204412769189684,0.5663574068227336,13211,1512,0.1793372319688109,421,0.8206627680311891,0.8973035386809753,0.8589831533560822,0.8947230244158572,0.21779617175375066,0.8589831533560822,0.38910801785536775,0.3442354865085855,0.30737599520326464,0.21779617175375066,0.9930842667067579,0.10269646131902466,0.7822038282462493,7.991149427065606,0.19986239242122497,39.983257131354954
