ROC_AUC_score,prediction_threshold,TN,FP,FN,TP,sensitivity,specificity,BA,Accuracy,precision,ROC_ACU_score_discretized,MCC,f1_score,cohen_kappa,PPV_score,NPV_score,FPR_score,FDR_score,PLR_score,NLR_score,DOR_score
0.9188812136902665,0.47304075461121603,12659,2064,0.14619883040935672,438,0.8538011695906432,0.8598111797867283,0.8568061746886857,0.8596088212129168,0.1750599520383693,0.8568061746886857,0.3474506434132757,0.29054726368159206,0.24855455983247954,0.1750599520383693,0.9941102560075389,0.14018882021327175,0.8249400479616307,6.090365610408451,0.17003597283489688,35.8181007751938
