ROC_AUC_score,prediction_threshold,TN,FP,FN,TP,sensitivity,specificity,BA,Accuracy,precision,ROC_ACU_score_discretized,MCC,f1_score,cohen_kappa,PPV_score,NPV_score,FPR_score,FDR_score,PLR_score,NLR_score,DOR_score
0.927658876134878,0.47304075461121603,15814,2590,0.13551401869158877,555,0.8644859813084113,0.8592697239730493,0.8618778526407302,0.8594455528719941,0.17647058823529413,0.8618778526407302,0.35179777056493866,0.29310800105624507,0.2511841042451748,0.17647058823529413,0.9945286459971071,0.14073027602695065,0.8235294117647058,6.142857142857143,0.157708359681295,38.95073891625617
