ROC_AUC_score,prediction_threshold,TN,FP,FN,TP,sensitivity,specificity,BA,Accuracy,precision,ROC_ACU_score_discretized,MCC,f1_score,cohen_kappa,PPV_score,NPV_score,FPR_score,FDR_score,PLR_score,NLR_score,DOR_score
0.9275200158243873,0.5749250789317465,13174,1549,0.17153996101364521,425,0.8284600389863548,0.8947904639000204,0.8616252514431876,0.8925571016014702,0.21529888551165147,0.8616252514431876,0.3884789551054356,0.3417772416566144,0.3046085651589914,0.21529888551165147,0.9933645000754034,0.10520953609997963,0.7847011144883486,7.874381635891608,0.19170964369241678,41.074520218322675
