ROC_AUC_score,prediction_threshold,TN,FP,FN,TP,sensitivity,specificity,BA,Accuracy,precision,ROC_ACU_score_discretized,MCC,f1_score,cohen_kappa,PPV_score,NPV_score,FPR_score,FDR_score,PLR_score,NLR_score,DOR_score
0.9263293365047962,0.5749250789317465,16537,1867,0.1588785046728972,540,0.8411214953271028,0.8985546620299935,0.8698380786785481,0.8966187125905702,0.22434565849605317,0.8698380786785481,0.4017571275039479,0.3542144965562479,0.3179134279675695,0.22434565849605317,0.9938698239076867,0.10144533797000652,0.7756543415039469,8.291376539903586,0.17681562556691058,46.89278175115786
