ROC_AUC_score,prediction_threshold,TN,FP,FN,TP,sensitivity,specificity,BA,Accuracy,precision,ROC_ACU_score_discretized,MCC,f1_score,cohen_kappa,PPV_score,NPV_score,FPR_score,FDR_score,PLR_score,NLR_score,DOR_score
0.9264152744528954,0.5671798148669774,13194,1529,0.17738791423001948,422,0.8226120857699805,0.8961488827005366,0.8593804842352586,0.8936728800210029,0.21629933367503845,0.8593804842352585,0.38800016449734626,0.3425324675324675,0.30550157066259676,0.21629933367503845,0.9931501693639443,0.10385111729946342,0.7837006663249616,7.921071117587591,0.19794469161805195,40.016587728817946
