ROC_AUC_score,prediction_threshold,TN,FP,FN,TP,sensitivity,specificity,BA,Accuracy,precision,ROC_ACU_score_discretized,MCC,f1_score,cohen_kappa,PPV_score,NPV_score,FPR_score,FDR_score,PLR_score,NLR_score,DOR_score
0.924071514319317,0.5671798148669774,16518,1886,0.1853582554517134,523,0.8146417445482866,0.8975222777657031,0.8560820111569949,0.8947285519269138,0.21710253217102532,0.8560820111569948,0.3866764723532901,0.34283841363487383,0.3058910477079565,0.21710253217102532,0.9928472681372844,0.1024777222342969,0.7828974678289746,7.949452103216688,0.20652217782620974,38.49200210306819
