ROC_AUC_score,prediction_threshold,TN,FP,FN,TP,sensitivity,specificity,BA,Accuracy,precision,ROC_ACU_score_discretized,MCC,f1_score,cohen_kappa,PPV_score,NPV_score,FPR_score,FDR_score,PLR_score,NLR_score,DOR_score
0.9399356459023217,0.5152771271207273,12937,1786,0.12475633528265107,449,0.8752436647173489,0.8786932011139034,0.8769684329156262,0.8785770543449725,0.20089485458612977,0.8769684329156262,0.38438344570916794,0.326783114992722,0.28777505268548265,0.20089485458612977,0.9950773017460195,0.12130679888609658,0.7991051454138702,7.215124566424145,0.14197940205352647,50.81810785274354
