ROC_AUC_score,prediction_threshold,TN,FP,FN,TP,sensitivity,specificity,BA,Accuracy,precision,ROC_ACU_score_discretized,MCC,f1_score,cohen_kappa,PPV_score,NPV_score,FPR_score,FDR_score,PLR_score,NLR_score,DOR_score
0.9293865413248238,0.5152771271207273,16259,2145,0.15109034267912771,545,0.8489096573208723,0.883449250163008,0.8661794537419402,0.8822849942245091,0.20260223048327136,0.8661794537419402,0.3795184586364417,0.32713085234093636,0.2884011868420301,0.20260223048327136,0.9940694546343849,0.11655074983699196,0.7973977695167286,7.283605283605282,0.17102322816081347,42.58839785643909
