ROC_AUC_score,prediction_threshold,TN,FP,FN,TP,sensitivity,specificity,BA,Accuracy,precision,ROC_ACU_score_discretized,MCC,f1_score,cohen_kappa,PPV_score,NPV_score,FPR_score,FDR_score,PLR_score,NLR_score,DOR_score
0.9270734323337304,0.46249726013203063,12554,2169,0.13840155945419103,442,0.8615984405458089,0.8526794810840183,0.8571389608149136,0.852979784720399,0.16928379931060897,0.8571389608149136,0.3419045934692067,0.28297055057618437,0.2402076495282176,0.16928379931060897,0.9943762376237624,0.1473205189159818,0.830716200689391,5.848461890343914,0.16231369761383266,36.031844362625726
