ROC_AUC_score,prediction_threshold,TN,FP,FN,TP,sensitivity,specificity,BA,Accuracy,precision,ROC_ACU_score_discretized,MCC,f1_score,cohen_kappa,PPV_score,NPV_score,FPR_score,FDR_score,PLR_score,NLR_score,DOR_score
0.9179770575510144,0.5054730075306635,12808,1915,0.14619883040935672,438,0.8538011695906432,0.8699313998505739,0.8618662847206086,0.8693882908899974,0.18614534636634084,0.8618662847206086,0.36125634929749695,0.30565247732030704,0.2650175876689044,0.18614534636634084,0.9941783746021889,0.13006860014942606,0.8138546536336592,6.5642373994167285,0.16805788414404746,39.05938381201041
