ROC_AUC_score,prediction_threshold,TN,FP,FN,TP,sensitivity,specificity,BA,Accuracy,precision,ROC_ACU_score_discretized,MCC,f1_score,cohen_kappa,PPV_score,NPV_score,FPR_score,FDR_score,PLR_score,NLR_score,DOR_score
0.9241211107432288,0.5054730075306635,15961,2443,0.16355140186915887,537,0.8364485981308412,0.8672571180178222,0.8518528580743316,0.8662186285834296,0.1802013422818792,0.8518528580743318,0.3495849212084535,0.2965212589729432,0.25521055708458407,0.1802013422818792,0.993464459106187,0.1327428819821778,0.8197986577181208,6.301268931641426,0.1885846751456675,33.41347289632187
