{"performances": [0.9201736247233265, 0.9204343868087732, 0.9205034494058923, 0.9206028115247871, 0.9208493548402386, 0.9205575315131954, 0.9209998368226872, 0.9205773362285458, 0.920665780363337, 0.9204594389273361], "mean": 0.9205823551158119, "std": 0.00021538085327273173}