ROC_AUC_score,prediction_threshold,TN,FP,FN,TP,sensitivity,specificity,BA,Accuracy,precision,ROC_ACU_score_discretized,MCC,f1_score,cohen_kappa,PPV_score,NPV_score,FPR_score,FDR_score,PLR_score,NLR_score,DOR_score
0.9249138071704579,0.5321896701489608,16249,2155,0.16043613707165108,539,0.839563862928349,0.8829058900239078,0.8612348764761284,0.8814449228184396,0.20007423904974017,0.8612348764761283,0.37416146811784406,0.32314148681055155,0.28417040678207595,0.20007423904974017,0.9937010763209393,0.11709410997609215,0.7999257609502598,7.1699922660479505,0.18171374648696326,39.45762169711442
