ROC_AUC_score,prediction_threshold,TN,FP,FN,TP,sensitivity,specificity,BA,Accuracy,precision,ROC_ACU_score_discretized,MCC,f1_score,cohen_kappa,PPV_score,NPV_score,FPR_score,FDR_score,PLR_score,NLR_score,DOR_score
0.9369345465893294,0.5292293742749263,13063,1660,0.14814814814814814,437,0.8518518518518519,0.8872512395571555,0.8695515457045037,0.8860593331583093,0.2083929422985217,0.8695515457045035,0.3869737319759948,0.33486590038314173,0.29682065168699323,0.2083929422985217,0.9942156937362052,0.11274876044284453,0.7916070577014783,7.555310129406514,0.1669742926728305,45.248343373493974
