ROC_AUC_score,prediction_threshold,TN,FP,FN,TP,sensitivity,specificity,BA,Accuracy,precision,ROC_ACU_score_discretized,MCC,f1_score,cohen_kappa,PPV_score,NPV_score,FPR_score,FDR_score,PLR_score,NLR_score,DOR_score
0.9346283585919625,0.5292293742749263,16235,2169,0.14641744548286603,548,0.8535825545171339,0.8821451858291676,0.8678638701731507,0.8811824005040428,0.20169304379830696,0.8678638701731507,0.3796786213143599,0.32628758559094967,0.28743070026782325,0.20169304379830696,0.9942433706901831,0.11785481417083243,0.798306956201693,7.242661748885815,0.16597885227389386,43.63605151898609
