ROC_AUC_score,prediction_threshold,TN,FP,FN,TP,sensitivity,specificity,BA,Accuracy,precision,ROC_ACU_score_discretized,MCC,f1_score,cohen_kappa,PPV_score,NPV_score,FPR_score,FDR_score,PLR_score,NLR_score,DOR_score
0.9324759936548868,0.5103794576500021,12932,1791,0.13255360623781676,445,0.8674463937621832,0.8783535964137744,0.8728999950879788,0.8779863481228669,0.19901610017889088,0.8728999950879788,0.3801645668882804,0.3237540923972354,0.28456705882662003,0.19901610017889088,0.9947692307692307,0.12164640358622564,0.8009838998211091,7.130884006343177,0.1509114401979103,47.25211022432426
