ROC_AUC_score,prediction_threshold,TN,FP,FN,TP,sensitivity,specificity,BA,Accuracy,precision,ROC_ACU_score_discretized,MCC,f1_score,cohen_kappa,PPV_score,NPV_score,FPR_score,FDR_score,PLR_score,NLR_score,DOR_score
0.9361219218902028,0.5103794576500021,16123,2281,0.14797507788161993,547,0.8520249221183801,0.8760595522712454,0.8640422371948128,0.8752493961986769,0.1934229137199434,0.8640422371948127,0.3695447578616973,0.3152737752161383,0.27546580233123885,0.1934229137199434,0.9941423110124553,0.12394044772875462,0.8065770862800565,6.874470261581181,0.16890983894643258,40.69905166247494
