ROC_AUC_score,prediction_threshold,TN,FP,FN,TP,sensitivity,specificity,BA,Accuracy,precision,ROC_ACU_score_discretized,MCC,f1_score,cohen_kappa,PPV_score,NPV_score,FPR_score,FDR_score,PLR_score,NLR_score,DOR_score
0.9295200425690849,0.4340497308698973,12468,2255,0.11500974658869395,454,0.884990253411306,0.8468382802417985,0.8659142668265523,0.8481228668941979,0.16758951642672573,0.8659142668265523,0.3452535364631392,0.281812538795779,0.23870924889958012,0.16758951642672573,0.9952901732258322,0.15316171975820145,0.8324104835732743,5.778142572494304,0.1358107554559947,42.545544740501306
