ROC_AUC_score,prediction_threshold,TN,FP,FN,TP,sensitivity,specificity,BA,Accuracy,precision,ROC_ACU_score_discretized,MCC,f1_score,cohen_kappa,PPV_score,NPV_score,FPR_score,FDR_score,PLR_score,NLR_score,DOR_score
0.9270970654489984,0.4340497308698973,15616,2788,0.11370716510903427,569,0.8862928348909658,0.8485111932188655,0.8674020140549157,0.8497847317021947,0.16949657432231158,0.8674020140549157,0.3480341439691221,0.28457114278569645,0.24165423252295481,0.16949657432231158,0.9953470584485945,0.15148880678113455,0.8305034256776884,5.850549976087997,0.13400785519125677,43.658261433541036
