ROC_AUC_score,prediction_threshold,TN,FP,FN,TP,sensitivity,specificity,BA,Accuracy,precision,ROC_ACU_score_discretized,MCC,f1_score,cohen_kappa,PPV_score,NPV_score,FPR_score,FDR_score,PLR_score,NLR_score,DOR_score
0.9191462774757082,0.5390161641571302,13019,1704,0.17153996101364521,425,0.8284600389863548,0.8842627181960199,0.8563613785911873,0.8823838277763193,0.19962423673085955,0.8563613785911873,0.3707985132840646,0.32172596517789553,0.28280756826825537,0.19962423673085955,0.9932860303654536,0.11573728180398017,0.8003757632691404,7.158108658448419,0.19399207665749277,36.89897433845499
