ROC_AUC_score,prediction_threshold,TN,FP,FN,TP,sensitivity,specificity,BA,Accuracy,precision,ROC_ACU_score_discretized,MCC,f1_score,cohen_kappa,PPV_score,NPV_score,FPR_score,FDR_score,PLR_score,NLR_score,DOR_score
0.9257426429714252,0.5390161641571302,16232,2172,0.16355140186915887,537,0.8364485981308412,0.8819821777874375,0.8592153879591393,0.880447338023732,0.1982281284606866,0.8592153879591393,0.37120848744216106,0.3205013428827216,0.28133411351667637,0.1982281284606866,0.9935728713962172,0.11801782221256249,0.8017718715393134,7.0874769797421715,0.18543617545588956,38.220573533280714
