ROC_AUC_score,prediction_threshold,TN,FP,FN,TP,sensitivity,specificity,BA,Accuracy,precision,ROC_ACU_score_discretized,MCC,f1_score,cohen_kappa,PPV_score,NPV_score,FPR_score,FDR_score,PLR_score,NLR_score,DOR_score
0.9308274875647087,0.5445844184010883,13072,1651,0.15204678362573099,435,0.847953216374269,0.8878625280173877,0.8679078721958284,0.886518771331058,0.20853307766059445,0.8679078721958284,0.38610540959132866,0.33474413235859946,0.29673356874641466,0.20853307766059445,0.9940684410646388,0.11213747198261224,0.7914669223394055,7.561729378969328,0.17125036683917055,44.1559893770675
