ROC_AUC_score,prediction_threshold,TN,FP,FN,TP,sensitivity,specificity,BA,Accuracy,precision,ROC_ACU_score_discretized,MCC,f1_score,cohen_kappa,PPV_score,NPV_score,FPR_score,FDR_score,PLR_score,NLR_score,DOR_score
0.9242416317460447,0.5445844184010883,16360,2044,0.17289719626168223,531,0.8271028037383178,0.8889371875679201,0.8580199956531189,0.886852882495012,0.2062135922330097,0.8580199956531189,0.37793081555017594,0.3301212309605222,0.2919114090887276,0.2062135922330097,0.9932608827636452,0.11106281243207998,0.7937864077669903,7.447162426614485,0.1944987775061124,38.288993494472976
