ROC_AUC_score,prediction_threshold,TN,FP,FN,TP,sensitivity,specificity,BA,Accuracy,precision,ROC_ACU_score_discretized,MCC,f1_score,cohen_kappa,PPV_score,NPV_score,FPR_score,FDR_score,PLR_score,NLR_score,DOR_score
0.9258046479901294,0.5239872307902417,12941,1782,0.13255360623781676,445,0.8674463937621832,0.8789648848740067,0.8732056393180949,0.8785770543449725,0.19982038616973508,0.873205639318095,0.38111230090254056,0.32481751824817523,0.2857232998708774,0.19982038616973508,0.9947728495656853,0.12103511512599334,0.8001796138302649,7.166898572031778,0.15080648671967978,47.5238083448868
