ROC_AUC_score,prediction_threshold,TN,FP,FN,TP,sensitivity,specificity,BA,Accuracy,precision,ROC_ACU_score_discretized,MCC,f1_score,cohen_kappa,PPV_score,NPV_score,FPR_score,FDR_score,PLR_score,NLR_score,DOR_score
0.9225038102918166,0.5239872307902417,16094,2310,0.1526479750778816,544,0.8473520249221184,0.8744838078678548,0.8609179163949866,0.8735692533865379,0.19060967063770148,0.8609179163949867,0.3649932488287603,0.3112128146453089,0.27109720427181816,0.19060967063770148,0.993947628458498,0.12551619213214518,0.8093903293622985,6.750937950937953,0.17455780622178038,38.674511882675155
