ROC_AUC_score,prediction_threshold,TN,FP,FN,TP,sensitivity,specificity,BA,Accuracy,precision,ROC_ACU_score_discretized,MCC,f1_score,cohen_kappa,PPV_score,NPV_score,FPR_score,FDR_score,PLR_score,NLR_score,DOR_score
0.9239142480258243,0.5253354569086794,12993,1730,0.1617933723196881,430,0.8382066276803118,0.8824967737553487,0.8603517007178303,0.881005513258073,0.19907407407407407,0.8603517007178303,0.3726911489715602,0.3217358772914328,0.28270303446916234,0.19907407407407407,0.9936524931171612,0.11750322624465123,0.8009259259259259,7.133477560310536,0.18333593632438766,38.90932516191933
