ROC_AUC_score,prediction_threshold,TN,FP,FN,TP,sensitivity,specificity,BA,Accuracy,precision,ROC_ACU_score_discretized,MCC,f1_score,cohen_kappa,PPV_score,NPV_score,FPR_score,FDR_score,PLR_score,NLR_score,DOR_score
0.9224429573416588,0.5253354569086794,16194,2210,0.16822429906542055,534,0.8317757009345794,0.8799174092588568,0.855846555096718,0.8782946550456788,0.1946064139941691,0.8558465550967181,0.3657664691120116,0.3154164205552274,0.27585383832356336,0.1946064139941691,0.993375046006625,0.12008259074114323,0.8053935860058309,6.926696832579184,0.19118191922934422,36.23092006033181
