ROC_AUC_score,prediction_threshold,TN,FP,FN,TP,sensitivity,specificity,BA,Accuracy,precision,ROC_ACU_score_discretized,MCC,f1_score,cohen_kappa,PPV_score,NPV_score,FPR_score,FDR_score,PLR_score,NLR_score,DOR_score
0.9279693797044022,0.5521567172504198,13170,1553,0.15594541910331383,433,0.8440545808966862,0.8945187801399171,0.8692866805183017,0.8928196377001838,0.21802618328298087,0.8692866805183017,0.39568803383752305,0.3465386154461785,0.30959015379915966,0.21802618328298087,0.9939622641509434,0.10548121986008287,0.7819738167170192,8.001941786569164,0.1743344271418443,45.89995170637477
