ROC_AUC_score,prediction_threshold,TN,FP,FN,TP,sensitivity,specificity,BA,Accuracy,precision,ROC_ACU_score_discretized,MCC,f1_score,cohen_kappa,PPV_score,NPV_score,FPR_score,FDR_score,PLR_score,NLR_score,DOR_score
0.9263033533953408,0.5521567172504198,16391,2013,0.16510903426791276,536,0.8348909657320872,0.8906216039991306,0.862756284865609,0.8887430431586685,0.2102785406041585,0.862756284865609,0.38457510077811663,0.3359448448762144,0.2981485271952513,0.2102785406041585,0.9935745893192701,0.10937839600086938,0.7897214593958415,7.633051829773139,0.18538628922376105,41.17376674258825
