ROC_AUC_score,prediction_threshold,TN,FP,FN,TP,sensitivity,specificity,BA,Accuracy,precision,ROC_ACU_score_discretized,MCC,f1_score,cohen_kappa,PPV_score,NPV_score,FPR_score,FDR_score,PLR_score,NLR_score,DOR_score
0.930082872814796,0.577094729296751,13254,1469,0.1617933723196881,430,0.8382066276803118,0.9002241391020852,0.8692153833911985,0.8981359936991337,0.22643496577145866,0.8692153833911984,0.40325063872408223,0.35655058043117743,0.32052617783159254,0.22643496577145866,0.9937767114043639,0.09977586089791483,0.7735650342285414,8.400895969596485,0.17972565419215095,46.74288713738549
