ROC_AUC_score,prediction_threshold,TN,FP,FN,TP,sensitivity,specificity,BA,Accuracy,precision,ROC_ACU_score_discretized,MCC,f1_score,cohen_kappa,PPV_score,NPV_score,FPR_score,FDR_score,PLR_score,NLR_score,DOR_score
0.9250315352005963,0.577094729296751,16510,1894,0.20404984423676012,511,0.7959501557632399,0.8970875896544229,0.8465188727088314,0.8936784626693269,0.21247401247401249,0.8465188727088315,0.3765592013761961,0.33541188053823434,0.29806078215249676,0.21247401247401249,0.9921278769304729,0.10291241034557705,0.7875259875259876,7.734248504047868,0.22745810619826365,34.002958317547574
