ROC_AUC_score,prediction_threshold,TN,FP,FN,TP,sensitivity,specificity,BA,Accuracy,precision,ROC_ACU_score_discretized,MCC,f1_score,cohen_kappa,PPV_score,NPV_score,FPR_score,FDR_score,PLR_score,NLR_score,DOR_score
0.9291466759981829,0.5862977669615652,13252,1471,0.16374269005847952,429,0.8362573099415205,0.9000882972220335,0.8681728035817771,0.8979390916250984,0.22578947368421054,0.8681728035817771,0.4020211902076207,0.35557397430584337,0.31949062974686715,0.22578947368421054,0.9937012597480503,0.09991170277796645,0.7742105263157895,8.369963544710403,0.18191847462503727,46.0094202194814
