ROC_AUC_score,prediction_threshold,TN,FP,FN,TP,sensitivity,specificity,BA,Accuracy,precision,ROC_ACU_score_discretized,MCC,f1_score,cohen_kappa,PPV_score,NPV_score,FPR_score,FDR_score,PLR_score,NLR_score,DOR_score
0.9287881680875281,0.5862977669615652,16581,1823,0.16355140186915887,537,0.8364485981308412,0.9009454466420344,0.8686970223864378,0.8987713955686233,0.22754237288135593,0.8686970223864378,0.40391606906133115,0.35776149233844107,0.3218190010196903,0.22754237288135593,0.9937072995325422,0.09905455335796566,0.7724576271186441,8.444322545255076,0.18153308003136115,46.51671499098819
