ROC_AUC_score,prediction_threshold,TN,FP,FN,TP,sensitivity,specificity,BA,Accuracy,precision,ROC_ACU_score_discretized,MCC,f1_score,cohen_kappa,PPV_score,NPV_score,FPR_score,FDR_score,PLR_score,NLR_score,DOR_score
0.9315244384970591,0.5490486905726676,13092,1631,0.14619883040935672,438,0.8538011695906432,0.889220946817904,0.8715110582042735,0.8880283538986611,0.21169647172547124,0.8715110582042735,0.3912324924439357,0.3392718822618125,0.3015846333774338,0.21169647172547124,0.9943039416723627,0.11077905318209604,0.7883035282745288,7.707243789014741,0.164412265514586,46.87754751686081
