ROC_AUC_score,prediction_threshold,TN,FP,FN,TP,sensitivity,specificity,BA,Accuracy,precision,ROC_ACU_score_discretized,MCC,f1_score,cohen_kappa,PPV_score,NPV_score,FPR_score,FDR_score,PLR_score,NLR_score,DOR_score
0.92930952298735,0.5490486905726676,16305,2099,0.17445482866043613,530,0.8255451713395638,0.885948706802869,0.8557469390712165,0.8839126325737687,0.201597565614302,0.8557469390712164,0.3722653391536471,0.3240599205136044,0.2853365777479163,0.201597565614302,0.9931778034963757,0.11405129319713106,0.798402434385698,7.2383674765761485,0.19691301236839417,36.759213571088274
