{"performances": [0.9255434109204216, 0.9240291965514743, 0.9255093874350762, 0.9256212756132521, 0.9250315352005963, 0.9256305008866419, 0.9255235215695355, 0.9253724471383373, 0.9254809498950858, 0.9253781177192281], "mean": 0.925312034292965, "std": 0.00045772951222438236}