ROC_AUC_score,prediction_threshold,TN,FP,FN,TP,sensitivity,specificity,BA,Accuracy,precision,ROC_ACU_score_discretized,MCC,f1_score,cohen_kappa,PPV_score,NPV_score,FPR_score,FDR_score,PLR_score,NLR_score,DOR_score
0.9233976252032496,0.5609047199408953,13147,1576,0.17348927875243664,424,0.8265107212475633,0.8929565985193235,0.8597336598834434,0.8907193489104752,0.212,0.8597336598834434,0.3843036713109586,0.33744528452049344,0.29992569834011795,0.212,0.9932759141734663,0.1070434014806765,0.788,7.7212673533806315,0.19428635057976157,39.74168710431756
