ROC_AUC_score,prediction_threshold,TN,FP,FN,TP,sensitivity,specificity,BA,Accuracy,precision,ROC_ACU_score_discretized,MCC,f1_score,cohen_kappa,PPV_score,NPV_score,FPR_score,FDR_score,PLR_score,NLR_score,DOR_score
0.9308998247028785,0.5609047199408953,16414,1990,0.16355140186915887,537,0.8364485981308412,0.8918713323190611,0.8641599652249512,0.8900031502677728,0.21250494657696875,0.8641599652249511,0.3874818132234073,0.33890817292521297,0.30135005002266946,0.21250494657696875,0.9936436830316605,0.10812866768093893,0.7874950534230313,7.735678391959803,0.18338004142804917,42.18386216798281
