ROC_AUC_score,prediction_threshold,TN,FP,FN,TP,sensitivity,specificity,BA,Accuracy,precision,ROC_ACU_score_discretized,MCC,f1_score,cohen_kappa,PPV_score,NPV_score,FPR_score,FDR_score,PLR_score,NLR_score,DOR_score
0.9280381279702842,0.4695603663977626,15989,2415,0.14330218068535824,550,0.8566978193146417,0.8687785264073028,0.8627381728609722,0.8683713115614827,0.18549747048903878,0.8627381728609723,0.36114200785004397,0.30496257277515937,0.26418628579343273,0.18549747048903878,0.9942789627510727,0.13122147359269723,0.8145025295109612,6.528640441683922,0.16494673421310485,39.580295256098665
