ROC_AUC_score,prediction_threshold,TN,FP,FN,TP,sensitivity,specificity,BA,Accuracy,precision,ROC_ACU_score_discretized,MCC,f1_score,cohen_kappa,PPV_score,NPV_score,FPR_score,FDR_score,PLR_score,NLR_score,DOR_score
0.9320622452385501,0.5373700380544355,13039,1684,0.14230019493177387,440,0.8576998050682261,0.885621136996536,0.871660471032381,0.884681018640063,0.2071563088512241,0.8716604710323811,0.38709849314682115,0.33371255214258627,0.2955003970197675,0.2071563088512241,0.9944325808419768,0.11437886300346396,0.7928436911487758,7.498761419251478,0.16067840861879804,46.669378192822016
