ROC_AUC_score,prediction_threshold,TN,FP,FN,TP,sensitivity,specificity,BA,Accuracy,precision,ROC_ACU_score_discretized,MCC,f1_score,cohen_kappa,PPV_score,NPV_score,FPR_score,FDR_score,PLR_score,NLR_score,DOR_score
0.9347867963147657,0.5373700380544355,16304,2100,0.1308411214953271,558,0.8691588785046729,0.8858943707889589,0.8775266246468159,0.885330253071511,0.20993227990970656,0.8775266246468159,0.3932427651324956,0.3381818181818182,0.3001814568391947,0.20993227990970656,0.9948742982670247,0.11410562921104107,0.7900677200902935,7.617142857142858,0.147693817468106,51.57387755102041
