ROC_AUC_score,prediction_threshold,TN,FP,FN,TP,sensitivity,specificity,BA,Accuracy,precision,ROC_ACU_score_discretized,MCC,f1_score,cohen_kappa,PPV_score,NPV_score,FPR_score,FDR_score,PLR_score,NLR_score,DOR_score
0.9293620899736644,0.4786462691350307,12693,2030,0.12280701754385964,450,0.8771929824561403,0.8621204917476057,0.8696567371018731,0.8626279863481229,0.1814516129032258,0.8696567371018731,0.3612454321916306,0.30070163715335785,0.25937604193598107,0.1814516129032258,0.9950611476952023,0.1378795082523942,0.8185483870967742,6.362025754040271,0.1424476261954027,44.662209711470766
