ROC_AUC_score,prediction_threshold,TN,FP,FN,TP,sensitivity,specificity,BA,Accuracy,precision,ROC_ACU_score_discretized,MCC,f1_score,cohen_kappa,PPV_score,NPV_score,FPR_score,FDR_score,PLR_score,NLR_score,DOR_score
0.9250348359864882,0.4786462691350307,15836,2568,0.14330218068535824,550,0.8566978193146417,0.8604651162790697,0.8585814677968557,0.860338128740943,0.1763951250801796,0.8585814677968557,0.3498023990400442,0.2925531914893617,0.2506615347606447,0.1763951250801796,0.9942240080361627,0.13953488372093023,0.8236048749198204,6.139667705088264,0.1665403721478488,36.86594202898549
