ROC_AUC_score,prediction_threshold,TN,FP,FN,TP,sensitivity,specificity,BA,Accuracy,precision,ROC_ACU_score_discretized,MCC,f1_score,cohen_kappa,PPV_score,NPV_score,FPR_score,FDR_score,PLR_score,NLR_score,DOR_score
0.9244122025198535,0.5170745961235204,13008,1715,0.15009746588693956,436,0.8499025341130604,0.8835155878557359,0.8667090609843981,0.8823838277763193,0.20269642026964202,0.8667090609843981,0.379928092010802,0.32732732732732733,0.28864910843890557,0.20269642026964202,0.9941153993121895,0.11648441214426408,0.7973035797303579,7.29627697361317,0.16988660749180598,42.9479232138124
