ROC_AUC_score,prediction_threshold,TN,FP,FN,TP,sensitivity,specificity,BA,Accuracy,precision,ROC_ACU_score_discretized,MCC,f1_score,cohen_kappa,PPV_score,NPV_score,FPR_score,FDR_score,PLR_score,NLR_score,DOR_score
0.9301788145743747,0.5170745961235204,16292,2112,0.14953271028037382,546,0.8504672897196262,0.8852423386220387,0.8678548141708324,0.8840701459624069,0.2054176072234763,0.8678548141708324,0.383168324690126,0.3309090909090909,0.292491143178087,0.2054176072234763,0.9941420551623139,0.11475766137796131,0.7945823927765236,7.41098484848485,0.1689172600049104,43.873461174242436
