ROC_AUC_score,prediction_threshold,TN,FP,FN,TP,sensitivity,specificity,BA,Accuracy,precision,ROC_ACU_score_discretized,MCC,f1_score,cohen_kappa,PPV_score,NPV_score,FPR_score,FDR_score,PLR_score,NLR_score,DOR_score
0.919782192241681,0.5758913100853834,13225,1498,0.18128654970760233,420,0.8187134502923976,0.8982544318413367,0.8584839410668672,0.8955762667366763,0.21897810218978103,0.8584839410668672,0.38986363972923216,0.34553681612505144,0.3088140896963768,0.21897810218978103,0.9930169695149422,0.10174556815866331,0.781021897810219,8.046674318194238,0.20182093545142002,39.870364787458534
