ROC_AUC_score,prediction_threshold,TN,FP,FN,TP,sensitivity,specificity,BA,Accuracy,precision,ROC_ACU_score_discretized,MCC,f1_score,cohen_kappa,PPV_score,NPV_score,FPR_score,FDR_score,PLR_score,NLR_score,DOR_score
0.9316842268476108,0.5758913100853834,16602,1802,0.16822429906542055,534,0.8317757009345794,0.9020865029341447,0.8669311019343621,0.8997164759004516,0.2285958904109589,0.8669311019343621,0.40375089956350396,0.35862995298858297,0.32281915020754814,0.2285958904109589,0.9935368043087971,0.09791349706585525,0.771404109589041,8.495005549389564,0.18648355619804846,45.55364409914907
