ROC_AUC_score,prediction_threshold,TN,FP,FN,TP,sensitivity,specificity,BA,Accuracy,precision,ROC_ACU_score_discretized,MCC,f1_score,cohen_kappa,PPV_score,NPV_score,FPR_score,FDR_score,PLR_score,NLR_score,DOR_score
0.9370823044237715,0.5451850814993644,13098,1625,0.1286549707602339,447,0.8713450292397661,0.8896284724580589,0.8804867508489125,0.889012864268837,0.21573359073359075,0.8804867508489123,0.4004400993612502,0.34584139264990327,0.3085175125126184,0.21573359073359075,0.9949863263445761,0.11037152754194118,0.7842664092664092,7.894654071075127,0.14461651660581187,54.59026573426576
