ROC_AUC_score,prediction_threshold,TN,FP,FN,TP,sensitivity,specificity,BA,Accuracy,precision,ROC_ACU_score_discretized,MCC,f1_score,cohen_kappa,PPV_score,NPV_score,FPR_score,FDR_score,PLR_score,NLR_score,DOR_score
0.929353956643585,0.5451850814993644,16365,2039,0.1573208722741433,541,0.8426791277258567,0.8892088676374701,0.8659439976816634,0.8876404494382022,0.20968992248062016,0.8659439976816633,0.385979591015715,0.33581626319056485,0.29791579118100264,0.20968992248062016,0.9938661484270618,0.11079113236252988,0.7903100775193799,7.6060160209252885,0.17692229351257763,42.990715697366696
