ROC_AUC_score,prediction_threshold,TN,FP,FN,TP,sensitivity,specificity,BA,Accuracy,precision,ROC_ACU_score_discretized,MCC,f1_score,cohen_kappa,PPV_score,NPV_score,FPR_score,FDR_score,PLR_score,NLR_score,DOR_score
0.9233767060833197,0.5716751121004974,13270,1453,0.18323586744639375,419,0.8167641325536062,0.9013108741424981,0.8590375033480522,0.8984641638225256,0.22382478632478633,0.8590375033480522,0.39455313078108506,0.35136268343815513,0.31516508553807476,0.22382478632478633,0.9929661777910805,0.09868912585750186,0.7761752136752137,8.276130986639188,0.2032992973936138,40.709097831339406
