ROC_AUC_score,prediction_threshold,TN,FP,FN,TP,sensitivity,specificity,BA,Accuracy,precision,ROC_ACU_score_discretized,MCC,f1_score,cohen_kappa,PPV_score,NPV_score,FPR_score,FDR_score,PLR_score,NLR_score,DOR_score
0.9246974787412461,0.5716751121004974,16459,1945,0.20249221183800623,512,0.7975077881619937,0.8943164529450119,0.8459121205535028,0.8910532395253596,0.20838420838420837,0.845912120553503,0.37248322591085914,0.33042917070022587,0.2926199587082342,0.20838420838420837,0.9921634818253059,0.10568354705498804,0.7916157916157917,7.54618680377035,0.22642120825485554,33.32809175400434
