ROC_AUC_score,prediction_threshold,TN,FP,FN,TP,sensitivity,specificity,BA,Accuracy,precision,ROC_ACU_score_discretized,MCC,f1_score,cohen_kappa,PPV_score,NPV_score,FPR_score,FDR_score,PLR_score,NLR_score,DOR_score
0.9288146180691678,0.5997078991125805,13312,1411,0.16764132553606237,427,0.8323586744639376,0.9041635536235821,0.8682611140437599,0.9017458650564453,0.2323177366702938,0.8682611140437599,0.4078964791662147,0.3632496809868141,0.32786409685045526,0.2323177366702938,0.993581131512166,0.09583644637641785,0.7676822633297062,8.685199691093233,0.18541039932898484,46.8431097852422
