ROC_AUC_score,prediction_threshold,TN,FP,FN,TP,sensitivity,specificity,BA,Accuracy,precision,ROC_ACU_score_discretized,MCC,f1_score,cohen_kappa,PPV_score,NPV_score,FPR_score,FDR_score,PLR_score,NLR_score,DOR_score
0.9309236919239419,0.5997078991125805,16661,1743,0.1822429906542056,525,0.8177570093457944,0.9052923277548359,0.8615246685503152,0.9023416990444187,0.23148148148148148,0.8615246685503153,0.4029024780073813,0.36082474226804123,0.3253783896129301,0.23148148148148148,0.9930265824293718,0.09470767224516409,0.7685185185185185,8.634538152610444,0.20130844487125618,42.892081145093215
