ROC_AUC_score,prediction_threshold,TN,FP,FN,TP,sensitivity,specificity,BA,Accuracy,precision,ROC_ACU_score_discretized,MCC,f1_score,cohen_kappa,PPV_score,NPV_score,FPR_score,FDR_score,PLR_score,NLR_score,DOR_score
0.9317050314058217,0.44801152106250175,12588,2135,0.10916179337231968,457,0.8908382066276803,0.8549887930448957,0.872913499836288,0.8561958519296403,0.17631172839506173,0.872913499836288,0.3580430084427514,0.29436392914653786,0.2523341268222271,0.17631172839506173,0.9955710218285353,0.14501120695510425,0.8236882716049383,6.143236963081656,0.1276762856546443,48.115724322515895
