ROC_AUC_score,prediction_threshold,TN,FP,FN,TP,sensitivity,specificity,BA,Accuracy,precision,ROC_ACU_score_discretized,MCC,f1_score,cohen_kappa,PPV_score,NPV_score,FPR_score,FDR_score,PLR_score,NLR_score,DOR_score
0.9307865823561313,0.44801152106250175,15766,2638,0.13395638629283488,556,0.8660436137071651,0.8566615953053685,0.8613526045062667,0.8569778431166649,0.17407639323731997,0.8613526045062668,0.34912047803951607,0.28988529718456724,0.24765392254220453,0.17407639323731997,0.9945748170577845,0.1433384046946316,0.8259236067626801,6.041950972959315,0.15637024821345513,38.63875028651023
