ROC_AUC_score,prediction_threshold,TN,FP,FN,TP,sensitivity,specificity,BA,Accuracy,precision,ROC_ACU_score_discretized,MCC,f1_score,cohen_kappa,PPV_score,NPV_score,FPR_score,FDR_score,PLR_score,NLR_score,DOR_score
0.9182860779682078,0.4727006893584122,12634,2089,0.15009746588693956,436,0.8499025341130604,0.858113156286083,0.8540078451995716,0.8578367025466002,0.17267326732673266,0.8540078451995717,0.343462376232512,0.28703094140882157,0.24476071416360534,0.17267326732673266,0.993942254739989,0.141886843713917,0.8273267326732673,5.9900023981553785,0.17491570288534208,34.24508091238582
