ROC_AUC_score,prediction_threshold,TN,FP,FN,TP,sensitivity,specificity,BA,Accuracy,precision,ROC_ACU_score_discretized,MCC,f1_score,cohen_kappa,PPV_score,NPV_score,FPR_score,FDR_score,PLR_score,NLR_score,DOR_score
0.9197384287988322,0.4727006893584122,15610,2794,0.14018691588785046,552,0.8598130841121495,0.8481851771354053,0.8539991306237774,0.8485771290559697,0.16497310221159595,0.8539991306237774,0.33577087538927664,0.27683049147442323,0.23347349308359422,0.16497310221159595,0.9942675159235669,0.15181482286459466,0.8350268977884041,5.663564781675016,0.16527866752082002,34.26676210928178
