ROC_AUC_score,prediction_threshold,TN,FP,FN,TP,sensitivity,specificity,BA,Accuracy,precision,ROC_ACU_score_discretized,MCC,f1_score,cohen_kappa,PPV_score,NPV_score,FPR_score,FDR_score,PLR_score,NLR_score,DOR_score
0.9282573486021723,0.5450701012702325,13155,1568,0.1539961013645224,434,0.8460038986354775,0.89349996603953,0.8697519323375038,0.8919007613546863,0.21678321678321677,0.8697519323375038,0.39483867410855367,0.34512922465208745,0.3080367769152015,0.21678321678321677,0.9940305274293486,0.10650003396047002,0.7832167832167832,7.9436960456697285,0.17235154696996308,46.0900768535262
