ROC_AUC_score,prediction_threshold,TN,FP,FN,TP,sensitivity,specificity,BA,Accuracy,precision,ROC_ACU_score_discretized,MCC,f1_score,cohen_kappa,PPV_score,NPV_score,FPR_score,FDR_score,PLR_score,NLR_score,DOR_score
0.9340074723021747,0.5450701012702325,16357,2047,0.1588785046728972,540,0.8411214953271028,0.88877417952619,0.8649478374266464,0.8871679092722882,0.20873598763046,0.8649478374266463,0.3844894958694436,0.33446887581294515,0.2964698612148209,0.20873598763046,0.9938027826720943,0.11122582047381004,0.79126401236954,7.562286272594041,0.17876138656232807,42.30380183338602
