ROC_AUC_score,prediction_threshold,TN,FP,FN,TP,sensitivity,specificity,BA,Accuracy,precision,ROC_ACU_score_discretized,MCC,f1_score,cohen_kappa,PPV_score,NPV_score,FPR_score,FDR_score,PLR_score,NLR_score,DOR_score
0.9260953972772574,0.5843658288261822,13313,1410,0.18323586744639375,419,0.8167641325536062,0.904231474563608,0.860497803558607,0.9012864268836965,0.2290869327501367,0.8604978035586072,0.4001444520432581,0.3578138343296328,0.32216657095432144,0.2290869327501367,0.9929887372268218,0.09576852543639204,0.7709130672498633,8.528523633749465,0.20264265578106025,42.08651727780293
