ROC_AUC_score,prediction_threshold,TN,FP,FN,TP,sensitivity,specificity,BA,Accuracy,precision,ROC_ACU_score_discretized,MCC,f1_score,cohen_kappa,PPV_score,NPV_score,FPR_score,FDR_score,PLR_score,NLR_score,DOR_score
0.93068205746956,0.5843658288261822,16654,1750,0.19470404984423675,517,0.8052959501557633,0.9049119756574657,0.8551039629066145,0.9015541321012286,0.22805469783855314,0.8551039629066144,0.3958223782684583,0.3554486077689928,0.3197077851927649,0.22805469783855314,0.9925502115739913,0.09508802434253423,0.7719453021614469,8.468952380952377,0.2151635242784516,39.360539428571414
