ROC_AUC_score,prediction_threshold,TN,FP,FN,TP,sensitivity,specificity,BA,Accuracy,precision,ROC_ACU_score_discretized,MCC,f1_score,cohen_kappa,PPV_score,NPV_score,FPR_score,FDR_score,PLR_score,NLR_score,DOR_score
0.9278424085903967,0.4749512590476937,12702,2021,0.13450292397660818,444,0.8654970760233918,0.862731780207838,0.8641144281156149,0.8628248884221581,0.18012170385395537,0.8641144281156149,0.35670057407940187,0.2981867024848892,0.25675824866553365,0.18012170385395537,0.9945971341320179,0.13726821979216192,0.8198782961460446,6.305152622608804,0.15590352304421376,40.44265645504805
