ROC_AUC_score,prediction_threshold,TN,FP,FN,TP,sensitivity,specificity,BA,Accuracy,precision,ROC_ACU_score_discretized,MCC,f1_score,cohen_kappa,PPV_score,NPV_score,FPR_score,FDR_score,PLR_score,NLR_score,DOR_score
0.9310911856490632,0.4749512590476937,15943,2461,0.1308411214953271,558,0.8691588785046729,0.8662790697674418,0.8677189741360574,0.8663761419720676,0.18482941371315004,0.8677189741360574,0.36342264667637736,0.3048347446052991,0.26391303641356445,0.18482941371315004,0.9947588444499906,0.13372093023255813,0.8151705862868499,6.499796830556684,0.1510380731355454,43.03416149068322
