ROC_AUC_score,prediction_threshold,TN,FP,FN,TP,sensitivity,specificity,BA,Accuracy,precision,ROC_ACU_score_discretized,MCC,f1_score,cohen_kappa,PPV_score,NPV_score,FPR_score,FDR_score,PLR_score,NLR_score,DOR_score
0.9265035849148782,0.4617628972711451,12678,2045,0.12280701754385964,450,0.8771929824561403,0.8611016776472187,0.8691473300516794,0.861643475977947,0.18036072144288579,0.8691473300516795,0.35987322270736977,0.29920212765957444,0.25774267068712575,0.18036072144288579,0.9950553331763597,0.13889832235278135,0.8196392785571143,6.315360528460517,0.14261616337736602,44.28222144603562
