ROC_AUC_score,prediction_threshold,TN,FP,FN,TP,sensitivity,specificity,BA,Accuracy,precision,ROC_ACU_score_discretized,MCC,f1_score,cohen_kappa,PPV_score,NPV_score,FPR_score,FDR_score,PLR_score,NLR_score,DOR_score
0.9273145787757097,0.4617628972711451,15862,2542,0.13551401869158877,555,0.8644859813084113,0.8618778526407302,0.8631819169745707,0.8619657670902027,0.17920568291895383,0.8631819169745707,0.3552552518201696,0.29687082107515383,0.25528583113985526,0.17920568291895383,0.9945451125462411,0.13812214735926973,0.8207943170810462,6.2588512981904,0.1572311183961669,39.80669578664641
