ROC_AUC_score,prediction_threshold,TN,FP,FN,TP,sensitivity,specificity,BA,Accuracy,precision,ROC_ACU_score_discretized,MCC,f1_score,cohen_kappa,PPV_score,NPV_score,FPR_score,FDR_score,PLR_score,NLR_score,DOR_score
0.9327229187097563,0.4693277847533076,12545,2178,0.1111111111111111,456,0.8888888888888888,0.8520681926237859,0.8704785407563373,0.8533079548437911,0.17312072892938496,0.8704785407563373,0.35344534701378166,0.28979980934223065,0.24737974461295442,0.17312072892938496,0.9954769084272338,0.1479318073762141,0.826879271070615,6.008774614835218,0.1304016651166911,46.07897153351694
