ROC_AUC_score,prediction_threshold,TN,FP,FN,TP,sensitivity,specificity,BA,Accuracy,precision,ROC_ACU_score_discretized,MCC,f1_score,cohen_kappa,PPV_score,NPV_score,FPR_score,FDR_score,PLR_score,NLR_score,DOR_score
0.9287531289757542,0.4693277847533076,15609,2795,0.1261682242990654,561,0.8738317757009346,0.8481308411214953,0.860981308411215,0.8489971647590046,0.16716328963051252,0.860981308411215,0.3419919542235228,0.2806403201600801,0.23748979701268436,0.16716328963051252,0.9948374760994264,0.15186915887850466,0.8328367103694875,5.753846153846152,0.14876033057851235,38.67863247863248
