ROC_AUC_score,prediction_threshold,TN,FP,FN,TP,sensitivity,specificity,BA,Accuracy,precision,ROC_ACU_score_discretized,MCC,f1_score,cohen_kappa,PPV_score,NPV_score,FPR_score,FDR_score,PLR_score,NLR_score,DOR_score
0.9303033179710202,0.4983161460573613,12686,2037,0.1286549707602339,447,0.8713450292397661,0.8616450451674251,0.8664950372035956,0.8619716461013389,0.17995169082125603,0.8664950372035956,0.35792331130333793,0.29829829829829824,0.2568185506103998,0.17995169082125603,0.9948243412797992,0.13835495483257487,0.8200483091787439,6.2978953684325365,0.14931319048580513,42.17909581827108
