ROC_AUC_score,prediction_threshold,TN,FP,FN,TP,sensitivity,specificity,BA,Accuracy,precision,ROC_ACU_score_discretized,MCC,f1_score,cohen_kappa,PPV_score,NPV_score,FPR_score,FDR_score,PLR_score,NLR_score,DOR_score
0.9281518781302454,0.4983161460573613,15884,2520,0.13862928348909656,553,0.8613707165109035,0.8630732449467508,0.8622219807288272,0.8630158563477895,0.17995444191343962,0.8622219807288269,0.35542984905561287,0.2977119784656797,0.2562356460824414,0.17995444191343962,0.9944280974143868,0.1369267550532493,0.8200455580865603,6.290740740740743,0.1606228489884999,39.1646691635456
