ROC_AUC_score,prediction_threshold,TN,FP,FN,TP,sensitivity,specificity,BA,Accuracy,precision,ROC_ACU_score_discretized,MCC,f1_score,cohen_kappa,PPV_score,NPV_score,FPR_score,FDR_score,PLR_score,NLR_score,DOR_score
0.9336053613321189,0.5167473126194566,13031,1692,0.14230019493177387,440,0.8576998050682261,0.8850777694763295,0.8713887872722779,0.8841559464426358,0.20637898686679174,0.8713887872722778,0.3862069452599306,0.33270321361058597,0.2944036107673563,0.20637898686679174,0.994429181929182,0.11492223052367045,0.7936210131332082,7.46330628251743,0.1607770524119797,46.42022086207453
