ROC_AUC_score,prediction_threshold,TN,FP,FN,TP,sensitivity,specificity,BA,Accuracy,precision,ROC_ACU_score_discretized,MCC,f1_score,cohen_kappa,PPV_score,NPV_score,FPR_score,FDR_score,PLR_score,NLR_score,DOR_score
0.9268632174638995,0.5167473126194566,16197,2207,0.14953271028037382,546,0.8504672897196262,0.8800804173005868,0.8652738535101065,0.8790822219888691,0.19832909553214675,0.8652738535101064,0.37494586965687227,0.32164948453608244,0.2824213949873441,0.19832909553214675,0.9941078990977721,0.11991958269941318,0.8016709044678533,7.0919800634345265,0.16990800765573874,41.74011667421839
