ROC_AUC_score,prediction_threshold,TN,FP,FN,TP,sensitivity,specificity,BA,Accuracy,precision,ROC_ACU_score_discretized,MCC,f1_score,cohen_kappa,PPV_score,NPV_score,FPR_score,FDR_score,PLR_score,NLR_score,DOR_score
0.9339417884444107,0.5704621606019664,13173,1550,0.15594541910331383,433,0.8440545808966862,0.8947225429599945,0.8693885619283404,0.8930165397742189,0.2183560262228946,0.8693885619283404,0.39605164512949415,0.34695512820512825,0.31004232924709774,0.2183560262228946,0.993963630876028,0.10527745704000543,0.7816439737771054,8.017429415833488,0.17429472447112196,45.99926612903225
