ROC_AUC_score,prediction_threshold,TN,FP,FN,TP,sensitivity,specificity,BA,Accuracy,precision,ROC_ACU_score_discretized,MCC,f1_score,cohen_kappa,PPV_score,NPV_score,FPR_score,FDR_score,PLR_score,NLR_score,DOR_score
0.9287829206843154,0.5704621606019664,16435,1969,0.18847352024922118,521,0.8115264797507789,0.8930123886111715,0.8522694341809751,0.8902656725821695,0.20923694779116467,0.8522694341809751,0.37718221051085016,0.3326947637292465,0.29490386948083447,0.20923694779116467,0.9926914713698961,0.10698761138882852,0.7907630522088354,7.585237853394279,0.2110536456748808,35.939857040323375
