ROC_AUC_score,prediction_threshold,TN,FP,FN,TP,sensitivity,specificity,BA,Accuracy,precision,ROC_ACU_score_discretized,MCC,f1_score,cohen_kappa,PPV_score,NPV_score,FPR_score,FDR_score,PLR_score,NLR_score,DOR_score
0.9377078920292725,0.5000669632611955,12826,1897,0.13060428849902533,446,0.8693957115009746,0.8711539767710386,0.8702748441360066,0.8710947755316356,0.19035424669227485,0.8702748441360066,0.37029504988894957,0.3123249299719888,0.27211304628852984,0.19035424669227485,0.9948033816799814,0.1288460232289615,0.8096457533077251,6.747555645982527,0.14992101509209033,45.007403677448295
