ROC_AUC_score,prediction_threshold,TN,FP,FN,TP,sensitivity,specificity,BA,Accuracy,precision,ROC_ACU_score_discretized,MCC,f1_score,cohen_kappa,PPV_score,NPV_score,FPR_score,FDR_score,PLR_score,NLR_score,DOR_score
0.9269162839447744,0.5000669632611955,16073,2331,0.13707165109034267,554,0.8629283489096573,0.8733427515757444,0.8681355502427008,0.8729917042948651,0.19202772963604853,0.8681355502427008,0.3706417661730776,0.31414800113410835,0.2741197533320072,0.19202772963604853,0.9945547924014603,0.1266572484242556,0.8079722703639515,6.8130988130988115,0.15695057964702713,43.40919815919814
