ROC_AUC_score,prediction_threshold,TN,FP,FN,TP,sensitivity,specificity,BA,Accuracy,precision,ROC_ACU_score_discretized,MCC,f1_score,cohen_kappa,PPV_score,NPV_score,FPR_score,FDR_score,PLR_score,NLR_score,DOR_score
0.9350474566123552,0.46404395018236677,12639,2084,0.1267056530214425,448,0.8732943469785575,0.858452760986212,0.8658735539823847,0.8589524809661329,0.1769352290679305,0.8658735539823847,0.354581244584702,0.29425287356321844,0.2523901156887508,0.1769352290679305,0.9948835012594458,0.14154723901378796,0.8230647709320695,6.169631799695441,0.1475976999315372,41.80032481913477
