ROC_AUC_score,prediction_threshold,TN,FP,FN,TP,sensitivity,specificity,BA,Accuracy,precision,ROC_ACU_score_discretized,MCC,f1_score,cohen_kappa,PPV_score,NPV_score,FPR_score,FDR_score,PLR_score,NLR_score,DOR_score
0.9161521672452354,0.46404395018236677,15763,2641,0.1542056074766355,543,0.8457943925233645,0.8564985872636384,0.8511464898935015,0.8561377717105954,0.17054020100502512,0.8511464898935015,0.3396850639217474,0.2838473601672766,0.24128060732397882,0.17054020100502512,0.9937586685159501,0.14350141273636166,0.8294597989949749,5.893979553199547,0.18004187020237258,32.73671589044556
