ROC_AUC_score,prediction_threshold,TN,FP,FN,TP,sensitivity,specificity,BA,Accuracy,precision,ROC_ACU_score_discretized,MCC,f1_score,cohen_kappa,PPV_score,NPV_score,FPR_score,FDR_score,PLR_score,NLR_score,DOR_score
0.935284054506753,0.4549992521679386,12712,2011,0.13060428849902533,446,0.8693957115009746,0.8634109896080961,0.8664033505545354,0.8636124967182988,0.18152218152218152,0.8664033505545353,0.35941422136140416,0.30033670033670035,0.259059680686453,0.18152218152218152,0.9947570232412551,0.13658901039190383,0.8184778184778185,6.365048762023295,0.15126549241434478,42.07865693907387
