ROC_AUC_score,prediction_threshold,TN,FP,FN,TP,sensitivity,specificity,BA,Accuracy,precision,ROC_ACU_score_discretized,MCC,f1_score,cohen_kappa,PPV_score,NPV_score,FPR_score,FDR_score,PLR_score,NLR_score,DOR_score
0.9354433141650774,0.4549992521679386,15816,2588,0.1277258566978193,560,0.8722741433021807,0.8593783960008694,0.8658262696515251,0.8598130841121495,0.17789072426937738,0.8658262696515251,0.35550024337158104,0.2955145118733509,0.25372618726093044,0.17789072426937738,0.9948421185054724,0.14062160399913062,0.8221092757306226,6.202988150437919,0.14862586410386108,41.73559015342858
