ROC_AUC_score,prediction_threshold,TN,FP,FN,TP,sensitivity,specificity,BA,Accuracy,precision,ROC_ACU_score_discretized,MCC,f1_score,cohen_kappa,PPV_score,NPV_score,FPR_score,FDR_score,PLR_score,NLR_score,DOR_score
0.930225334669509,0.5096809388814669,12945,1778,0.1539961013645224,434,0.8460038986354775,0.8792365686341099,0.8626202336347937,0.8781176161722237,0.1962025316455696,0.8626202336347938,0.3713420345590086,0.3185321100917431,0.27912688222057813,0.1962025316455696,0.9939342751842751,0.1207634313658901,0.8037974683544303,7.005464229252047,0.17514751644572146,39.99750822286454
