ROC_AUC_score,prediction_threshold,TN,FP,FN,TP,sensitivity,specificity,BA,Accuracy,precision,ROC_ACU_score_discretized,MCC,f1_score,cohen_kappa,PPV_score,NPV_score,FPR_score,FDR_score,PLR_score,NLR_score,DOR_score
0.9293977978510699,0.5096809388814669,16176,2228,0.15109034267912771,545,0.8489096573208723,0.8789393610084765,0.8639245091646743,0.8779271238055235,0.19653804543815362,0.8639245091646743,0.37243988160406216,0.3191800878477306,0.2797523120673031,0.19653804543815362,0.994039206046826,0.12106063899152358,0.8034619545618463,7.01226810293238,0.1719007583250906,40.79253734105762
