ROC_AUC_score,prediction_threshold,TN,FP,FN,TP,sensitivity,specificity,BA,Accuracy,precision,ROC_ACU_score_discretized,MCC,f1_score,cohen_kappa,PPV_score,NPV_score,FPR_score,FDR_score,PLR_score,NLR_score,DOR_score
0.9330108042339436,0.5579961950402456,16407,1997,0.1557632398753894,542,0.8442367601246106,0.8914909802216909,0.8678638701731507,0.8898981413420141,0.2134698700275699,0.8678638701731507,0.3906387589339004,0.34077334171644136,0.30328324778348104,0.2134698700275699,0.9939419640152662,0.10850901977830907,0.7865301299724301,7.7803371724253045,0.17472217143089333,44.52976464697045
