ROC_AUC_score,prediction_threshold,TN,FP,FN,TP,sensitivity,specificity,BA,Accuracy,precision,ROC_ACU_score_discretized,MCC,f1_score,cohen_kappa,PPV_score,NPV_score,FPR_score,FDR_score,PLR_score,NLR_score,DOR_score
0.9270118665693795,0.46784334061060434,12522,2201,0.13255360623781676,445,0.8674463937621832,0.8505060110031922,0.8589762023826877,0.8510763980047257,0.16817838246409675,0.8589762023826879,0.34185718183973296,0.2817347261791706,0.23879929878036965,0.16817838246409675,0.9945988880063542,0.14949398899680771,0.8318216175359032,5.802550320472794,0.15585263892663923,37.23100462356681
