ROC_AUC_score,prediction_threshold,TN,FP,FN,TP,sensitivity,specificity,BA,Accuracy,precision,ROC_ACU_score_discretized,MCC,f1_score,cohen_kappa,PPV_score,NPV_score,FPR_score,FDR_score,PLR_score,NLR_score,DOR_score
0.9198245877741599,0.46784334061060434,15580,2824,0.13707165109034267,554,0.8629283489096573,0.8465550967181048,0.854741722813881,0.8471070040953481,0.1640023682652457,0.854741722813881,0.335219511446091,0.27562189054726366,0.23212211713953879,0.1640023682652457,0.9943834567270871,0.15344490328189525,0.8359976317347543,5.623701605288009,0.16191698759092854,34.73200489312388
