ROC_AUC_score,prediction_threshold,TN,FP,FN,TP,sensitivity,specificity,BA,Accuracy,precision,ROC_ACU_score_discretized,MCC,f1_score,cohen_kappa,PPV_score,NPV_score,FPR_score,FDR_score,PLR_score,NLR_score,DOR_score
0.9331104520264338,0.44774918066932756,12423,2300,0.10916179337231968,457,0.8908382066276803,0.8437818379406371,0.8673100222841588,0.8453662378577055,0.16575988393180993,0.8673100222841587,0.34420037358089833,0.2795107033639143,0.23614183020046509,0.16575988393180993,0.9955124609343697,0.1562181620593629,0.83424011606819,5.7025264852953645,0.12937205858654613,44.07850155279504
