ROC_AUC_score,prediction_threshold,TN,FP,FN,TP,sensitivity,specificity,BA,Accuracy,precision,ROC_ACU_score_discretized,MCC,f1_score,cohen_kappa,PPV_score,NPV_score,FPR_score,FDR_score,PLR_score,NLR_score,DOR_score
0.9277514674109176,0.44774918066932756,15511,2893,0.1277258566978193,560,0.8722741433021807,0.8428059117583134,0.857540027530247,0.8437992229339494,0.16217781639154358,0.8575400275302472,0.33497713408780494,0.2735042735042735,0.2297163238173371,0.16217781639154358,0.9947412300391201,0.1571940882416866,0.8378221836084564,5.549026385528287,0.15154836352695938,36.61554804279463
