ROC_AUC_score,prediction_threshold,TN,FP,FN,TP,sensitivity,specificity,BA,Accuracy,precision,ROC_ACU_score_discretized,MCC,f1_score,cohen_kappa,PPV_score,NPV_score,FPR_score,FDR_score,PLR_score,NLR_score,DOR_score
0.9315335740620919,0.4939089125333231,12856,1867,0.13060428849902533,446,0.8693957115009746,0.8731916049718128,0.8712936582363937,0.8730637962719874,0.19282317336792046,0.8712936582363936,0.3732801338479894,0.3156404812455768,0.2757209147484214,0.19282317336792046,0.9948154453300317,0.1268083950281872,0.8071768266320796,6.8559791432398764,0.14957116829271552,45.83757164898591
