ROC_AUC_score,prediction_threshold,TN,FP,FN,TP,sensitivity,specificity,BA,Accuracy,precision,ROC_ACU_score_discretized,MCC,f1_score,cohen_kappa,PPV_score,NPV_score,FPR_score,FDR_score,PLR_score,NLR_score,DOR_score
0.926944890755836,0.4939089125333231,16002,2402,0.16355140186915887,537,0.8364485981308412,0.869484894588133,0.8529667463594871,0.8683713115614827,0.18271520925484858,0.8529667463594871,0.3526795607786932,0.299916224518291,0.258912231171635,0.18271520925484858,0.9934810951760105,0.13051510541186698,0.8172847907451514,6.408825978351376,0.18810148731408569,34.07110741049128
