ROC_AUC_score,prediction_threshold,TN,FP,FN,TP,sensitivity,specificity,BA,Accuracy,precision,ROC_ACU_score_discretized,MCC,f1_score,cohen_kappa,PPV_score,NPV_score,FPR_score,FDR_score,PLR_score,NLR_score,DOR_score
0.9378470438966549,0.5530371758430309,13232,1491,0.14814814814814814,437,0.8518518518518519,0.8987298784215173,0.8752908651366846,0.8971514833289578,0.2266597510373444,0.8752908651366846,0.4072348314917609,0.3580499795165915,0.3219876961167807,0.2266597510373444,0.9942891493838293,0.10127012157848264,0.7733402489626556,8.41167995628089,0.1648416857002105,51.028839704896015
