ROC_AUC_score,prediction_threshold,TN,FP,FN,TP,sensitivity,specificity,BA,Accuracy,precision,ROC_ACU_score_discretized,MCC,f1_score,cohen_kappa,PPV_score,NPV_score,FPR_score,FDR_score,PLR_score,NLR_score,DOR_score
0.9276895141987961,0.5530371758430309,16426,1978,0.17601246105919002,529,0.82398753894081,0.8925233644859814,0.8582554517133957,0.8902131681192902,0.21100917431192662,0.8582554517133957,0.3824852037645672,0.33597967608764684,0.2983195019964634,0.21100917431192662,0.9931676643086039,0.10747663551401869,0.7889908256880734,7.6666666666666705,0.1972076788830715,38.876106194690294
