ROC_AUC_score,prediction_threshold,TN,FP,FN,TP,sensitivity,specificity,BA,Accuracy,precision,ROC_ACU_score_discretized,MCC,f1_score,cohen_kappa,PPV_score,NPV_score,FPR_score,FDR_score,PLR_score,NLR_score,DOR_score
0.9299163142523157,0.5351132997064327,12934,1789,0.14230019493177387,440,0.8576998050682261,0.878489438293826,0.868094621681026,0.8777894460488317,0.19739793629430238,0.868094621681026,0.375753212101916,0.32093362509117435,0.2816075337049805,0.19739793629430238,0.9943876374260013,0.12151056170617401,0.8026020637056976,7.058644063733645,0.16198281815219634,43.57649869445697
