ROC_AUC_score,prediction_threshold,TN,FP,FN,TP,sensitivity,specificity,BA,Accuracy,precision,ROC_ACU_score_discretized,MCC,f1_score,cohen_kappa,PPV_score,NPV_score,FPR_score,FDR_score,PLR_score,NLR_score,DOR_score
0.9313103916864884,0.5351132997064327,16213,2191,0.1557632398753894,542,0.8442367601246106,0.8809497935231472,0.8625932768238789,0.8797122755434212,0.1983168679107208,0.8625932768238789,0.3733246230308333,0.32118518518518513,0.28198762575842407,0.1983168679107208,0.9938699196959481,0.11905020647685285,0.8016831320892792,7.0914346569298665,0.17681284565883346,40.10701049748974
