ROC_AUC_score,prediction_threshold,TN,FP,FN,TP,sensitivity,specificity,BA,Accuracy,precision,ROC_ACU_score_discretized,MCC,f1_score,cohen_kappa,PPV_score,NPV_score,FPR_score,FDR_score,PLR_score,NLR_score,DOR_score
0.926257454256968,0.592752993267406,13327,1396,0.17543859649122806,423,0.8245614035087719,0.9051823677239693,0.8648718856163706,0.9024678393279076,0.2325453545904343,0.8648718856163706,0.4059599365078499,0.36277873070325906,0.32745196672367893,0.2325453545904343,0.9932920921219348,0.0948176322760307,0.7674546454095657,8.696287638867945,0.19381574669020415,44.86883954154729
