ROC_AUC_score,prediction_threshold,TN,FP,FN,TP,sensitivity,specificity,BA,Accuracy,precision,ROC_ACU_score_discretized,MCC,f1_score,cohen_kappa,PPV_score,NPV_score,FPR_score,FDR_score,PLR_score,NLR_score,DOR_score
0.9222697930356464,0.592752993267406,16648,1756,0.20093457943925233,513,0.7990654205607477,0.9045859595740057,0.8518256900673766,0.9010290874724352,0.2260907888937858,0.8518256900673766,0.39201868718401084,0.3524562006183442,0.3165420732079929,0.2260907888937858,0.9923109018298861,0.09541404042599434,0.7739092111062142,8.374715261959,0.2221287842383469,37.702071303702944
