{"performances": [0.9357898966837088, 0.9333791380852463, 0.9366431921544889, 0.9338500502057997, 0.9357513028794363, 0.9340341324959156, 0.9339905451950374, 0.9333686432788213, 0.934677785744803, 0.9332967877090244], "mean": 0.9344781474432281, "std": 0.0011283939088266328}