ROC_AUC_score,prediction_threshold,TN,FP,FN,TP,sensitivity,specificity,BA,Accuracy,precision,ROC_ACU_score_discretized,MCC,f1_score,cohen_kappa,PPV_score,NPV_score,FPR_score,FDR_score,PLR_score,NLR_score,DOR_score
0.9313263688551905,0.4970868193251511,12788,1935,0.1267056530214425,448,0.8732943469785575,0.8685729810500578,0.8709336640143076,0.8687319506432134,0.18799832144355855,0.8709336640143076,0.36839931054621483,0.30939226519337015,0.2688796030989409,0.18799832144355855,0.9949428149070256,0.13142701894994227,0.8120016785564415,6.644709390473025,0.14587795819789634,45.549783343271706
