ROC_AUC_score,prediction_threshold,TN,FP,FN,TP,sensitivity,specificity,BA,Accuracy,precision,ROC_ACU_score_discretized,MCC,f1_score,cohen_kappa,PPV_score,NPV_score,FPR_score,FDR_score,PLR_score,NLR_score,DOR_score
0.9274284135712066,0.4970868193251511,15977,2427,0.1526479750778816,544,0.8473520249221184,0.8681264942403826,0.8577392595812505,0.8674262312296546,0.18310333221137665,0.8577392595812505,0.3558716640473741,0.301134791032383,0.26011832838926563,0.18310333221137665,0.9939035769828927,0.13187350575961748,0.8168966677886234,6.425491003982971,0.1758360977238113,36.54250229139865
