ROC_AUC_score,prediction_threshold,TN,FP,FN,TP,sensitivity,specificity,BA,Accuracy,precision,ROC_ACU_score_discretized,MCC,f1_score,cohen_kappa,PPV_score,NPV_score,FPR_score,FDR_score,PLR_score,NLR_score,DOR_score
0.9279431646047432,0.48720266855580213,12787,1936,0.15204678362573099,435,0.847953216374269,0.8685050601100319,0.8582291382421505,0.8678130742977159,0.18346689160691693,0.8582291382421505,0.3565143952059954,0.3016643550624133,0.2607372009303851,0.18346689160691693,0.9939370384764866,0.13149493988996808,0.8165331083930831,6.448561572664444,0.17506723979992472,36.83477034329307
