ROC_AUC_score,prediction_threshold,TN,FP,FN,TP,sensitivity,specificity,BA,Accuracy,precision,ROC_ACU_score_discretized,MCC,f1_score,cohen_kappa,PPV_score,NPV_score,FPR_score,FDR_score,PLR_score,NLR_score,DOR_score
0.9231171640189285,0.48720266855580213,15969,2435,0.14485981308411214,549,0.8551401869158879,0.8676918061291023,0.8614159965224951,0.8672687178410164,0.18398123324396784,0.8614159965224951,0.35889034309412016,0.3028130170987314,0.2618614874840064,0.18398123324396784,0.9942099364960777,0.13230819387089762,0.8160187667560321,6.463244353182751,0.1669484626463773,38.714009405842226
