ROC_AUC_score,prediction_threshold,TN,FP,FN,TP,sensitivity,specificity,BA,Accuracy,precision,ROC_ACU_score_discretized,MCC,f1_score,cohen_kappa,PPV_score,NPV_score,FPR_score,FDR_score,PLR_score,NLR_score,DOR_score
0.9366165230065965,0.44157188143970677,12671,2052,0.10526315789473684,459,0.8947368421052632,0.860626231067038,0.8776815365861506,0.8617747440273038,0.1827956989247312,0.8776815365861507,0.3672487588633133,0.3035714285714286,0.26232298415780375,0.1827956989247312,0.9957563850687623,0.13937376893296202,0.8172043010752689,6.419693238945316,0.12230995767375981,52.487085769980496
