ROC_AUC_score,prediction_threshold,TN,FP,FN,TP,sensitivity,specificity,BA,Accuracy,precision,ROC_ACU_score_discretized,MCC,f1_score,cohen_kappa,PPV_score,NPV_score,FPR_score,FDR_score,PLR_score,NLR_score,DOR_score
0.9265460881116865,0.44157188143970677,15745,2659,0.13239875389408098,557,0.867601246105919,0.855520539013258,0.8615608925595886,0.855927753859078,0.17319651741293532,0.8615608925595886,0.34836666774145997,0.28875064800414724,0.24640042460486433,0.17319651741293532,0.994630448515477,0.14447946098674203,0.8268034825870647,6.005014416447286,0.1547581242722557,38.80257947481363
