ROC_AUC_score,prediction_threshold,TN,FP,FN,TP,sensitivity,specificity,BA,Accuracy,precision,ROC_ACU_score_discretized,MCC,f1_score,cohen_kappa,PPV_score,NPV_score,FPR_score,FDR_score,PLR_score,NLR_score,DOR_score
0.9232084263274274,0.5086850173264937,12835,1888,0.15204678362573099,435,0.847953216374269,0.8717652652312708,0.8598592408027699,0.8709635074822788,0.18725785622040464,0.85985924080277,0.36114475613760066,0.30677009873060646,0.2662996414677762,0.18725785622040464,0.9939595756214668,0.1282347347687292,0.8127421437795953,6.612508053325406,0.1744125278785849,37.91303373533248
