ROC_AUC_score,prediction_threshold,TN,FP,FN,TP,sensitivity,specificity,BA,Accuracy,precision,ROC_ACU_score_discretized,MCC,f1_score,cohen_kappa,PPV_score,NPV_score,FPR_score,FDR_score,PLR_score,NLR_score,DOR_score
0.929012282986023,0.5086850173264937,16018,2386,0.1542056074766355,543,0.8457943925233645,0.8703542708106933,0.858074331667029,0.8695264097448283,0.18538750426766815,0.858074331667029,0.3582820274992569,0.30411649397927754,0.26338490232976397,0.18538750426766815,0.9938574176335546,0.12964572918930667,0.8146124957323319,6.523889354568313,0.17717567736296663,36.821585511443004
