ROC_AUC_score,prediction_threshold,TN,FP,FN,TP,sensitivity,specificity,BA,Accuracy,precision,ROC_ACU_score_discretized,MCC,f1_score,cohen_kappa,PPV_score,NPV_score,FPR_score,FDR_score,PLR_score,NLR_score,DOR_score
0.9296039838477915,0.5015712519575096,12848,1875,0.1286549707602339,447,0.8713450292397661,0.8726482374516064,0.8719966333456862,0.8726043580992386,0.1925064599483204,0.8719966333456862,0.3733914291996595,0.3153439153439153,0.2753772889766286,0.1925064599483204,0.9948892674616695,0.12735176254839367,0.8074935400516796,6.842033528265109,0.14743050548746295,46.408533333333345
