ROC_AUC_score,prediction_threshold,TN,FP,FN,TP,sensitivity,specificity,BA,Accuracy,precision,ROC_ACU_score_discretized,MCC,f1_score,cohen_kappa,PPV_score,NPV_score,FPR_score,FDR_score,PLR_score,NLR_score,DOR_score
0.9273453014751635,0.5015712519575096,16116,2288,0.1277258566978193,560,0.8722741433021807,0.8756792001738752,0.873976671738028,0.8755644229759529,0.19662921348314608,0.873976671738028,0.3785275069471592,0.3209169054441261,0.2813826561552456,0.19662921348314608,0.9949376466230399,0.12432079982612476,0.8033707865168539,7.016317016317016,0.14585918755687932,48.103360054579554
