ROC_AUC_score,prediction_threshold,TN,FP,FN,TP,sensitivity,specificity,BA,Accuracy,precision,ROC_ACU_score_discretized,MCC,f1_score,cohen_kappa,PPV_score,NPV_score,FPR_score,FDR_score,PLR_score,NLR_score,DOR_score
0.9268380807098011,0.47673071077776213,15934,2470,0.14953271028037382,546,0.8504672897196262,0.8657900456422517,0.858128667680939,0.8652735482516014,0.1810344827586207,0.8581286676809389,0.3540872421196214,0.2985237834882449,0.2572381986951402,0.1810344827586207,0.9940112289457268,0.13420995435774832,0.8189655172413793,6.336842105263159,0.17271243881009166,36.690131578947366
