{"performances": [0.9212088019602944, 0.921125012779966, 0.9210770244312323, 0.9213107877807953, 0.9212728710608082, 0.9211716469601285, 0.9215436201394659, 0.9214218296036147, 0.9215625784994592, 0.9211323760715706], "mean": 0.9212826549287335, "std": 0.00016559363869042158}