ROC_AUC_score,prediction_threshold,TN,FP,FN,TP,sensitivity,specificity,BA,Accuracy,precision,ROC_ACU_score_discretized,MCC,f1_score,cohen_kappa,PPV_score,NPV_score,FPR_score,FDR_score,PLR_score,NLR_score,DOR_score
0.9314306996558539,0.5780595107205311,13263,1460,0.1617933723196881,430,0.8382066276803118,0.9008354275623175,0.8695210276213147,0.8987266999212392,0.2275132275132275,0.8695210276213146,0.4044078050981269,0.35788597586350396,0.3219747441292017,0.2275132275132275,0.9937809081372696,0.09916457243768254,0.7724867724867724,8.452682314614545,0.17960369604635215,47.062964185509166
