ROC_AUC_score,prediction_threshold,TN,FP,FN,TP,sensitivity,specificity,BA,Accuracy,precision,ROC_ACU_score_discretized,MCC,f1_score,cohen_kappa,PPV_score,NPV_score,FPR_score,FDR_score,PLR_score,NLR_score,DOR_score
0.93238924085987,0.5780595107205311,16501,1903,0.16355140186915887,537,0.8364485981308412,0.8965985655292328,0.866523581830037,0.8945710385382758,0.22008196721311477,0.866523581830037,0.39584768921503166,0.34847501622323174,0.3117408283203291,0.22008196721311477,0.9936769842225701,0.10340143447076723,0.7799180327868852,8.089332632685235,0.18241318707957088,44.346205239846874
