ROC_AUC_score,prediction_threshold,TN,FP,FN,TP,sensitivity,specificity,BA,Accuracy,precision,ROC_ACU_score_discretized,MCC,f1_score,cohen_kappa,PPV_score,NPV_score,FPR_score,FDR_score,PLR_score,NLR_score,DOR_score
0.9379393263434346,0.47915696074461694,12840,1883,0.1189083820662768,452,0.8810916179337231,0.8721048699313998,0.8765982439325615,0.8724074560252034,0.19357601713062098,0.8765982439325615,0.37714642449361685,0.31741573033707865,0.2775275147209202,0.19357601713062098,0.995271684365553,0.12789513006860015,0.806423982869379,6.8891725389475305,0.13634642594718024,50.52697561442757
