ROC_AUC_score,prediction_threshold,TN,FP,FN,TP,sensitivity,specificity,BA,Accuracy,precision,ROC_ACU_score_discretized,MCC,f1_score,cohen_kappa,PPV_score,NPV_score,FPR_score,FDR_score,PLR_score,NLR_score,DOR_score
0.9289523610267576,0.47915696074461694,16032,2372,0.15109034267912771,545,0.8489096573208723,0.8711149750054336,0.860012316163153,0.8703664811508979,0.18683579019540625,0.860012316163153,0.3608270144287401,0.3062658050014049,0.26569178176034014,0.18683579019540625,0.9939859879719759,0.1288850249945664,0.8131642098045938,6.586565486228216,0.17344477711244174,37.97500043462387
