{"performances": [0.9273437780355211, 0.9276873983104039, 0.9278972098033679, 0.9277706796775183, 0.9283147169009041, 0.928299651775552, 0.9282094302945113, 0.9280426982892112, 0.9282905957732337, 0.928413740477656], "mean": 0.9280269899337881, "std": 0.00032777512799324804}