ROC_AUC_score,prediction_threshold,TN,FP,FN,TP,sensitivity,specificity,BA,Accuracy,precision,ROC_ACU_score_discretized,MCC,f1_score,cohen_kappa,PPV_score,NPV_score,FPR_score,FDR_score,PLR_score,NLR_score,DOR_score
0.9404498855340182,0.5109894666436333,12952,1771,0.12280701754385964,450,0.8771929824561403,0.8797120152142905,0.8784524988352154,0.8796271987398268,0.20261143628995948,0.8784524988352155,0.38690277611731005,0.32918800292611555,0.2903676148994332,0.20261143628995948,0.9951594314252785,0.12028798478570943,0.7973885637100405,7.2924405876350935,0.13959911359622038,52.2384447850286
