ROC_AUC_score,prediction_threshold,TN,FP,FN,TP,sensitivity,specificity,BA,Accuracy,precision,ROC_ACU_score_discretized,MCC,f1_score,cohen_kappa,PPV_score,NPV_score,FPR_score,FDR_score,PLR_score,NLR_score,DOR_score
0.9336261045783762,0.5109894666436333,16118,2286,0.1308411214953271,558,0.8691588785046729,0.8757878722016953,0.8724733753531841,0.8755644229759529,0.1962025316455696,0.8724733753531841,0.3772243740670401,0.3201376936316695,0.2805689143558785,0.1962025316455696,0.9948154548821133,0.12421212779830472,0.8037974683544303,6.99737532808399,0.14939818836083882,46.83708286464192
