{"performances": [0.9197552712704334, 0.9197714366577495, 0.9165172003106462, 0.9170495578301073, 0.9185853542606545, 0.9188575421434185, 0.9173087964759117, 0.9198947506332431, 0.919615538001017, 0.9190462793879971], "mean": 0.9186401726971178, "std": 0.0011863099714452636}