ROC_AUC_score,prediction_threshold,TN,FP,FN,TP,sensitivity,specificity,BA,Accuracy,precision,ROC_ACU_score_discretized,MCC,f1_score,cohen_kappa,PPV_score,NPV_score,FPR_score,FDR_score,PLR_score,NLR_score,DOR_score
0.9321198390181042,0.5363168877290554,13027,1696,0.13450292397660818,444,0.8654970760233918,0.8848060857162263,0.875151580869809,0.8841559464426358,0.20747663551401868,0.875151580869809,0.38950890881750827,0.33471541650961173,0.29650200750975764,0.20747663551401868,0.9947312156383629,0.1151939142837737,0.7925233644859813,7.513392364559197,0.15201401318090144,49.42565627563575
