ROC_AUC_score,prediction_threshold,TN,FP,FN,TP,sensitivity,specificity,BA,Accuracy,precision,ROC_ACU_score_discretized,MCC,f1_score,cohen_kappa,PPV_score,NPV_score,FPR_score,FDR_score,PLR_score,NLR_score,DOR_score
0.9333560325840042,0.5363168877290554,16261,2143,0.14330218068535824,550,0.8566978193146417,0.8835579221908281,0.8701278707527349,0.8826525254646646,0.20423319717786856,0.8701278707527349,0.38343214204588444,0.32983508245877063,0.2912523115404213,0.20423319717786856,0.9943741209563994,0.11644207780917191,0.7957668028221314,7.357287291958313,0.1621876473361622,45.36280914605692
