ROC_AUC_score,prediction_threshold,TN,FP,FN,TP,sensitivity,specificity,BA,Accuracy,precision,ROC_ACU_score_discretized,MCC,f1_score,cohen_kappa,PPV_score,NPV_score,FPR_score,FDR_score,PLR_score,NLR_score,DOR_score
0.9346792536216887,0.48897272696745114,12818,1905,0.13060428849902533,446,0.8693957115009746,0.870610609250832,0.8700031603759033,0.8705697033342085,0.18970650786899193,0.8700031603759033,0.3695079118315615,0.31145251396648044,0.2711635503179741,0.18970650786899193,0.9948001552192471,0.12938939074916797,0.8102934921310081,6.719219454293357,0.1500145841450422,44.79044149332076
