ROC_AUC_score,prediction_threshold,TN,FP,FN,TP,sensitivity,specificity,BA,Accuracy,precision,ROC_ACU_score_discretized,MCC,f1_score,cohen_kappa,PPV_score,NPV_score,FPR_score,FDR_score,PLR_score,NLR_score,DOR_score
0.9291781686359664,0.48897272696745114,15958,2446,0.13395638629283488,556,0.8660436137071651,0.8670941099760922,0.8665688618416286,0.8670586999894991,0.18520986009327114,0.8665688618416285,0.3631177865933874,0.305159165751921,0.26429951943167573,0.18520986009327114,0.9946397407130392,0.13290589002390785,0.8147901399067289,6.516216952848187,0.15448886660817981,42.179200973587626
