ROC_AUC_score,prediction_threshold,TN,FP,FN,TP,sensitivity,specificity,BA,Accuracy,precision,ROC_ACU_score_discretized,MCC,f1_score,cohen_kappa,PPV_score,NPV_score,FPR_score,FDR_score,PLR_score,NLR_score,DOR_score
0.9281843964814039,0.5673394220838227,13161,1562,0.15204678362573099,435,0.847953216374269,0.8939074916796849,0.8709303540269769,0.8923601995274351,0.21782674011016526,0.8709303540269769,0.39651770583185664,0.34661354581673304,0.3096251314948306,0.21782674011016526,0.994108316338092,0.10609250832031515,0.7821732598898348,7.992583357668607,0.17009230266101644,46.98968285235892
