ROC_AUC_score,prediction_threshold,TN,FP,FN,TP,sensitivity,specificity,BA,Accuracy,precision,ROC_ACU_score_discretized,MCC,f1_score,cohen_kappa,PPV_score,NPV_score,FPR_score,FDR_score,PLR_score,NLR_score,DOR_score
0.9247988721129973,0.5673394220838227,16470,1934,0.17757009345794392,528,0.822429906542056,0.8949141490980221,0.858672027820039,0.8924708600231019,0.21445978878960195,0.8586720278200392,0.38588905543868207,0.3402061855670103,0.30293249300148384,0.21445978878960195,0.9931259044862518,0.10508585090197783,0.7855402112103981,7.826266804550152,0.19842137219186404,39.44266042562454
