ROC_AUC_score,prediction_threshold,TN,FP,FN,TP,sensitivity,specificity,BA,Accuracy,precision,ROC_ACU_score_discretized,MCC,f1_score,cohen_kappa,PPV_score,NPV_score,FPR_score,FDR_score,PLR_score,NLR_score,DOR_score
0.9201464232475502,0.5201864319434213,12871,1852,0.15594541910331383,433,0.8440545808966862,0.8742104190722,0.8591324999844431,0.8731950643213442,0.18949671772428883,0.8591324999844431,0.3628664275744236,0.30950679056468905,0.269324035262148,0.18949671772428883,0.993822870820786,0.12578958092780004,0.8105032822757111,6.71005161692328,0.17838430622780588,37.615705993520535
