ROC_AUC_score,prediction_threshold,TN,FP,FN,TP,sensitivity,specificity,BA,Accuracy,precision,ROC_ACU_score_discretized,MCC,f1_score,cohen_kappa,PPV_score,NPV_score,FPR_score,FDR_score,PLR_score,NLR_score,DOR_score
0.924982954403113,0.5201864319434213,16127,2277,0.14797507788161993,547,0.8520249221183801,0.8762768963268854,0.8641509092226327,0.8754594140501942,0.1936968838526912,0.8641509092226327,0.36987116559853705,0.31563762261973455,0.2758618324014681,0.1936968838526912,0.9941437553939095,0.12372310367311454,0.8063031161473088,6.8865466256770596,0.1688679440276141,40.780662459838666
