ROC_AUC_score,prediction_threshold,TN,FP,FN,TP,sensitivity,specificity,BA,Accuracy,precision,ROC_ACU_score_discretized,MCC,f1_score,cohen_kappa,PPV_score,NPV_score,FPR_score,FDR_score,PLR_score,NLR_score,DOR_score
0.9339609863709286,0.5748514517994203,13240,1483,0.1695906432748538,426,0.8304093567251462,0.8992732459417239,0.8648413013334351,0.8969545812549226,0.22315348349921424,0.8648413013334351,0.3975773799107736,0.35177539223781995,0.31544089656061736,0.22315348349921424,0.9934718991520972,0.10072675405827616,0.7768465165007857,8.24417866423758,0.18858633239695416,43.71567419257331
