ROC_AUC_score,prediction_threshold,TN,FP,FN,TP,sensitivity,specificity,BA,Accuracy,precision,ROC_ACU_score_discretized,MCC,f1_score,cohen_kappa,PPV_score,NPV_score,FPR_score,FDR_score,PLR_score,NLR_score,DOR_score
0.9270855550161451,0.5748514517994203,16593,1811,0.16510903426791276,536,0.8348909657320872,0.9015974788089546,0.8682442222705209,0.8993489446602961,0.22837665104388583,0.8682442222705209,0.40437824803484185,0.3586483773837404,0.32280036040470106,0.22837665104388583,0.9936523145098509,0.09840252119104542,0.7716233489561142,8.484446898582735,0.1831294320898371,46.330329329152036
