ROC_AUC_score,prediction_threshold,TN,FP,FN,TP,sensitivity,specificity,BA,Accuracy,precision,ROC_ACU_score_discretized,MCC,f1_score,cohen_kappa,PPV_score,NPV_score,FPR_score,FDR_score,PLR_score,NLR_score,DOR_score
0.9293005242093135,0.5351260785327936,13078,1645,0.1539961013645224,434,0.8460038986354775,0.8882700536575426,0.8671369761465101,0.88684694145445,0.20875420875420875,0.8671369761465102,0.38584180347171565,0.33487654320987653,0.29690022591282583,0.20875420875420875,0.9939955917002357,0.11172994634245738,0.7912457912457912,7.571863464808594,0.17336630986311855,43.675518448693765
