ROC_AUC_score,prediction_threshold,TN,FP,FN,TP,sensitivity,specificity,BA,Accuracy,precision,ROC_ACU_score_discretized,MCC,f1_score,cohen_kappa,PPV_score,NPV_score,FPR_score,FDR_score,PLR_score,NLR_score,DOR_score
0.9277270923766404,0.5351260785327936,16328,2076,0.16822429906542055,534,0.8317757009345794,0.8871984351227994,0.8594870680286895,0.885330253071511,0.2045977011494253,0.8594870680286893,0.37732760062621185,0.3284132841328413,0.28999737003594295,0.2045977011494253,0.9934290581650036,0.11280156487720061,0.7954022988505747,7.3737957610789975,0.1896129348358648,38.88867480196959
