ROC_AUC_score,prediction_threshold,TN,FP,FN,TP,sensitivity,specificity,BA,Accuracy,precision,ROC_ACU_score_discretized,MCC,f1_score,cohen_kappa,PPV_score,NPV_score,FPR_score,FDR_score,PLR_score,NLR_score,DOR_score
0.9347925875878917,0.5186783481045962,12934,1789,0.1189083820662768,452,0.8810916179337231,0.878489438293826,0.8797905281137746,0.8785770543449725,0.20169567157518964,0.8797905281137746,0.38683155487826854,0.32824981844589685,0.28930614852323,0.20169567157518964,0.9953058868795691,0.12151056170617401,0.7983043284248104,7.251152538199109,0.13535550557923257,53.57116806714986
