ROC_AUC_score,prediction_threshold,TN,FP,FN,TP,sensitivity,specificity,BA,Accuracy,precision,ROC_ACU_score_discretized,MCC,f1_score,cohen_kappa,PPV_score,NPV_score,FPR_score,FDR_score,PLR_score,NLR_score,DOR_score
0.9224925537655705,0.5186783481045962,16155,2249,0.1573208722741433,541,0.8426791277258567,0.877798304716366,0.8602387162211114,0.8766145122335398,0.1939068100358423,0.8602387162211114,0.36773508005062483,0.3152680652680652,0.27556562339803525,0.1939068100358423,0.9937869094488189,0.12220169528363399,0.8060931899641577,6.8958055432043865,0.17922211905498808,38.47630850234869
