{"performances": [0.9307266603968662, 0.9289929860838867, 0.9280176461706482, 0.9296062551754629, 0.9304914582431967, 0.9275939606790072, 0.9285512732231447, 0.9288265926207293, 0.9299804288787281, 0.9312441220620467], "mean": 0.9294031383533717, "std": 0.0011453780643870064}