{"performances": [0.9339307078713079, 0.9349619918736345, 0.9349664775570256, 0.9348507807797438, 0.9351379491523243, 0.934166333202656, 0.9342553697861972, 0.9349799346071999, 0.9358001375835269, 0.936044311103979], "mean": 0.9349093993517595, "std": 0.0006392064249361596}