ROC_AUC_score,prediction_threshold,TN,FP,FN,TP,sensitivity,specificity,BA,Accuracy,precision,ROC_ACU_score_discretized,MCC,f1_score,cohen_kappa,PPV_score,NPV_score,FPR_score,FDR_score,PLR_score,NLR_score,DOR_score
0.9318125397943228,0.5551402158411824,13089,1634,0.14814814814814814,437,0.8518518518518519,0.8890171839978265,0.8704345179248392,0.8877658177999475,0.21100917431192662,0.8704345179248392,0.38994001273252915,0.338235294117647,0.3004812621986245,0.21100917431192662,0.9942271173566274,0.11098281600217347,0.7889908256880734,7.675529262432564,0.16664261480519407,46.059822521419804
