ROC_AUC_score,prediction_threshold,TN,FP,FN,TP,sensitivity,specificity,BA,Accuracy,precision,ROC_ACU_score_discretized,MCC,f1_score,cohen_kappa,PPV_score,NPV_score,FPR_score,FDR_score,PLR_score,NLR_score,DOR_score
0.9280176461706482,0.5551402158411824,16420,1984,0.1588785046728972,540,0.8411214953271028,0.8921973484025212,0.866659421864812,0.8904756904336869,0.21394611727416799,0.8666594218648119,0.39033768951427666,0.34112444725205304,0.30370175899186136,0.21394611727416799,0.9938264132671589,0.10780265159747882,0.786053882725832,7.802419354838709,0.17807551766138857,43.81522770398481
