{"performances": [0.9276018317838258, 0.9294936899130016, 0.9281291958066816, 0.9289679339653237, 0.9276781730370142, 0.927428836748885, 0.926967488443864, 0.9283127702835832, 0.9275175347902833, 0.9274297677397775], "mean": 0.9279527222512239, "std": 0.0007397652515179248}