ROC_AUC_score,prediction_threshold,TN,FP,FN,TP,sensitivity,specificity,BA,Accuracy,precision,ROC_ACU_score_discretized,MCC,f1_score,cohen_kappa,PPV_score,NPV_score,FPR_score,FDR_score,PLR_score,NLR_score,DOR_score
0.9210421058192356,0.4692415139492642,12569,2154,0.13450292397660818,444,0.8654970760233918,0.8536982951844053,0.8595976856038985,0.8540955631399317,0.17090069284064666,0.8595976856038985,0.34494112329216364,0.28543876567020254,0.24286013964253472,0.17090069284064666,0.9945402753600253,0.14630170481559465,0.8290993071593533,5.9158372564031545,0.1575532301462012,37.54818134108431
