ROC_AUC_score,prediction_threshold,TN,FP,FN,TP,sensitivity,specificity,BA,Accuracy,precision,ROC_ACU_score_discretized,MCC,f1_score,cohen_kappa,PPV_score,NPV_score,FPR_score,FDR_score,PLR_score,NLR_score,DOR_score
0.9222706393910032,0.4692415139492642,15724,2680,0.14330218068535824,550,0.8566978193146417,0.8543794827211476,0.8555386510178946,0.8544576288984563,0.17027863777089783,0.8555386510178947,0.3419722398771193,0.28409090909090906,0.24143062712927554,0.17027863777089783,0.9941831057157309,0.14562051727885242,0.8297213622291022,5.883084577114429,0.16772661748494871,35.07543802725503
