{"performances": [0.9321234852778179, 0.9335932659905304, 0.9333238710804438, 0.9326128479451508, 0.9320306400951712, 0.9328899446889849, 0.934579862430015, 0.9333988581650611, 0.9359961534841742, 0.9354837699511348], "mean": 0.9336032699108484, "std": 0.0012840774404904078}