ROC_AUC_score,prediction_threshold,TN,FP,FN,TP,sensitivity,specificity,BA,Accuracy,precision,ROC_ACU_score_discretized,MCC,f1_score,cohen_kappa,PPV_score,NPV_score,FPR_score,FDR_score,PLR_score,NLR_score,DOR_score
0.9316322116845465,0.4436381156996885,12399,2324,0.10721247563352826,458,0.8927875243664717,0.8421517353800176,0.8674696298732447,0.8438566552901023,0.16462976276060387,0.8674696298732447,0.3431431175790738,0.27799696509863425,0.2344719200829395,0.16462976276060387,0.9955837481933515,0.15784826461998233,0.8353702372393961,5.655985680399123,0.12730778923723182,44.427648255359074
