ROC_AUC_score,prediction_threshold,TN,FP,FN,TP,sensitivity,specificity,BA,Accuracy,precision,ROC_ACU_score_discretized,MCC,f1_score,cohen_kappa,PPV_score,NPV_score,FPR_score,FDR_score,PLR_score,NLR_score,DOR_score
0.9215625784994592,0.4436381156996885,15412,2992,0.11526479750778816,568,0.8847352024922118,0.8374266463812214,0.8610809244367166,0.839021316811929,0.15955056179775282,0.8610809244367167,0.3343209107331914,0.2703474535935269,0.22614840989399299,0.15955056179775282,0.9952214903784063,0.16257335361877853,0.8404494382022472,5.442067736185382,0.13764166450384985,39.537939008527225
