ROC_AUC_score,prediction_threshold,TN,FP,FN,TP,sensitivity,specificity,BA,Accuracy,precision,ROC_ACU_score_discretized,MCC,f1_score,cohen_kappa,PPV_score,NPV_score,FPR_score,FDR_score,PLR_score,NLR_score,DOR_score
0.9359574383293089,0.6004864906804667,13285,1438,0.15204678362573099,435,0.847953216374269,0.9023296882428853,0.8751414523085772,0.9004988185875558,0.23224773091297385,0.8751414523085772,0.4121554213366064,0.36462699077954736,0.32916531591310927,0.23224773091297385,0.9941629873531392,0.09767031175711471,0.7677522690870262,8.681790823837527,0.1685046891472817,51.52254734139297
