ROC_AUC_score,prediction_threshold,TN,FP,FN,TP,sensitivity,specificity,BA,Accuracy,precision,ROC_ACU_score_discretized,MCC,f1_score,cohen_kappa,PPV_score,NPV_score,FPR_score,FDR_score,PLR_score,NLR_score,DOR_score
0.9287497435543269,0.6004864906804667,16660,1744,0.1806853582554517,526,0.8193146417445483,0.9052379917409259,0.8622763167427371,0.9023416990444187,0.23171806167400882,0.8622763167427371,0.40358631198058503,0.36126373626373626,0.32583446006483463,0.23171806167400882,0.9930853600381497,0.09476200825907412,0.7682819383259912,8.646024464831806,0.1995998399359744,43.31679057260361
