ROC_AUC_score,prediction_threshold,TN,FP,FN,TP,sensitivity,specificity,BA,Accuracy,precision,ROC_ACU_score_discretized,MCC,f1_score,cohen_kappa,PPV_score,NPV_score,FPR_score,FDR_score,PLR_score,NLR_score,DOR_score
0.933401863311028,0.4799563658086787,12727,1996,0.1189083820662768,452,0.8810916179337231,0.8644298037084833,0.8727607108211033,0.864990811236545,0.184640522875817,0.8727607108211032,0.36619292133484277,0.3053022627490713,0.2643457320508815,0.184640522875817,0.9952299030340944,0.13557019629151668,0.815359477124183,6.499154253926957,0.13755701337014176,47.24698577482832
