ROC_AUC_score,prediction_threshold,TN,FP,FN,TP,sensitivity,specificity,BA,Accuracy,precision,ROC_ACU_score_discretized,MCC,f1_score,cohen_kappa,PPV_score,NPV_score,FPR_score,FDR_score,PLR_score,NLR_score,DOR_score
0.9287715795225338,0.4799563658086787,15902,2502,0.14485981308411214,549,0.8551401869158879,0.864051293197131,0.8595957400565095,0.8637509188281004,0.17994100294985252,0.8595957400565094,0.3538791163859618,0.29731925264013,0.25587442125714055,0.17994100294985252,0.9941856830259456,0.13594870680286894,0.8200589970501475,6.290167865707433,0.16765186768959875,37.51922333101261
