ROC_AUC_score,prediction_threshold,TN,FP,FN,TP,sensitivity,specificity,BA,Accuracy,precision,ROC_ACU_score_discretized,MCC,f1_score,cohen_kappa,PPV_score,NPV_score,FPR_score,FDR_score,PLR_score,NLR_score,DOR_score
0.9239529086778467,0.5958978760054109,13373,1350,0.17738791423001948,422,0.8226120857699805,0.9083067309651566,0.8654594083675685,0.9054213704384353,0.2381489841986456,0.8654594083675685,0.4112510983207575,0.3693654266958425,0.334617804941589,0.2381489841986456,0.9932412358882947,0.09169326903484344,0.7618510158013544,8.971346473178833,0.1952951664703939,45.937370777370774
