ROC_AUC_score,prediction_threshold,TN,FP,FN,TP,sensitivity,specificity,BA,Accuracy,precision,ROC_ACU_score_discretized,MCC,f1_score,cohen_kappa,PPV_score,NPV_score,FPR_score,FDR_score,PLR_score,NLR_score,DOR_score
0.9315879116080007,0.5958978760054109,16704,1700,0.17445482866043613,530,0.8255451713395638,0.9076287763529668,0.8665869738462653,0.9048619132626273,0.23766816143497757,0.8665869738462654,0.4115445643981432,0.36908077994428967,0.33423055963802706,0.23766816143497757,0.9933396764985728,0.09237122364703325,0.7623318385650224,8.937254901960788,0.1922094508301405,46.49747899159666
