ROC_AUC_score,prediction_threshold,TN,FP,FN,TP,sensitivity,specificity,BA,Accuracy,precision,ROC_ACU_score_discretized,MCC,f1_score,cohen_kappa,PPV_score,NPV_score,FPR_score,FDR_score,PLR_score,NLR_score,DOR_score
0.9175573511574828,0.4888986298178578,12710,2013,0.14619883040935672,438,0.8538011695906432,0.8632751477280446,0.8585381586593439,0.8629561564715148,0.17870257037943696,0.8585381586593439,0.3520466339380981,0.2955465587044534,0.2540055431874918,0.17870257037943696,0.9941337504888541,0.13672485227195544,0.8212974296205631,6.244666974606579,0.16935368844350587,36.87352210630899
