ROC_AUC_score,prediction_threshold,TN,FP,FN,TP,sensitivity,specificity,BA,Accuracy,precision,ROC_ACU_score_discretized,MCC,f1_score,cohen_kappa,PPV_score,NPV_score,FPR_score,FDR_score,PLR_score,NLR_score,DOR_score
0.9273437780355211,0.4888986298178578,15859,2545,0.13395638629283488,556,0.8660436137071651,0.8617148445990002,0.8638792291530826,0.861860758164444,0.17929700096742987,0.8638792291530826,0.3557523217538386,0.2970878974084959,0.255505991650796,0.17929700096742987,0.9946064597052368,0.13828515540099978,0.8207029990325702,6.262737393582185,0.15545326523320094,40.28694658929957
