ROC_AUC_score,prediction_threshold,TN,FP,FN,TP,sensitivity,specificity,BA,Accuracy,precision,ROC_ACU_score_discretized,MCC,f1_score,cohen_kappa,PPV_score,NPV_score,FPR_score,FDR_score,PLR_score,NLR_score,DOR_score
0.9356264395962397,0.5397732580506376,13103,1620,0.14814814814814814,437,0.8518518518518519,0.8899680771581878,0.8709099645050198,0.888684694145445,0.21244530870199319,0.8709099645050199,0.39155877419067736,0.3400778210116731,0.3024826028629567,0.21244530870199319,0.994233249867213,0.11003192284181212,0.7875546912980068,7.741860996799265,0.16646456423606695,46.50756172839504
