ROC_AUC_score,prediction_threshold,TN,FP,FN,TP,sensitivity,specificity,BA,Accuracy,precision,ROC_ACU_score_discretized,MCC,f1_score,cohen_kappa,PPV_score,NPV_score,FPR_score,FDR_score,PLR_score,NLR_score,DOR_score
0.9233948532115123,0.5397732580506376,16241,2163,0.16355140186915887,537,0.8364485981308412,0.8824712019126277,0.8594599000217344,0.8809198781896461,0.1988888888888889,0.8594599000217344,0.37197730345630853,0.3213644524236984,0.2822733769974185,0.1988888888888889,0.9935764101309189,0.11752879808737231,0.8011111111111111,7.116967175219606,0.1853334154300843,38.400885014199886
