ROC_AUC_score,prediction_threshold,TN,FP,FN,TP,sensitivity,specificity,BA,Accuracy,precision,ROC_ACU_score_discretized,MCC,f1_score,cohen_kappa,PPV_score,NPV_score,FPR_score,FDR_score,PLR_score,NLR_score,DOR_score
0.9289021341341914,0.5098551024735443,12863,1860,0.13060428849902533,446,0.8693957115009746,0.8736670515519935,0.871531381526484,0.8735232344447361,0.19340849956634865,0.871531381526484,0.3739843448509888,0.3164242639233771,0.276573656708077,0.19340849956634865,0.9948182521268368,0.12633294844800652,0.8065915004336514,6.88178121528433,0.14948977218154014,46.035130797624774
