ROC_AUC_score,prediction_threshold,TN,FP,FN,TP,sensitivity,specificity,BA,Accuracy,precision,ROC_ACU_score_discretized,MCC,f1_score,cohen_kappa,PPV_score,NPV_score,FPR_score,FDR_score,PLR_score,NLR_score,DOR_score
0.9277509595977036,0.5098551024735443,16042,2362,0.1526479750778816,544,0.8473520249221184,0.8716583351445338,0.8595051800333261,0.8708390213168119,0.18719889883000687,0.8595051800333261,0.3608770003839067,0.30665163472378804,0.2661294647645609,0.18719889883000687,0.9939281288723668,0.1283416648554662,0.8128011011699932,6.6023144228055335,0.17512363379462245,37.70087611674645
