ROC_AUC_score,prediction_threshold,TN,FP,FN,TP,sensitivity,specificity,BA,Accuracy,precision,ROC_ACU_score_discretized,MCC,f1_score,cohen_kappa,PPV_score,NPV_score,FPR_score,FDR_score,PLR_score,NLR_score,DOR_score
0.9258237135171542,0.5501043296405577,13140,1583,0.18323586744639375,419,0.8167641325536062,0.8924811519391428,0.8546226422463745,0.8899317406143344,0.20929070929070928,0.8546226422463745,0.37868289960855045,0.33320079522862817,0.2954327109209428,0.20929070929070928,0.9928970832703642,0.10751884806085717,0.7907092907092907,7.596473988368124,0.2053106298640225,36.99990591524306
