ROC_AUC_score,prediction_threshold,TN,FP,FN,TP,sensitivity,specificity,BA,Accuracy,precision,ROC_ACU_score_discretized,MCC,f1_score,cohen_kappa,PPV_score,NPV_score,FPR_score,FDR_score,PLR_score,NLR_score,DOR_score
0.9214613543987796,0.5501043296405577,16420,1984,0.19314641744548286,518,0.8068535825545171,0.8921973484025212,0.8495254654785191,0.8893205922503413,0.2070343725019984,0.8495254654785191,0.3734810158215557,0.32951653944020354,0.2915061706016526,0.2070343725019984,0.992504835589942,0.10780265159747882,0.7929656274980016,7.484543010752687,0.21648396264717826,34.57319849115504
