{"performances": [0.9314447082816208, 0.9299464900289182, 0.9311702352393931, 0.9309374875162584, 0.9305525650999612, 0.9310376959905099, 0.9322679581372328, 0.9291653040345422, 0.9299833911224773, 0.930920137231443], "mean": 0.9307425972682356, "std": 0.0008302585544059972}