ROC_AUC_score,prediction_threshold,TN,FP,FN,TP,sensitivity,specificity,BA,Accuracy,precision,ROC_ACU_score_discretized,MCC,f1_score,cohen_kappa,PPV_score,NPV_score,FPR_score,FDR_score,PLR_score,NLR_score,DOR_score
0.9335759686446223,0.47210011510991834,12641,2082,0.10526315789473684,459,0.8947368421052632,0.8585886028662637,0.8766627224857635,0.8598057232869519,0.1806375442739079,0.8766627224857635,0.36451952044777486,0.3005893909626719,0.2590762549529664,0.1806375442739079,0.995746356833399,0.14141139713373632,0.8193624557260921,6.327190454522475,0.12260022733044935,51.60830931796352
