ROC_AUC_score,prediction_threshold,TN,FP,FN,TP,sensitivity,specificity,BA,Accuracy,precision,ROC_ACU_score_discretized,MCC,f1_score,cohen_kappa,PPV_score,NPV_score,FPR_score,FDR_score,PLR_score,NLR_score,DOR_score
0.9308391410237921,0.47210011510991834,15836,2568,0.13862928348909656,553,0.8613707165109035,0.8604651162790697,0.8609179163949866,0.860495642129581,0.17718679910285165,0.8609179163949866,0.3519455340306591,0.2939144299760829,0.2520961095068963,0.17718679910285165,0.9944113029827315,0.13953488372093023,0.8228132008971484,6.173156801661474,0.16110970783867976,38.31647940074907
