ROC_AUC_score,prediction_threshold,TN,FP,FN,TP,sensitivity,specificity,BA,Accuracy,precision,ROC_ACU_score_discretized,MCC,f1_score,cohen_kappa,PPV_score,NPV_score,FPR_score,FDR_score,PLR_score,NLR_score,DOR_score
0.9365451596797468,0.49746431087139575,12883,1840,0.10916179337231968,457,0.8908382066276803,0.8750254703525097,0.882931838490095,0.8755578892097663,0.19895515890291685,0.882931838490095,0.38608013557300896,0.32526690391459073,0.2859614580996973,0.19895515890291685,0.9956719993817142,0.12497452964749033,0.8010448410970832,7.128158106619204,0.12475270385940097,57.138305512422356
