ROC_AUC_score,prediction_threshold,TN,FP,FN,TP,sensitivity,specificity,BA,Accuracy,precision,ROC_ACU_score_discretized,MCC,f1_score,cohen_kappa,PPV_score,NPV_score,FPR_score,FDR_score,PLR_score,NLR_score,DOR_score
0.9254997389840078,0.49746431087139575,16096,2308,0.1542056074766355,543,0.8457943925233645,0.8745924798956749,0.8601934362095197,0.8736217578494172,0.19045948789898282,0.8601934362095197,0.36441842902884924,0.3109075293444031,0.27078234407072177,0.19045948789898282,0.9938870021611609,0.12540752010432515,0.8095405121010172,6.744367417677646,0.1763170974155069,38.251352344939896
