ROC_AUC_score,prediction_threshold,TN,FP,FN,TP,sensitivity,specificity,BA,Accuracy,precision,ROC_ACU_score_discretized,MCC,f1_score,cohen_kappa,PPV_score,NPV_score,FPR_score,FDR_score,PLR_score,NLR_score,DOR_score
0.9341639547940466,0.4974273907171771,12769,1954,0.12280701754385964,450,0.8771929824561403,0.8672824831895674,0.8722377328228539,0.8676161722236807,0.18718801996672213,0.8722377328228539,0.36837726699576673,0.3085361672951663,0.2679067262410084,0.18718801996672213,0.9950903990024937,0.13271751681043265,0.8128119800332779,6.609474043347879,0.14159979006173123,46.677145781547
