ROC_AUC_score,prediction_threshold,TN,FP,FN,TP,sensitivity,specificity,BA,Accuracy,precision,ROC_ACU_score_discretized,MCC,f1_score,cohen_kappa,PPV_score,NPV_score,FPR_score,FDR_score,PLR_score,NLR_score,DOR_score
0.9255866596791569,0.4974273907171771,15931,2473,0.14797507788161993,547,0.8520249221183801,0.8656270376005216,0.8588259798594509,0.8651685393258427,0.18112582781456954,0.8588259798594507,0.35458589898990667,0.29874385581649376,0.25746106212516007,0.18112582781456954,0.9940721327842257,0.13437296239947838,0.8188741721854305,6.340746731365413,0.17094553595714848,37.092204226701014
