ROC_AUC_score,prediction_threshold,TN,FP,FN,TP,sensitivity,specificity,BA,Accuracy,precision,ROC_ACU_score_discretized,MCC,f1_score,cohen_kappa,PPV_score,NPV_score,FPR_score,FDR_score,PLR_score,NLR_score,DOR_score
0.9265831570103081,0.4906854010981784,12807,1916,0.1442495126705653,439,0.8557504873294347,0.8698634789105482,0.8628069831199914,0.8693882908899974,0.18641188959660296,0.8628069831199915,0.36206973650821206,0.306136680613668,0.26552359269427595,0.18641188959660296,0.9942551044173589,0.13013652108945187,0.8135881104033971,6.575790409682292,0.1658300597367637,39.65379027252724
