ROC_AUC_score,prediction_threshold,TN,FP,FN,TP,sensitivity,specificity,BA,Accuracy,precision,ROC_ACU_score_discretized,MCC,f1_score,cohen_kappa,PPV_score,NPV_score,FPR_score,FDR_score,PLR_score,NLR_score,DOR_score
0.9281065134831179,0.4906854010981784,15999,2405,0.1526479750778816,544,0.8473520249221184,0.869321886546403,0.8583369557342606,0.8685813294130001,0.18446931163106137,0.8583369557342607,0.35754883185239456,0.30297967140072407,0.2621288153558238,0.18446931163106137,0.993911909051376,0.13067811345359703,0.8155306883689386,6.484268884268885,0.17559430797758194,36.92755738470024
