{"performances": [0.9279039806462229, 0.9283092155910845, 0.9281212400663271, 0.9282217870827215, 0.9281573794400648, 0.9280334730158215, 0.9280195081524333, 0.928045406626353, 0.9281023663418695, 0.9282272037570054], "mean": 0.9281141560719904, "std": 0.00011350684997324045}