ROC_AUC_score,prediction_threshold,TN,FP,FN,TP,sensitivity,specificity,BA,Accuracy,precision,ROC_ACU_score_discretized,MCC,f1_score,cohen_kappa,PPV_score,NPV_score,FPR_score,FDR_score,PLR_score,NLR_score,DOR_score
0.9266640531006703,0.6050008413503665,13350,1373,0.16374269005847952,429,0.8362573099415205,0.906744549344563,0.8715009296430417,0.904371226043581,0.23806881243063263,0.8715009296430417,0.4150177521741421,0.3706263498920086,0.33581090671645986,0.23806881243063263,0.9937472085752568,0.09325545065543707,0.7619311875693674,8.96738264695485,0.18058304312591716,49.65794402247426
