ROC_AUC_score,prediction_threshold,TN,FP,FN,TP,sensitivity,specificity,BA,Accuracy,precision,ROC_ACU_score_discretized,MCC,f1_score,cohen_kappa,PPV_score,NPV_score,FPR_score,FDR_score,PLR_score,NLR_score,DOR_score
0.9315213034414165,0.6050008413503665,16742,1662,0.17757009345794392,528,0.822429906542056,0.9096935448815475,0.8660617257118017,0.9067520739262838,0.2410958904109589,0.8660617257118018,0.4141985994270155,0.3728813559322034,0.33838967301220557,0.2410958904109589,0.9932368296155671,0.0903064551184525,0.7589041095890411,9.10709987966306,0.19519770636722017,46.655773006523546
