ROC_AUC_score,prediction_threshold,TN,FP,FN,TP,sensitivity,specificity,BA,Accuracy,precision,ROC_ACU_score_discretized,MCC,f1_score,cohen_kappa,PPV_score,NPV_score,FPR_score,FDR_score,PLR_score,NLR_score,DOR_score
0.9213267647296752,0.46742012188287074,12599,2124,0.14814814814814814,437,0.8518518518518519,0.8557359233851797,0.8537938876185158,0.8556051457075348,0.1706364701288559,0.8537938876185158,0.3413173668224784,0.28432010409889397,0.24178219999611827,0.1706364701288559,0.9940039447731756,0.14426407661482035,0.829363529871144,5.9048092348469,0.1731236753063882,34.10746233521658
