ROC_AUC_score,prediction_threshold,TN,FP,FN,TP,sensitivity,specificity,BA,Accuracy,precision,ROC_ACU_score_discretized,MCC,f1_score,cohen_kappa,PPV_score,NPV_score,FPR_score,FDR_score,PLR_score,NLR_score,DOR_score
0.9274205424663879,0.46742012188287074,15790,2614,0.1292834890965732,559,0.8707165109034268,0.8579656596392089,0.8643410852713178,0.8583954636144072,0.17617396785376616,0.8643410852713179,0.35293702895664053,0.29305373525557016,0.25106007232517,0.17617396785376616,0.9947709947709947,0.14203434036079113,0.8238260321462338,6.130323896965062,0.150686088241503,40.682746287368325
