ROC_AUC_score,prediction_threshold,TN,FP,FN,TP,sensitivity,specificity,BA,Accuracy,precision,ROC_ACU_score_discretized,MCC,f1_score,cohen_kappa,PPV_score,NPV_score,FPR_score,FDR_score,PLR_score,NLR_score,DOR_score
0.93221278346235,0.49233487204423204,12904,1819,0.14035087719298245,441,0.8596491228070176,0.8764518100930517,0.8680504664500346,0.8758860593331583,0.19513274336283185,0.8680504664500347,0.37356791521685817,0.31806707536963574,0.27846746766169805,0.19513274336283185,0.9944512946979038,0.12354818990694831,0.8048672566371682,6.958006616320904,0.160135304162452,43.450797141286436
