ROC_AUC_score,prediction_threshold,TN,FP,FN,TP,sensitivity,specificity,BA,Accuracy,precision,ROC_ACU_score_discretized,MCC,f1_score,cohen_kappa,PPV_score,NPV_score,FPR_score,FDR_score,PLR_score,NLR_score,DOR_score
0.9285038773231608,0.49233487204423204,16048,2356,0.13862928348909656,553,0.8613707165109035,0.8719843512279939,0.8666775338694487,0.871626588260002,0.19009969061533172,0.8666775338694487,0.3679210734440712,0.3114615601239088,0.27121255253947796,0.19009969061533172,0.9944847245460743,0.12801564877200608,0.8099003093846683,6.728636106395019,0.1589813891658358,42.32342000343374
